date,exdate,cp_flag,strike_price,best_bid,best_offer,volume,impl_volatility,optionid,forward_price,index_flag,issuer,exercise_style
2021-04-12,2021-04-16,C,10000,8.4,12.2,0,4.172379,139503488,,0,VAXCYTE INC,A
2021-04-12,2021-04-16,C,12500,5.9,9.7,0,3.010753,139503489,,0,VAXCYTE INC,A
2021-04-12,2021-04-16,C,15000,3.5,7.2,0,2.206314,139203779,,0,VAXCYTE INC,A
2021-04-12,2021-04-16,C,17500,1.1,4.7,0,1.390725,139203780,,0,VAXCYTE INC,A
2021-04-12,2021-04-16,C,20000,0,2.6,1,1.454046,139203781,,0,VAXCYTE INC,A
2021-04-12,2021-04-16,C,22500,0,1.4,0,1.807369,139203782,,0,VAXCYTE INC,A
2021-04-12,2021-04-16,C,25000,0,1.7,0,2.75503,139203783,,0,VAXCYTE INC,A
2021-04-12,2021-04-16,C,30000,0,1,0,3.257927,139203784,,0,VAXCYTE INC,A
2021-04-12,2021-04-16,C,35000,0,1.7,0,4.7124,139203785,,0,VAXCYTE INC,A
2021-04-12,2021-04-16,C,5000,13.5,17.2,0,8.327013,139503490,,0,VAXCYTE INC,A
2021-04-12,2021-04-16,C,7500,10.9,14.7,0,5.666894,139503491,,0,VAXCYTE INC,A
2021-04-12,2021-04-16,P,10000,0,1.7,0,6.850289,139503492,,0,VAXCYTE INC,A
2021-04-12,2021-04-16,P,12500,0,1.7,0,5.122997,139503493,,0,VAXCYTE INC,A
2021-04-12,2021-04-16,P,15000,0,1.7,0,3.692396,139203786,,0,VAXCYTE INC,A
2021-04-12,2021-04-16,P,17500,0,0.4,0,1.306552,139203787,,0,VAXCYTE INC,A
2021-04-12,2021-04-16,P,20000,0.05,2.4,0,1.556045,139203788,,0,VAXCYTE INC,A
2021-04-12,2021-04-16,P,22500,0.95,4.3,0,1.206269,139203789,,0,VAXCYTE INC,A
2021-04-12,2021-04-16,P,25000,3.2,6.7,0,1.420858,139203790,,0,VAXCYTE INC,A
2021-04-12,2021-04-16,P,30000,8.1,11.6,0,1.566404,139203791,,0,VAXCYTE INC,A
2021-04-12,2021-04-16,P,35000,13.1,16.6,0,2.075548,139203792,,0,VAXCYTE INC,A
2021-04-12,2021-04-16,P,5000,0,1.7,0,,139503494,,0,VAXCYTE INC,A
2021-04-12,2021-04-16,P,7500,0,1.7,0,,139503495,,0,VAXCYTE INC,A
2021-04-13,2021-04-16,C,10000,7.5,11.3,0,4.655791,139503488,,0,VAXCYTE INC,A
2021-04-13,2021-04-16,C,12500,4,8.8,0,,139503489,,0,VAXCYTE INC,A
2021-04-13,2021-04-16,C,15000,2.15,6.3,0,,139203779,,0,VAXCYTE INC,A
2021-04-13,2021-04-16,C,17500,0.25,3.8,0,1.339535,139203780,,0,VAXCYTE INC,A
2021-04-13,2021-04-16,C,20000,0,2.05,0,1.929036,139203781,,0,VAXCYTE INC,A
2021-04-13,2021-04-16,C,22500,0,1.4,0,2.525476,139203782,,0,VAXCYTE INC,A
2021-04-13,2021-04-16,C,25000,0,1.7,0,3.594984,139203783,,0,VAXCYTE INC,A
2021-04-13,2021-04-16,C,30000,0,1,0,4.095459,139203784,,0,VAXCYTE INC,A
2021-04-13,2021-04-16,C,35000,0,1.7,0,5.799016,139203785,,0,VAXCYTE INC,A
2021-04-13,2021-04-16,C,5000,12.4,16.3,0,8.268886,139503490,,0,VAXCYTE INC,A
2021-04-13,2021-04-16,C,7500,10,13.8,0,6.415534,139503491,,0,VAXCYTE INC,A
2021-04-13,2021-04-16,P,10000,0,1.7,0,7.624278,139503492,,0,VAXCYTE INC,A
2021-04-13,2021-04-16,P,12500,0,1.7,0,5.603112,139503493,,0,VAXCYTE INC,A
2021-04-13,2021-04-16,P,15000,0,1.7,0,3.915117,139203786,,0,VAXCYTE INC,A
2021-04-13,2021-04-16,P,17500,0,0.4,0,1.179328,139203787,,0,VAXCYTE INC,A
2021-04-13,2021-04-16,P,20000,0.05,2.75,0,1.381389,139203788,,0,VAXCYTE INC,A
2021-04-13,2021-04-16,P,22500,1,5.1,0,,139203789,,0,VAXCYTE INC,A
2021-04-13,2021-04-16,P,25000,4.1,7.5,0,1.631098,139203790,,0,VAXCYTE INC,A
2021-04-13,2021-04-16,P,30000,9.1,12.5,0,2.48931,139203791,,0,VAXCYTE INC,A
2021-04-13,2021-04-16,P,35000,14,17.5,0,1.668151,139203792,,0,VAXCYTE INC,A
2021-04-13,2021-04-16,P,5000,0,1.7,0,,139503494,,0,VAXCYTE INC,A
2021-04-13,2021-04-16,P,7500,0,1.7,0,,139503495,,0,VAXCYTE INC,A
2021-04-14,2021-04-16,C,10000,8.1,11.8,0,4.803952,139503488,,0,VAXCYTE INC,A
2021-04-14,2021-04-16,C,12500,5.6,9.3,0,3.400349,139503489,,0,VAXCYTE INC,A
2021-04-14,2021-04-16,C,15000,2.5,6.8,0,,139203779,,0,VAXCYTE INC,A
2021-04-14,2021-04-16,C,17500,0.65,4.3,0,1.296529,139203780,,0,VAXCYTE INC,A
2021-04-14,2021-04-16,C,20000,0,2.15,0,1.909754,139203781,,0,VAXCYTE INC,A
2021-04-14,2021-04-16,C,22500,0,1.4,0,2.709821,139203782,,0,VAXCYTE INC,A
2021-04-14,2021-04-16,C,25000,0,0.6,0,2.755957,139203783,,0,VAXCYTE INC,A
2021-04-14,2021-04-16,C,30000,0,1,0,4.722541,139203784,,0,VAXCYTE INC,A
2021-04-14,2021-04-16,C,35000,0,1.7,0,6.787526,139203785,,0,VAXCYTE INC,A
2021-04-14,2021-04-16,C,5000,13.1,16.8,0,,139503490,,0,VAXCYTE INC,A
2021-04-14,2021-04-16,C,7500,10.6,14.3,0,6.602352,139503491,,0,VAXCYTE INC,A
2021-04-14,2021-04-16,P,10000,0,1.7,0,,139503492,,0,VAXCYTE INC,A
2021-04-14,2021-04-16,P,12500,0,1.7,0,7.138508,139503493,,0,VAXCYTE INC,A
2021-04-14,2021-04-16,P,15000,0,1.7,0,5.103665,139203786,,0,VAXCYTE INC,A
2021-04-14,2021-04-16,P,17500,0,0.4,0,1.737566,139203787,,0,VAXCYTE INC,A
2021-04-14,2021-04-16,P,20000,0,2.05,0,1.654586,139203788,,0,VAXCYTE INC,A
2021-04-14,2021-04-16,P,22500,0.95,4.3,0,0.955837,139203789,,0,VAXCYTE INC,A
2021-04-14,2021-04-16,P,25000,3,6.8,1,,139203790,,0,VAXCYTE INC,A
2021-04-14,2021-04-16,P,30000,8.6,11.8,0,3.218561,139203791,,0,VAXCYTE INC,A
2021-04-14,2021-04-16,P,35000,13.6,16.8,0,4.121373,139203792,,0,VAXCYTE INC,A
2021-04-14,2021-04-16,P,5000,0,1.7,0,,139503494,,0,VAXCYTE INC,A
2021-04-14,2021-04-16,P,7500,0,1.7,0,,139503495,,0,VAXCYTE INC,A
2021-04-15,2021-04-16,C,10000,7.7,11.4,0,6.841657,139503488,,0,VAXCYTE INC,A
2021-04-15,2021-04-16,C,12500,5,8.9,0,,139503489,,0,VAXCYTE INC,A
2021-04-15,2021-04-16,C,15000,2.8,6.4,0,3.520654,139203779,,0,VAXCYTE INC,A
2021-04-15,2021-04-16,C,17500,0.35,3.9,0,1.922013,139203780,,0,VAXCYTE INC,A
2021-04-15,2021-04-16,C,20000,0,1,0,1.763214,139203781,,0,VAXCYTE INC,A
2021-04-15,2021-04-16,C,22500,0,1.4,0,4.174253,139203782,,0,VAXCYTE INC,A
2021-04-15,2021-04-16,C,25000,0,1.7,0,6.036044,139203783,,0,VAXCYTE INC,A
2021-04-15,2021-04-16,C,30000,0,1.7,0,8.219138,139203784,,0,VAXCYTE INC,A
2021-04-15,2021-04-16,C,35000,0,1.7,0,,139203785,,0,VAXCYTE INC,A
2021-04-15,2021-04-16,C,5000,12.7,16.4,0,,139503490,,0,VAXCYTE INC,A
2021-04-15,2021-04-16,C,7500,10.2,13.9,0,,139503491,,0,VAXCYTE INC,A
2021-04-15,2021-04-16,P,10000,0,1.7,0,,139503492,,0,VAXCYTE INC,A
2021-04-15,2021-04-16,P,12500,0,1.7,0,,139503493,,0,VAXCYTE INC,A
2021-04-15,2021-04-16,P,15000,0,1.7,0,6.945599,139203786,,0,VAXCYTE INC,A
2021-04-15,2021-04-16,P,17500,0,0.4,0,2.20039,139203787,,0,VAXCYTE INC,A
2021-04-15,2021-04-16,P,20000,0,2.45,0,2.301416,139203788,,0,VAXCYTE INC,A
2021-04-15,2021-04-16,P,22500,1.3,4.7,0,,139203789,,0,VAXCYTE INC,A
2021-04-15,2021-04-16,P,25000,3.8,7.2,0,,139203790,,0,VAXCYTE INC,A
2021-04-15,2021-04-16,P,30000,8.9,12.2,0,4.058982,139203791,,0,VAXCYTE INC,A
2021-04-15,2021-04-16,P,35000,13.8,17.2,0,,139203792,,0,VAXCYTE INC,A
2021-04-15,2021-04-16,P,5000,0,1.7,0,,139503494,,0,VAXCYTE INC,A
2021-04-15,2021-04-16,P,7500,0,1.7,0,,139503495,,0,VAXCYTE INC,A
2021-04-16,2021-04-16,C,10000,6.5,10.5,0,,139503488,,0,VAXCYTE INC,A
2021-04-16,2021-04-16,C,12500,4.2,8,0,,139503489,,0,VAXCYTE INC,A
2021-04-16,2021-04-16,C,15000,1.85,5.5,0,,139203779,,0,VAXCYTE INC,A
2021-04-16,2021-04-16,C,17500,0,3.3,0,,139203780,,0,VAXCYTE INC,A
2021-04-16,2021-04-16,C,20000,0,2.5,0,,139203781,,0,VAXCYTE INC,A
2021-04-16,2021-04-16,C,25000,0,2.5,0,,139203783,,0,VAXCYTE INC,A
2021-04-16,2021-04-16,C,30000,0,2.05,0,,139203784,,0,VAXCYTE INC,A
2021-04-16,2021-04-16,C,35000,0,2.5,0,,139203785,,0,VAXCYTE INC,A
2021-04-16,2021-04-16,C,5000,11.6,15.5,0,,139503490,,0,VAXCYTE INC,A
2021-04-16,2021-04-16,C,7500,9,13,0,,139503491,,0,VAXCYTE INC,A
2021-04-16,2021-04-16,P,10000,0,2.5,0,,139503492,,0,VAXCYTE INC,A
2021-04-16,2021-04-16,P,12500,0,2.5,0,,139503493,,0,VAXCYTE INC,A
2021-04-16,2021-04-16,P,15000,0,2.5,0,,139203786,,0,VAXCYTE INC,A
2021-04-16,2021-04-16,P,17500,0,0.4,0,,139203787,,0,VAXCYTE INC,A
2021-04-16,2021-04-16,P,20000,0.15,4.3,0,,139203788,,0,VAXCYTE INC,A
2021-04-16,2021-04-16,P,22500,2.6,6.8,0,,139203789,,0,VAXCYTE INC,A
2021-04-16,2021-04-16,P,25000,5.1,9.3,0,,139203790,,0,VAXCYTE INC,A
2021-04-16,2021-04-16,P,30000,10.1,14.3,0,,139203791,,0,VAXCYTE INC,A
2021-04-16,2021-04-16,P,35000,15.1,19.3,0,,139203792,,0,VAXCYTE INC,A
2021-04-16,2021-04-16,P,5000,0,2.5,0,,139503494,,0,VAXCYTE INC,A
2021-04-16,2021-04-16,P,7500,0,2.5,0,,139503495,,0,VAXCYTE INC,A
2021-05-17,2021-05-21,C,10000,7.7,11.1,0,4.563774,139503496,,0,VAXCYTE INC,A
2021-05-17,2021-05-21,C,12500,4.1,8.6,0,,139503497,,0,VAXCYTE INC,A
2021-05-17,2021-05-21,C,15000,2,6.1,0,,139203793,,0,VAXCYTE INC,A
2021-05-17,2021-05-21,C,17500,0.45,3.7,0,1.386245,139203794,,0,VAXCYTE INC,A
2021-05-17,2021-05-21,C,20000,0.2,1,0,1.187606,139203795,,0,VAXCYTE INC,A
2021-05-17,2021-05-21,C,22500,0,1.5,0,2.306238,139203796,,0,VAXCYTE INC,A
2021-05-17,2021-05-21,C,25000,0,0.8,0,2.393417,139203797,,0,VAXCYTE INC,A
2021-05-17,2021-05-21,C,30000,0,0.3,0,2.663666,139203798,,0,VAXCYTE INC,A
2021-05-17,2021-05-21,C,35000,0,1.4,0,4.774915,139203799,,0,VAXCYTE INC,A
2021-05-17,2021-05-21,C,40000,0,1.4,0,5.427217,139292467,,0,VAXCYTE INC,A
2021-05-17,2021-05-21,C,5000,12.7,16.1,0,8.72224,139503498,,0,VAXCYTE INC,A
2021-05-17,2021-05-21,C,7500,10.2,13.6,0,6.2625,139503499,,0,VAXCYTE INC,A
2021-05-17,2021-05-21,P,10000,0,1.4,0,6.129599,139503500,,0,VAXCYTE INC,A
2021-05-17,2021-05-21,P,12500,0,1.4,0,4.467229,139503501,,0,VAXCYTE INC,A
2021-05-17,2021-05-21,P,15000,0,1.4,0,3.072398,139203800,,0,VAXCYTE INC,A
2021-05-17,2021-05-21,P,17500,0,1.55,0,1.899316,139203801,,0,VAXCYTE INC,A
2021-05-17,2021-05-21,P,20000,0.05,2.6,0,1.009665,139203802,,0,VAXCYTE INC,A
2021-05-17,2021-05-21,P,22500,2,4.9,0,1.110681,139203803,,0,VAXCYTE INC,A
2021-05-17,2021-05-21,P,25000,4.3,7.3,0,,139203804,,0,VAXCYTE INC,A
2021-05-17,2021-05-21,P,30000,9.3,12.3,0,,139203805,,0,VAXCYTE INC,A
2021-05-17,2021-05-21,P,35000,14.3,17.3,0,,139203806,,0,VAXCYTE INC,A
2021-05-17,2021-05-21,P,40000,19.3,22.3,0,,139292468,,0,VAXCYTE INC,A
2021-05-17,2021-05-21,P,5000,0,1.4,0,,139503502,,0,VAXCYTE INC,A
2021-05-17,2021-05-21,P,7500,0,1.4,0,8.294771,139503503,,0,VAXCYTE INC,A
2021-05-18,2021-05-21,C,10000,8.2,11.8,0,5.937566,139503496,,0,VAXCYTE INC,A
2021-05-18,2021-05-21,C,12500,5.8,9.3,0,4.47586,139503497,,0,VAXCYTE INC,A
2021-05-18,2021-05-21,C,15000,3.4,6.8,0,3.193872,139203793,,0,VAXCYTE INC,A
2021-05-18,2021-05-21,C,17500,0.8,2.65,0,,139203794,,0,VAXCYTE INC,A
2021-05-18,2021-05-21,C,20000,0.2,1,0,1.076055,139203795,,0,VAXCYTE INC,A
2021-05-18,2021-05-21,C,22500,0,1.4,0,2.342601,139203796,,0,VAXCYTE INC,A
2021-05-18,2021-05-21,C,25000,0,0.5,0,2.223708,139203797,,0,VAXCYTE INC,A
2021-05-18,2021-05-21,C,30000,0,0.3,0,2.929917,139203798,,0,VAXCYTE INC,A
2021-05-18,2021-05-21,C,35000,0,1.4,0,5.326592,139203799,,0,VAXCYTE INC,A
2021-05-18,2021-05-21,C,40000,0,1.4,0,6.0853,139292467,,0,VAXCYTE INC,A
2021-05-18,2021-05-21,C,5000,13.3,16.8,0,,139503498,,0,VAXCYTE INC,A
2021-05-18,2021-05-21,C,7500,10.7,14.3,0,8.048586,139503499,,0,VAXCYTE INC,A
2021-05-18,2021-05-21,P,10000,0,1.4,0,7.232134,139503500,,0,VAXCYTE INC,A
2021-05-18,2021-05-21,P,12500,0,1.4,0,5.326778,139503501,,0,VAXCYTE INC,A
2021-05-18,2021-05-21,P,15000,0,1.4,0,3.736187,139203800,,0,VAXCYTE INC,A
2021-05-18,2021-05-21,P,17500,0,1.45,0,2.337398,139203801,,0,VAXCYTE INC,A
2021-05-18,2021-05-21,P,20000,0,2.25,0,1.29614,139203802,,0,VAXCYTE INC,A
2021-05-18,2021-05-21,P,22500,1.45,4.4,0,0.999882,139203803,,0,VAXCYTE INC,A
2021-05-18,2021-05-21,P,25000,4,6.8,0,1.396194,139203804,,0,VAXCYTE INC,A
2021-05-18,2021-05-21,P,30000,9,11.8,0,2.21258,139203805,,0,VAXCYTE INC,A
2021-05-18,2021-05-21,P,35000,14,16.8,0,2.858691,139203806,,0,VAXCYTE INC,A
2021-05-18,2021-05-21,P,40000,18.9,21.8,0,,139292468,,0,VAXCYTE INC,A
2021-05-18,2021-05-21,P,5000,0,1.4,0,,139503502,,0,VAXCYTE INC,A
2021-05-18,2021-05-21,P,7500,0,1.4,0,,139503503,,0,VAXCYTE INC,A
2021-05-19,2021-05-21,C,10000,7.6,11.1,0,5.985009,139503496,,0,VAXCYTE INC,A
2021-05-19,2021-05-21,C,12500,5.3,8.6,0,4.735113,139503497,,0,VAXCYTE INC,A
2021-05-19,2021-05-21,C,15000,2.85,6.1,0,3.208614,139203793,,0,VAXCYTE INC,A
2021-05-19,2021-05-21,C,17500,0.4,3.6,0,1.752864,139203794,,0,VAXCYTE INC,A
2021-05-19,2021-05-21,C,20000,0.2,1,10,1.665339,139203795,,0,VAXCYTE INC,A
2021-05-19,2021-05-21,C,22500,0,1.4,0,3.146174,139203796,,0,VAXCYTE INC,A
2021-05-19,2021-05-21,C,25000,0,0.5,0,2.926371,139203797,,0,VAXCYTE INC,A
2021-05-19,2021-05-21,C,30000,0,0.3,0,3.759649,139203798,,0,VAXCYTE INC,A
2021-05-19,2021-05-21,C,35000,0,1.4,0,6.743316,139203799,,0,VAXCYTE INC,A
2021-05-19,2021-05-21,C,40000,0,1.4,0,7.666082,139292467,,0,VAXCYTE INC,A
2021-05-19,2021-05-21,C,5000,12.6,16.1,0,,139503498,,0,VAXCYTE INC,A
2021-05-19,2021-05-21,C,7500,10.1,13.6,0,8.240131,139503499,,0,VAXCYTE INC,A
2021-05-19,2021-05-21,P,10000,0,1.4,0,8.676373,139503500,,0,VAXCYTE INC,A
2021-05-19,2021-05-21,P,12500,0,1.4,0,6.326169,139503501,,0,VAXCYTE INC,A
2021-05-19,2021-05-21,P,15000,0,1.4,0,4.354636,139203800,,0,VAXCYTE INC,A
2021-05-19,2021-05-21,P,17500,0,1.5,0,2.646388,139203801,,0,VAXCYTE INC,A
2021-05-19,2021-05-21,P,20000,0,2.45,1,1.262054,139203802,,0,VAXCYTE INC,A
2021-05-19,2021-05-21,P,22500,2.05,4.7,0,1.27142,139203803,,0,VAXCYTE INC,A
2021-05-19,2021-05-21,P,25000,4.5,7.2,0,1.579925,139203804,,0,VAXCYTE INC,A
2021-05-19,2021-05-21,P,30000,9,12.2,0,,139203805,,0,VAXCYTE INC,A
2021-05-19,2021-05-21,P,35000,14,17.2,0,,139203806,,0,VAXCYTE INC,A
2021-05-19,2021-05-21,P,40000,19,22.2,0,,139292468,,0,VAXCYTE INC,A
2021-05-19,2021-05-21,P,5000,0,1.4,0,,139503502,,0,VAXCYTE INC,A
2021-05-19,2021-05-21,P,7500,0,1.4,0,,139503503,,0,VAXCYTE INC,A
2021-05-20,2021-05-21,C,10000,8.5,12.1,0,,139503496,,0,VAXCYTE INC,A
2021-05-20,2021-05-21,C,12500,6.1,9.6,0,7.2277,139503497,,0,VAXCYTE INC,A
2021-05-20,2021-05-21,C,15000,3.5,7.1,0,4.709269,139203793,,0,VAXCYTE INC,A
2021-05-20,2021-05-21,C,17500,1.1,2.8,0,,139203794,,0,VAXCYTE INC,A
2021-05-20,2021-05-21,C,20000,0.2,1,0,1.374439,139203795,,0,VAXCYTE INC,A
2021-05-20,2021-05-21,C,22500,0,1.4,0,3.706944,139203796,,0,VAXCYTE INC,A
2021-05-20,2021-05-21,C,25000,0,0.05,0,2.168509,139203797,,0,VAXCYTE INC,A
2021-05-20,2021-05-21,C,30000,0,0.3,0,4.862524,139203798,,0,VAXCYTE INC,A
2021-05-20,2021-05-21,C,35000,0,1.4,0,8.954479,139203799,,0,VAXCYTE INC,A
2021-05-20,2021-05-21,C,40000,0,1.4,0,,139292467,,0,VAXCYTE INC,A
2021-05-20,2021-05-21,C,5000,13.6,17.1,0,,139503498,,0,VAXCYTE INC,A
2021-05-20,2021-05-21,C,7500,11.1,14.6,0,,139503499,,0,VAXCYTE INC,A
2021-05-20,2021-05-21,P,10000,0,1.4,0,,139503500,,0,VAXCYTE INC,A
2021-05-20,2021-05-21,P,12500,0,1.4,0,,139503501,,0,VAXCYTE INC,A
2021-05-20,2021-05-21,P,15000,0,1.4,0,6.738964,139203800,,0,VAXCYTE INC,A
2021-05-20,2021-05-21,P,17500,0,1.4,0,4.288642,139203801,,0,VAXCYTE INC,A
2021-05-20,2021-05-21,P,20000,0,1.8,0,2.212715,139203802,,0,VAXCYTE INC,A
2021-05-20,2021-05-21,P,22500,1.4,3.9,0,2.188478,139203803,,0,VAXCYTE INC,A
2021-05-20,2021-05-21,P,25000,3.6,6.4,0,2.45178,139203804,,0,VAXCYTE INC,A
2021-05-20,2021-05-21,P,30000,8.5,11.4,0,,139203805,,0,VAXCYTE INC,A
2021-05-20,2021-05-21,P,35000,13.5,16.4,0,,139203806,,0,VAXCYTE INC,A
2021-05-20,2021-05-21,P,40000,18.5,21.4,0,,139292468,,0,VAXCYTE INC,A
2021-05-20,2021-05-21,P,5000,0,1.4,0,,139503502,,0,VAXCYTE INC,A
2021-05-20,2021-05-21,P,7500,0,1.4,0,,139503503,,0,VAXCYTE INC,A
2021-05-21,2021-05-21,C,10000,8.2,11.7,0,,139503496,,0,VAXCYTE INC,A
2021-05-21,2021-05-21,C,12500,6.1,9.2,0,,139503497,,0,VAXCYTE INC,A
2021-05-21,2021-05-21,C,15000,3.5,6.7,0,,139203793,,0,VAXCYTE INC,A
2021-05-21,2021-05-21,C,17500,1.25,4.2,1,,139203794,,0,VAXCYTE INC,A
2021-05-21,2021-05-21,C,20000,0,1,1,,139203795,,0,VAXCYTE INC,A
2021-05-21,2021-05-21,C,22500,0,1.4,0,,139203796,,0,VAXCYTE INC,A
2021-05-21,2021-05-21,C,25000,0,0.05,0,,139203797,,0,VAXCYTE INC,A
2021-05-21,2021-05-21,C,30000,0,0.3,0,,139203798,,0,VAXCYTE INC,A
2021-05-21,2021-05-21,C,35000,0,1.4,0,,139203799,,0,VAXCYTE INC,A
2021-05-21,2021-05-21,C,40000,0,1.4,0,,139292467,,0,VAXCYTE INC,A
2021-05-21,2021-05-21,C,5000,13.2,16.7,0,,139503498,,0,VAXCYTE INC,A
2021-05-21,2021-05-21,C,7500,10.7,14.2,0,,139503499,,0,VAXCYTE INC,A
2021-05-21,2021-05-21,P,10000,0,1.4,0,,139503500,,0,VAXCYTE INC,A
2021-05-21,2021-05-21,P,12500,0,1.4,0,,139503501,,0,VAXCYTE INC,A
2021-05-21,2021-05-21,P,15000,0,1.4,0,,139203800,,0,VAXCYTE INC,A
2021-05-21,2021-05-21,P,17500,0,1.4,0,,139203801,,0,VAXCYTE INC,A
2021-05-21,2021-05-21,P,20000,0.05,1.85,0,,139203802,,0,VAXCYTE INC,A
2021-05-21,2021-05-21,P,22500,1.5,4.3,0,,139203803,,0,VAXCYTE INC,A
2021-05-21,2021-05-21,P,25000,3.9,6.8,0,,139203804,,0,VAXCYTE INC,A
2021-05-21,2021-05-21,P,30000,8.9,11.8,0,,139203805,,0,VAXCYTE INC,A
2021-05-21,2021-05-21,P,35000,13.9,16.8,0,,139203806,,0,VAXCYTE INC,A
2021-05-21,2021-05-21,P,40000,18.9,21.8,0,,139292468,,0,VAXCYTE INC,A
2021-05-21,2021-05-21,P,5000,0,1.4,0,,139503502,,0,VAXCYTE INC,A
2021-05-21,2021-05-21,P,7500,0,1.4,0,,139503503,,0,VAXCYTE INC,A
2021-06-14,2021-06-18,C,10000,11.3,15.1,0,5.247288,139786030,,0,VAXCYTE INC,A
2021-06-14,2021-06-18,C,12500,8.8,12.6,0,4.009617,139786031,,0,VAXCYTE INC,A
2021-06-14,2021-06-18,C,15000,6.3,10.1,0,2.990347,139786032,,0,VAXCYTE INC,A
2021-06-14,2021-06-18,C,17500,3.8,7.6,0,2.104706,139786033,,0,VAXCYTE INC,A
2021-06-14,2021-06-18,C,20000,1.5,5.1,0,1.468443,139786034,,0,VAXCYTE INC,A
2021-06-14,2021-06-18,C,22500,0,2.8,0,1.211661,139786035,,0,VAXCYTE INC,A
2021-06-14,2021-06-18,C,25000,0,1.8,0,1.729058,139786036,,0,VAXCYTE INC,A
2021-06-14,2021-06-18,C,30000,0,1.6,0,2.865729,139786037,,0,VAXCYTE INC,A
2021-06-14,2021-06-18,C,35000,0,1.6,0,3.75662,139786038,,0,VAXCYTE INC,A
2021-06-14,2021-06-18,C,40000,0,1.6,0,4.461633,139786039,,0,VAXCYTE INC,A
2021-06-14,2021-06-18,C,5000,16.3,20.1,0,,139786040,,0,VAXCYTE INC,A
2021-06-14,2021-06-18,C,7500,13.7,17.6,0,6.508924,139786041,,0,VAXCYTE INC,A
2021-06-14,2021-06-18,P,10000,0,1.6,0,7.37431,139786042,,0,VAXCYTE INC,A
2021-06-14,2021-06-18,P,12500,0,1.6,0,5.728311,139786043,,0,VAXCYTE INC,A
2021-06-14,2021-06-18,P,15000,0,1.6,0,4.386863,139786044,,0,VAXCYTE INC,A
2021-06-14,2021-06-18,P,17500,0,1.6,0,3.226779,139786045,,0,VAXCYTE INC,A
2021-06-14,2021-06-18,P,20000,0,1.7,0,2.229523,139786046,,0,VAXCYTE INC,A
2021-06-14,2021-06-18,P,22500,0,2.25,0,1.420052,139786047,,0,VAXCYTE INC,A
2021-06-14,2021-06-18,P,25000,1,3.9,0,1.163768,139786048,,0,VAXCYTE INC,A
2021-06-14,2021-06-18,P,30000,5,8.7,0,,139786049,,0,VAXCYTE INC,A
2021-06-14,2021-06-18,P,35000,10.5,13.7,0,2.122884,139786050,,0,VAXCYTE INC,A
2021-06-14,2021-06-18,P,40000,15.6,18.7,0,2.894209,139786051,,0,VAXCYTE INC,A
2021-06-14,2021-06-18,P,5000,0,1.6,0,,139786052,,0,VAXCYTE INC,A
2021-06-14,2021-06-18,P,7500,0,1.6,0,,139786053,,0,VAXCYTE INC,A
2021-06-15,2021-06-18,C,10000,10.5,14.3,0,6.343687,139786030,,0,VAXCYTE INC,A
2021-06-15,2021-06-18,C,12500,7.9,11.8,0,4.597353,139786031,,0,VAXCYTE INC,A
2021-06-15,2021-06-18,C,15000,5.4,9.3,0,3.369166,139786032,,0,VAXCYTE INC,A
2021-06-15,2021-06-18,C,17500,2.95,6.8,0,2.35922,139786033,,0,VAXCYTE INC,A
2021-06-15,2021-06-18,C,20000,0.6,4.3,0,1.466872,139786034,,0,VAXCYTE INC,A
2021-06-15,2021-06-18,C,22500,0.05,2,0,1.518867,139786035,,0,VAXCYTE INC,A
2021-06-15,2021-06-18,C,25000,0,1.65,0,2.29318,139786036,,0,VAXCYTE INC,A
2021-06-15,2021-06-18,C,30000,0,1.6,0,3.636596,139786037,,0,VAXCYTE INC,A
2021-06-15,2021-06-18,C,35000,0,1.6,0,4.642756,139786038,,0,VAXCYTE INC,A
2021-06-15,2021-06-18,C,40000,0,1.6,0,5.444374,139786039,,0,VAXCYTE INC,A
2021-06-15,2021-06-18,C,5000,15.4,19.3,0,,139786040,,0,VAXCYTE INC,A
2021-06-15,2021-06-18,C,7500,12.9,16.8,0,8.016409,139786041,,0,VAXCYTE INC,A
2021-06-15,2021-06-18,P,10000,0,1.6,0,8.284805,139786042,,0,VAXCYTE INC,A
2021-06-15,2021-06-18,P,12500,0,1.6,0,6.36761,139786043,,0,VAXCYTE INC,A
2021-06-15,2021-06-18,P,15000,0,1.6,0,4.798331,139786044,,0,VAXCYTE INC,A
2021-06-15,2021-06-18,P,17500,0,1.6,0,3.430899,139786045,,0,VAXCYTE INC,A
2021-06-15,2021-06-18,P,20000,0,1.7,0,2.226859,139786046,,0,VAXCYTE INC,A
2021-06-15,2021-06-18,P,22500,0,2.55,0,1.305387,139786047,,0,VAXCYTE INC,A
2021-06-15,2021-06-18,P,25000,1.45,4.7,0,1.185992,139786048,,0,VAXCYTE INC,A
2021-06-15,2021-06-18,P,30000,6.3,9.6,0,1.663468,139786049,,0,VAXCYTE INC,A
2021-06-15,2021-06-18,P,35000,11.3,14.5,0,,139786050,,0,VAXCYTE INC,A
2021-06-15,2021-06-18,P,40000,16.3,19.6,0,2.878621,139786051,,0,VAXCYTE INC,A
2021-06-15,2021-06-18,P,5000,0,1.6,0,,139786052,,0,VAXCYTE INC,A
2021-06-15,2021-06-18,P,7500,0,1.6,0,,139786053,,0,VAXCYTE INC,A
2021-06-16,2021-06-18,C,10000,10.6,14.5,0,7.985267,139786030,,0,VAXCYTE INC,A
2021-06-16,2021-06-18,C,12500,8.1,12,0,6.066542,139786031,,0,VAXCYTE INC,A
2021-06-16,2021-06-18,C,15000,5.6,9.5,0,4.484023,139786032,,0,VAXCYTE INC,A
2021-06-16,2021-06-18,C,17500,3.1,7,0,3.100615,139786033,,0,VAXCYTE INC,A
2021-06-16,2021-06-18,C,20000,0.65,4.6,0,1.96603,139786034,,0,VAXCYTE INC,A
2021-06-16,2021-06-18,C,22500,0,2.05,0,1.772207,139786035,,0,VAXCYTE INC,A
2021-06-16,2021-06-18,C,25000,0,1.6,0,2.700965,139786036,,0,VAXCYTE INC,A
2021-06-16,2021-06-18,C,30000,0,1.6,0,4.399237,139786037,,0,VAXCYTE INC,A
2021-06-16,2021-06-18,C,35000,0,1.6,0,5.635093,139786038,,0,VAXCYTE INC,A
2021-06-16,2021-06-18,C,40000,0,1.6,0,6.618875,139786039,,0,VAXCYTE INC,A
2021-06-16,2021-06-18,C,5000,15.6,19.5,0,,139786040,,0,VAXCYTE INC,A
2021-06-16,2021-06-18,C,7500,13.1,17,0,,139786041,,0,VAXCYTE INC,A
2021-06-16,2021-06-18,P,10000,0,1.6,0,,139786042,,0,VAXCYTE INC,A
2021-06-16,2021-06-18,P,12500,0,1.6,0,7.840484,139786043,,0,VAXCYTE INC,A
2021-06-16,2021-06-18,P,15000,0,1.6,0,5.922102,139786044,,0,VAXCYTE INC,A
2021-06-16,2021-06-18,P,17500,0,1.6,0,4.252347,139786045,,0,VAXCYTE INC,A
2021-06-16,2021-06-18,P,20000,0,0.5,0,1.578212,139786046,,0,VAXCYTE INC,A
2021-06-16,2021-06-18,P,22500,0,2.3,0,1.505052,139786047,,0,VAXCYTE INC,A
2021-06-16,2021-06-18,P,25000,1.25,4.5,0,1.15316,139786048,,0,VAXCYTE INC,A
2021-06-16,2021-06-18,P,30000,6.1,9.5,0,1.029375,139786049,,0,VAXCYTE INC,A
2021-06-16,2021-06-18,P,35000,11.1,14.5,0,1.528586,139786050,,0,VAXCYTE INC,A
2021-06-16,2021-06-18,P,40000,16.1,19.5,0,1.954802,139786051,,0,VAXCYTE INC,A
2021-06-16,2021-06-18,P,5000,0,1.6,0,,139786052,,0,VAXCYTE INC,A
2021-06-16,2021-06-18,P,7500,0,1.6,0,,139786053,,0,VAXCYTE INC,A
2021-06-17,2021-06-18,C,10000,9.9,13.7,0,,139786030,,0,VAXCYTE INC,A
2021-06-17,2021-06-18,C,12500,7.4,11.2,0,7.923022,139786031,,0,VAXCYTE INC,A
2021-06-17,2021-06-18,C,15000,4,8.7,0,,139786032,,0,VAXCYTE INC,A
2021-06-17,2021-06-18,C,17500,2,6.2,0,2.779756,139786033,,0,VAXCYTE INC,A
2021-06-17,2021-06-18,C,20000,0.45,3.7,0,2.717351,139786034,,0,VAXCYTE INC,A
2021-06-17,2021-06-18,C,22500,0,1.7,0,2.808263,139786035,,0,VAXCYTE INC,A
2021-06-17,2021-06-18,C,25000,0,1.6,0,4.348637,139786036,,0,VAXCYTE INC,A
2021-06-17,2021-06-18,C,30000,0,1.6,0,6.676728,139786037,,0,VAXCYTE INC,A
2021-06-17,2021-06-18,C,35000,0,1.6,0,8.395892,139786038,,0,VAXCYTE INC,A
2021-06-17,2021-06-18,C,40000,0,1.6,0,,139786039,,0,VAXCYTE INC,A
2021-06-17,2021-06-18,C,5000,14.9,18.7,0,,139786040,,0,VAXCYTE INC,A
2021-06-17,2021-06-18,C,7500,12.4,16.2,0,,139786041,,0,VAXCYTE INC,A
2021-06-17,2021-06-18,P,10000,0,1.6,0,,139786042,,0,VAXCYTE INC,A
2021-06-17,2021-06-18,P,12500,0,1.6,0,,139786043,,0,VAXCYTE INC,A
2021-06-17,2021-06-18,P,15000,0,1.6,0,7.992111,139786044,,0,VAXCYTE INC,A
2021-06-17,2021-06-18,P,17500,0,1.6,0,5.586315,139786045,,0,VAXCYTE INC,A
2021-06-17,2021-06-18,P,20000,0,1.6,0,3.297046,139786046,,0,VAXCYTE INC,A
2021-06-17,2021-06-18,P,22500,0,2.65,0,1.560993,139786047,,0,VAXCYTE INC,A
2021-06-17,2021-06-18,P,25000,1.95,5.1,1,1.572107,139786048,,0,VAXCYTE INC,A
2021-06-17,2021-06-18,P,30000,6.8,10.1,0,,139786049,,0,VAXCYTE INC,A
2021-06-17,2021-06-18,P,35000,11.8,15.1,0,,139786050,,0,VAXCYTE INC,A
2021-06-17,2021-06-18,P,40000,16.8,20.1,0,,139786051,,0,VAXCYTE INC,A
2021-06-17,2021-06-18,P,5000,0,1.6,0,,139786052,,0,VAXCYTE INC,A
2021-06-17,2021-06-18,P,7500,0,1.6,0,,139786053,,0,VAXCYTE INC,A
2021-06-18,2021-06-18,C,10000,10.2,13.6,0,,139786030,,0,VAXCYTE INC,A
2021-06-18,2021-06-18,C,12500,7.1,11.1,0,,139786031,,0,VAXCYTE INC,A
2021-06-18,2021-06-18,C,15000,5.1,8.6,0,,139786032,,0,VAXCYTE INC,A
2021-06-18,2021-06-18,C,17500,2,6.1,0,,139786033,,0,VAXCYTE INC,A
2021-06-18,2021-06-18,C,20000,0.15,3.6,0,,139786034,,0,VAXCYTE INC,A
2021-06-18,2021-06-18,C,22500,0,1.6,0,,139786035,,0,VAXCYTE INC,A
2021-06-18,2021-06-18,C,25000,0,1.6,0,,139786036,,0,VAXCYTE INC,A
2021-06-18,2021-06-18,C,30000,0,1.6,0,,139786037,,0,VAXCYTE INC,A
2021-06-18,2021-06-18,C,35000,0,1.6,0,,139786038,,0,VAXCYTE INC,A
2021-06-18,2021-06-18,C,40000,0,1.6,0,,139786039,,0,VAXCYTE INC,A
2021-06-18,2021-06-18,C,5000,15.2,18.6,0,,139786040,,0,VAXCYTE INC,A
2021-06-18,2021-06-18,C,7500,12.1,16.1,0,,139786041,,0,VAXCYTE INC,A
2021-06-18,2021-06-18,P,10000,0,1.6,0,,139786042,,0,VAXCYTE INC,A
2021-06-18,2021-06-18,P,12500,0,1.6,0,,139786043,,0,VAXCYTE INC,A
2021-06-18,2021-06-18,P,15000,0,1.6,0,,139786044,,0,VAXCYTE INC,A
2021-06-18,2021-06-18,P,17500,0,1.6,0,,139786045,,0,VAXCYTE INC,A
2021-06-18,2021-06-18,P,20000,0,0.25,0,,139786046,,0,VAXCYTE INC,A
2021-06-18,2021-06-18,P,22500,0.1,2.85,0,,139786047,,0,VAXCYTE INC,A
2021-06-18,2021-06-18,P,25000,2.65,5.4,0,,139786048,,0,VAXCYTE INC,A
2021-06-18,2021-06-18,P,30000,7.5,10.4,0,,139786049,,0,VAXCYTE INC,A
2021-06-18,2021-06-18,P,35000,12.5,15.4,0,,139786050,,0,VAXCYTE INC,A
2021-06-18,2021-06-18,P,40000,17.5,20.4,0,,139786051,,0,VAXCYTE INC,A
2021-06-18,2021-06-18,P,5000,0,1.6,0,,139786052,,0,VAXCYTE INC,A
2021-06-18,2021-06-18,P,7500,0,1.6,0,,139786053,,0,VAXCYTE INC,A
2021-07-12,2021-07-16,C,10000,11.3,15.4,0,6.003929,139503504,,0,VAXCYTE INC,A
2021-07-12,2021-07-16,C,12500,8.8,12.9,0,4.616629,139503505,,0,VAXCYTE INC,A
2021-07-12,2021-07-16,C,15000,6.2,10.4,0,3.344054,139203807,,0,VAXCYTE INC,A
2021-07-12,2021-07-16,C,17500,3.7,7.9,0,2.382081,139203808,,0,VAXCYTE INC,A
2021-07-12,2021-07-16,C,20000,1.35,5.2,0,1.454431,139203809,,0,VAXCYTE INC,A
2021-07-12,2021-07-16,C,22500,0,2.85,0,1.250909,139203810,,0,VAXCYTE INC,A
2021-07-12,2021-07-16,C,25000,0,1,2,1.270531,139203811,,0,VAXCYTE INC,A
2021-07-12,2021-07-16,C,30000,0,1.7,0,2.939979,139203812,,0,VAXCYTE INC,A
2021-07-12,2021-07-16,C,35000,0,1.7,0,3.838029,139203813,,0,VAXCYTE INC,A
2021-07-12,2021-07-16,C,5000,16.2,20.4,0,,139503506,,0,VAXCYTE INC,A
2021-07-12,2021-07-16,C,7500,13.7,17.9,0,7.560256,139503507,,0,VAXCYTE INC,A
2021-07-12,2021-07-16,P,10000,0,1.7,0,7.52034,139503508,,0,VAXCYTE INC,A
2021-07-12,2021-07-16,P,12500,0,1.7,0,5.846056,139503509,,0,VAXCYTE INC,A
2021-07-12,2021-07-16,P,15000,0,1.7,0,4.482711,139203814,,0,VAXCYTE INC,A
2021-07-12,2021-07-16,P,17500,0,1.7,0,3.304363,139203815,,0,VAXCYTE INC,A
2021-07-12,2021-07-16,P,20000,0,1.75,0,2.256554,139203816,,0,VAXCYTE INC,A
2021-07-12,2021-07-16,P,22500,0,2.3,0,1.437853,139203817,,0,VAXCYTE INC,A
2021-07-12,2021-07-16,P,25000,1.05,3.9,0,1.176916,139203818,,0,VAXCYTE INC,A
2021-07-12,2021-07-16,P,30000,5.3,8.7,0,,139203819,,0,VAXCYTE INC,A
2021-07-12,2021-07-16,P,35000,10.3,13.7,0,,139203820,,0,VAXCYTE INC,A
2021-07-12,2021-07-16,P,5000,0,1.7,0,,139503510,,0,VAXCYTE INC,A
2021-07-12,2021-07-16,P,7500,0,1.7,0,,139503511,,0,VAXCYTE INC,A
2021-07-13,2021-07-16,C,10000,10,14.7,0,3.56345,139503504,,0,VAXCYTE INC,A
2021-07-13,2021-07-16,C,12500,8.1,12.2,0,4.830041,139503505,,0,VAXCYTE INC,A
2021-07-13,2021-07-16,C,15000,5,9.7,0,1.872649,139203807,,0,VAXCYTE INC,A
2021-07-13,2021-07-16,C,17500,3.4,7.2,0,2.828456,139203808,,0,VAXCYTE INC,A
2021-07-13,2021-07-16,C,20000,0.75,4.7,0,1.586106,139203809,,0,VAXCYTE INC,A
2021-07-13,2021-07-16,C,22500,0,1.5,0,1.020791,139203810,,0,VAXCYTE INC,A
2021-07-13,2021-07-16,C,25000,0,0.75,0,1.512045,139203811,,0,VAXCYTE INC,A
2021-07-13,2021-07-16,C,30000,0,1.7,0,3.621739,139203812,,0,VAXCYTE INC,A
2021-07-13,2021-07-16,C,35000,0,0.05,0,2.219022,139203813,,0,VAXCYTE INC,A
2021-07-13,2021-07-16,C,5000,15,19.7,0,6.454164,139503506,,0,VAXCYTE INC,A
2021-07-13,2021-07-16,C,7500,13.1,17.2,0,8.342145,139503507,,0,VAXCYTE INC,A
2021-07-13,2021-07-16,P,10000,0,1.7,0,8.526073,139503508,,0,VAXCYTE INC,A
2021-07-13,2021-07-16,P,12500,0,1.7,0,6.581426,139503509,,0,VAXCYTE INC,A
2021-07-13,2021-07-16,P,15000,0,1.7,0,4.993233,139203814,,0,VAXCYTE INC,A
2021-07-13,2021-07-16,P,17500,0,1.7,0,3.613778,139203815,,0,VAXCYTE INC,A
2021-07-13,2021-07-16,P,20000,0,1.75,0,2.370144,139203816,,0,VAXCYTE INC,A
2021-07-13,2021-07-16,P,22500,0,2.4,0,1.379913,139203817,,0,VAXCYTE INC,A
2021-07-13,2021-07-16,P,25000,1.05,4.4,0,0.872239,139203818,,0,VAXCYTE INC,A
2021-07-13,2021-07-16,P,30000,5.9,9.4,0,,139203819,,0,VAXCYTE INC,A
2021-07-13,2021-07-16,P,35000,10.8,14.4,0,,139203820,,0,VAXCYTE INC,A
2021-07-13,2021-07-16,P,5000,0,1.7,0,,139503510,,0,VAXCYTE INC,A
2021-07-13,2021-07-16,P,7500,0,1.7,0,,139503511,,0,VAXCYTE INC,A
2021-07-14,2021-07-16,C,10000,9,13.6,0,,139503504,,0,VAXCYTE INC,A
2021-07-14,2021-07-16,C,12500,7,11.1,0,4.89798,139503505,,0,VAXCYTE INC,A
2021-07-14,2021-07-16,C,15000,4,8.6,0,,139203807,,0,VAXCYTE INC,A
2021-07-14,2021-07-16,C,17500,2,6.1,0,2.248053,139203808,,0,VAXCYTE INC,A
2021-07-14,2021-07-16,C,20000,0.2,3.6,0,1.769025,139203809,,0,VAXCYTE INC,A
2021-07-14,2021-07-16,C,22500,0,1,0,1.484815,139203810,,0,VAXCYTE INC,A
2021-07-14,2021-07-16,C,25000,0,0.55,0,2.054103,139203811,,0,VAXCYTE INC,A
2021-07-14,2021-07-16,C,30000,0,1.7,0,4.888225,139203812,,0,VAXCYTE INC,A
2021-07-14,2021-07-16,C,35000,0,0.05,0,2.958087,139203813,,0,VAXCYTE INC,A
2021-07-14,2021-07-16,C,5000,14,18.6,0,,139503506,,0,VAXCYTE INC,A
2021-07-14,2021-07-16,C,7500,12,16.1,0,8.787878,139503507,,0,VAXCYTE INC,A
2021-07-14,2021-07-16,P,10000,0,1.7,0,,139503508,,0,VAXCYTE INC,A
2021-07-14,2021-07-16,P,12500,0,1.7,0,7.713434,139503509,,0,VAXCYTE INC,A
2021-07-14,2021-07-16,P,15000,0,1.7,0,5.737253,139203814,,0,VAXCYTE INC,A
2021-07-14,2021-07-16,P,17500,0,1.7,0,4.003486,139203815,,0,VAXCYTE INC,A
2021-07-14,2021-07-16,P,20000,0,1.75,0,2.392073,139203816,,0,VAXCYTE INC,A
2021-07-14,2021-07-16,P,22500,0,3.1,0,,139203817,,0,VAXCYTE INC,A
2021-07-14,2021-07-16,P,25000,1.9,5.3,0,,139203818,,0,VAXCYTE INC,A
2021-07-14,2021-07-16,P,30000,6.9,10.3,0,,139203819,,0,VAXCYTE INC,A
2021-07-14,2021-07-16,P,35000,11.9,15.3,0,,139203820,,0,VAXCYTE INC,A
2021-07-14,2021-07-16,P,5000,0,1.7,0,,139503510,,0,VAXCYTE INC,A
2021-07-14,2021-07-16,P,7500,0,1.7,0,,139503511,,0,VAXCYTE INC,A
2021-07-15,2021-07-16,C,10000,8.1,12.9,0,5.61204,139503504,,0,VAXCYTE INC,A
2021-07-15,2021-07-16,C,12500,5.6,10.4,0,3.98825,139503505,,0,VAXCYTE INC,A
2021-07-15,2021-07-16,C,15000,3.1,7.9,0,2.637752,139203807,,0,VAXCYTE INC,A
2021-07-15,2021-07-16,C,17500,0.6,5.4,0,1.452103,139203808,,0,VAXCYTE INC,A
2021-07-15,2021-07-16,C,20000,0,3,0,2.935214,139203809,,0,VAXCYTE INC,A
2021-07-15,2021-07-16,C,22500,0,2.5,0,4.702515,139203810,,0,VAXCYTE INC,A
2021-07-15,2021-07-16,C,25000,0,0.05,0,1.985258,139203811,,0,VAXCYTE INC,A
2021-07-15,2021-07-16,C,30000,0,2.5,0,8.697207,139203812,,0,VAXCYTE INC,A
2021-07-15,2021-07-16,C,35000,0,2.5,0,,139203813,,0,VAXCYTE INC,A
2021-07-15,2021-07-16,C,5000,13.1,17.9,0,,139503506,,0,VAXCYTE INC,A
2021-07-15,2021-07-16,C,7500,10.6,15.4,0,7.695234,139503507,,0,VAXCYTE INC,A
2021-07-15,2021-07-16,P,10000,0,2.5,0,,139503508,,0,VAXCYTE INC,A
2021-07-15,2021-07-16,P,12500,0,2.5,0,,139503509,,0,VAXCYTE INC,A
2021-07-15,2021-07-16,P,15000,0,1.9,0,7.965366,139203814,,0,VAXCYTE INC,A
2021-07-15,2021-07-16,P,17500,0,2.5,0,6.246251,139203815,,0,VAXCYTE INC,A
2021-07-15,2021-07-16,P,20000,0,2.75,0,3.810527,139203816,,0,VAXCYTE INC,A
2021-07-15,2021-07-16,P,22500,0.1,4.7,0,,139203817,,0,VAXCYTE INC,A
2021-07-15,2021-07-16,P,25000,2.5,7,0,3.294716,139203818,,0,VAXCYTE INC,A
2021-07-15,2021-07-16,P,30000,7.5,12,0,5.172058,139203819,,0,VAXCYTE INC,A
2021-07-15,2021-07-16,P,35000,12.5,17,0,6.605807,139203820,,0,VAXCYTE INC,A
2021-07-15,2021-07-16,P,5000,0,2.5,0,,139503510,,0,VAXCYTE INC,A
2021-07-15,2021-07-16,P,7500,0,2.5,0,,139503511,,0,VAXCYTE INC,A
2021-07-16,2021-07-16,C,10000,9.9,13.5,0,,139503504,,0,VAXCYTE INC,A
2021-07-16,2021-07-16,C,12500,7.5,11,0,,139503505,,0,VAXCYTE INC,A
2021-07-16,2021-07-16,C,15000,5,8.5,0,,139203807,,0,VAXCYTE INC,A
2021-07-16,2021-07-16,C,17500,2.4,6,0,,139203808,,0,VAXCYTE INC,A
2021-07-16,2021-07-16,C,20000,0.05,3.5,0,,139203809,,0,VAXCYTE INC,A
2021-07-16,2021-07-16,C,22500,0,1.7,0,,139203810,,0,VAXCYTE INC,A
2021-07-16,2021-07-16,C,25000,0,0.05,11,,139203811,,0,VAXCYTE INC,A
2021-07-16,2021-07-16,C,30000,0,1.7,0,,139203812,,0,VAXCYTE INC,A
2021-07-16,2021-07-16,C,35000,0,1.7,0,,139203813,,0,VAXCYTE INC,A
2021-07-16,2021-07-16,C,5000,15,18.5,0,,139503506,,0,VAXCYTE INC,A
2021-07-16,2021-07-16,C,7500,12.4,16,0,,139503507,,0,VAXCYTE INC,A
2021-07-16,2021-07-16,P,10000,0,1.7,0,,139503508,,0,VAXCYTE INC,A
2021-07-16,2021-07-16,P,12500,0,1.7,0,,139503509,,0,VAXCYTE INC,A
2021-07-16,2021-07-16,P,15000,0,1.7,0,,139203814,,0,VAXCYTE INC,A
2021-07-16,2021-07-16,P,17500,0,1.7,0,,139203815,,0,VAXCYTE INC,A
2021-07-16,2021-07-16,P,20000,0,1.7,0,,139203816,,0,VAXCYTE INC,A
2021-07-16,2021-07-16,P,22500,0,2.75,2,,139203817,,0,VAXCYTE INC,A
2021-07-16,2021-07-16,P,25000,2.05,5.4,0,,139203818,,0,VAXCYTE INC,A
2021-07-16,2021-07-16,P,30000,7,10.4,0,,139203819,,0,VAXCYTE INC,A
2021-07-16,2021-07-16,P,35000,12,15.4,0,,139203820,,0,VAXCYTE INC,A
2021-07-16,2021-07-16,P,5000,0,1.7,0,,139503510,,0,VAXCYTE INC,A
2021-07-16,2021-07-16,P,7500,0,1.7,0,,139503511,,0,VAXCYTE INC,A
2021-08-16,2021-08-20,C,12500,13,16.5,0,6.851119,140890169,,0,VAXCYTE INC,A
2021-08-16,2021-08-20,C,15000,10,14,0,4.960015,140890170,,0,VAXCYTE INC,A
2021-08-16,2021-08-20,C,17500,7.1,11.5,0,3.493364,140890171,,0,VAXCYTE INC,A
2021-08-16,2021-08-20,C,20000,4.6,9,0,2.610843,140890172,,0,VAXCYTE INC,A
2021-08-16,2021-08-20,C,22500,2,6.5,0,1.720196,140890173,,0,VAXCYTE INC,A
2021-08-16,2021-08-20,C,25000,0.85,2.15,0,0.631061,140890174,,0,VAXCYTE INC,A
2021-08-16,2021-08-20,C,30000,0,0.35,0,1.056224,140890175,,0,VAXCYTE INC,A
2021-08-16,2021-08-20,P,12500,0,1.75,0,6.618821,140890176,,0,VAXCYTE INC,A
2021-08-16,2021-08-20,P,15000,0,1.75,0,5.294721,140890177,,0,VAXCYTE INC,A
2021-08-16,2021-08-20,P,17500,0,1.75,0,4.171401,140890178,,0,VAXCYTE INC,A
2021-08-16,2021-08-20,P,20000,0,1.75,0,3.175749,140890179,,0,VAXCYTE INC,A
2021-08-16,2021-08-20,P,22500,0,1.75,0,2.252704,140890180,,0,VAXCYTE INC,A
2021-08-16,2021-08-20,P,25000,0,0.6,0,0.727174,140890181,,0,VAXCYTE INC,A
2021-08-16,2021-08-20,P,30000,2.1,5.5,0,0.862731,140890182,,0,VAXCYTE INC,A
2021-08-17,2021-08-20,C,12500,12.5,17,0,5.705044,140890169,,0,VAXCYTE INC,A
2021-08-17,2021-08-20,C,15000,10,14.5,0,4.529177,140890170,,0,VAXCYTE INC,A
2021-08-17,2021-08-20,C,17500,7.5,12,0,3.526852,140890171,,0,VAXCYTE INC,A
2021-08-17,2021-08-20,C,20000,5.1,9.5,0,2.765226,140890172,,0,VAXCYTE INC,A
2021-08-17,2021-08-20,C,22500,2.65,7,0,1.968703,140890173,,0,VAXCYTE INC,A
2021-08-17,2021-08-20,C,25000,0.35,2.75,0,,140890174,,0,VAXCYTE INC,A
2021-08-17,2021-08-20,C,30000,0,0.25,0,0.944778,140890175,,0,VAXCYTE INC,A
2021-08-17,2021-08-20,P,12500,0,1.75,0,7.794879,140890176,,0,VAXCYTE INC,A
2021-08-17,2021-08-20,P,15000,0,1.75,0,6.27514,140890177,,0,VAXCYTE INC,A
2021-08-17,2021-08-20,P,17500,0,1.75,0,4.988926,140890178,,0,VAXCYTE INC,A
2021-08-17,2021-08-20,P,20000,0,1.75,0,3.85361,140890179,,0,VAXCYTE INC,A
2021-08-17,2021-08-20,P,22500,0,1.75,0,2.809305,140890180,,0,VAXCYTE INC,A
2021-08-17,2021-08-20,P,25000,0,0.65,0,1.088244,140890181,,0,VAXCYTE INC,A
2021-08-17,2021-08-20,P,30000,1.55,5,0,1.16323,140890182,,0,VAXCYTE INC,A
2021-08-18,2021-08-20,C,12500,8.8,12.9,0,6.355767,140890169,,0,VAXCYTE INC,A
2021-08-18,2021-08-20,C,15000,6.2,10.4,0,4.583097,140890170,,0,VAXCYTE INC,A
2021-08-18,2021-08-20,C,17500,3.8,7.9,0,3.413488,140890171,,0,VAXCYTE INC,A
2021-08-18,2021-08-20,C,20000,1.35,5.5,0,2.324189,140890172,,0,VAXCYTE INC,A
2021-08-18,2021-08-20,C,22500,0,3.6,0,,140890173,,0,VAXCYTE INC,A
2021-08-18,2021-08-20,C,25000,0.1,0.6,6,1.507593,140890174,,0,VAXCYTE INC,A
2021-08-18,2021-08-20,C,30000,0,0.3,0,2.450767,140890175,,0,VAXCYTE INC,A
2021-08-18,2021-08-20,P,12500,0,0.05,0,3.790829,140890176,,0,VAXCYTE INC,A
2021-08-18,2021-08-20,P,15000,0,2.6,0,7.552766,140890177,,0,VAXCYTE INC,A
2021-08-18,2021-08-20,P,17500,0,2.6,0,5.687075,140890178,,0,VAXCYTE INC,A
2021-08-18,2021-08-20,P,20000,0,2.6,0,3.986907,140890179,,0,VAXCYTE INC,A
2021-08-18,2021-08-20,P,22500,0,2.75,0,2.39748,140890180,,0,VAXCYTE INC,A
2021-08-18,2021-08-20,P,25000,0.4,4.7,0,1.846189,140890181,,0,VAXCYTE INC,A
2021-08-18,2021-08-20,P,30000,5.3,8.7,0,,140890182,,0,VAXCYTE INC,A
2021-08-19,2021-08-20,C,12500,6,9.8,0,6.06743,140890169,,0,VAXCYTE INC,A
2021-08-19,2021-08-20,C,15000,3.5,7.3,0,4.126118,140890170,,0,VAXCYTE INC,A
2021-08-19,2021-08-20,C,17500,1,4.8,0,2.389208,140890171,,0,VAXCYTE INC,A
2021-08-19,2021-08-20,C,20000,0.15,2.2,0,2.475432,140890172,,0,VAXCYTE INC,A
2021-08-19,2021-08-20,C,22500,0.05,1.75,0,4.049638,140890173,,0,VAXCYTE INC,A
2021-08-19,2021-08-20,C,25000,0.05,0.15,2,2.72743,140890174,,0,VAXCYTE INC,A
2021-08-19,2021-08-20,C,30000,0,0.35,0,4.920667,140890175,,0,VAXCYTE INC,A
2021-08-19,2021-08-20,P,12500,0,1.75,0,,140890176,,0,VAXCYTE INC,A
2021-08-19,2021-08-20,P,15000,0,1.75,0,7.541849,140890177,,0,VAXCYTE INC,A
2021-08-19,2021-08-20,P,17500,0,1.75,0,4.975389,140890178,,0,VAXCYTE INC,A
2021-08-19,2021-08-20,P,20000,0.05,1,5,1.538958,140890179,,0,VAXCYTE INC,A
2021-08-19,2021-08-20,P,22500,1.05,4,0,2.343045,140890180,,0,VAXCYTE INC,A
2021-08-19,2021-08-20,P,25000,3.5,6.5,0,3.514245,140890181,,0,VAXCYTE INC,A
2021-08-19,2021-08-20,P,30000,8.5,11.5,0,5.400177,140890182,,0,VAXCYTE INC,A
2021-08-20,2021-08-20,C,12500,7.3,11.1,0,,140890169,,0,VAXCYTE INC,A
2021-08-20,2021-08-20,C,15000,4.6,8.6,0,,140890170,,0,VAXCYTE INC,A
2021-08-20,2021-08-20,C,17500,2.15,6.1,0,,140890171,,0,VAXCYTE INC,A
2021-08-20,2021-08-20,C,20000,0,3.6,0,,140890172,,0,VAXCYTE INC,A
2021-08-20,2021-08-20,C,22500,0,1.75,0,,140890173,,0,VAXCYTE INC,A
2021-08-20,2021-08-20,C,25000,0,1.75,0,,140890174,,0,VAXCYTE INC,A
2021-08-20,2021-08-20,C,30000,0,0.15,50,,140890175,,0,VAXCYTE INC,A
2021-08-20,2021-08-20,P,12500,0,1.75,0,,140890176,,0,VAXCYTE INC,A
2021-08-20,2021-08-20,P,15000,0,1.75,0,,140890177,,0,VAXCYTE INC,A
2021-08-20,2021-08-20,P,17500,0,1.75,0,,140890178,,0,VAXCYTE INC,A
2021-08-20,2021-08-20,P,20000,0,1.8,0,,140890179,,0,VAXCYTE INC,A
2021-08-20,2021-08-20,P,22500,0,2.75,0,,140890180,,0,VAXCYTE INC,A
2021-08-20,2021-08-20,P,25000,2.25,5.4,0,,140890181,,0,VAXCYTE INC,A
2021-08-20,2021-08-20,P,30000,7.1,10.3,0,,140890182,,0,VAXCYTE INC,A
2021-09-13,2021-09-17,C,12500,12.9,16.5,0,5.973011,141368577,,0,VAXCYTE INC,A
2021-09-13,2021-09-17,C,15000,10.4,14,0,4.767441,141368578,,0,VAXCYTE INC,A
2021-09-13,2021-09-17,C,17500,7.9,11.5,0,3.741944,141368579,,0,VAXCYTE INC,A
2021-09-13,2021-09-17,C,20000,5.4,8,0,1.753516,141368580,,0,VAXCYTE INC,A
2021-09-13,2021-09-17,C,22500,2.85,6.5,0,1.957376,141368581,,0,VAXCYTE INC,A
2021-09-13,2021-09-17,C,25000,0.6,3.1,0,0.762897,141368582,,0,VAXCYTE INC,A
2021-09-13,2021-09-17,C,30000,0,1.25,0,1.570498,141368583,,0,VAXCYTE INC,A
2021-09-13,2021-09-17,P,12500,0,1.75,0,6.678599,141368584,,0,VAXCYTE INC,A
2021-09-13,2021-09-17,P,15000,0,1.75,0,5.358151,141368585,,0,VAXCYTE INC,A
2021-09-13,2021-09-17,P,17500,0,1.75,0,4.239185,141368586,,0,VAXCYTE INC,A
2021-09-13,2021-09-17,P,20000,0,1.75,0,3.249298,141368587,,0,VAXCYTE INC,A
2021-09-13,2021-09-17,P,22500,0,1.85,0,2.39696,141368588,,0,VAXCYTE INC,A
2021-09-13,2021-09-17,P,25000,0,0.95,0,1.013172,141368589,,0,VAXCYTE INC,A
2021-09-13,2021-09-17,P,30000,2.5,4.9,0,1.161804,141368590,,0,VAXCYTE INC,A
2021-09-14,2021-09-17,C,12500,12.5,15.9,0,7.283118,141368577,,0,VAXCYTE INC,A
2021-09-14,2021-09-17,C,15000,10,13.4,0,5.794462,141368578,,0,VAXCYTE INC,A
2021-09-14,2021-09-17,C,17500,7.5,10.9,0,4.528107,141368579,,0,VAXCYTE INC,A
2021-09-14,2021-09-17,C,20000,5,8,0,3.037832,141368580,,0,VAXCYTE INC,A
2021-09-14,2021-09-17,C,22500,2.5,5.9,0,2.352293,141368581,,0,VAXCYTE INC,A
2021-09-14,2021-09-17,C,25000,0.75,2.2,0,1.026085,141368582,,0,VAXCYTE INC,A
2021-09-14,2021-09-17,C,30000,0,1.25,0,2.034531,141368583,,0,VAXCYTE INC,A
2021-09-14,2021-09-17,P,12500,0,1,0,6.378599,141368584,,0,VAXCYTE INC,A
2021-09-14,2021-09-17,P,15000,0,1,0,5.040834,141368585,,0,VAXCYTE INC,A
2021-09-14,2021-09-17,P,17500,0,1,0,3.899108,141368586,,0,VAXCYTE INC,A
2021-09-14,2021-09-17,P,20000,0,1,0,2.881657,141368587,,0,VAXCYTE INC,A
2021-09-14,2021-09-17,P,22500,0,1.8,0,2.52216,141368588,,0,VAXCYTE INC,A
2021-09-14,2021-09-17,P,25000,0,1,0,0.961449,141368589,,0,VAXCYTE INC,A
2021-09-14,2021-09-17,P,30000,2.4,5.1,0,,141368590,,0,VAXCYTE INC,A
2021-09-15,2021-09-17,C,12500,11.5,16.5,0,4.958894,141368577,,0,VAXCYTE INC,A
2021-09-15,2021-09-17,C,15000,9,14,0,3.860797,141368578,,0,VAXCYTE INC,A
2021-09-15,2021-09-17,C,17500,6.5,11.5,0,2.922172,141368579,,0,VAXCYTE INC,A
2021-09-15,2021-09-17,C,20000,4,8,0,,141368580,,0,VAXCYTE INC,A
2021-09-15,2021-09-17,C,22500,1.5,6.5,0,1.327504,141368581,,0,VAXCYTE INC,A
2021-09-15,2021-09-17,C,25000,0.5,2.4,0,,141368582,,0,VAXCYTE INC,A
2021-09-15,2021-09-17,C,30000,0,1.25,0,2.277725,141368583,,0,VAXCYTE INC,A
2021-09-15,2021-09-17,P,12500,0,5,0,,141368584,,0,VAXCYTE INC,A
2021-09-15,2021-09-17,P,15000,0,3.1,0,,141368585,,0,VAXCYTE INC,A
2021-09-15,2021-09-17,P,17500,0,5,0,,141368586,,0,VAXCYTE INC,A
2021-09-15,2021-09-17,P,20000,0,5,0,,141368587,,0,VAXCYTE INC,A
2021-09-15,2021-09-17,P,22500,0,1.75,0,3.250028,141368588,,0,VAXCYTE INC,A
2021-09-15,2021-09-17,P,25000,0,0.85,0,1.297241,141368589,,0,VAXCYTE INC,A
2021-09-15,2021-09-17,P,30000,1,6,0,,141368590,,0,VAXCYTE INC,A
2021-09-16,2021-09-17,C,12500,12.2,16.5,0,,141368577,,0,VAXCYTE INC,A
2021-09-16,2021-09-17,C,15000,9.7,14,0,8.801525,141368578,,0,VAXCYTE INC,A
2021-09-16,2021-09-17,C,17500,7.2,11.5,0,6.852531,141368579,,0,VAXCYTE INC,A
2021-09-16,2021-09-17,C,20000,4.7,8,0,,141368580,,0,VAXCYTE INC,A
2021-09-16,2021-09-17,C,22500,2.2,6.5,0,3.513334,141368581,,0,VAXCYTE INC,A
2021-09-16,2021-09-17,C,25000,1,2.2,0,1.335341,141368582,,0,VAXCYTE INC,A
2021-09-16,2021-09-17,C,30000,0,1.25,0,3.266963,141368583,,0,VAXCYTE INC,A
2021-09-16,2021-09-17,P,12500,0,1.75,0,,141368584,,0,VAXCYTE INC,A
2021-09-16,2021-09-17,P,15000,0,1.75,0,,141368585,,0,VAXCYTE INC,A
2021-09-16,2021-09-17,P,17500,0,1.75,0,8.382329,141368586,,0,VAXCYTE INC,A
2021-09-16,2021-09-17,P,20000,0,1.75,0,6.39443,141368587,,0,VAXCYTE INC,A
2021-09-16,2021-09-17,P,22500,0,1.75,0,4.553597,141368588,,0,VAXCYTE INC,A
2021-09-16,2021-09-17,P,25000,0,0.6,0,1.504696,141368589,,0,VAXCYTE INC,A
2021-09-16,2021-09-17,P,30000,2.3,5.3,0,2.055439,141368590,,0,VAXCYTE INC,A
2021-09-17,2021-09-17,C,12500,12.1,15.5,0,,141368577,,0,VAXCYTE INC,A
2021-09-17,2021-09-17,C,15000,9.6,13,0,,141368578,,0,VAXCYTE INC,A
2021-09-17,2021-09-17,C,17500,7.1,10.5,0,,141368579,,0,VAXCYTE INC,A
2021-09-17,2021-09-17,C,20000,4.6,8,0,,141368580,,0,VAXCYTE INC,A
2021-09-17,2021-09-17,C,22500,2.3,5.5,0,,141368581,,0,VAXCYTE INC,A
2021-09-17,2021-09-17,C,25000,0,3.4,1,,141368582,,0,VAXCYTE INC,A
2021-09-17,2021-09-17,C,30000,0,1.25,0,,141368583,,0,VAXCYTE INC,A
2021-09-17,2021-09-17,P,12500,0,1.75,0,,141368584,,0,VAXCYTE INC,A
2021-09-17,2021-09-17,P,15000,0,1.75,0,,141368585,,0,VAXCYTE INC,A
2021-09-17,2021-09-17,P,17500,0,1.75,0,,141368586,,0,VAXCYTE INC,A
2021-09-17,2021-09-17,P,20000,0,1.75,0,,141368587,,0,VAXCYTE INC,A
2021-09-17,2021-09-17,P,22500,0,1.75,0,,141368588,,0,VAXCYTE INC,A
2021-09-17,2021-09-17,P,25000,0,0.4,0,,141368589,,0,VAXCYTE INC,A
2021-09-17,2021-09-17,P,30000,2.8,5.4,0,,141368590,,0,VAXCYTE INC,A
2021-10-11,2021-10-15,C,10000,13.1,17,0,6.00466,139503512,,0,VAXCYTE INC,A
2021-10-11,2021-10-15,C,12500,10.6,14.5,0,4.70074,139503513,,0,VAXCYTE INC,A
2021-10-11,2021-10-15,C,15000,8.1,12,0,3.634965,139203821,,0,VAXCYTE INC,A
2021-10-11,2021-10-15,C,17500,5.6,9.5,0,2.718702,139203822,,0,VAXCYTE INC,A
2021-10-11,2021-10-15,C,20000,3.1,7,0,1.894712,139203823,,0,VAXCYTE INC,A
2021-10-11,2021-10-15,C,22500,0.8,4.8,0,1.435992,139203824,,0,VAXCYTE INC,A
2021-10-11,2021-10-15,C,25000,0,2.5,0,1.330654,139203825,,0,VAXCYTE INC,A
2021-10-11,2021-10-15,C,30000,0,1.65,0,2.352298,139203826,,0,VAXCYTE INC,A
2021-10-11,2021-10-15,C,35000,0,1,0,2.807629,139203827,,0,VAXCYTE INC,A
2021-10-11,2021-10-15,C,5000,18.1,22,0,,139503514,,0,VAXCYTE INC,A
2021-10-11,2021-10-15,C,7500,15.6,19.5,0,7.714185,139503515,,0,VAXCYTE INC,A
2021-10-11,2021-10-15,P,10000,0,1.8,0,8.041592,139503516,,0,VAXCYTE INC,A
2021-10-11,2021-10-15,P,12500,0,1.8,0,6.365281,139503517,,0,VAXCYTE INC,A
2021-10-11,2021-10-15,P,15000,0,1.8,0,5.010688,139203828,,0,VAXCYTE INC,A
2021-10-11,2021-10-15,P,17500,0,1.8,0,3.853697,139203829,,0,VAXCYTE INC,A
2021-10-11,2021-10-15,P,20000,0,0.75,0,1.99744,139203830,,0,VAXCYTE INC,A
2021-10-11,2021-10-15,P,22500,0,1.25,0,1.503835,139203831,,0,VAXCYTE INC,A
2021-10-11,2021-10-15,P,25000,0,2.75,0,1.190447,139203832,,0,VAXCYTE INC,A
2021-10-11,2021-10-15,P,30000,3.7,6.9,0,0.969167,139203833,,0,VAXCYTE INC,A
2021-10-11,2021-10-15,P,35000,8.7,11.9,0,1.571124,139203834,,0,VAXCYTE INC,A
2021-10-11,2021-10-15,P,5000,0,1.8,0,,139503518,,0,VAXCYTE INC,A
2021-10-11,2021-10-15,P,7500,0,1.8,0,,139503519,,0,VAXCYTE INC,A
2021-10-12,2021-10-15,C,10000,13.1,17.3,0,6.810444,139503512,,0,VAXCYTE INC,A
2021-10-12,2021-10-15,C,12500,10.6,14.8,0,5.336477,139503513,,0,VAXCYTE INC,A
2021-10-12,2021-10-15,C,15000,8.1,12.3,0,4.131742,139203821,,0,VAXCYTE INC,A
2021-10-12,2021-10-15,C,17500,5.6,9.8,0,3.096702,139203822,,0,VAXCYTE INC,A
2021-10-12,2021-10-15,C,20000,3.1,7.3,0,2.167466,139203823,,0,VAXCYTE INC,A
2021-10-12,2021-10-15,C,22500,0.85,4.9,0,1.564174,139203824,,0,VAXCYTE INC,A
2021-10-12,2021-10-15,C,25000,0,2.5,0,1.435077,139203825,,0,VAXCYTE INC,A
2021-10-12,2021-10-15,C,30000,0,1.65,0,2.652653,139203826,,0,VAXCYTE INC,A
2021-10-12,2021-10-15,C,35000,0,0.95,4,3.142694,139203827,,0,VAXCYTE INC,A
2021-10-12,2021-10-15,C,5000,18.1,22.3,0,,139503514,,0,VAXCYTE INC,A
2021-10-12,2021-10-15,C,7500,15.6,19.8,0,8.741204,139503515,,0,VAXCYTE INC,A
2021-10-12,2021-10-15,P,10000,0,1,0,7.81495,139503516,,0,VAXCYTE INC,A
2021-10-12,2021-10-15,P,12500,0,1,0,6.155584,139503517,,0,VAXCYTE INC,A
2021-10-12,2021-10-15,P,15000,0,1,0,4.804945,139203828,,0,VAXCYTE INC,A
2021-10-12,2021-10-15,P,17500,0,1,0,3.646796,139203829,,0,VAXCYTE INC,A
2021-10-12,2021-10-15,P,20000,0,0.5,0,2.072058,139203830,,0,VAXCYTE INC,A
2021-10-12,2021-10-15,P,22500,0,0.6,0,1.301326,139203831,,0,VAXCYTE INC,A
2021-10-12,2021-10-15,P,25000,0,2.6,0,1.390822,139203832,,0,VAXCYTE INC,A
2021-10-12,2021-10-15,P,30000,3.4,6.8,0,0.918594,139203833,,0,VAXCYTE INC,A
2021-10-12,2021-10-15,P,35000,8.3,11.9,0,1.541874,139203834,,0,VAXCYTE INC,A
2021-10-12,2021-10-15,P,5000,0,1,0,,139503518,,0,VAXCYTE INC,A
2021-10-12,2021-10-15,P,7500,0,1,0,,139503519,,0,VAXCYTE INC,A
2021-10-13,2021-10-15,C,10000,12.5,16.8,0,8.56825,139503512,,0,VAXCYTE INC,A
2021-10-13,2021-10-15,C,12500,10,14.3,0,6.683528,139503513,,0,VAXCYTE INC,A
2021-10-13,2021-10-15,C,15000,7.5,11.8,0,5.14152,139203821,,0,VAXCYTE INC,A
2021-10-13,2021-10-15,C,17500,5,9.3,0,3.813688,139203822,,0,VAXCYTE INC,A
2021-10-13,2021-10-15,C,20000,2.65,6.8,0,2.799585,139203823,,0,VAXCYTE INC,A
2021-10-13,2021-10-15,C,22500,0.75,4.3,0,2.102563,139203824,,0,VAXCYTE INC,A
2021-10-13,2021-10-15,C,25000,0,2.05,0,1.850718,139203825,,0,VAXCYTE INC,A
2021-10-13,2021-10-15,C,30000,0,1.65,0,3.51347,139203826,,0,VAXCYTE INC,A
2021-10-13,2021-10-15,C,35000,0,0.15,0,2.683234,139203827,,0,VAXCYTE INC,A
2021-10-13,2021-10-15,C,5000,17.5,21.8,0,,139503514,,0,VAXCYTE INC,A
2021-10-13,2021-10-15,C,7500,15,19.3,0,,139503515,,0,VAXCYTE INC,A
2021-10-13,2021-10-15,P,10000,0,1.8,0,,139503516,,0,VAXCYTE INC,A
2021-10-13,2021-10-15,P,12500,0,1.8,0,8.870957,139503517,,0,VAXCYTE INC,A
2021-10-13,2021-10-15,P,15000,0,1.8,0,6.946107,139203828,,0,VAXCYTE INC,A
2021-10-13,2021-10-15,P,17500,0,1.8,0,5.298152,139203829,,0,VAXCYTE INC,A
2021-10-13,2021-10-15,P,20000,0,0.75,0,2.677266,139203830,,0,VAXCYTE INC,A
2021-10-13,2021-10-15,P,22500,0,0.9,0,1.635697,139203831,,0,VAXCYTE INC,A
2021-10-13,2021-10-15,P,25000,0,2.6,0,1.24709,139203832,,0,VAXCYTE INC,A
2021-10-13,2021-10-15,P,30000,4.2,7.5,0,2.037973,139203833,,0,VAXCYTE INC,A
2021-10-13,2021-10-15,P,35000,9.2,12.5,0,3.06493,139203834,,0,VAXCYTE INC,A
2021-10-13,2021-10-15,P,5000,0,1.8,0,,139503518,,0,VAXCYTE INC,A
2021-10-13,2021-10-15,P,7500,0,1.8,0,,139503519,,0,VAXCYTE INC,A
2021-10-14,2021-10-15,C,10000,13.6,17.2,0,,139503512,,0,VAXCYTE INC,A
2021-10-14,2021-10-15,C,12500,11.1,14.7,0,,139503513,,0,VAXCYTE INC,A
2021-10-14,2021-10-15,C,15000,8.6,12.2,0,8.629395,139203821,,0,VAXCYTE INC,A
2021-10-14,2021-10-15,C,17500,6.1,9.7,0,6.560643,139203822,,0,VAXCYTE INC,A
2021-10-14,2021-10-15,C,20000,3.6,7.2,0,4.702559,139203823,,0,VAXCYTE INC,A
2021-10-14,2021-10-15,C,22500,1.15,4.7,0,2.993752,139203824,,0,VAXCYTE INC,A
2021-10-14,2021-10-15,C,25000,0,2.15,0,2.226955,139203825,,0,VAXCYTE INC,A
2021-10-14,2021-10-15,C,30000,0,1.65,0,4.643486,139203826,,0,VAXCYTE INC,A
2021-10-14,2021-10-15,C,35000,0,0.1,0,3.361658,139203827,,0,VAXCYTE INC,A
2021-10-14,2021-10-15,C,5000,18.6,22.2,0,,139503514,,0,VAXCYTE INC,A
2021-10-14,2021-10-15,C,7500,16.1,19.7,0,,139503515,,0,VAXCYTE INC,A
2021-10-14,2021-10-15,P,10000,0,1.8,0,,139503516,,0,VAXCYTE INC,A
2021-10-14,2021-10-15,P,12500,0,1.8,0,,139503517,,0,VAXCYTE INC,A
2021-10-14,2021-10-15,P,15000,0,1.8,0,,139203828,,0,VAXCYTE INC,A
2021-10-14,2021-10-15,P,17500,0,1.8,0,7.756282,139203829,,0,VAXCYTE INC,A
2021-10-14,2021-10-15,P,20000,0,0.75,0,4.042244,139203830,,0,VAXCYTE INC,A
2021-10-14,2021-10-15,P,22500,0,0.75,0,2.423569,139203831,,0,VAXCYTE INC,A
2021-10-14,2021-10-15,P,25000,0,2.15,0,1.899187,139203832,,0,VAXCYTE INC,A
2021-10-14,2021-10-15,P,30000,3.8,6.4,0,,139203833,,0,VAXCYTE INC,A
2021-10-14,2021-10-15,P,35000,8.8,11.4,0,,139203834,,0,VAXCYTE INC,A
2021-10-14,2021-10-15,P,5000,0,1.8,0,,139503518,,0,VAXCYTE INC,A
2021-10-14,2021-10-15,P,7500,0,1.8,0,,139503519,,0,VAXCYTE INC,A
2021-10-15,2021-10-15,C,10000,13.3,16.9,0,,139503512,,0,VAXCYTE INC,A
2021-10-15,2021-10-15,C,12500,10.8,14.4,0,,139503513,,0,VAXCYTE INC,A
2021-10-15,2021-10-15,C,15000,8.3,11.9,0,,139203821,,0,VAXCYTE INC,A
2021-10-15,2021-10-15,C,17500,5.8,9.4,0,,139203822,,0,VAXCYTE INC,A
2021-10-15,2021-10-15,C,20000,3.3,6.9,0,,139203823,,0,VAXCYTE INC,A
2021-10-15,2021-10-15,C,22500,0.8,4.4,0,,139203824,,0,VAXCYTE INC,A
2021-10-15,2021-10-15,C,25000,0,1.9,0,,139203825,,0,VAXCYTE INC,A
2021-10-15,2021-10-15,C,30000,0,1.65,0,,139203826,,0,VAXCYTE INC,A
2021-10-15,2021-10-15,C,35000,0,1.8,0,,139203827,,0,VAXCYTE INC,A
2021-10-15,2021-10-15,C,5000,18.3,21.9,0,,139503514,,0,VAXCYTE INC,A
2021-10-15,2021-10-15,C,7500,15.8,19.4,0,,139503515,,0,VAXCYTE INC,A
2021-10-15,2021-10-15,P,10000,0,1.8,0,,139503516,,0,VAXCYTE INC,A
2021-10-15,2021-10-15,P,12500,0,1.8,0,,139503517,,0,VAXCYTE INC,A
2021-10-15,2021-10-15,P,15000,0,1.8,0,,139203828,,0,VAXCYTE INC,A
2021-10-15,2021-10-15,P,17500,0,1.8,0,,139203829,,0,VAXCYTE INC,A
2021-10-15,2021-10-15,P,20000,0,0.75,0,,139203830,,0,VAXCYTE INC,A
2021-10-15,2021-10-15,P,22500,0,1.25,0,,139203831,,0,VAXCYTE INC,A
2021-10-15,2021-10-15,P,25000,0,2.05,0,,139203832,,0,VAXCYTE INC,A
2021-10-15,2021-10-15,P,30000,3.8,6.7,0,,139203833,,0,VAXCYTE INC,A
2021-10-15,2021-10-15,P,35000,8.8,11.7,0,,139203834,,0,VAXCYTE INC,A
2021-10-15,2021-10-15,P,5000,0,1.8,0,,139503518,,0,VAXCYTE INC,A
2021-10-15,2021-10-15,P,7500,0,1.8,0,,139503519,,0,VAXCYTE INC,A
2021-11-15,2021-11-19,C,15000,9.3,13.5,0,3.89315,142528906,,0,VAXCYTE INC,A
2021-11-15,2021-11-19,C,17500,7.7,11,0,3.938563,142528907,,0,VAXCYTE INC,A
2021-11-15,2021-11-19,C,20000,5.5,8.5,0,3.193174,142528908,,0,VAXCYTE INC,A
2021-11-15,2021-11-19,C,22500,2.45,6,0,1.908232,142528909,,0,VAXCYTE INC,A
2021-11-15,2021-11-19,C,25000,0.55,3.8,0,1.479589,142528910,,0,VAXCYTE INC,A
2021-11-15,2021-11-19,C,30000,0.05,0.5,0,1.263587,142528911,,0,VAXCYTE INC,A
2021-11-15,2021-11-19,C,35000,0,1.8,0,3.020189,142528912,,0,VAXCYTE INC,A
2021-11-15,2021-11-19,P,15000,0,1.8,0,5.305068,142528913,,0,VAXCYTE INC,A
2021-11-15,2021-11-19,P,17500,0,1.8,0,4.170683,142528914,,0,VAXCYTE INC,A
2021-11-15,2021-11-19,P,20000,0,1.8,0,3.16418,142528915,,0,VAXCYTE INC,A
2021-11-15,2021-11-19,P,22500,0,1.7,0,2.167639,142528916,,0,VAXCYTE INC,A
2021-11-15,2021-11-19,P,25000,0,1.7,0,1.238952,142528917,,0,VAXCYTE INC,A
2021-11-15,2021-11-19,P,30000,2.9,5.2,0,1.01514,142528918,,0,VAXCYTE INC,A
2021-11-15,2021-11-19,P,35000,7.6,10.7,0,2.003743,142528919,,0,VAXCYTE INC,A
2021-11-16,2021-11-19,C,15000,9.4,13.4,0,5.296826,142528906,,0,VAXCYTE INC,A
2021-11-16,2021-11-19,C,17500,6.9,10.9,0,4.105124,142528907,,0,VAXCYTE INC,A
2021-11-16,2021-11-19,C,20000,4.4,8.4,0,3.043373,142528908,,0,VAXCYTE INC,A
2021-11-16,2021-11-19,C,22500,1.9,5.9,0,2.05016,142528909,,0,VAXCYTE INC,A
2021-11-16,2021-11-19,C,25000,0,3.3,0,,142528910,,0,VAXCYTE INC,A
2021-11-16,2021-11-19,C,30000,0,0.5,0,1.49152,142528911,,0,VAXCYTE INC,A
2021-11-16,2021-11-19,C,35000,0,1,0,2.939481,142528912,,0,VAXCYTE INC,A
2021-11-16,2021-11-19,P,15000,0,1,0,5.013525,142528913,,0,VAXCYTE INC,A
2021-11-16,2021-11-19,P,17500,0,1,0,3.869992,142528914,,0,VAXCYTE INC,A
2021-11-16,2021-11-19,P,20000,0,1.8,0,3.57385,142528915,,0,VAXCYTE INC,A
2021-11-16,2021-11-19,P,22500,0,1.9,0,2.552237,142528916,,0,VAXCYTE INC,A
2021-11-16,2021-11-19,P,25000,0,2.25,0,1.624612,142528917,,0,VAXCYTE INC,A
2021-11-16,2021-11-19,P,30000,2.55,5.7,0,,142528918,,0,VAXCYTE INC,A
2021-11-16,2021-11-19,P,35000,7.5,10.6,0,,142528919,,0,VAXCYTE INC,A
2021-11-17,2021-11-19,C,15000,8.9,12.5,0,6.545407,142528906,,0,VAXCYTE INC,A
2021-11-17,2021-11-19,C,17500,6.6,10,0,5.275936,142528907,,0,VAXCYTE INC,A
2021-11-17,2021-11-19,C,20000,4,7.5,0,3.759962,142528908,,0,VAXCYTE INC,A
2021-11-17,2021-11-19,C,22500,1.55,5,0,2.485312,142528909,,0,VAXCYTE INC,A
2021-11-17,2021-11-19,C,25000,0.1,2.55,0,1.78869,142528910,,0,VAXCYTE INC,A
2021-11-17,2021-11-19,C,30000,0,0.5,0,2.091833,142528911,,0,VAXCYTE INC,A
2021-11-17,2021-11-19,C,35000,0,1.8,0,4.68887,142528912,,0,VAXCYTE INC,A
2021-11-17,2021-11-19,P,15000,0,1.8,0,7.175303,142528913,,0,VAXCYTE INC,A
2021-11-17,2021-11-19,P,17500,0,1.8,0,5.54628,142528914,,0,VAXCYTE INC,A
2021-11-17,2021-11-19,P,20000,0,1.8,0,4.089624,142528915,,0,VAXCYTE INC,A
2021-11-17,2021-11-19,P,22500,0,1.85,0,2.751886,142528916,,0,VAXCYTE INC,A
2021-11-17,2021-11-19,P,25000,0.05,2.2,0,1.531053,142528917,,0,VAXCYTE INC,A
2021-11-17,2021-11-19,P,30000,3.1,6.1,0,,142528918,,0,VAXCYTE INC,A
2021-11-17,2021-11-19,P,35000,8.2,11,0,,142528919,,0,VAXCYTE INC,A
2021-11-18,2021-11-19,C,15000,8.3,11.9,0,8.500336,142528906,,0,VAXCYTE INC,A
2021-11-18,2021-11-19,C,17500,5.8,9.4,0,6.421754,142528907,,0,VAXCYTE INC,A
2021-11-18,2021-11-19,C,20000,3.3,6.9,0,4.549337,142528908,,0,VAXCYTE INC,A
2021-11-18,2021-11-19,C,22500,0.85,4.4,0,2.812066,142528909,,0,VAXCYTE INC,A
2021-11-18,2021-11-19,C,25000,0,2.05,0,2.410882,142528910,,0,VAXCYTE INC,A
2021-11-18,2021-11-19,C,30000,0,0.5,0,3.187589,142528911,,0,VAXCYTE INC,A
2021-11-18,2021-11-19,C,35000,0,1.8,0,6.901961,142528912,,0,VAXCYTE INC,A
2021-11-18,2021-11-19,P,15000,0,1.8,0,,142528913,,0,VAXCYTE INC,A
2021-11-18,2021-11-19,P,17500,0,1.8,0,7.608302,142528914,,0,VAXCYTE INC,A
2021-11-18,2021-11-19,P,20000,0,1.8,0,5.523387,142528915,,0,VAXCYTE INC,A
2021-11-18,2021-11-19,P,22500,0,1.8,0,3.527665,142528916,,0,VAXCYTE INC,A
2021-11-18,2021-11-19,P,25000,0.05,2.3,0,1.781655,142528917,,0,VAXCYTE INC,A
2021-11-18,2021-11-19,P,30000,4,6.7,0,,142528918,,0,VAXCYTE INC,A
2021-11-18,2021-11-19,P,35000,9,11.7,0,,142528919,,0,VAXCYTE INC,A
2021-11-19,2021-11-19,C,15000,6.1,10,0,,142528906,,0,VAXCYTE INC,A
2021-11-19,2021-11-19,C,17500,3.7,7.5,0,,142528907,,0,VAXCYTE INC,A
2021-11-19,2021-11-19,C,20000,2.1,5.1,0,,142528908,,0,VAXCYTE INC,A
2021-11-19,2021-11-19,C,22500,0,2.55,0,,142528909,,0,VAXCYTE INC,A
2021-11-19,2021-11-19,C,25000,0,1.8,0,,142528910,,0,VAXCYTE INC,A
2021-11-19,2021-11-19,C,30000,0,0.5,0,,142528911,,0,VAXCYTE INC,A
2021-11-19,2021-11-19,C,35000,0,1.8,0,,142528912,,0,VAXCYTE INC,A
2021-11-19,2021-11-19,P,15000,0,1.8,0,,142528913,,0,VAXCYTE INC,A
2021-11-19,2021-11-19,P,17500,0,1.8,0,,142528914,,0,VAXCYTE INC,A
2021-11-19,2021-11-19,P,20000,0,1.8,0,,142528915,,0,VAXCYTE INC,A
2021-11-19,2021-11-19,P,22500,0,1.8,0,,142528916,,0,VAXCYTE INC,A
2021-11-19,2021-11-19,P,25000,0.7,2.9,0,,142528917,,0,VAXCYTE INC,A
2021-11-19,2021-11-19,P,30000,5.6,8.7,0,,142528918,,0,VAXCYTE INC,A
2021-11-19,2021-11-19,P,35000,10.6,13.2,0,,142528919,,0,VAXCYTE INC,A
2021-12-13,2021-12-17,C,12500,8.6,11.2,0,5.414107,143105553,,0,VAXCYTE INC,A
2021-12-13,2021-12-17,C,15000,6.1,8.7,0,4.039711,143105554,,0,VAXCYTE INC,A
2021-12-13,2021-12-17,C,17500,3.6,6.2,0,2.836303,143105555,,0,VAXCYTE INC,A
2021-12-13,2021-12-17,C,20000,0.3,3.7,0,1.166056,143105556,,0,VAXCYTE INC,A
2021-12-13,2021-12-17,C,22500,0.1,1.55,0,1.33311,143105557,,0,VAXCYTE INC,A
2021-12-13,2021-12-17,C,25000,0,0.6,0,1.428545,143105558,,0,VAXCYTE INC,A
2021-12-13,2021-12-17,C,30000,0,0.5,0,2.32202,143105559,,0,VAXCYTE INC,A
2021-12-13,2021-12-17,C,35000,0,1.65,0,4.210783,143105560,,0,VAXCYTE INC,A
2021-12-13,2021-12-17,P,12500,0,1.65,0,5.451963,143105561,,0,VAXCYTE INC,A
2021-12-13,2021-12-17,P,15000,0,1.65,0,4.070872,143105562,,0,VAXCYTE INC,A
2021-12-13,2021-12-17,P,17500,0,1.2,0,2.490463,143105563,,0,VAXCYTE INC,A
2021-12-13,2021-12-17,P,20000,0,1.2,0,1.425313,143105564,,0,VAXCYTE INC,A
2021-12-13,2021-12-17,P,22500,0.1,2,0,0.499192,143105565,,0,VAXCYTE INC,A
2021-12-13,2021-12-17,P,25000,3.1,4.6,0,1.649802,143105566,,0,VAXCYTE INC,A
2021-12-13,2021-12-17,P,30000,8,8.9,0,1.609301,143105567,,0,VAXCYTE INC,A
2021-12-13,2021-12-17,P,35000,12.5,13.9,0,,143105568,,0,VAXCYTE INC,A
2021-12-14,2021-12-17,C,12500,8.1,11.3,0,5.75183,143105553,,0,VAXCYTE INC,A
2021-12-14,2021-12-17,C,15000,6.1,8.8,0,4.834874,143105554,,0,VAXCYTE INC,A
2021-12-14,2021-12-17,C,17500,2.75,6.3,0,2.587021,143105555,,0,VAXCYTE INC,A
2021-12-14,2021-12-17,C,20000,1.25,3.9,0,2.240806,143105556,,0,VAXCYTE INC,A
2021-12-14,2021-12-17,C,22500,0,1.6,0,1.522683,143105557,,0,VAXCYTE INC,A
2021-12-14,2021-12-17,C,25000,0,0.1,0,1.020804,143105558,,0,VAXCYTE INC,A
2021-12-14,2021-12-17,C,30000,0,0.5,0,2.690267,143105559,,0,VAXCYTE INC,A
2021-12-14,2021-12-17,C,35000,0,1.65,0,4.873034,143105560,,0,VAXCYTE INC,A
2021-12-14,2021-12-17,P,12500,0,1.65,0,6.286365,143105561,,0,VAXCYTE INC,A
2021-12-14,2021-12-17,P,15000,0,1.65,0,4.6908,143105562,,0,VAXCYTE INC,A
2021-12-14,2021-12-17,P,17500,0,1.4,0,3.059612,143105563,,0,VAXCYTE INC,A
2021-12-14,2021-12-17,P,20000,0,0.6,0,1.152882,143105564,,0,VAXCYTE INC,A
2021-12-14,2021-12-17,P,22500,0.9,2.45,0,1.43788,143105565,,0,VAXCYTE INC,A
2021-12-14,2021-12-17,P,25000,2.25,4.2,0,,143105566,,0,VAXCYTE INC,A
2021-12-14,2021-12-17,P,30000,8,9.7,0,3.082723,143105567,,0,VAXCYTE INC,A
2021-12-14,2021-12-17,P,35000,13,13.9,0,2.142646,143105568,,0,VAXCYTE INC,A
2021-12-15,2021-12-17,C,12500,9,12,0,7.216834,143105553,,0,VAXCYTE INC,A
2021-12-15,2021-12-17,C,15000,6.8,9.5,0,5.877444,143105554,,0,VAXCYTE INC,A
2021-12-15,2021-12-17,C,17500,3.5,7,0,3.198861,143105555,,0,VAXCYTE INC,A
2021-12-15,2021-12-17,C,20000,0.85,4.5,0,1.737905,143105556,,0,VAXCYTE INC,A
2021-12-15,2021-12-17,C,22500,0.05,2.1,0,1.704115,143105557,,0,VAXCYTE INC,A
2021-12-15,2021-12-17,C,25000,0,0.05,5,0.856905,143105558,,0,VAXCYTE INC,A
2021-12-15,2021-12-17,C,30000,0,0.5,0,2.995636,143105559,,0,VAXCYTE INC,A
2021-12-15,2021-12-17,C,35000,0,1.65,0,5.609852,143105560,,0,VAXCYTE INC,A
2021-12-15,2021-12-17,P,12500,0,1.65,0,7.992569,143105561,,0,VAXCYTE INC,A
2021-12-15,2021-12-17,P,15000,0,1.65,0,6.064216,143105562,,0,VAXCYTE INC,A
2021-12-15,2021-12-17,P,17500,0,1.6,0,4.3313,143105563,,0,VAXCYTE INC,A
2021-12-15,2021-12-17,P,20000,0,0.5,0,1.655272,143105564,,0,VAXCYTE INC,A
2021-12-15,2021-12-17,P,22500,0.25,1.7,0,1.387468,143105565,,0,VAXCYTE INC,A
2021-12-15,2021-12-17,P,25000,2.3,4.1,0,2.234892,143105566,,0,VAXCYTE INC,A
2021-12-15,2021-12-17,P,30000,6.4,8.4,0,,143105567,,0,VAXCYTE INC,A
2021-12-15,2021-12-17,P,35000,12.3,13.9,0,4.801413,143105568,,0,VAXCYTE INC,A
2021-12-16,2021-12-17,C,12500,7.6,11.1,0,,143105553,,0,VAXCYTE INC,A
2021-12-16,2021-12-17,C,15000,5,8.6,0,6.931263,143105554,,0,VAXCYTE INC,A
2021-12-16,2021-12-17,C,17500,2.5,6.1,0,4.685325,143105555,,0,VAXCYTE INC,A
2021-12-16,2021-12-17,C,20000,0.55,3.6,0,3.210819,143105556,,0,VAXCYTE INC,A
2021-12-16,2021-12-17,C,22500,0,1.05,0,2.285262,143105557,,0,VAXCYTE INC,A
2021-12-16,2021-12-17,C,25000,0,0.15,1,2.096286,143105558,,0,VAXCYTE INC,A
2021-12-16,2021-12-17,C,30000,0,0.5,0,4.836733,143105559,,0,VAXCYTE INC,A
2021-12-16,2021-12-17,C,35000,0,1.65,0,8.65338,143105560,,0,VAXCYTE INC,A
2021-12-16,2021-12-17,P,12500,0,1.65,0,,143105561,,0,VAXCYTE INC,A
2021-12-16,2021-12-17,P,15000,0,1.65,0,7.930648,143105562,,0,VAXCYTE INC,A
2021-12-16,2021-12-17,P,17500,0,1.65,0,5.485945,143105563,,0,VAXCYTE INC,A
2021-12-16,2021-12-17,P,20000,0,0.4,0,1.467368,143105564,,0,VAXCYTE INC,A
2021-12-16,2021-12-17,P,22500,0.7,2.25,0,1.407753,143105565,,0,VAXCYTE INC,A
2021-12-16,2021-12-17,P,25000,2.7,4.3,0,,143105566,,0,VAXCYTE INC,A
2021-12-16,2021-12-17,P,30000,8.1,9.2,0,,143105567,,0,VAXCYTE INC,A
2021-12-16,2021-12-17,P,35000,13.1,14.6,0,4.937971,143105568,,0,VAXCYTE INC,A
2021-12-17,2021-12-17,C,12500,8.9,11.7,0,,143105553,,0,VAXCYTE INC,A
2021-12-17,2021-12-17,C,15000,6.3,9.2,0,,143105554,,0,VAXCYTE INC,A
2021-12-17,2021-12-17,C,17500,4,6.7,0,,143105555,,0,VAXCYTE INC,A
2021-12-17,2021-12-17,C,20000,1.4,4.2,0,,143105556,,0,VAXCYTE INC,A
2021-12-17,2021-12-17,C,22500,0,1.7,0,,143105557,,0,VAXCYTE INC,A
2021-12-17,2021-12-17,C,25000,0,0.05,0,,143105558,,0,VAXCYTE INC,A
2021-12-17,2021-12-17,C,30000,0,0.5,0,,143105559,,0,VAXCYTE INC,A
2021-12-17,2021-12-17,C,35000,0,1.65,0,,143105560,,0,VAXCYTE INC,A
2021-12-17,2021-12-17,P,12500,0,1.65,0,,143105561,,0,VAXCYTE INC,A
2021-12-17,2021-12-17,P,15000,0,1.65,0,,143105562,,0,VAXCYTE INC,A
2021-12-17,2021-12-17,P,17500,0,1.65,0,,143105563,,0,VAXCYTE INC,A
2021-12-17,2021-12-17,P,20000,0,1.65,0,,143105564,,0,VAXCYTE INC,A
2021-12-17,2021-12-17,P,22500,0,1.35,0,,143105565,,0,VAXCYTE INC,A
2021-12-17,2021-12-17,P,25000,2.05,3.5,0,,143105566,,0,VAXCYTE INC,A
2021-12-17,2021-12-17,P,30000,7,9.3,0,,143105567,,0,VAXCYTE INC,A
2021-12-17,2021-12-17,P,35000,11.7,13.7,0,,143105568,,0,VAXCYTE INC,A
2022-01-18,2022-01-21,C,10000,7.6,10,0,6.603857,140412960,,0,VAXCYTE INC,A
2022-01-18,2022-01-21,C,12500,4.4,7.5,0,3.605489,140412961,,0,VAXCYTE INC,A
2022-01-18,2022-01-21,C,15000,2.05,5,0,2.418692,140412962,,0,VAXCYTE INC,A
2022-01-18,2022-01-21,C,17500,0.05,2.55,0,1.46796,140412963,,0,VAXCYTE INC,A
2022-01-18,2022-01-21,C,20000,0,0.75,0,1.530432,140412964,,0,VAXCYTE INC,A
2022-01-18,2022-01-21,C,22500,0,1.65,0,3.291707,140412965,,0,VAXCYTE INC,A
2022-01-18,2022-01-21,C,25000,0,1.65,0,4.067662,140412966,,0,VAXCYTE INC,A
2022-01-18,2022-01-21,C,30000,0,0.25,0,3.262914,140412967,,0,VAXCYTE INC,A
2022-01-18,2022-01-21,C,35000,0,1.65,0,6.201932,140412968,,0,VAXCYTE INC,A
2022-01-18,2022-01-21,C,40000,0,1.65,0,6.958103,140412969,,0,VAXCYTE INC,A
2022-01-18,2022-01-21,C,5000,11.5,15,0,8.151851,140412970,,0,VAXCYTE INC,A
2022-01-18,2022-01-21,C,7500,9.5,12.5,0,7.569421,140412971,,0,VAXCYTE INC,A
2022-01-18,2022-01-21,P,10000,0,1.65,0,7.166192,140412972,,0,VAXCYTE INC,A
2022-01-18,2022-01-21,P,12500,0,1.65,0,5.12347,140412973,,0,VAXCYTE INC,A
2022-01-18,2022-01-21,P,15000,0,1.65,0,3.391454,140412974,,0,VAXCYTE INC,A
2022-01-18,2022-01-21,P,17500,0,0.7,0,0.959598,140412975,,0,VAXCYTE INC,A
2022-01-18,2022-01-21,P,20000,0.35,2.4,0,,140412976,,0,VAXCYTE INC,A
2022-01-18,2022-01-21,P,22500,3.5,5.6,0,1.944896,140412977,,0,VAXCYTE INC,A
2022-01-18,2022-01-21,P,25000,5.8,7.7,0,,140412978,,0,VAXCYTE INC,A
2022-01-18,2022-01-21,P,30000,10.8,12.5,0,,140412979,,0,VAXCYTE INC,A
2022-01-18,2022-01-21,P,35000,16.1,17.5,0,,140412980,,0,VAXCYTE INC,A
2022-01-18,2022-01-21,P,40000,20.2,23.6,0,3.895049,140412981,,0,VAXCYTE INC,A
2022-01-18,2022-01-21,P,5000,0,1.65,0,,140412982,,0,VAXCYTE INC,A
2022-01-18,2022-01-21,P,7500,0,1.65,0,,140412983,,0,VAXCYTE INC,A
2022-01-19,2022-01-21,C,10000,5.9,9.4,0,3.567271,140412960,,0,VAXCYTE INC,A
2022-01-19,2022-01-21,C,12500,3.4,6.9,0,2.28909,140412961,,0,VAXCYTE INC,A
2022-01-19,2022-01-21,C,15000,0.95,4.4,0,1.410814,140412962,,0,VAXCYTE INC,A
2022-01-19,2022-01-21,C,17500,0,2.15,0,1.945717,140412963,,0,VAXCYTE INC,A
2022-01-19,2022-01-21,C,20000,0,1.65,0,3.182949,140412964,,0,VAXCYTE INC,A
2022-01-19,2022-01-21,C,22500,0,0.1,0,1.922376,140412965,,0,VAXCYTE INC,A
2022-01-19,2022-01-21,C,25000,0,1.65,0,5.282046,140412966,,0,VAXCYTE INC,A
2022-01-19,2022-01-21,C,30000,0,0.25,0,4.190304,140412967,,0,VAXCYTE INC,A
2022-01-19,2022-01-21,C,35000,0,0.1,0,4.387094,140412968,,0,VAXCYTE INC,A
2022-01-19,2022-01-21,C,40000,0,1.65,0,8.783277,140412969,,0,VAXCYTE INC,A
2022-01-19,2022-01-21,C,5000,10.9,14.4,0,7.484058,140412970,,0,VAXCYTE INC,A
2022-01-19,2022-01-21,C,7500,8.4,11.9,0,5.189592,140412971,,0,VAXCYTE INC,A
2022-01-19,2022-01-21,P,10000,0,1.65,0,8.551217,140412972,,0,VAXCYTE INC,A
2022-01-19,2022-01-21,P,12500,0,1.65,0,6.024207,140412973,,0,VAXCYTE INC,A
2022-01-19,2022-01-21,P,15000,0,1.65,0,3.861983,140412974,,0,VAXCYTE INC,A
2022-01-19,2022-01-21,P,17500,0,2.05,0,2.101429,140412975,,0,VAXCYTE INC,A
2022-01-19,2022-01-21,P,20000,0.75,4.1,0,1.184543,140412976,,0,VAXCYTE INC,A
2022-01-19,2022-01-21,P,22500,3.2,6.6,0,1.756647,140412977,,0,VAXCYTE INC,A
2022-01-19,2022-01-21,P,25000,5.7,9.1,0,2.352257,140412978,,0,VAXCYTE INC,A
2022-01-19,2022-01-21,P,30000,10.8,14,0,3.320858,140412979,,0,VAXCYTE INC,A
2022-01-19,2022-01-21,P,35000,15.7,19.1,0,4.09707,140412980,,0,VAXCYTE INC,A
2022-01-19,2022-01-21,P,40000,20.7,24.1,0,4.745738,140412981,,0,VAXCYTE INC,A
2022-01-19,2022-01-21,P,5000,0,1.65,0,,140412982,,0,VAXCYTE INC,A
2022-01-19,2022-01-21,P,7500,0,1.65,0,,140412983,,0,VAXCYTE INC,A
2022-01-20,2022-01-21,C,10000,6.1,9.5,0,5.678529,140412960,,0,VAXCYTE INC,A
2022-01-20,2022-01-21,C,12500,4.1,7,0,5.894061,140412961,,0,VAXCYTE INC,A
2022-01-20,2022-01-21,C,15000,1.8,4.5,0,3.939082,140412962,,0,VAXCYTE INC,A
2022-01-20,2022-01-21,C,17500,0.1,2,0,2.48452,140412963,,0,VAXCYTE INC,A
2022-01-20,2022-01-21,C,20000,0,1.65,0,4.371215,140412964,,0,VAXCYTE INC,A
2022-01-20,2022-01-21,C,22500,0,1.65,0,6.03832,140412965,,0,VAXCYTE INC,A
2022-01-20,2022-01-21,C,25000,0,1.65,0,7.361071,140412966,,0,VAXCYTE INC,A
2022-01-20,2022-01-21,C,30000,0,0.1,0,4.991858,140412967,,0,VAXCYTE INC,A
2022-01-20,2022-01-21,C,35000,0,0.1,0,6.144093,140412968,,0,VAXCYTE INC,A
2022-01-20,2022-01-21,C,40000,0,1.65,0,,140412969,,0,VAXCYTE INC,A
2022-01-20,2022-01-21,C,5000,12.1,14.5,0,,140412970,,0,VAXCYTE INC,A
2022-01-20,2022-01-21,C,7500,8.8,12,0,,140412971,,0,VAXCYTE INC,A
2022-01-20,2022-01-21,P,10000,0,1.65,0,,140412972,,0,VAXCYTE INC,A
2022-01-20,2022-01-21,P,12500,0,1.65,0,8.6113,140412973,,0,VAXCYTE INC,A
2022-01-20,2022-01-21,P,15000,0,1.65,0,5.569122,140412974,,0,VAXCYTE INC,A
2022-01-20,2022-01-21,P,17500,0,1,0,1.688656,140412975,,0,VAXCYTE INC,A
2022-01-20,2022-01-21,P,20000,1.45,4,0,3.336384,140412976,,0,VAXCYTE INC,A
2022-01-20,2022-01-21,P,22500,3.4,6.1,0,2.046321,140412977,,0,VAXCYTE INC,A
2022-01-20,2022-01-21,P,25000,6.2,8.4,0,3.666668,140412978,,0,VAXCYTE INC,A
2022-01-20,2022-01-21,P,30000,10.9,13.5,0,,140412979,,0,VAXCYTE INC,A
2022-01-20,2022-01-21,P,35000,16.4,18.2,0,6.318746,140412980,,0,VAXCYTE INC,A
2022-01-20,2022-01-21,P,40000,20.5,24,0,5.867262,140412981,,0,VAXCYTE INC,A
2022-01-20,2022-01-21,P,5000,0,1.65,0,,140412982,,0,VAXCYTE INC,A
2022-01-20,2022-01-21,P,7500,0,1.65,0,,140412983,,0,VAXCYTE INC,A
2022-01-21,2022-01-21,C,10000,6.2,9.6,0,,140412960,,0,VAXCYTE INC,A
2022-01-21,2022-01-21,C,12500,3.2,7.1,0,,140412961,,0,VAXCYTE INC,A
2022-01-21,2022-01-21,C,15000,0.7,4.6,0,,140412962,,0,VAXCYTE INC,A
2022-01-21,2022-01-21,C,17500,0,2.05,0,,140412963,,0,VAXCYTE INC,A
2022-01-21,2022-01-21,C,20000,0,0.1,0,,140412964,,0,VAXCYTE INC,A
2022-01-21,2022-01-21,C,22500,0,2.05,0,,140412965,,0,VAXCYTE INC,A
2022-01-21,2022-01-21,C,25000,0,2.05,0,,140412966,,0,VAXCYTE INC,A
2022-01-21,2022-01-21,C,30000,0,2.05,0,,140412967,,0,VAXCYTE INC,A
2022-01-21,2022-01-21,C,35000,0,0.1,0,,140412968,,0,VAXCYTE INC,A
2022-01-21,2022-01-21,C,40000,0,2.05,0,,140412969,,0,VAXCYTE INC,A
2022-01-21,2022-01-21,C,5000,10.7,14.6,0,,140412970,,0,VAXCYTE INC,A
2022-01-21,2022-01-21,C,7500,8.8,12.1,0,,140412971,,0,VAXCYTE INC,A
2022-01-21,2022-01-21,P,10000,0,2.05,0,,140412972,,0,VAXCYTE INC,A
2022-01-21,2022-01-21,P,12500,0,2.05,0,,140412973,,0,VAXCYTE INC,A
2022-01-21,2022-01-21,P,15000,0,2.05,0,,140412974,,0,VAXCYTE INC,A
2022-01-21,2022-01-21,P,17500,0,1.85,1,,140412975,,0,VAXCYTE INC,A
2022-01-21,2022-01-21,P,20000,0.95,3.3,0,,140412976,,0,VAXCYTE INC,A
2022-01-21,2022-01-21,P,22500,3.3,6.2,0,,140412977,,0,VAXCYTE INC,A
2022-01-21,2022-01-21,P,25000,6.3,8.7,0,,140412978,,0,VAXCYTE INC,A
2022-01-21,2022-01-21,P,30000,11,13.6,0,,140412979,,0,VAXCYTE INC,A
2022-01-21,2022-01-21,P,35000,15.9,18.7,0,,140412980,,0,VAXCYTE INC,A
2022-01-21,2022-01-21,P,40000,20.3,24.5,0,,140412981,,0,VAXCYTE INC,A
2022-01-21,2022-01-21,P,5000,0,2.05,1,,140412982,,0,VAXCYTE INC,A
2022-01-21,2022-01-21,P,7500,0,2.05,0,,140412983,,0,VAXCYTE INC,A
2022-02-14,2022-02-18,C,12500,5.8,9.2,0,2.984268,144236799,,0,VAXCYTE INC,A
2022-02-14,2022-02-18,C,15000,3.3,6.7,0,1.994302,144236800,,0,VAXCYTE INC,A
2022-02-14,2022-02-18,C,17500,0.95,4.3,0,1.361635,144236801,,0,VAXCYTE INC,A
2022-02-14,2022-02-18,C,20000,0,2.2,0,1.4109,144236802,,0,VAXCYTE INC,A
2022-02-14,2022-02-18,C,22500,0,1.25,0,1.83224,144236803,,0,VAXCYTE INC,A
2022-02-14,2022-02-18,C,25000,0,0.15,0,1.378886,144236804,,0,VAXCYTE INC,A
2022-02-14,2022-02-18,C,30000,0,1.65,0,3.939199,144236805,,0,VAXCYTE INC,A
2022-02-14,2022-02-18,P,12500,0,1.65,0,4.975327,144236806,,0,VAXCYTE INC,A
2022-02-14,2022-02-18,P,15000,0,1.65,0,3.54608,144236807,,0,VAXCYTE INC,A
2022-02-14,2022-02-18,P,17500,0,1.75,0,2.333639,144236808,,0,VAXCYTE INC,A
2022-02-14,2022-02-18,P,20000,0,2.45,0,1.381863,144236809,,0,VAXCYTE INC,A
2022-02-14,2022-02-18,P,22500,1.6,4.3,0,1.339715,144236810,,0,VAXCYTE INC,A
2022-02-14,2022-02-18,P,25000,4,6.7,0,1.747452,144236811,,0,VAXCYTE INC,A
2022-02-14,2022-02-18,P,30000,9,11.7,0,2.646947,144236812,,0,VAXCYTE INC,A
2022-02-15,2022-02-18,C,12500,7,10.2,0,4.696072,144236799,,0,VAXCYTE INC,A
2022-02-15,2022-02-18,C,15000,4.5,7.7,0,3.341143,144236800,,0,VAXCYTE INC,A
2022-02-15,2022-02-18,C,17500,2.35,5.2,0,2.488167,144236801,,0,VAXCYTE INC,A
2022-02-15,2022-02-18,C,20000,0.6,2.8,1,1.787202,144236802,,0,VAXCYTE INC,A
2022-02-15,2022-02-18,C,22500,0,1.45,0,1.85508,144236803,,0,VAXCYTE INC,A
2022-02-15,2022-02-18,C,25000,0,0.15,0,1.351194,144236804,,0,VAXCYTE INC,A
2022-02-15,2022-02-18,C,30000,0,1.65,0,4.204361,144236805,,0,VAXCYTE INC,A
2022-02-15,2022-02-18,P,12500,0,1.65,0,6.0259,144236806,,0,VAXCYTE INC,A
2022-02-15,2022-02-18,P,15000,0,1.65,0,4.405316,144236807,,0,VAXCYTE INC,A
2022-02-15,2022-02-18,P,17500,0,1.6,0,2.925163,144236808,,0,VAXCYTE INC,A
2022-02-15,2022-02-18,P,20000,0,1.9,0,1.732354,144236809,,0,VAXCYTE INC,A
2022-02-15,2022-02-18,P,22500,0.65,2.8,0,,144236810,,0,VAXCYTE INC,A
2022-02-15,2022-02-18,P,25000,3.4,5.5,0,1.627839,144236811,,0,VAXCYTE INC,A
2022-02-15,2022-02-18,P,30000,8.4,10.5,0,2.659122,144236812,,0,VAXCYTE INC,A
2022-02-16,2022-02-18,C,12500,6.3,10.1,0,4.951041,144236799,,0,VAXCYTE INC,A
2022-02-16,2022-02-18,C,15000,3.8,7.6,0,3.441373,144236800,,0,VAXCYTE INC,A
2022-02-16,2022-02-18,C,17500,1.9,5.1,0,2.872093,144236801,,0,VAXCYTE INC,A
2022-02-16,2022-02-18,C,20000,0.45,2.6,0,2.147636,144236802,,0,VAXCYTE INC,A
2022-02-16,2022-02-18,C,22500,0,1.7,0,2.648428,144236803,,0,VAXCYTE INC,A
2022-02-16,2022-02-18,C,25000,0,0.15,0,1.740175,144236804,,0,VAXCYTE INC,A
2022-02-16,2022-02-18,C,30000,0,1.65,0,5.270459,144236805,,0,VAXCYTE INC,A
2022-02-16,2022-02-18,P,12500,0,1.65,0,7.282376,144236806,,0,VAXCYTE INC,A
2022-02-16,2022-02-18,P,15000,0,1.65,0,5.287614,144236807,,0,VAXCYTE INC,A
2022-02-16,2022-02-18,P,17500,0,1.55,0,3.404676,144236808,,0,VAXCYTE INC,A
2022-02-16,2022-02-18,P,20000,0,1.9,0,1.953169,144236809,,0,VAXCYTE INC,A
2022-02-16,2022-02-18,P,22500,1.05,3.7,0,1.667919,144236810,,0,VAXCYTE INC,A
2022-02-16,2022-02-18,P,25000,3.5,6.2,0,2.538267,144236811,,0,VAXCYTE INC,A
2022-02-16,2022-02-18,P,30000,8.6,11.2,0,4.074718,144236812,,0,VAXCYTE INC,A
2022-02-17,2022-02-18,C,12500,6.6,10.2,0,7.370182,144236799,,0,VAXCYTE INC,A
2022-02-17,2022-02-18,C,15000,4.1,7.7,0,5.175921,144236800,,0,VAXCYTE INC,A
2022-02-17,2022-02-18,C,17500,1.6,5.2,0,3.2197,144236801,,0,VAXCYTE INC,A
2022-02-17,2022-02-18,C,20000,0,2.05,0,1.579541,144236802,,0,VAXCYTE INC,A
2022-02-17,2022-02-18,C,22500,0,1.3,0,3.098862,144236803,,0,VAXCYTE INC,A
2022-02-17,2022-02-18,C,25000,0,0.15,0,2.383885,144236804,,0,VAXCYTE INC,A
2022-02-17,2022-02-18,C,30000,0,1.65,0,7.343903,144236805,,0,VAXCYTE INC,A
2022-02-17,2022-02-18,P,12500,0,1.65,0,,144236806,,0,VAXCYTE INC,A
2022-02-17,2022-02-18,P,15000,0,1.65,0,7.575442,144236807,,0,VAXCYTE INC,A
2022-02-17,2022-02-18,P,17500,0.05,1.65,0,5.157763,144236808,,0,VAXCYTE INC,A
2022-02-17,2022-02-18,P,20000,0,1.85,0,2.855663,144236809,,0,VAXCYTE INC,A
2022-02-17,2022-02-18,P,22500,1.35,3,0,2.123402,144236810,,0,VAXCYTE INC,A
2022-02-17,2022-02-18,P,25000,3.4,5.9,0,3.338146,144236811,,0,VAXCYTE INC,A
2022-02-17,2022-02-18,P,30000,8.4,10.9,0,5.25574,144236812,,0,VAXCYTE INC,A
2022-02-18,2022-02-18,C,12500,6.9,10,0,,144236799,,0,VAXCYTE INC,A
2022-02-18,2022-02-18,C,15000,4.4,7.5,0,,144236800,,0,VAXCYTE INC,A
2022-02-18,2022-02-18,C,17500,1.9,5,1,,144236801,,0,VAXCYTE INC,A
2022-02-18,2022-02-18,C,20000,0,2.5,0,,144236802,,0,VAXCYTE INC,A
2022-02-18,2022-02-18,C,22500,0,1.65,0,,144236803,,0,VAXCYTE INC,A
2022-02-18,2022-02-18,C,25000,0,0.05,0,,144236804,,0,VAXCYTE INC,A
2022-02-18,2022-02-18,C,30000,0,1.65,0,,144236805,,0,VAXCYTE INC,A
2022-02-18,2022-02-18,P,12500,0,1.65,0,,144236806,,0,VAXCYTE INC,A
2022-02-18,2022-02-18,P,15000,0,1.65,0,,144236807,,0,VAXCYTE INC,A
2022-02-18,2022-02-18,P,17500,0,1.65,0,,144236808,,0,VAXCYTE INC,A
2022-02-18,2022-02-18,P,20000,0,1.5,0,,144236809,,0,VAXCYTE INC,A
2022-02-18,2022-02-18,P,22500,0.6,3,0,,144236810,,0,VAXCYTE INC,A
2022-02-18,2022-02-18,P,25000,3.1,5.6,0,,144236811,,0,VAXCYTE INC,A
2022-02-18,2022-02-18,P,30000,8,10.6,0,,144236812,,0,VAXCYTE INC,A
2022-03-14,2022-03-18,C,10000,12.7,16.4,0,6.567756,144840070,,0,VAXCYTE INC,A
2022-03-14,2022-03-18,C,12500,10.2,13.9,0,5.128258,144840071,,0,VAXCYTE INC,A
2022-03-14,2022-03-18,C,15000,7.7,11.4,0,3.953266,144840072,,0,VAXCYTE INC,A
2022-03-14,2022-03-18,C,17500,5.2,8.9,0,2.940921,144840073,,0,VAXCYTE INC,A
2022-03-14,2022-03-18,C,20000,2.75,6.4,0,2.063719,144840074,,0,VAXCYTE INC,A
2022-03-14,2022-03-18,C,22500,0.5,3.9,0,1.307513,144840075,,0,VAXCYTE INC,A
2022-03-14,2022-03-18,C,25000,0,2.6,0,1.690158,144840076,,0,VAXCYTE INC,A
2022-03-14,2022-03-18,C,30000,0,0.2,0,1.360475,144840077,,0,VAXCYTE INC,A
2022-03-14,2022-03-18,C,35000,0,2.15,0,3.820234,144840078,,0,VAXCYTE INC,A
2022-03-14,2022-03-18,C,5000,17.7,21.4,0,,144840079,,0,VAXCYTE INC,A
2022-03-14,2022-03-18,C,7500,15.2,18.9,0,8.463384,144840080,,0,VAXCYTE INC,A
2022-03-14,2022-03-18,P,10000,0,2.15,0,8.407614,144840081,,0,VAXCYTE INC,A
2022-03-14,2022-03-18,P,12500,0,2.15,0,6.631206,144840082,,0,VAXCYTE INC,A
2022-03-14,2022-03-18,P,15000,0,2.15,0,5.197173,144840083,,0,VAXCYTE INC,A
2022-03-14,2022-03-18,P,17500,0,2.15,0,3.971169,144840084,,0,VAXCYTE INC,A
2022-03-14,2022-03-18,P,20000,0,2.2,0,2.899737,144840085,,0,VAXCYTE INC,A
2022-03-14,2022-03-18,P,22500,0.1,2.35,0,1.963144,144840086,,0,VAXCYTE INC,A
2022-03-14,2022-03-18,P,25000,0.1,3.2,0,,144840087,,0,VAXCYTE INC,A
2022-03-14,2022-03-18,P,30000,4.2,7.4,0,,144840088,,0,VAXCYTE INC,A
2022-03-14,2022-03-18,P,35000,9.2,12.3,0,,144840089,,0,VAXCYTE INC,A
2022-03-14,2022-03-18,P,5000,0,2.15,0,,144840090,,0,VAXCYTE INC,A
2022-03-14,2022-03-18,P,7500,0,2.15,0,,144840091,,0,VAXCYTE INC,A
2022-03-15,2022-03-18,C,10000,12.7,17.4,0,5.985112,144840070,,0,VAXCYTE INC,A
2022-03-15,2022-03-18,C,12500,10.2,14.9,0,4.666109,144840071,,0,VAXCYTE INC,A
2022-03-15,2022-03-18,C,15000,7.7,12.4,0,3.585503,144840072,,0,VAXCYTE INC,A
2022-03-15,2022-03-18,C,17500,5.2,9.9,0,2.656523,144840073,,0,VAXCYTE INC,A
2022-03-15,2022-03-18,C,20000,2.7,7.4,0,1.823299,144840074,,0,VAXCYTE INC,A
2022-03-15,2022-03-18,C,22500,0.3,4.7,0,0.922346,144840075,,0,VAXCYTE INC,A
2022-03-15,2022-03-18,C,25000,0,2.7,0,1.557286,144840076,,0,VAXCYTE INC,A
2022-03-15,2022-03-18,C,30000,0,0.2,0,1.374417,144840077,,0,VAXCYTE INC,A
2022-03-15,2022-03-18,C,35000,0,2.15,0,4.126601,144840078,,0,VAXCYTE INC,A
2022-03-15,2022-03-18,C,5000,17.7,22.4,0,,144840079,,0,VAXCYTE INC,A
2022-03-15,2022-03-18,C,7500,15.2,19.9,0,7.70434,144840080,,0,VAXCYTE INC,A
2022-03-15,2022-03-18,P,10000,0,2.15,0,,144840081,,0,VAXCYTE INC,A
2022-03-15,2022-03-18,P,12500,0,2.15,0,7.867589,144840082,,0,VAXCYTE INC,A
2022-03-15,2022-03-18,P,15000,0,2.15,0,6.227268,144840083,,0,VAXCYTE INC,A
2022-03-15,2022-03-18,P,17500,0,2.15,0,4.83072,144840084,,0,VAXCYTE INC,A
2022-03-15,2022-03-18,P,20000,0,2.2,0,3.62251,144840085,,0,VAXCYTE INC,A
2022-03-15,2022-03-18,P,22500,0.1,2.35,0,2.596673,144840086,,0,VAXCYTE INC,A
2022-03-15,2022-03-18,P,25000,0.1,3.1,0,,144840087,,0,VAXCYTE INC,A
2022-03-15,2022-03-18,P,30000,3.5,7.3,0,1.821867,144840088,,0,VAXCYTE INC,A
2022-03-15,2022-03-18,P,35000,8.5,12.3,0,2.756324,144840089,,0,VAXCYTE INC,A
2022-03-15,2022-03-18,P,5000,0,2.15,0,,144840090,,0,VAXCYTE INC,A
2022-03-15,2022-03-18,P,7500,0,2.15,0,,144840091,,0,VAXCYTE INC,A
2022-03-16,2022-03-18,C,10000,13.9,18.5,0,,144840070,,0,VAXCYTE INC,A
2022-03-16,2022-03-18,C,12500,11.4,16,0,,144840071,,0,VAXCYTE INC,A
2022-03-16,2022-03-18,C,15000,8.9,13.5,0,,144840072,,0,VAXCYTE INC,A
2022-03-16,2022-03-18,C,17500,6.4,11,0,,144840073,,0,VAXCYTE INC,A
2022-03-16,2022-03-18,C,20000,3.9,8.5,0,,144840074,,0,VAXCYTE INC,A
2022-03-16,2022-03-18,C,22500,1.5,6,0,,144840075,,0,VAXCYTE INC,A
2022-03-16,2022-03-18,C,25000,0,3.8,0,,144840076,,0,VAXCYTE INC,A
2022-03-16,2022-03-18,C,30000,0,0.2,0,1.291708,144840077,,0,VAXCYTE INC,A
2022-03-16,2022-03-18,C,35000,0,2.2,0,4.537655,144840078,,0,VAXCYTE INC,A
2022-03-16,2022-03-18,C,5000,18.9,23.5,0,,144840079,,0,VAXCYTE INC,A
2022-03-16,2022-03-18,C,7500,16.4,21,0,,144840080,,0,VAXCYTE INC,A
2022-03-16,2022-03-18,P,10000,0,2.2,0,,144840081,,0,VAXCYTE INC,A
2022-03-16,2022-03-18,P,12500,0,2.2,0,,144840082,,0,VAXCYTE INC,A
2022-03-16,2022-03-18,P,15000,0,2.2,0,8.122993,144840083,,0,VAXCYTE INC,A
2022-03-16,2022-03-18,P,17500,0,2.2,0,6.434963,144840084,,0,VAXCYTE INC,A
2022-03-16,2022-03-18,P,20000,0,2.2,0,4.942766,144840085,,0,VAXCYTE INC,A
2022-03-16,2022-03-18,P,22500,0.05,0.1,0,1.399167,144840086,,0,VAXCYTE INC,A
2022-03-16,2022-03-18,P,25000,0,2.45,0,2.361738,144840087,,0,VAXCYTE INC,A
2022-03-16,2022-03-18,P,30000,3,6.1,0,2.646,144840088,,0,VAXCYTE INC,A
2022-03-16,2022-03-18,P,35000,8,11.1,0,4.044797,144840089,,0,VAXCYTE INC,A
2022-03-16,2022-03-18,P,5000,0,2.2,0,,144840090,,0,VAXCYTE INC,A
2022-03-16,2022-03-18,P,7500,0,2.2,0,,144840091,,0,VAXCYTE INC,A
2022-03-17,2022-03-18,C,10000,14,18.9,0,,144840070,,0,VAXCYTE INC,A
2022-03-17,2022-03-18,C,12500,11.5,16.4,0,7.693906,144840071,,0,VAXCYTE INC,A
2022-03-17,2022-03-18,C,15000,9,13.9,0,6.005584,144840072,,0,VAXCYTE INC,A
2022-03-17,2022-03-18,C,17500,6.5,11.4,0,4.562034,144840073,,0,VAXCYTE INC,A
2022-03-17,2022-03-18,C,20000,4,8.9,0,3.281358,144840074,,0,VAXCYTE INC,A
2022-03-17,2022-03-18,C,22500,1.6,6.5,0,2.559845,144840075,,0,VAXCYTE INC,A
2022-03-17,2022-03-18,C,25000,0,3.6,0,,144840076,,0,VAXCYTE INC,A
2022-03-17,2022-03-18,C,30000,0,0.2,0,1.786619,144840077,,0,VAXCYTE INC,A
2022-03-17,2022-03-18,C,35000,0,0.5,0,3.972746,144840078,,0,VAXCYTE INC,A
2022-03-17,2022-03-18,C,5000,19,23.9,0,,144840079,,0,VAXCYTE INC,A
2022-03-17,2022-03-18,C,7500,16.5,21.4,0,,144840080,,0,VAXCYTE INC,A
2022-03-17,2022-03-18,P,10000,0,0.5,0,,144840081,,0,VAXCYTE INC,A
2022-03-17,2022-03-18,P,12500,0,0.5,0,,144840082,,0,VAXCYTE INC,A
2022-03-17,2022-03-18,P,15000,0,0.5,0,7.426755,144840083,,0,VAXCYTE INC,A
2022-03-17,2022-03-18,P,17500,0,0.5,0,5.715591,144840084,,0,VAXCYTE INC,A
2022-03-17,2022-03-18,P,20000,0,0.5,0,4.194843,144840085,,0,VAXCYTE INC,A
2022-03-17,2022-03-18,P,22500,0.05,0.45,10,2.78555,144840086,,0,VAXCYTE INC,A
2022-03-17,2022-03-18,P,25000,0,2.35,0,3.31076,144840087,,0,VAXCYTE INC,A
2022-03-17,2022-03-18,P,30000,1.85,6,0,2.421798,144840088,,0,VAXCYTE INC,A
2022-03-17,2022-03-18,P,35000,6.5,11,0,3.300316,144840089,,0,VAXCYTE INC,A
2022-03-17,2022-03-18,P,5000,0,0.5,0,,144840090,,0,VAXCYTE INC,A
2022-03-17,2022-03-18,P,7500,0,0.5,0,,144840091,,0,VAXCYTE INC,A
2022-03-18,2022-03-18,C,10000,14.2,18.5,0,,144840070,,0,VAXCYTE INC,A
2022-03-18,2022-03-18,C,12500,11.7,16,0,,144840071,,0,VAXCYTE INC,A
2022-03-18,2022-03-18,C,15000,9.2,13.5,0,,144840072,,0,VAXCYTE INC,A
2022-03-18,2022-03-18,C,17500,6.7,11,0,,144840073,,0,VAXCYTE INC,A
2022-03-18,2022-03-18,C,20000,4.2,8.5,0,,144840074,,0,VAXCYTE INC,A
2022-03-18,2022-03-18,C,22500,1.75,6,0,,144840075,,0,VAXCYTE INC,A
2022-03-18,2022-03-18,C,25000,0,3.5,0,,144840076,,0,VAXCYTE INC,A
2022-03-18,2022-03-18,C,30000,0,0.1,0,,144840077,,0,VAXCYTE INC,A
2022-03-18,2022-03-18,C,35000,0,1.8,0,,144840078,,0,VAXCYTE INC,A
2022-03-18,2022-03-18,C,5000,19.2,23.5,0,,144840079,,0,VAXCYTE INC,A
2022-03-18,2022-03-18,C,7500,16.7,21,0,,144840080,,0,VAXCYTE INC,A
2022-03-18,2022-03-18,P,10000,0,1.8,0,,144840081,,0,VAXCYTE INC,A
2022-03-18,2022-03-18,P,12500,0,1.8,0,,144840082,,0,VAXCYTE INC,A
2022-03-18,2022-03-18,P,15000,0,1.8,0,,144840083,,0,VAXCYTE INC,A
2022-03-18,2022-03-18,P,17500,0,1.8,0,,144840084,,0,VAXCYTE INC,A
2022-03-18,2022-03-18,P,20000,0,1.8,0,,144840085,,0,VAXCYTE INC,A
2022-03-18,2022-03-18,P,22500,0,1.8,0,,144840086,,0,VAXCYTE INC,A
2022-03-18,2022-03-18,P,25000,0,1.8,0,,144840087,,0,VAXCYTE INC,A
2022-03-18,2022-03-18,P,30000,2.3,5.8,0,,144840088,,0,VAXCYTE INC,A
2022-03-18,2022-03-18,P,35000,7.3,10.8,0,,144840089,,0,VAXCYTE INC,A
2022-03-18,2022-03-18,P,5000,0,1.8,0,,144840090,,0,VAXCYTE INC,A
2022-03-18,2022-03-18,P,7500,0,1.8,0,,144840091,,0,VAXCYTE INC,A
2022-04-11,2022-04-14,C,12500,11.5,14.8,0,7.250507,141980223,,0,VAXCYTE INC,A
2022-04-11,2022-04-14,C,15000,8.7,12.3,0,5.338898,141980224,,0,VAXCYTE INC,A
2022-04-11,2022-04-14,C,17500,5.9,9.8,0,3.753465,141980225,,0,VAXCYTE INC,A
2022-04-11,2022-04-14,C,20000,2.9,7.3,0,2.180504,141980226,,0,VAXCYTE INC,A
2022-04-11,2022-04-14,C,22500,1.3,4.8,0,1.944047,141980227,,0,VAXCYTE INC,A
2022-04-11,2022-04-14,C,25000,0.1,2.95,0,1.809418,141980228,,0,VAXCYTE INC,A
2022-04-11,2022-04-14,C,30000,0,0.25,0,1.472289,141980229,,0,VAXCYTE INC,A
2022-04-11,2022-04-14,C,35000,0,2.35,0,4.303641,141980230,,0,VAXCYTE INC,A
2022-04-11,2022-04-14,C,40000,0,1,0,4.014206,141980231,,0,VAXCYTE INC,A
2022-04-11,2022-04-14,P,12500,0,2.35,0,8.105381,141980232,,0,VAXCYTE INC,A
2022-04-11,2022-04-14,P,15000,0,2.35,0,6.42016,141980233,,0,VAXCYTE INC,A
2022-04-11,2022-04-14,P,17500,0,2.35,0,4.987164,141980234,,0,VAXCYTE INC,A
2022-04-11,2022-04-14,P,20000,0,2.35,0,3.707038,141980235,,0,VAXCYTE INC,A
2022-04-11,2022-04-14,P,22500,0,2.45,0,2.558748,141980236,,0,VAXCYTE INC,A
2022-04-11,2022-04-14,P,25000,0.2,2.75,0,1.520359,141980237,,0,VAXCYTE INC,A
2022-04-11,2022-04-14,P,30000,3.1,6.2,0,,141980238,,0,VAXCYTE INC,A
2022-04-11,2022-04-14,P,35000,8.1,11.7,0,,141980239,,0,VAXCYTE INC,A
2022-04-11,2022-04-14,P,40000,13.1,16.6,0,,141980240,,0,VAXCYTE INC,A
2022-04-12,2022-04-14,C,12500,11.1,14.8,0,7.549005,141980223,,0,VAXCYTE INC,A
2022-04-12,2022-04-14,C,15000,9.3,12.3,0,7.010405,141980224,,0,VAXCYTE INC,A
2022-04-12,2022-04-14,C,17500,6.7,9.8,0,5.280112,141980225,,0,VAXCYTE INC,A
2022-04-12,2022-04-14,C,20000,3.6,7.3,0,3.205426,141980226,,0,VAXCYTE INC,A
2022-04-12,2022-04-14,C,22500,1.5,4.8,0,2.348663,141980227,,0,VAXCYTE INC,A
2022-04-12,2022-04-14,C,25000,0,2.85,0,1.967032,141980228,,0,VAXCYTE INC,A
2022-04-12,2022-04-14,C,30000,0,0.2,0,1.666105,141980229,,0,VAXCYTE INC,A
2022-04-12,2022-04-14,C,35000,0,2.35,0,5.203095,141980230,,0,VAXCYTE INC,A
2022-04-12,2022-04-14,C,40000,0,1,0,4.863191,141980231,,0,VAXCYTE INC,A
2022-04-12,2022-04-14,P,12500,0,2.35,0,,141980232,,0,VAXCYTE INC,A
2022-04-12,2022-04-14,P,15000,0,2.35,0,7.915542,141980233,,0,VAXCYTE INC,A
2022-04-12,2022-04-14,P,17500,0,2.35,0,6.164793,141980234,,0,VAXCYTE INC,A
2022-04-12,2022-04-14,P,20000,0,2.35,0,4.60315,141980235,,0,VAXCYTE INC,A
2022-04-12,2022-04-14,P,22500,0,2.15,0,2.968796,141980236,,0,VAXCYTE INC,A
2022-04-12,2022-04-14,P,25000,0.25,1.4,0,1.084973,141980237,,0,VAXCYTE INC,A
2022-04-12,2022-04-14,P,30000,2.95,6.4,0,,141980238,,0,VAXCYTE INC,A
2022-04-12,2022-04-14,P,35000,8,11.5,0,,141980239,,0,VAXCYTE INC,A
2022-04-12,2022-04-14,P,40000,13.1,16.2,0,,141980240,,0,VAXCYTE INC,A
2022-04-13,2022-04-14,C,12500,11.4,15.5,0,,141980223,,0,VAXCYTE INC,A
2022-04-13,2022-04-14,C,15000,9.2,12.9,0,,141980224,,0,VAXCYTE INC,A
2022-04-13,2022-04-14,C,17500,6.7,10.4,0,7.025686,141980225,,0,VAXCYTE INC,A
2022-04-13,2022-04-14,C,20000,4,7.9,0,4.831689,141980226,,0,VAXCYTE INC,A
2022-04-13,2022-04-14,C,22500,1.25,5.4,0,2.79866,141980227,,0,VAXCYTE INC,A
2022-04-13,2022-04-14,C,25000,0.2,3.1,0,2.707822,141980228,,0,VAXCYTE INC,A
2022-04-13,2022-04-14,C,30000,0,0.2,0,2.161591,141980229,,0,VAXCYTE INC,A
2022-04-13,2022-04-14,C,35000,0,2.35,0,7.073209,141980230,,0,VAXCYTE INC,A
2022-04-13,2022-04-14,C,40000,0,1,0,6.654217,141980231,,0,VAXCYTE INC,A
2022-04-13,2022-04-14,P,12500,0,2.35,0,,141980232,,0,VAXCYTE INC,A
2022-04-13,2022-04-14,P,15000,0,2.35,0,,141980233,,0,VAXCYTE INC,A
2022-04-13,2022-04-14,P,17500,0,2.35,0,8.954408,141980234,,0,VAXCYTE INC,A
2022-04-13,2022-04-14,P,20000,0,2.35,0,6.770435,141980235,,0,VAXCYTE INC,A
2022-04-13,2022-04-14,P,22500,0,2.3,0,4.668577,141980236,,0,VAXCYTE INC,A
2022-04-13,2022-04-14,P,25000,0.2,1.9,0,2.382103,141980237,,0,VAXCYTE INC,A
2022-04-13,2022-04-14,P,30000,2.3,6.5,0,,141980238,,0,VAXCYTE INC,A
2022-04-13,2022-04-14,P,35000,7.3,11.7,0,,141980239,,0,VAXCYTE INC,A
2022-04-13,2022-04-14,P,40000,12.6,16.3,0,,141980240,,0,VAXCYTE INC,A
2022-04-14,2022-04-14,C,12500,11.4,14.4,0,,141980223,,0,VAXCYTE INC,A
2022-04-14,2022-04-14,C,15000,8.4,11.9,0,,141980224,,0,VAXCYTE INC,A
2022-04-14,2022-04-14,C,17500,6.3,9.4,0,,141980225,,0,VAXCYTE INC,A
2022-04-14,2022-04-14,C,20000,2.95,6.9,0,,141980226,,0,VAXCYTE INC,A
2022-04-14,2022-04-14,C,22500,0.8,4.4,0,,141980227,,0,VAXCYTE INC,A
2022-04-14,2022-04-14,C,25000,0,2.4,0,,141980228,,0,VAXCYTE INC,A
2022-04-14,2022-04-14,C,30000,0,0.05,0,,141980229,,0,VAXCYTE INC,A
2022-04-14,2022-04-14,C,35000,0,2.35,0,,141980230,,0,VAXCYTE INC,A
2022-04-14,2022-04-14,C,40000,0,1,0,,141980231,,0,VAXCYTE INC,A
2022-04-14,2022-04-14,P,12500,0,2.35,0,,141980232,,0,VAXCYTE INC,A
2022-04-14,2022-04-14,P,15000,0,2.35,0,,141980233,,0,VAXCYTE INC,A
2022-04-14,2022-04-14,P,17500,0,2.35,0,,141980234,,0,VAXCYTE INC,A
2022-04-14,2022-04-14,P,20000,0,2.35,0,,141980235,,0,VAXCYTE INC,A
2022-04-14,2022-04-14,P,22500,0,0.05,0,,141980236,,0,VAXCYTE INC,A
2022-04-14,2022-04-14,P,25000,0,2.25,0,,141980237,,0,VAXCYTE INC,A
2022-04-14,2022-04-14,P,30000,3,6.7,0,,141980238,,0,VAXCYTE INC,A
2022-04-14,2022-04-14,P,35000,8.7,12.8,0,,141980239,,0,VAXCYTE INC,A
2022-04-14,2022-04-14,P,40000,13.1,16.3,0,,141980240,,0,VAXCYTE INC,A
2022-05-16,2022-05-20,C,12500,9.5,14.5,0,,145992559,,0,VAXCYTE INC,A
2022-05-16,2022-05-20,C,15000,7,12,0,,145992560,,0,VAXCYTE INC,A
2022-05-16,2022-05-20,C,17500,4.5,9.5,0,,145992561,,0,VAXCYTE INC,A
2022-05-16,2022-05-20,C,20000,2.5,7,0,1.622316,145992562,,0,VAXCYTE INC,A
2022-05-16,2022-05-20,C,22500,0,4.7,0,,145992563,,0,VAXCYTE INC,A
2022-05-16,2022-05-20,C,25000,0,2.65,0,1.493395,145992564,,0,VAXCYTE INC,A
2022-05-16,2022-05-20,C,30000,0,2.35,0,2.81891,145992565,,0,VAXCYTE INC,A
2022-05-16,2022-05-20,C,35000,0,0.05,0,1.558848,145992566,,0,VAXCYTE INC,A
2022-05-16,2022-05-20,P,12500,0,2.35,0,6.964964,145992567,,0,VAXCYTE INC,A
2022-05-16,2022-05-20,P,15000,0,2.35,0,5.501474,145992568,,0,VAXCYTE INC,A
2022-05-16,2022-05-20,P,17500,0,2.35,0,4.255547,145992569,,0,VAXCYTE INC,A
2022-05-16,2022-05-20,P,20000,0,2.45,0,3.206023,145992570,,0,VAXCYTE INC,A
2022-05-16,2022-05-20,P,22500,0,2.65,0,2.242681,145992571,,0,VAXCYTE INC,A
2022-05-16,2022-05-20,P,25000,0.2,3.8,0,1.705091,145992572,,0,VAXCYTE INC,A
2022-05-16,2022-05-20,P,30000,4.5,8,0,2.369707,145992573,,0,VAXCYTE INC,A
2022-05-16,2022-05-20,P,35000,9.5,13,0,3.299687,145992574,,0,VAXCYTE INC,A
2022-05-17,2022-05-20,C,12500,10.5,15.3,0,4.545839,145992559,,0,VAXCYTE INC,A
2022-05-17,2022-05-20,C,15000,9.4,12.8,0,5.756128,145992560,,0,VAXCYTE INC,A
2022-05-17,2022-05-20,C,17500,6.2,10.3,0,3.688122,145992561,,0,VAXCYTE INC,A
2022-05-17,2022-05-20,C,20000,4.2,7.8,0,3.127792,145992562,,0,VAXCYTE INC,A
2022-05-17,2022-05-20,C,22500,1.45,5.3,5,1.888584,145992563,,0,VAXCYTE INC,A
2022-05-17,2022-05-20,C,25000,0.3,2.95,0,1.635355,145992564,,0,VAXCYTE INC,A
2022-05-17,2022-05-20,C,30000,0,2.25,100,2.912614,145992565,,0,VAXCYTE INC,A
2022-05-17,2022-05-20,C,35000,0,0.05,0,1.668088,145992566,,0,VAXCYTE INC,A
2022-05-17,2022-05-20,P,12500,0,2.35,0,8.224627,145992567,,0,VAXCYTE INC,A
2022-05-17,2022-05-20,P,15000,0,2.35,0,6.547983,145992568,,0,VAXCYTE INC,A
2022-05-17,2022-05-20,P,17500,0,2.35,0,5.125288,145992569,,0,VAXCYTE INC,A
2022-05-17,2022-05-20,P,20000,0,2.35,0,3.859826,145992570,,0,VAXCYTE INC,A
2022-05-17,2022-05-20,P,22500,0,0.6,0,1.408468,145992571,,0,VAXCYTE INC,A
2022-05-17,2022-05-20,P,25000,0.25,2.4,0,1.603803,145992572,,0,VAXCYTE INC,A
2022-05-17,2022-05-20,P,30000,3,7,0,1.677926,145992573,,0,VAXCYTE INC,A
2022-05-17,2022-05-20,P,35000,8,12,0,2.613129,145992574,,0,VAXCYTE INC,A
2022-05-18,2022-05-20,C,12500,10.5,13.8,0,7.771825,145992559,,0,VAXCYTE INC,A
2022-05-18,2022-05-20,C,15000,7.3,11.3,0,4.721595,145992560,,0,VAXCYTE INC,A
2022-05-18,2022-05-20,C,17500,4.6,8.8,0,3.059026,145992561,,0,VAXCYTE INC,A
2022-05-18,2022-05-20,C,20000,3.3,6.3,0,3.446501,145992562,,0,VAXCYTE INC,A
2022-05-18,2022-05-20,C,22500,0.35,3.9,0,1.760747,145992563,,0,VAXCYTE INC,A
2022-05-18,2022-05-20,C,25000,0,1.6,0,1.691987,145992564,,0,VAXCYTE INC,A
2022-05-18,2022-05-20,C,30000,0,2.35,0,4.228867,145992565,,0,VAXCYTE INC,A
2022-05-18,2022-05-20,C,35000,0,0.05,0,2.320021,145992566,,0,VAXCYTE INC,A
2022-05-18,2022-05-20,P,12500,0,2.35,0,,145992567,,0,VAXCYTE INC,A
2022-05-18,2022-05-20,P,15000,0,2.35,0,7.605805,145992568,,0,VAXCYTE INC,A
2022-05-18,2022-05-20,P,17500,0,2.35,0,5.828614,145992569,,0,VAXCYTE INC,A
2022-05-18,2022-05-20,P,20000,0,2.35,0,4.228232,145992570,,0,VAXCYTE INC,A
2022-05-18,2022-05-20,P,22500,0,1.45,0,1.974788,145992571,,0,VAXCYTE INC,A
2022-05-18,2022-05-20,P,25000,0.5,2.25,0,1.103676,145992572,,0,VAXCYTE INC,A
2022-05-18,2022-05-20,P,30000,4.2,8,0,2.054216,145992573,,0,VAXCYTE INC,A
2022-05-18,2022-05-20,P,35000,9.2,13,0,3.057119,145992574,,0,VAXCYTE INC,A
2022-05-19,2022-05-20,C,12500,10.5,15.4,0,7.895535,145992559,,0,VAXCYTE INC,A
2022-05-19,2022-05-20,C,15000,9.3,12.9,0,,145992560,,0,VAXCYTE INC,A
2022-05-19,2022-05-20,C,17500,6.5,10.4,0,7.014523,145992561,,0,VAXCYTE INC,A
2022-05-19,2022-05-20,C,20000,4.2,7.9,0,5.444482,145992562,,0,VAXCYTE INC,A
2022-05-19,2022-05-20,C,22500,2.1,5.4,0,4.091647,145992563,,0,VAXCYTE INC,A
2022-05-19,2022-05-20,C,25000,0.1,2.75,0,2.396526,145992564,,0,VAXCYTE INC,A
2022-05-19,2022-05-20,C,30000,0,0.05,0,1.681775,145992565,,0,VAXCYTE INC,A
2022-05-19,2022-05-20,C,35000,0,0.05,0,2.874043,145992566,,0,VAXCYTE INC,A
2022-05-19,2022-05-20,P,12500,0,2.2,0,,145992567,,0,VAXCYTE INC,A
2022-05-19,2022-05-20,P,15000,0,2.2,0,,145992568,,0,VAXCYTE INC,A
2022-05-19,2022-05-20,P,17500,0,2.2,0,8.659038,145992569,,0,VAXCYTE INC,A
2022-05-19,2022-05-20,P,20000,0,2.2,0,6.507325,145992570,,0,VAXCYTE INC,A
2022-05-19,2022-05-20,P,22500,0,1.65,0,3.843711,145992571,,0,VAXCYTE INC,A
2022-05-19,2022-05-20,P,25000,0,1.1,0,1.329938,145992572,,0,VAXCYTE INC,A
2022-05-19,2022-05-20,P,30000,3.3,5.6,0,,145992573,,0,VAXCYTE INC,A
2022-05-19,2022-05-20,P,35000,9.2,11.9,0,6.381782,145992574,,0,VAXCYTE INC,A
2022-05-20,2022-05-20,C,12500,12.9,16,0,,145992559,,0,VAXCYTE INC,A
2022-05-20,2022-05-20,C,15000,10.4,13.5,0,,145992560,,0,VAXCYTE INC,A
2022-05-20,2022-05-20,C,17500,7.6,11,0,,145992561,,0,VAXCYTE INC,A
2022-05-20,2022-05-20,C,20000,4.4,8.5,0,,145992562,,0,VAXCYTE INC,A
2022-05-20,2022-05-20,C,22500,2.15,6,0,,145992563,,0,VAXCYTE INC,A
2022-05-20,2022-05-20,C,25000,0.4,3.8,0,,145992564,,0,VAXCYTE INC,A
2022-05-20,2022-05-20,C,30000,0,1.8,0,,145992565,,0,VAXCYTE INC,A
2022-05-20,2022-05-20,C,35000,0,0.05,0,,145992566,,0,VAXCYTE INC,A
2022-05-20,2022-05-20,P,12500,0,1.8,0,,145992567,,0,VAXCYTE INC,A
2022-05-20,2022-05-20,P,15000,0,1.8,0,,145992568,,0,VAXCYTE INC,A
2022-05-20,2022-05-20,P,17500,0,1.8,0,,145992569,,0,VAXCYTE INC,A
2022-05-20,2022-05-20,P,20000,0,1.8,0,,145992570,,0,VAXCYTE INC,A
2022-05-20,2022-05-20,P,22500,0,1.8,0,,145992571,,0,VAXCYTE INC,A
2022-05-20,2022-05-20,P,25000,0,0.4,4,,145992572,,0,VAXCYTE INC,A
2022-05-20,2022-05-20,P,30000,2.95,5.7,0,,145992573,,0,VAXCYTE INC,A
2022-05-20,2022-05-20,P,35000,7.9,10.7,0,,145992574,,0,VAXCYTE INC,A
2022-06-13,2022-06-17,C,12500,5.3,7.5,0,3.958733,146661202,,0,VAXCYTE INC,A
2022-06-13,2022-06-17,C,15000,2.75,5,0,2.533814,146548905,,0,VAXCYTE INC,A
2022-06-13,2022-06-17,C,17500,0.55,2.5,0,1.442283,146548906,,0,VAXCYTE INC,A
2022-06-13,2022-06-17,C,20000,0,0.7,0,1.217141,146548907,,0,VAXCYTE INC,A
2022-06-13,2022-06-17,C,22500,0,1.8,0,2.893859,146548908,,0,VAXCYTE INC,A
2022-06-13,2022-06-17,C,25000,0,1.8,0,3.578803,146548909,,0,VAXCYTE INC,A
2022-06-13,2022-06-17,C,30000,0,1.8,0,4.639828,146548910,,0,VAXCYTE INC,A
2022-06-13,2022-06-17,C,35000,0,1.8,0,5.455563,146548911,,0,VAXCYTE INC,A
2022-06-13,2022-06-17,P,12500,0,1.8,0,4.659201,146661203,,0,VAXCYTE INC,A
2022-06-13,2022-06-17,P,15000,0,0.4,0,1.71426,146548912,,0,VAXCYTE INC,A
2022-06-13,2022-06-17,P,17500,0,1.55,0,1.514735,146548913,,0,VAXCYTE INC,A
2022-06-13,2022-06-17,P,20000,0.7,2.8,0,0.628555,146548914,,0,VAXCYTE INC,A
2022-06-13,2022-06-17,P,22500,2.95,5.1,0,,146548915,,0,VAXCYTE INC,A
2022-06-13,2022-06-17,P,25000,6.4,7.5,0,2.342333,146548916,,0,VAXCYTE INC,A
2022-06-13,2022-06-17,P,30000,11.3,12.7,0,3.378976,146548917,,0,VAXCYTE INC,A
2022-06-13,2022-06-17,P,35000,15.4,17.5,0,,146548918,,0,VAXCYTE INC,A
2022-06-14,2022-06-17,C,12500,3.5,7,0,2.352569,146661202,,0,VAXCYTE INC,A
2022-06-14,2022-06-17,C,15000,1.75,4.5,0,2.366464,146548905,,0,VAXCYTE INC,A
2022-06-14,2022-06-17,C,17500,0.15,2.05,0,1.583786,146548906,,0,VAXCYTE INC,A
2022-06-14,2022-06-17,C,20000,0,0.5,0,1.492007,146548907,,0,VAXCYTE INC,A
2022-06-14,2022-06-17,C,22500,0,2.2,0,4.023153,146548908,,0,VAXCYTE INC,A
2022-06-14,2022-06-17,C,25000,0,2.2,0,4.813946,146548909,,0,VAXCYTE INC,A
2022-06-14,2022-06-17,C,30000,0,2.2,0,6.048824,146548910,,0,VAXCYTE INC,A
2022-06-14,2022-06-17,C,35000,0,2.2,0,7.001862,146548911,,0,VAXCYTE INC,A
2022-06-14,2022-06-17,P,12500,0,2.2,0,5.624774,146661203,,0,VAXCYTE INC,A
2022-06-14,2022-06-17,P,15000,0,1.85,0,3.377964,146548912,,0,VAXCYTE INC,A
2022-06-14,2022-06-17,P,17500,0.15,0.9,0,0.961325,146548913,,0,VAXCYTE INC,A
2022-06-14,2022-06-17,P,20000,0.7,4.4,0,1.449954,146548914,,0,VAXCYTE INC,A
2022-06-14,2022-06-17,P,22500,3.5,6.1,0,,146548915,,0,VAXCYTE INC,A
2022-06-14,2022-06-17,P,25000,6.4,9.6,0,3.994579,146548916,,0,VAXCYTE INC,A
2022-06-14,2022-06-17,P,30000,11.6,14,0,4.656146,146548917,,0,VAXCYTE INC,A
2022-06-14,2022-06-17,P,35000,16,19,0,4.440422,146548918,,0,VAXCYTE INC,A
2022-06-15,2022-06-17,C,12500,5.2,8.3,0,5.599355,146661202,,0,VAXCYTE INC,A
2022-06-15,2022-06-17,C,15000,2.75,5.8,0,3.786254,146548905,,0,VAXCYTE INC,A
2022-06-15,2022-06-17,C,17500,0.5,3.1,0,2.054058,146548906,,0,VAXCYTE INC,A
2022-06-15,2022-06-17,C,20000,0,0.95,0,1.738133,146548907,,0,VAXCYTE INC,A
2022-06-15,2022-06-17,C,22500,0,1.8,0,3.840163,146548908,,0,VAXCYTE INC,A
2022-06-15,2022-06-17,C,25000,0,1.8,0,4.82695,146548909,,0,VAXCYTE INC,A
2022-06-15,2022-06-17,C,30000,0,1.8,0,6.345156,146548910,,0,VAXCYTE INC,A
2022-06-15,2022-06-17,C,35000,0,1.8,0,7.508013,146548911,,0,VAXCYTE INC,A
2022-06-15,2022-06-17,P,12500,0,1.8,0,6.776057,146661203,,0,VAXCYTE INC,A
2022-06-15,2022-06-17,P,15000,0,1.8,0,4.644295,146548912,,0,VAXCYTE INC,A
2022-06-15,2022-06-17,P,17500,0,0.65,0,1.466815,146548913,,0,VAXCYTE INC,A
2022-06-15,2022-06-17,P,20000,0.7,2.8,0,1.689671,146548914,,0,VAXCYTE INC,A
2022-06-15,2022-06-17,P,22500,2.75,6,0,3.141855,146548915,,0,VAXCYTE INC,A
2022-06-15,2022-06-17,P,25000,5.2,8.5,0,4.003653,146548916,,0,VAXCYTE INC,A
2022-06-15,2022-06-17,P,30000,10.1,13.5,0,5.27462,146548917,,0,VAXCYTE INC,A
2022-06-15,2022-06-17,P,35000,15.2,18.5,0,6.516855,146548918,,0,VAXCYTE INC,A
2022-06-16,2022-06-17,C,12500,4,8.3,0,,146661202,,0,VAXCYTE INC,A
2022-06-16,2022-06-17,C,15000,2.5,5.7,0,4.483657,146548905,,0,VAXCYTE INC,A
2022-06-16,2022-06-17,C,17500,0.55,3.1,0,2.897171,146548906,,0,VAXCYTE INC,A
2022-06-16,2022-06-17,C,20000,0,1.4,0,3.041066,146548907,,0,VAXCYTE INC,A
2022-06-16,2022-06-17,C,22500,0,2.65,0,6.586707,146548908,,0,VAXCYTE INC,A
2022-06-16,2022-06-17,C,25000,0,2.65,0,8.057797,146548909,,0,VAXCYTE INC,A
2022-06-16,2022-06-17,C,30000,0,2.65,0,,146548910,,0,VAXCYTE INC,A
2022-06-16,2022-06-17,C,35000,0,2.65,0,,146548911,,0,VAXCYTE INC,A
2022-06-16,2022-06-17,P,12500,0,2.65,0,,146661203,,0,VAXCYTE INC,A
2022-06-16,2022-06-17,P,15000,0,2.65,0,8.062711,146548912,,0,VAXCYTE INC,A
2022-06-16,2022-06-17,P,17500,0,0.6,0,2.025281,146548913,,0,VAXCYTE INC,A
2022-06-16,2022-06-17,P,20000,0.4,2.5,0,1.557957,146548914,,0,VAXCYTE INC,A
2022-06-16,2022-06-17,P,22500,2.5,6,0,4.131096,146548915,,0,VAXCYTE INC,A
2022-06-16,2022-06-17,P,25000,5,8.5,0,5.410343,146548916,,0,VAXCYTE INC,A
2022-06-16,2022-06-17,P,30000,10,13.5,0,7.387396,146548917,,0,VAXCYTE INC,A
2022-06-16,2022-06-17,P,35000,15,18.5,0,8.911956,146548918,,0,VAXCYTE INC,A
2022-06-17,2022-06-17,C,12500,5.7,9.8,0,,146661202,,0,VAXCYTE INC,A
2022-06-17,2022-06-17,C,15000,3.2,7.3,0,,146548905,,0,VAXCYTE INC,A
2022-06-17,2022-06-17,C,17500,1.2,4.8,0,,146548906,,0,VAXCYTE INC,A
2022-06-17,2022-06-17,C,20000,0,2.3,0,,146548907,,0,VAXCYTE INC,A
2022-06-17,2022-06-17,C,22500,0,2.2,0,,146548908,,0,VAXCYTE INC,A
2022-06-17,2022-06-17,C,25000,0,2.2,0,,146548909,,0,VAXCYTE INC,A
2022-06-17,2022-06-17,C,30000,0,2.2,0,,146548910,,0,VAXCYTE INC,A
2022-06-17,2022-06-17,C,35000,0,2.2,0,,146548911,,0,VAXCYTE INC,A
2022-06-17,2022-06-17,P,12500,0,2.2,0,,146661203,,0,VAXCYTE INC,A
2022-06-17,2022-06-17,P,15000,0,2.2,0,,146548912,,0,VAXCYTE INC,A
2022-06-17,2022-06-17,P,17500,0,2.2,0,,146548913,,0,VAXCYTE INC,A
2022-06-17,2022-06-17,P,20000,0,1.75,0,,146548914,,0,VAXCYTE INC,A
2022-06-17,2022-06-17,P,22500,0.4,4.3,0,,146548915,,0,VAXCYTE INC,A
2022-06-17,2022-06-17,P,25000,2.9,6.8,0,,146548916,,0,VAXCYTE INC,A
2022-06-17,2022-06-17,P,30000,7.9,11.8,0,,146548917,,0,VAXCYTE INC,A
2022-06-17,2022-06-17,P,35000,12.9,16.8,0,,146548918,,0,VAXCYTE INC,A
2022-07-11,2022-07-15,C,15000,5.8,10.4,0,2.517872,143740022,,0,VAXCYTE INC,A
2022-07-11,2022-07-15,C,17500,3.2,7.9,0,1.526467,143740023,,0,VAXCYTE INC,A
2022-07-11,2022-07-15,C,20000,1.25,5.4,3,1.478369,143740024,,0,VAXCYTE INC,A
2022-07-11,2022-07-15,C,22500,0.1,2.8,0,1.250567,143740025,,0,VAXCYTE INC,A
2022-07-11,2022-07-15,C,25000,0.1,0.5,40,0.997385,143740026,,0,VAXCYTE INC,A
2022-07-11,2022-07-15,C,30000,0,0.05,0,1.237667,143740027,,0,VAXCYTE INC,A
2022-07-11,2022-07-15,C,35000,0,1.8,0,3.899257,143740028,,0,VAXCYTE INC,A
2022-07-11,2022-07-15,P,15000,0,0.1,0,2.179074,143740029,,0,VAXCYTE INC,A
2022-07-11,2022-07-15,P,17500,0.05,1.75,0,3.398614,143740030,,0,VAXCYTE INC,A
2022-07-11,2022-07-15,P,20000,0,0.6,0,1.423921,143740031,,0,VAXCYTE INC,A
2022-07-11,2022-07-15,P,22500,0,2.6,0,1.617035,143740032,,0,VAXCYTE INC,A
2022-07-11,2022-07-15,P,25000,1.25,4,0,1.39791,143740033,,0,VAXCYTE INC,A
2022-07-11,2022-07-15,P,30000,5.1,9.4,0,1.954545,143740034,,0,VAXCYTE INC,A
2022-07-11,2022-07-15,P,35000,10.4,13.3,0,,143740035,,0,VAXCYTE INC,A
2022-07-12,2022-07-15,C,15000,7,10.1,0,4.956679,143740022,,0,VAXCYTE INC,A
2022-07-12,2022-07-15,C,17500,4.6,7.6,0,3.716082,143740023,,0,VAXCYTE INC,A
2022-07-12,2022-07-15,C,20000,2.2,5.1,0,2.543031,143740024,,0,VAXCYTE INC,A
2022-07-12,2022-07-15,C,22500,0.25,2.65,0,1.600602,143740025,,0,VAXCYTE INC,A
2022-07-12,2022-07-15,C,25000,0.1,0.8,7,1.464715,143740026,,0,VAXCYTE INC,A
2022-07-12,2022-07-15,C,30000,0,0.05,0,1.474129,143740027,,0,VAXCYTE INC,A
2022-07-12,2022-07-15,C,35000,0,0.05,0,2.133991,143740028,,0,VAXCYTE INC,A
2022-07-12,2022-07-15,P,15000,0,0.1,1,2.470971,143740029,,0,VAXCYTE INC,A
2022-07-12,2022-07-15,P,17500,0.05,1.75,9,3.852203,143740030,,0,VAXCYTE INC,A
2022-07-12,2022-07-15,P,20000,0,1.05,0,1.980248,143740031,,0,VAXCYTE INC,A
2022-07-12,2022-07-15,P,22500,0,1.7,0,1.198022,143740032,,0,VAXCYTE INC,A
2022-07-12,2022-07-15,P,25000,0.75,4.1,0,1.052386,143740033,,0,VAXCYTE INC,A
2022-07-12,2022-07-15,P,30000,5.5,8.2,0,,143740034,,0,VAXCYTE INC,A
2022-07-12,2022-07-15,P,35000,10,13.5,0,,143740035,,0,VAXCYTE INC,A
2022-07-13,2022-07-15,C,15000,7.9,11.9,0,5.854192,143740022,,0,VAXCYTE INC,A
2022-07-13,2022-07-15,C,17500,6.2,9.4,0,5.41168,143740023,,0,VAXCYTE INC,A
2022-07-13,2022-07-15,C,20000,3.7,6.9,0,3.914812,143740024,,0,VAXCYTE INC,A
2022-07-13,2022-07-15,C,22500,1.3,4.4,0,2.556075,143740025,,0,VAXCYTE INC,A
2022-07-13,2022-07-15,C,25000,0.1,1.9,0,1.776915,143740026,,0,VAXCYTE INC,A
2022-07-13,2022-07-15,C,30000,0,0.05,0,1.416553,143740027,,0,VAXCYTE INC,A
2022-07-13,2022-07-15,C,35000,0,0.05,0,2.244989,143740028,,0,VAXCYTE INC,A
2022-07-13,2022-07-15,P,15000,0,3.6,0,,143740029,,0,VAXCYTE INC,A
2022-07-13,2022-07-15,P,17500,0,3.5,1,,143740030,,0,VAXCYTE INC,A
2022-07-13,2022-07-15,P,20000,0,3.5,0,,143740031,,0,VAXCYTE INC,A
2022-07-13,2022-07-15,P,22500,0,0.8,0,1.572007,143740032,,0,VAXCYTE INC,A
2022-07-13,2022-07-15,P,25000,0.15,2.3,0,1.192689,143740033,,0,VAXCYTE INC,A
2022-07-13,2022-07-15,P,30000,4.1,7.8,0,2.46732,143740034,,0,VAXCYTE INC,A
2022-07-13,2022-07-15,P,35000,9,13,0,3.74966,143740035,,0,VAXCYTE INC,A
2022-07-14,2022-07-15,C,15000,8.6,12,0,,143740022,,0,VAXCYTE INC,A
2022-07-14,2022-07-15,C,17500,6.2,9.5,0,7.450709,143740023,,0,VAXCYTE INC,A
2022-07-14,2022-07-15,C,20000,2.8,7,0,4.000266,143740024,,0,VAXCYTE INC,A
2022-07-14,2022-07-15,C,22500,0.9,4.5,0,3.06026,143740025,,0,VAXCYTE INC,A
2022-07-14,2022-07-15,C,25000,0.1,1.05,0,1.556444,143740026,,0,VAXCYTE INC,A
2022-07-14,2022-07-15,C,30000,0,0.05,0,1.959643,143740027,,0,VAXCYTE INC,A
2022-07-14,2022-07-15,C,35000,0,0.05,0,3.133827,143740028,,0,VAXCYTE INC,A
2022-07-14,2022-07-15,P,15000,0,3.6,0,,143740029,,0,VAXCYTE INC,A
2022-07-14,2022-07-15,P,17500,0,3.5,6,,143740030,,0,VAXCYTE INC,A
2022-07-14,2022-07-15,P,20000,0,1,0,4.305591,143740031,,0,VAXCYTE INC,A
2022-07-14,2022-07-15,P,22500,0,1.1,0,2.678311,143740032,,0,VAXCYTE INC,A
2022-07-14,2022-07-15,P,25000,0,2.55,0,1.936059,143740033,,0,VAXCYTE INC,A
2022-07-14,2022-07-15,P,30000,3.9,7.7,0,3.352936,143740034,,0,VAXCYTE INC,A
2022-07-14,2022-07-15,P,35000,8.9,11.4,0,,143740035,,0,VAXCYTE INC,A
2022-07-15,2022-07-15,C,15000,8.4,12.3,0,,143740022,,0,VAXCYTE INC,A
2022-07-15,2022-07-15,C,17500,6.3,9.8,0,,143740023,,0,VAXCYTE INC,A
2022-07-15,2022-07-15,C,20000,3.2,7.3,0,,143740024,,0,VAXCYTE INC,A
2022-07-15,2022-07-15,C,22500,1.3,4.8,1,,143740025,,0,VAXCYTE INC,A
2022-07-15,2022-07-15,C,25000,0.05,0.2,2,,143740026,,0,VAXCYTE INC,A
2022-07-15,2022-07-15,C,30000,0,0.05,0,,143740027,,0,VAXCYTE INC,A
2022-07-15,2022-07-15,C,35000,0,0.05,0,,143740028,,0,VAXCYTE INC,A
2022-07-15,2022-07-15,P,15000,0,3.6,0,,143740029,,0,VAXCYTE INC,A
2022-07-15,2022-07-15,P,17500,0,3.6,0,,143740030,,0,VAXCYTE INC,A
2022-07-15,2022-07-15,P,20000,0,3.6,0,,143740031,,0,VAXCYTE INC,A
2022-07-15,2022-07-15,P,22500,0,2.45,0,,143740032,,0,VAXCYTE INC,A
2022-07-15,2022-07-15,P,25000,0,2.75,0,,143740033,,0,VAXCYTE INC,A
2022-07-15,2022-07-15,P,30000,2.7,6,0,,143740034,,0,VAXCYTE INC,A
2022-07-15,2022-07-15,P,35000,9.3,11,0,,143740035,,0,VAXCYTE INC,A
2022-08-15,2022-08-19,C,10000,14.1,18.5,0,5.931119,147805240,,0,VAXCYTE INC,A
2022-08-15,2022-08-19,C,12500,11.7,16,0,4.890729,147805241,,0,VAXCYTE INC,A
2022-08-15,2022-08-19,C,15000,9.2,13.5,0,3.84447,147805242,,0,VAXCYTE INC,A
2022-08-15,2022-08-19,C,17500,6.7,11,0,2.950357,147805243,,0,VAXCYTE INC,A
2022-08-15,2022-08-19,C,20000,4.5,8.5,0,2.444585,147805244,,0,VAXCYTE INC,A
2022-08-15,2022-08-19,C,22500,1.9,6,0,1.568164,147805245,,0,VAXCYTE INC,A
2022-08-15,2022-08-19,C,25000,0,2,0,,147805246,,0,VAXCYTE INC,A
2022-08-15,2022-08-19,C,30000,0,3.7,0,,147805247,,0,VAXCYTE INC,A
2022-08-15,2022-08-19,C,35000,0,0.1,0,1.476954,147805248,,0,VAXCYTE INC,A
2022-08-15,2022-08-19,C,5000,19.1,23.5,0,,147805249,,0,VAXCYTE INC,A
2022-08-15,2022-08-19,C,7500,16.6,21,0,7.557402,147805250,,0,VAXCYTE INC,A
2022-08-15,2022-08-19,P,10000,0,3.6,0,,147805251,,0,VAXCYTE INC,A
2022-08-15,2022-08-19,P,12500,0,3.6,0,,147805252,,0,VAXCYTE INC,A
2022-08-15,2022-08-19,P,15000,0,3.6,0,,147805253,,0,VAXCYTE INC,A
2022-08-15,2022-08-19,P,17500,0,3.6,0,,147805254,,0,VAXCYTE INC,A
2022-08-15,2022-08-19,P,20000,0,3.6,0,,147805255,,0,VAXCYTE INC,A
2022-08-15,2022-08-19,P,22500,0,3.7,0,,147805256,,0,VAXCYTE INC,A
2022-08-15,2022-08-19,P,25000,0,4.1,0,,147805257,,0,VAXCYTE INC,A
2022-08-15,2022-08-19,P,30000,2.5,6,0,1.303462,147805258,,0,VAXCYTE INC,A
2022-08-15,2022-08-19,P,35000,7.5,10.9,0,2.045588,147805259,,0,VAXCYTE INC,A
2022-08-15,2022-08-19,P,5000,0,3.6,0,,147805260,,0,VAXCYTE INC,A
2022-08-15,2022-08-19,P,7500,0,3.6,0,,147805261,,0,VAXCYTE INC,A
2022-08-16,2022-08-19,C,10000,14.6,18,0,,147805240,,0,VAXCYTE INC,A
2022-08-16,2022-08-19,C,12500,11.6,15.5,0,6.699984,147805241,,0,VAXCYTE INC,A
2022-08-16,2022-08-19,C,15000,9.5,13,0,5.790028,147805242,,0,VAXCYTE INC,A
2022-08-16,2022-08-19,C,17500,7,10.5,0,4.495248,147805243,,0,VAXCYTE INC,A
2022-08-16,2022-08-19,C,20000,4.3,8,0,3.167818,147805244,,0,VAXCYTE INC,A
2022-08-16,2022-08-19,C,22500,1.4,5.5,0,1.821255,147805245,,0,VAXCYTE INC,A
2022-08-16,2022-08-19,C,25000,0.2,1.5,0,0.674035,147805246,,0,VAXCYTE INC,A
2022-08-16,2022-08-19,C,30000,0,2.25,0,2.854836,147805247,,0,VAXCYTE INC,A
2022-08-16,2022-08-19,C,35000,0,0.1,0,1.824711,147805248,,0,VAXCYTE INC,A
2022-08-16,2022-08-19,C,5000,18.5,23,0,,147805249,,0,VAXCYTE INC,A
2022-08-16,2022-08-19,C,7500,17.1,20.5,0,,147805250,,0,VAXCYTE INC,A
2022-08-16,2022-08-19,P,10000,0,2.2,0,,147805251,,0,VAXCYTE INC,A
2022-08-16,2022-08-19,P,12500,0,2.2,0,8.06489,147805252,,0,VAXCYTE INC,A
2022-08-16,2022-08-19,P,15000,0,2.2,0,6.422808,147805253,,0,VAXCYTE INC,A
2022-08-16,2022-08-19,P,17500,0,2.2,0,5.028624,147805254,,0,VAXCYTE INC,A
2022-08-16,2022-08-19,P,20000,0,2.2,0,3.789161,147805255,,0,VAXCYTE INC,A
2022-08-16,2022-08-19,P,22500,0,1.8,0,2.357976,147805256,,0,VAXCYTE INC,A
2022-08-16,2022-08-19,P,25000,0,1.35,0,0.955419,147805257,,0,VAXCYTE INC,A
2022-08-16,2022-08-19,P,30000,3.5,5.8,0,1.168185,147805258,,0,VAXCYTE INC,A
2022-08-16,2022-08-19,P,35000,8.2,10.3,0,,147805259,,0,VAXCYTE INC,A
2022-08-16,2022-08-19,P,5000,0,2.2,0,,147805260,,0,VAXCYTE INC,A
2022-08-16,2022-08-19,P,7500,0,2.2,0,,147805261,,0,VAXCYTE INC,A
2022-08-17,2022-08-19,C,10000,14.3,17.5,0,,147805240,,0,VAXCYTE INC,A
2022-08-17,2022-08-19,C,12500,11.8,15,0,8.950931,147805241,,0,VAXCYTE INC,A
2022-08-17,2022-08-19,C,15000,9.3,12.5,0,7.064438,147805242,,0,VAXCYTE INC,A
2022-08-17,2022-08-19,C,17500,6.8,10,0,5.455209,147805243,,0,VAXCYTE INC,A
2022-08-17,2022-08-19,C,20000,4.3,7.5,0,4.016023,147805244,,0,VAXCYTE INC,A
2022-08-17,2022-08-19,C,22500,1.05,5,0,2.00071,147805245,,0,VAXCYTE INC,A
2022-08-17,2022-08-19,C,25000,0,1.5,0,0.985777,147805246,,0,VAXCYTE INC,A
2022-08-17,2022-08-19,C,30000,0,1.8,0,3.315294,147805247,,0,VAXCYTE INC,A
2022-08-17,2022-08-19,C,35000,0,0.1,0,2.325797,147805248,,0,VAXCYTE INC,A
2022-08-17,2022-08-19,C,5000,19.1,22.5,0,,147805249,,0,VAXCYTE INC,A
2022-08-17,2022-08-19,C,7500,16.1,20,0,,147805250,,0,VAXCYTE INC,A
2022-08-17,2022-08-19,P,10000,0,1.8,0,,147805251,,0,VAXCYTE INC,A
2022-08-17,2022-08-19,P,12500,0,1.8,0,,147805252,,0,VAXCYTE INC,A
2022-08-17,2022-08-19,P,15000,0,1.8,0,7.186009,147805253,,0,VAXCYTE INC,A
2022-08-17,2022-08-19,P,17500,0,1.8,0,5.557764,147805254,,0,VAXCYTE INC,A
2022-08-17,2022-08-19,P,20000,0,1.8,0,4.102197,147805255,,0,VAXCYTE INC,A
2022-08-17,2022-08-19,P,22500,0,0.75,0,1.795551,147805256,,0,VAXCYTE INC,A
2022-08-17,2022-08-19,P,25000,0,1.3,0,0.908656,147805257,,0,VAXCYTE INC,A
2022-08-17,2022-08-19,P,30000,3.3,6.2,0,,147805258,,0,VAXCYTE INC,A
2022-08-17,2022-08-19,P,35000,9.1,11,0,2.59429,147805259,,0,VAXCYTE INC,A
2022-08-17,2022-08-19,P,5000,0,1.8,0,,147805260,,0,VAXCYTE INC,A
2022-08-17,2022-08-19,P,7500,0,1.8,0,,147805261,,0,VAXCYTE INC,A
2022-08-18,2022-08-19,C,10000,14.8,18.5,0,,147805240,,0,VAXCYTE INC,A
2022-08-18,2022-08-19,C,12500,12.7,16,0,,147805241,,0,VAXCYTE INC,A
2022-08-18,2022-08-19,C,15000,10.2,13.5,0,,147805242,,0,VAXCYTE INC,A
2022-08-18,2022-08-19,C,17500,6.9,11,0,5.856479,147805243,,0,VAXCYTE INC,A
2022-08-18,2022-08-19,C,20000,5.3,8.5,0,5.882396,147805244,,0,VAXCYTE INC,A
2022-08-18,2022-08-19,C,22500,2.5,6,0,3.709821,147805245,,0,VAXCYTE INC,A
2022-08-18,2022-08-19,C,25000,0.5,1.3,0,,147805246,,0,VAXCYTE INC,A
2022-08-18,2022-08-19,C,30000,0,3.6,0,,147805247,,0,VAXCYTE INC,A
2022-08-18,2022-08-19,C,35000,0,0.1,0,2.915934,147805248,,0,VAXCYTE INC,A
2022-08-18,2022-08-19,C,5000,18.5,23.5,0,,147805249,,0,VAXCYTE INC,A
2022-08-18,2022-08-19,C,7500,16,21,0,,147805250,,0,VAXCYTE INC,A
2022-08-18,2022-08-19,P,10000,0,3.6,0,,147805251,,0,VAXCYTE INC,A
2022-08-18,2022-08-19,P,12500,0,3.6,0,,147805252,,0,VAXCYTE INC,A
2022-08-18,2022-08-19,P,15000,0,3.6,0,,147805253,,0,VAXCYTE INC,A
2022-08-18,2022-08-19,P,17500,0,3.6,0,,147805254,,0,VAXCYTE INC,A
2022-08-18,2022-08-19,P,20000,0,3.6,0,,147805255,,0,VAXCYTE INC,A
2022-08-18,2022-08-19,P,22500,0,3.3,0,,147805256,,0,VAXCYTE INC,A
2022-08-18,2022-08-19,P,25000,0,0.8,0,1.608368,147805257,,0,VAXCYTE INC,A
2022-08-18,2022-08-19,P,30000,2.4,6.2,0,2.993744,147805258,,0,VAXCYTE INC,A
2022-08-18,2022-08-19,P,35000,8,11.5,0,6.025662,147805259,,0,VAXCYTE INC,A
2022-08-18,2022-08-19,P,5000,0,3.6,0,,147805260,,0,VAXCYTE INC,A
2022-08-18,2022-08-19,P,7500,0,3.6,0,,147805261,,0,VAXCYTE INC,A
2022-08-19,2022-08-19,C,10000,14.9,18.5,0,,147805240,,0,VAXCYTE INC,A
2022-08-19,2022-08-19,C,12500,12.5,16,0,,147805241,,0,VAXCYTE INC,A
2022-08-19,2022-08-19,C,15000,10,13.5,0,,147805242,,0,VAXCYTE INC,A
2022-08-19,2022-08-19,C,17500,7.6,11,0,,147805243,,0,VAXCYTE INC,A
2022-08-19,2022-08-19,C,20000,5,8.5,0,,147805244,,0,VAXCYTE INC,A
2022-08-19,2022-08-19,C,22500,2.6,6,0,,147805245,,0,VAXCYTE INC,A
2022-08-19,2022-08-19,C,25000,0.05,3.6,40,,147805246,,0,VAXCYTE INC,A
2022-08-19,2022-08-19,C,30000,0,3.6,0,,147805247,,0,VAXCYTE INC,A
2022-08-19,2022-08-19,C,35000,0,0.05,0,,147805248,,0,VAXCYTE INC,A
2022-08-19,2022-08-19,C,5000,19,23.5,0,,147805249,,0,VAXCYTE INC,A
2022-08-19,2022-08-19,C,7500,16.5,21,0,,147805250,,0,VAXCYTE INC,A
2022-08-19,2022-08-19,P,10000,0,3.6,0,,147805251,,0,VAXCYTE INC,A
2022-08-19,2022-08-19,P,12500,0,3.6,0,,147805252,,0,VAXCYTE INC,A
2022-08-19,2022-08-19,P,15000,0,3.6,0,,147805253,,0,VAXCYTE INC,A
2022-08-19,2022-08-19,P,17500,0,3.6,0,,147805254,,0,VAXCYTE INC,A
2022-08-19,2022-08-19,P,20000,0,3.6,0,,147805255,,0,VAXCYTE INC,A
2022-08-19,2022-08-19,P,22500,0,3.6,0,,147805256,,0,VAXCYTE INC,A
2022-08-19,2022-08-19,P,25000,0,1.25,0,,147805257,,0,VAXCYTE INC,A
2022-08-19,2022-08-19,P,30000,2.2,6.4,0,,147805258,,0,VAXCYTE INC,A
2022-08-19,2022-08-19,P,35000,7,11,0,,147805259,,0,VAXCYTE INC,A
2022-08-19,2022-08-19,P,5000,0,3.6,0,,147805260,,0,VAXCYTE INC,A
2022-08-19,2022-08-19,P,7500,0,3.6,0,,147805261,,0,VAXCYTE INC,A
2022-09-12,2022-09-16,C,12500,14.2,18.5,0,5.688139,148370720,,0,VAXCYTE INC,A
2022-09-12,2022-09-16,C,15000,12.1,16,0,5.123375,148370721,,0,VAXCYTE INC,A
2022-09-12,2022-09-16,C,17500,9.8,13.5,0,4.316232,148370722,,0,VAXCYTE INC,A
2022-09-12,2022-09-16,C,20000,7.1,11,0,3.228484,148370723,,0,VAXCYTE INC,A
2022-09-12,2022-09-16,C,22500,4.4,8.5,0,2.272015,148370724,,0,VAXCYTE INC,A
2022-09-12,2022-09-16,C,25000,1.65,6,0,1.374587,148370725,,0,VAXCYTE INC,A
2022-09-12,2022-09-16,C,30000,0,1,0,0.910792,148370726,,0,VAXCYTE INC,A
2022-09-12,2022-09-16,C,35000,0,0.1,0,1.094579,148447069,,0,VAXCYTE INC,A
2022-09-12,2022-09-16,P,12500,0,3.8,0,,148370727,,0,VAXCYTE INC,A
2022-09-12,2022-09-16,P,15000,0,3.8,0,,148370728,,0,VAXCYTE INC,A
2022-09-12,2022-09-16,P,17500,0,3.8,0,,148370729,,0,VAXCYTE INC,A
2022-09-12,2022-09-16,P,20000,0,3.8,0,,148370730,,0,VAXCYTE INC,A
2022-09-12,2022-09-16,P,22500,0,1,0,2.250865,148370731,,0,VAXCYTE INC,A
2022-09-12,2022-09-16,P,25000,0,0.95,0,1.488121,148370732,,0,VAXCYTE INC,A
2022-09-12,2022-09-16,P,30000,0.25,4.9,0,,148370733,,0,VAXCYTE INC,A
2022-09-12,2022-09-16,P,35000,4.7,8.4,0,,148447070,,0,VAXCYTE INC,A
2022-09-13,2022-09-16,C,12500,13.5,18.5,0,,148370720,,0,VAXCYTE INC,A
2022-09-13,2022-09-16,C,15000,11.1,16,0,2.99736,148370721,,0,VAXCYTE INC,A
2022-09-13,2022-09-16,C,17500,8.9,13.5,0,3.410377,148370722,,0,VAXCYTE INC,A
2022-09-13,2022-09-16,C,20000,6.3,11,0,2.420184,148370723,,0,VAXCYTE INC,A
2022-09-13,2022-09-16,C,22500,3.9,8.5,0,1.895103,148370724,,0,VAXCYTE INC,A
2022-09-13,2022-09-16,C,25000,1.15,6,0,0.865406,148370725,,0,VAXCYTE INC,A
2022-09-13,2022-09-16,C,30000,0,4,0,,148370726,,0,VAXCYTE INC,A
2022-09-13,2022-09-16,C,35000,0,0.1,0,1.246292,148447069,,0,VAXCYTE INC,A
2022-09-13,2022-09-16,P,12500,0,3.8,0,,148370727,,0,VAXCYTE INC,A
2022-09-13,2022-09-16,P,15000,0,3.8,0,,148370728,,0,VAXCYTE INC,A
2022-09-13,2022-09-16,P,17500,0,3.8,0,,148370729,,0,VAXCYTE INC,A
2022-09-13,2022-09-16,P,20000,0,3.8,0,,148370730,,0,VAXCYTE INC,A
2022-09-13,2022-09-16,P,22500,0,1,0,2.622489,148370731,,0,VAXCYTE INC,A
2022-09-13,2022-09-16,P,25000,0,0.95,0,1.744427,148370732,,0,VAXCYTE INC,A
2022-09-13,2022-09-16,P,30000,0.35,4.9,0,1.701745,148370733,,0,VAXCYTE INC,A
2022-09-13,2022-09-16,P,35000,4.1,8.9,0,1.169991,148447070,,0,VAXCYTE INC,A
2022-09-14,2022-09-16,C,12500,14.6,18.5,0,8.821853,148370720,,0,VAXCYTE INC,A
2022-09-14,2022-09-16,C,15000,12.2,16,0,7.327872,148370721,,0,VAXCYTE INC,A
2022-09-14,2022-09-16,C,17500,9.5,13.5,0,5.591999,148370722,,0,VAXCYTE INC,A
2022-09-14,2022-09-16,C,20000,7.1,11,0,4.504975,148370723,,0,VAXCYTE INC,A
2022-09-14,2022-09-16,C,22500,4.5,8.5,0,3.271087,148370724,,0,VAXCYTE INC,A
2022-09-14,2022-09-16,C,25000,2.2,6,0,2.391738,148370725,,0,VAXCYTE INC,A
2022-09-14,2022-09-16,C,30000,0,3.8,0,,148370726,,0,VAXCYTE INC,A
2022-09-14,2022-09-16,C,35000,0,0.1,0,1.542213,148447069,,0,VAXCYTE INC,A
2022-09-14,2022-09-16,P,12500,0,3.8,0,,148370727,,0,VAXCYTE INC,A
2022-09-14,2022-09-16,P,15000,0,3.8,0,,148370728,,0,VAXCYTE INC,A
2022-09-14,2022-09-16,P,17500,0,3.8,0,,148370729,,0,VAXCYTE INC,A
2022-09-14,2022-09-16,P,20000,0,3.8,0,,148370730,,0,VAXCYTE INC,A
2022-09-14,2022-09-16,P,22500,0,1,0,3.190733,148370731,,0,VAXCYTE INC,A
2022-09-14,2022-09-16,P,25000,0,0.95,0,2.112973,148370732,,0,VAXCYTE INC,A
2022-09-14,2022-09-16,P,30000,0.2,4.5,0,,148370733,,0,VAXCYTE INC,A
2022-09-14,2022-09-16,P,35000,4.5,7.9,0,,148447070,,0,VAXCYTE INC,A
2022-09-15,2022-09-16,C,12500,13.6,18.5,0,,148370720,,0,VAXCYTE INC,A
2022-09-15,2022-09-16,C,15000,11.2,16,0,8.899602,148370721,,0,VAXCYTE INC,A
2022-09-15,2022-09-16,C,17500,8.9,13.5,0,7.557517,148370722,,0,VAXCYTE INC,A
2022-09-15,2022-09-16,C,20000,6.5,11,0,6.063897,148370723,,0,VAXCYTE INC,A
2022-09-15,2022-09-16,C,22500,3.7,8.5,0,4.016565,148370724,,0,VAXCYTE INC,A
2022-09-15,2022-09-16,C,25000,1.3,6,0,2.756253,148370725,,0,VAXCYTE INC,A
2022-09-15,2022-09-16,C,30000,0,3.5,0,,148370726,,0,VAXCYTE INC,A
2022-09-15,2022-09-16,C,35000,0,0.1,0,2.256497,148447069,,0,VAXCYTE INC,A
2022-09-15,2022-09-16,P,12500,0,3.8,0,,148370727,,0,VAXCYTE INC,A
2022-09-15,2022-09-16,P,15000,0,3.8,0,,148370728,,0,VAXCYTE INC,A
2022-09-15,2022-09-16,P,17500,0,3.8,0,,148370729,,0,VAXCYTE INC,A
2022-09-15,2022-09-16,P,20000,0,3.8,0,,148370730,,0,VAXCYTE INC,A
2022-09-15,2022-09-16,P,22500,0,0.25,0,2.964049,148370731,,0,VAXCYTE INC,A
2022-09-15,2022-09-16,P,25000,0,2,6,4.069253,148370732,,0,VAXCYTE INC,A
2022-09-15,2022-09-16,P,30000,0.05,4.9,0,,148370733,,0,VAXCYTE INC,A
2022-09-15,2022-09-16,P,35000,4.8,8.9,0,2.413935,148447070,,0,VAXCYTE INC,A
2022-09-16,2022-09-16,C,12500,12.6,16,0,,148370720,,0,VAXCYTE INC,A
2022-09-16,2022-09-16,C,15000,10.1,13.5,0,,148370721,,0,VAXCYTE INC,A
2022-09-16,2022-09-16,C,17500,7.6,11,0,,148370722,,0,VAXCYTE INC,A
2022-09-16,2022-09-16,C,20000,5.1,8.5,0,,148370723,,0,VAXCYTE INC,A
2022-09-16,2022-09-16,C,22500,2.1,6,0,,148370724,,0,VAXCYTE INC,A
2022-09-16,2022-09-16,C,25000,0.1,4.7,0,,148370725,,0,VAXCYTE INC,A
2022-09-16,2022-09-16,C,30000,0,3.8,0,,148370726,,0,VAXCYTE INC,A
2022-09-16,2022-09-16,C,35000,0,0.05,0,,148447069,,0,VAXCYTE INC,A
2022-09-16,2022-09-16,P,12500,0,3.8,0,,148370727,,0,VAXCYTE INC,A
2022-09-16,2022-09-16,P,15000,0,3.8,0,,148370728,,0,VAXCYTE INC,A
2022-09-16,2022-09-16,P,17500,0,3.8,0,,148370729,,0,VAXCYTE INC,A
2022-09-16,2022-09-16,P,20000,0,3.8,0,,148370730,,0,VAXCYTE INC,A
2022-09-16,2022-09-16,P,22500,0,0.25,0,,148370731,,0,VAXCYTE INC,A
2022-09-16,2022-09-16,P,25000,0,0.3,0,,148370732,,0,VAXCYTE INC,A
2022-09-16,2022-09-16,P,30000,2,5,0,,148370733,,0,VAXCYTE INC,A
2022-09-16,2022-09-16,P,35000,7,10.5,0,,148447070,,0,VAXCYTE INC,A
2022-10-17,2022-10-21,C,10000,14.9,18.5,0,8.042186,145412527,,0,VAXCYTE INC,A
2022-10-17,2022-10-21,C,12500,12,16,0,5.885277,145412528,,0,VAXCYTE INC,A
2022-10-17,2022-10-21,C,15000,10.1,13.5,0,5.314383,145412529,,0,VAXCYTE INC,A
2022-10-17,2022-10-21,C,17500,7.7,11,0,4.252752,145412530,,0,VAXCYTE INC,A
2022-10-17,2022-10-21,C,20000,4.6,8.5,0,2.7721,145412531,,0,VAXCYTE INC,A
2022-10-17,2022-10-21,C,22500,1.95,6,0,1.793334,145412532,,0,VAXCYTE INC,A
2022-10-17,2022-10-21,C,25000,0.15,3.7,0,,145412533,,0,VAXCYTE INC,A
2022-10-17,2022-10-21,C,30000,0,0.8,0,1.491418,145412534,,0,VAXCYTE INC,A
2022-10-17,2022-10-21,C,35000,0,3.8,0,,149710792,,0,VAXCYTE INC,A
2022-10-17,2022-10-21,C,40000,0,0.1,0,2.026328,149710793,,0,VAXCYTE INC,A
2022-10-17,2022-10-21,P,10000,0,3.8,0,,145412535,,0,VAXCYTE INC,A
2022-10-17,2022-10-21,P,12500,0,3.8,0,,145412536,,0,VAXCYTE INC,A
2022-10-17,2022-10-21,P,15000,0,2.55,0,5.994627,145412537,,0,VAXCYTE INC,A
2022-10-17,2022-10-21,P,17500,0,3.8,0,,145412538,,0,VAXCYTE INC,A
2022-10-17,2022-10-21,P,20000,0,1.1,0,2.571679,145412539,,0,VAXCYTE INC,A
2022-10-17,2022-10-21,P,22500,0,1,0,1.662184,145412540,,0,VAXCYTE INC,A
2022-10-17,2022-10-21,P,25000,0.1,1.4,0,1.069651,145412541,,0,VAXCYTE INC,A
2022-10-17,2022-10-21,P,30000,3.5,5.1,0,1.150808,145412542,,0,VAXCYTE INC,A
2022-10-17,2022-10-21,P,35000,8.4,10.6,0,2.330938,149710794,,0,VAXCYTE INC,A
2022-10-17,2022-10-21,P,40000,13.4,15.3,0,2.672328,149710795,,0,VAXCYTE INC,A
2022-10-18,2022-10-21,C,10000,13.3,17.4,0,7.498445,145412527,,0,VAXCYTE INC,A
2022-10-18,2022-10-21,C,12500,11.1,14.9,0,6.420542,145412528,,0,VAXCYTE INC,A
2022-10-18,2022-10-21,C,15000,8.8,12.4,0,5.288443,145412529,,0,VAXCYTE INC,A
2022-10-18,2022-10-21,C,17500,6.2,9.9,0,3.937546,145412530,,0,VAXCYTE INC,A
2022-10-18,2022-10-21,C,20000,3.9,7.4,0,3.019386,145412531,,0,VAXCYTE INC,A
2022-10-18,2022-10-21,C,22500,1.15,5,0,1.838947,145412532,,0,VAXCYTE INC,A
2022-10-18,2022-10-21,C,25000,0,2.55,0,1.453903,145412533,,0,VAXCYTE INC,A
2022-10-18,2022-10-21,C,30000,0,0.75,0,1.965315,145412534,,0,VAXCYTE INC,A
2022-10-18,2022-10-21,C,35000,0,3.8,0,,149710792,,0,VAXCYTE INC,A
2022-10-18,2022-10-21,C,40000,0,0.1,0,2.517192,149710793,,0,VAXCYTE INC,A
2022-10-18,2022-10-21,P,10000,0,3.8,0,,145412535,,0,VAXCYTE INC,A
2022-10-18,2022-10-21,P,12500,0,3.8,0,,145412536,,0,VAXCYTE INC,A
2022-10-18,2022-10-21,P,15000,0,3.8,0,,145412537,,0,VAXCYTE INC,A
2022-10-18,2022-10-21,P,17500,0,3.8,0,,145412538,,0,VAXCYTE INC,A
2022-10-18,2022-10-21,P,20000,0,3.8,0,,145412539,,0,VAXCYTE INC,A
2022-10-18,2022-10-21,P,22500,0,0.95,0,1.584861,145412540,,0,VAXCYTE INC,A
2022-10-18,2022-10-21,P,25000,0.1,4.3,0,,145412541,,0,VAXCYTE INC,A
2022-10-18,2022-10-21,P,30000,4.3,6.9,0,2.213985,145412542,,0,VAXCYTE INC,A
2022-10-18,2022-10-21,P,35000,9.3,11.6,0,2.940731,149710794,,0,VAXCYTE INC,A
2022-10-18,2022-10-21,P,40000,14.3,17.2,0,4.327465,149710795,,0,VAXCYTE INC,A
2022-10-19,2022-10-21,C,10000,11.7,14.8,0,,145412527,,0,VAXCYTE INC,A
2022-10-19,2022-10-21,C,12500,8,12.4,0,4.343113,145412528,,0,VAXCYTE INC,A
2022-10-19,2022-10-21,C,15000,6.7,9.9,0,5.693521,145412529,,0,VAXCYTE INC,A
2022-10-19,2022-10-21,C,17500,4.2,7.3,0,3.9869,145412530,,0,VAXCYTE INC,A
2022-10-19,2022-10-21,C,20000,1.15,4.9,0,2.082058,145412531,,0,VAXCYTE INC,A
2022-10-19,2022-10-21,C,22500,0,2.3,0,1.62441,145412532,,0,VAXCYTE INC,A
2022-10-19,2022-10-21,C,25000,0,0.8,0,1.766146,145412533,,0,VAXCYTE INC,A
2022-10-19,2022-10-21,C,30000,0,3.8,0,,145412534,,0,VAXCYTE INC,A
2022-10-19,2022-10-21,C,35000,0,3.8,0,,149710792,,0,VAXCYTE INC,A
2022-10-19,2022-10-21,C,40000,0,0.1,0,3.638365,149710793,,0,VAXCYTE INC,A
2022-10-19,2022-10-21,P,10000,0,3.8,0,,145412535,,0,VAXCYTE INC,A
2022-10-19,2022-10-21,P,12500,0,3.8,0,,145412536,,0,VAXCYTE INC,A
2022-10-19,2022-10-21,P,15000,0,3.8,0,,145412537,,0,VAXCYTE INC,A
2022-10-19,2022-10-21,P,17500,0,3.8,0,,145412538,,0,VAXCYTE INC,A
2022-10-19,2022-10-21,P,20000,0,0.8,0,2.100481,145412539,,0,VAXCYTE INC,A
2022-10-19,2022-10-21,P,22500,0,1.4,0,1.148303,145412540,,0,VAXCYTE INC,A
2022-10-19,2022-10-21,P,25000,1.7,4.4,0,2.273323,145412541,,0,VAXCYTE INC,A
2022-10-19,2022-10-21,P,30000,5.6,9.5,0,2.692127,145412542,,0,VAXCYTE INC,A
2022-10-19,2022-10-21,P,35000,11.5,13.9,0,4.258083,149710794,,0,VAXCYTE INC,A
2022-10-19,2022-10-21,P,40000,16.7,19.4,0,6.164955,149710795,,0,VAXCYTE INC,A
2022-10-20,2022-10-21,C,10000,11.5,14.5,0,,145412527,,0,VAXCYTE INC,A
2022-10-20,2022-10-21,C,12500,9,12,0,,145412528,,0,VAXCYTE INC,A
2022-10-20,2022-10-21,C,15000,6.5,9.5,0,8.266108,145412529,,0,VAXCYTE INC,A
2022-10-20,2022-10-21,C,17500,4,7,0,5.928937,145412530,,0,VAXCYTE INC,A
2022-10-20,2022-10-21,C,20000,0.35,4.5,0,2.049547,145412531,,0,VAXCYTE INC,A
2022-10-20,2022-10-21,C,22500,0,2,0,2.419139,145412532,,0,VAXCYTE INC,A
2022-10-20,2022-10-21,C,25000,0,3.6,0,,145412533,,0,VAXCYTE INC,A
2022-10-20,2022-10-21,C,30000,0,3.8,0,,145412534,,0,VAXCYTE INC,A
2022-10-20,2022-10-21,C,35000,0,3.8,0,,149710792,,0,VAXCYTE INC,A
2022-10-20,2022-10-21,C,40000,0,0.1,0,5.290644,149710793,,0,VAXCYTE INC,A
2022-10-20,2022-10-21,P,10000,0,3.8,0,,145412535,,0,VAXCYTE INC,A
2022-10-20,2022-10-21,P,12500,0,3.8,0,,145412536,,0,VAXCYTE INC,A
2022-10-20,2022-10-21,P,15000,0,3.8,0,,145412537,,0,VAXCYTE INC,A
2022-10-20,2022-10-21,P,17500,0,3.8,0,,145412538,,0,VAXCYTE INC,A
2022-10-20,2022-10-21,P,20000,0,2.3,0,4.729146,145412539,,0,VAXCYTE INC,A
2022-10-20,2022-10-21,P,22500,0,1.7,0,1.516059,145412540,,0,VAXCYTE INC,A
2022-10-20,2022-10-21,P,25000,0.1,3.6,0,,145412541,,0,VAXCYTE INC,A
2022-10-20,2022-10-21,P,30000,6.1,8.6,0,,145412542,,0,VAXCYTE INC,A
2022-10-20,2022-10-21,P,35000,11.3,13.6,0,,149710794,,0,VAXCYTE INC,A
2022-10-20,2022-10-21,P,40000,16.9,18.5,0,,149710795,,0,VAXCYTE INC,A
2022-10-21,2022-10-21,C,10000,9.1,12.9,0,,145412527,,0,VAXCYTE INC,A
2022-10-21,2022-10-21,C,12500,6.4,10.4,0,,145412528,,0,VAXCYTE INC,A
2022-10-21,2022-10-21,C,15000,4.6,7.8,1,,145412529,,0,VAXCYTE INC,A
2022-10-21,2022-10-21,C,17500,2.35,5.3,0,,145412530,,0,VAXCYTE INC,A
2022-10-21,2022-10-21,C,20000,0,2.85,0,,145412531,,0,VAXCYTE INC,A
2022-10-21,2022-10-21,C,22500,0,3.5,0,,145412532,,0,VAXCYTE INC,A
2022-10-21,2022-10-21,C,25000,0,3.8,0,,145412533,,0,VAXCYTE INC,A
2022-10-21,2022-10-21,C,30000,0,3.8,0,,145412534,,0,VAXCYTE INC,A
2022-10-21,2022-10-21,C,35000,0,3.8,0,,149710792,,0,VAXCYTE INC,A
2022-10-21,2022-10-21,C,40000,0,0.1,0,,149710793,,0,VAXCYTE INC,A
2022-10-21,2022-10-21,P,10000,0,3.8,0,,145412535,,0,VAXCYTE INC,A
2022-10-21,2022-10-21,P,12500,0,3.8,0,,145412536,,0,VAXCYTE INC,A
2022-10-21,2022-10-21,P,15000,0,3.8,0,,145412537,,0,VAXCYTE INC,A
2022-10-21,2022-10-21,P,17500,0,3.8,0,,145412538,,0,VAXCYTE INC,A
2022-10-21,2022-10-21,P,20000,0,3.1,0,,145412539,,0,VAXCYTE INC,A
2022-10-21,2022-10-21,P,22500,0.5,4.8,0,,145412540,,0,VAXCYTE INC,A
2022-10-21,2022-10-21,P,25000,3.4,5.8,0,,145412541,,0,VAXCYTE INC,A
2022-10-21,2022-10-21,P,30000,8,11.2,0,,145412542,,0,VAXCYTE INC,A
2022-10-21,2022-10-21,P,35000,13.1,15.5,0,,149710794,,0,VAXCYTE INC,A
2022-10-21,2022-10-21,P,40000,17.7,20.2,0,,149710795,,0,VAXCYTE INC,A
2022-11-14,2022-11-18,C,15000,28.3,31.8,0,8.126618,149492308,,0,VAXCYTE INC,A
2022-11-14,2022-11-18,C,17500,26.4,28.1,0,6.436975,149492309,,0,VAXCYTE INC,A
2022-11-14,2022-11-18,C,20000,23,25.9,0,4.91392,149492310,,0,VAXCYTE INC,A
2022-11-14,2022-11-18,C,22500,21.3,23.3,0,4.988466,149492311,,0,VAXCYTE INC,A
2022-11-14,2022-11-18,C,25000,17.8,20.6,0,3.018889,149492312,,0,VAXCYTE INC,A
2022-11-14,2022-11-18,C,30000,13.7,16.1,70,3.320698,149492313,,0,VAXCYTE INC,A
2022-11-14,2022-11-18,C,35000,8.2,9.7,100,,149492314,,0,VAXCYTE INC,A
2022-11-14,2022-11-18,C,40000,4.1,5.3,8,1.18224,149492315,,0,VAXCYTE INC,A
2022-11-14,2022-11-18,C,45000,0.75,1.6,13,0.862542,150466497,,0,VAXCYTE INC,A
2022-11-14,2022-11-18,C,50000,0,0.55,0,1.00499,150466498,,0,VAXCYTE INC,A
2022-11-14,2022-11-18,C,55000,0,1.4,0,1.945724,150524706,,0,VAXCYTE INC,A
2022-11-14,2022-11-18,C,60000,0,0.5,0,1.877391,150524707,,0,VAXCYTE INC,A
2022-11-14,2022-11-18,P,15000,0,0.05,0,4.183595,149492316,,0,VAXCYTE INC,A
2022-11-14,2022-11-18,P,17500,0,0.05,0,3.615712,149492317,,0,VAXCYTE INC,A
2022-11-14,2022-11-18,P,20000,0,0.05,0,3.124639,149492318,,0,VAXCYTE INC,A
2022-11-14,2022-11-18,P,22500,0,0.15,0,3.126501,149492319,,0,VAXCYTE INC,A
2022-11-14,2022-11-18,P,25000,0,0.05,0,2.301933,149492320,,0,VAXCYTE INC,A
2022-11-14,2022-11-18,P,30000,0,0.05,24,1.621323,149492321,,0,VAXCYTE INC,A
2022-11-14,2022-11-18,P,35000,0,0.05,56,1.030765,149492322,,0,VAXCYTE INC,A
2022-11-14,2022-11-18,P,40000,0.2,0.25,285,0.809076,149492323,,0,VAXCYTE INC,A
2022-11-14,2022-11-18,P,45000,1.35,2,59,0.613522,150466499,,0,VAXCYTE INC,A
2022-11-14,2022-11-18,P,50000,4,7.4,0,,150466500,,0,VAXCYTE INC,A
2022-11-14,2022-11-18,P,55000,9.2,12.3,0,,150524708,,0,VAXCYTE INC,A
2022-11-14,2022-11-18,P,60000,14.2,17.3,0,,150524709,,0,VAXCYTE INC,A
2022-11-15,2022-11-18,C,15000,27.3,31.5,0,7.301898,149492308,,0,VAXCYTE INC,A
2022-11-15,2022-11-18,C,17500,24.9,29,0,6.524515,149492309,,0,VAXCYTE INC,A
2022-11-15,2022-11-18,C,20000,22.8,26.5,0,6.24148,149492310,,0,VAXCYTE INC,A
2022-11-15,2022-11-18,C,22500,20.5,24,0,5.65835,149492311,,0,VAXCYTE INC,A
2022-11-15,2022-11-18,C,25000,18,21.5,0,4.915076,149492312,,0,VAXCYTE INC,A
2022-11-15,2022-11-18,C,30000,13.7,14,53,,149492313,,0,VAXCYTE INC,A
2022-11-15,2022-11-18,C,35000,8,11.5,5,2.479603,149492314,,0,VAXCYTE INC,A
2022-11-15,2022-11-18,C,40000,2.95,5,5,,149492315,,0,VAXCYTE INC,A
2022-11-15,2022-11-18,C,45000,0.7,1.45,76,0.932927,150466497,,0,VAXCYTE INC,A
2022-11-15,2022-11-18,C,50000,0,1,200,1.402379,150466498,,0,VAXCYTE INC,A
2022-11-15,2022-11-18,C,55000,0,1.4,0,2.247308,150524706,,0,VAXCYTE INC,A
2022-11-15,2022-11-18,C,60000,0,0.5,0,2.168292,150524707,,0,VAXCYTE INC,A
2022-11-15,2022-11-18,P,15000,0,0.05,0,4.83043,149492316,,0,VAXCYTE INC,A
2022-11-15,2022-11-18,P,17500,0,0.05,0,4.174696,149492317,,0,VAXCYTE INC,A
2022-11-15,2022-11-18,P,20000,0,0.05,0,3.607655,149492318,,0,VAXCYTE INC,A
2022-11-15,2022-11-18,P,22500,0,0.05,0,3.107042,149492319,,0,VAXCYTE INC,A
2022-11-15,2022-11-18,P,25000,0,0.05,1,2.657673,149492320,,0,VAXCYTE INC,A
2022-11-15,2022-11-18,P,30000,0,0.05,0,1.871766,149492321,,0,VAXCYTE INC,A
2022-11-15,2022-11-18,P,35000,0,0.05,0,1.189836,149492322,,0,VAXCYTE INC,A
2022-11-15,2022-11-18,P,40000,0.05,0.45,91,0.964591,149492323,,0,VAXCYTE INC,A
2022-11-15,2022-11-18,P,45000,0.3,2.5,0,0.522741,150466499,,0,VAXCYTE INC,A
2022-11-15,2022-11-18,P,50000,5,7.1,0,0.900447,150466500,,0,VAXCYTE INC,A
2022-11-15,2022-11-18,P,55000,10,12.1,0,1.396984,150524708,,0,VAXCYTE INC,A
2022-11-15,2022-11-18,P,60000,14.9,18.5,0,2.856632,150524709,,0,VAXCYTE INC,A
2022-11-16,2022-11-18,C,15000,28,29.7,0,,149492308,,0,VAXCYTE INC,A
2022-11-16,2022-11-18,C,17500,25.4,28.4,0,,149492309,,0,VAXCYTE INC,A
2022-11-16,2022-11-18,C,20000,22.7,25.6,0,8.103181,149492310,,0,VAXCYTE INC,A
2022-11-16,2022-11-18,C,22500,20.5,22.5,0,6.668293,149492311,,0,VAXCYTE INC,A
2022-11-16,2022-11-18,C,25000,17.3,21,0,6.117186,149492312,,0,VAXCYTE INC,A
2022-11-16,2022-11-18,C,30000,12.9,13.3,63,,149492313,,0,VAXCYTE INC,A
2022-11-16,2022-11-18,C,35000,8,9.4,6,2.327293,149492314,,0,VAXCYTE INC,A
2022-11-16,2022-11-18,C,40000,3.3,4.1,11,1.17082,149492315,,0,VAXCYTE INC,A
2022-11-16,2022-11-18,C,45000,0.1,0.55,1,0.707545,150466497,,0,VAXCYTE INC,A
2022-11-16,2022-11-18,C,50000,0,0.3,3,1.327935,150466498,,0,VAXCYTE INC,A
2022-11-16,2022-11-18,C,55000,0,1.4,0,2.893298,150524706,,0,VAXCYTE INC,A
2022-11-16,2022-11-18,C,60000,0,0.5,0,2.767233,150524707,,0,VAXCYTE INC,A
2022-11-16,2022-11-18,P,15000,0,0.05,0,5.844045,149492316,,0,VAXCYTE INC,A
2022-11-16,2022-11-18,P,17500,0,0.05,0,5.039813,149492317,,0,VAXCYTE INC,A
2022-11-16,2022-11-18,P,20000,0,0.05,0,4.344171,149492318,,0,VAXCYTE INC,A
2022-11-16,2022-11-18,P,22500,0,0.05,10,3.729808,149492319,,0,VAXCYTE INC,A
2022-11-16,2022-11-18,P,25000,0,0.05,0,3.178078,149492320,,0,VAXCYTE INC,A
2022-11-16,2022-11-18,P,30000,0,0.05,0,2.212256,149492321,,0,VAXCYTE INC,A
2022-11-16,2022-11-18,P,35000,0.05,0.2,27,1.82061,149492322,,0,VAXCYTE INC,A
2022-11-16,2022-11-18,P,40000,0.05,0.2,32,0.851634,149492323,,0,VAXCYTE INC,A
2022-11-16,2022-11-18,P,45000,1.45,2.45,0,0.689946,150466499,,0,VAXCYTE INC,A
2022-11-16,2022-11-18,P,50000,5.7,7.8,0,1.229823,150466500,,0,VAXCYTE INC,A
2022-11-16,2022-11-18,P,55000,9.5,13.7,0,,150524708,,0,VAXCYTE INC,A
2022-11-16,2022-11-18,P,60000,15.1,17.7,0,,150524709,,0,VAXCYTE INC,A
2022-11-17,2022-11-18,C,15000,26.4,31,0,,149492308,,0,VAXCYTE INC,A
2022-11-17,2022-11-18,C,17500,24.2,28.5,0,,149492309,,0,VAXCYTE INC,A
2022-11-17,2022-11-18,C,20000,21.9,26,0,,149492310,,0,VAXCYTE INC,A
2022-11-17,2022-11-18,C,22500,19.2,23,0,8.057241,149492311,,0,VAXCYTE INC,A
2022-11-17,2022-11-18,C,25000,17,21,0,8.445855,149492312,,0,VAXCYTE INC,A
2022-11-17,2022-11-18,C,30000,12,13.3,55,,149492313,,0,VAXCYTE INC,A
2022-11-17,2022-11-18,C,35000,7.1,9.7,0,2.604513,149492314,,0,VAXCYTE INC,A
2022-11-17,2022-11-18,C,40000,2.85,3.5,24,,149492315,,0,VAXCYTE INC,A
2022-11-17,2022-11-18,C,45000,0.05,0.2,30,0.715672,150466497,,0,VAXCYTE INC,A
2022-11-17,2022-11-18,C,50000,0,1,1,2.660893,150466498,,0,VAXCYTE INC,A
2022-11-17,2022-11-18,C,55000,0,1.4,0,4.118736,150524706,,0,VAXCYTE INC,A
2022-11-17,2022-11-18,C,60000,0,0.1,0,2.964967,150524707,,0,VAXCYTE INC,A
2022-11-17,2022-11-18,P,15000,0,0.05,0,8.250729,149492316,,0,VAXCYTE INC,A
2022-11-17,2022-11-18,P,17500,0,0.05,0,7.113161,149492317,,0,VAXCYTE INC,A
2022-11-17,2022-11-18,P,20000,0,0.05,0,6.129157,149492318,,0,VAXCYTE INC,A
2022-11-17,2022-11-18,P,22500,0,0.05,0,5.260081,149492319,,0,VAXCYTE INC,A
2022-11-17,2022-11-18,P,25000,0,0.05,1,4.479555,149492320,,0,VAXCYTE INC,A
2022-11-17,2022-11-18,P,30000,0,0.05,11,3.113039,149492321,,0,VAXCYTE INC,A
2022-11-17,2022-11-18,P,35000,0,0.05,45,1.924252,149492322,,0,VAXCYTE INC,A
2022-11-17,2022-11-18,P,40000,0,0.05,42,0.82744,149492323,,0,VAXCYTE INC,A
2022-11-17,2022-11-18,P,45000,1.35,2.65,13,0.943833,150466499,,0,VAXCYTE INC,A
2022-11-17,2022-11-18,P,50000,5.6,8.5,0,2.302894,150466500,,0,VAXCYTE INC,A
2022-11-17,2022-11-18,P,55000,10.6,12.8,0,,150524708,,0,VAXCYTE INC,A
2022-11-17,2022-11-18,P,60000,15.4,17.8,0,,150524709,,0,VAXCYTE INC,A
2022-11-18,2022-11-18,C,15000,28,31.5,0,,149492308,,0,VAXCYTE INC,A
2022-11-18,2022-11-18,C,17500,25.5,29,0,,149492309,,0,VAXCYTE INC,A
2022-11-18,2022-11-18,C,20000,22.9,26.5,0,,149492310,,0,VAXCYTE INC,A
2022-11-18,2022-11-18,C,22500,19.8,24,0,,149492311,,0,VAXCYTE INC,A
2022-11-18,2022-11-18,C,25000,18,21.5,0,,149492312,,0,VAXCYTE INC,A
2022-11-18,2022-11-18,C,30000,12.3,16.5,61,,149492313,,0,VAXCYTE INC,A
2022-11-18,2022-11-18,C,35000,8,11.5,7,,149492314,,0,VAXCYTE INC,A
2022-11-18,2022-11-18,C,40000,1.95,4.3,348,,149492315,,0,VAXCYTE INC,A
2022-11-18,2022-11-18,C,45000,0,0.05,307,,150466497,,0,VAXCYTE INC,A
2022-11-18,2022-11-18,C,50000,0,0.05,1,,150466498,,0,VAXCYTE INC,A
2022-11-18,2022-11-18,C,55000,0,1.4,0,,150524706,,0,VAXCYTE INC,A
2022-11-18,2022-11-18,C,60000,0,0.1,0,,150524707,,0,VAXCYTE INC,A
2022-11-18,2022-11-18,P,15000,0,0.05,0,,149492316,,0,VAXCYTE INC,A
2022-11-18,2022-11-18,P,17500,0,0.05,0,,149492317,,0,VAXCYTE INC,A
2022-11-18,2022-11-18,P,20000,0,0.05,0,,149492318,,0,VAXCYTE INC,A
2022-11-18,2022-11-18,P,22500,0,0.05,0,,149492319,,0,VAXCYTE INC,A
2022-11-18,2022-11-18,P,25000,0,0.05,0,,149492320,,0,VAXCYTE INC,A
2022-11-18,2022-11-18,P,30000,0,0.05,0,,149492321,,0,VAXCYTE INC,A
2022-11-18,2022-11-18,P,35000,0,0.05,2,,149492322,,0,VAXCYTE INC,A
2022-11-18,2022-11-18,P,40000,0,0.05,23,,149492323,,0,VAXCYTE INC,A
2022-11-18,2022-11-18,P,45000,0,3.7,24,,150466499,,0,VAXCYTE INC,A
2022-11-18,2022-11-18,P,50000,4.9,7.1,3,,150466500,,0,VAXCYTE INC,A
2022-11-18,2022-11-18,P,55000,9.1,12.8,0,,150524708,,0,VAXCYTE INC,A
2022-11-18,2022-11-18,P,60000,14.9,17.6,0,,150524709,,0,VAXCYTE INC,A
2022-12-12,2022-12-16,C,15000,27.5,31.3,0,5.737433,149492324,,0,VAXCYTE INC,A
2022-12-12,2022-12-16,C,17500,24.7,28.9,0,4.460856,149492325,,0,VAXCYTE INC,A
2022-12-12,2022-12-16,C,20000,23.6,26.1,0,5.544991,149492326,,0,VAXCYTE INC,A
2022-12-12,2022-12-16,C,22500,19.5,24,0,3.039934,149492327,,0,VAXCYTE INC,A
2022-12-12,2022-12-16,C,25000,17.3,21.4,0,3.062682,149492328,,0,VAXCYTE INC,A
2022-12-12,2022-12-16,C,30000,13.6,16,0,3.020132,149492329,,0,VAXCYTE INC,A
2022-12-12,2022-12-16,C,35000,8.6,11.2,0,2.171863,149492330,,0,VAXCYTE INC,A
2022-12-12,2022-12-16,C,40000,3.5,6.8,0,1.432821,149492331,,0,VAXCYTE INC,A
2022-12-12,2022-12-16,C,45000,0.85,3.2,12,1.29237,150466501,,0,VAXCYTE INC,A
2022-12-12,2022-12-16,C,50000,0.1,0.25,51,0.872124,150466502,,0,VAXCYTE INC,A
2022-12-12,2022-12-16,C,55000,0.05,0.1,0,1.133946,150524710,,0,VAXCYTE INC,A
2022-12-12,2022-12-16,C,60000,0,2,0,2.67555,150524711,,0,VAXCYTE INC,A
2022-12-12,2022-12-16,C,65000,0,2.5,0,3.327684,150599534,,0,VAXCYTE INC,A
2022-12-12,2022-12-16,P,15000,0,5,0,,149492332,,0,VAXCYTE INC,A
2022-12-12,2022-12-16,P,17500,0,5,0,,149492333,,0,VAXCYTE INC,A
2022-12-12,2022-12-16,P,20000,0,0.05,0,3.13533,149492334,,0,VAXCYTE INC,A
2022-12-12,2022-12-16,P,22500,0,1,0,4.508818,149492335,,0,VAXCYTE INC,A
2022-12-12,2022-12-16,P,25000,0,0.5,0,3.343081,149492336,,0,VAXCYTE INC,A
2022-12-12,2022-12-16,P,30000,0,0.05,0,1.632835,149492337,,0,VAXCYTE INC,A
2022-12-12,2022-12-16,P,35000,0,0.1,38,1.160762,149492338,,0,VAXCYTE INC,A
2022-12-12,2022-12-16,P,40000,0.05,0.55,8,0.905863,149492339,,0,VAXCYTE INC,A
2022-12-12,2022-12-16,P,45000,1.55,4,1,1.264111,150466503,,0,VAXCYTE INC,A
2022-12-12,2022-12-16,P,50000,4.9,7,0,0.832744,150466504,,0,VAXCYTE INC,A
2022-12-12,2022-12-16,P,55000,8.9,11.7,0,,150524712,,0,VAXCYTE INC,A
2022-12-12,2022-12-16,P,60000,14.8,16.7,0,,150524713,,0,VAXCYTE INC,A
2022-12-12,2022-12-16,P,65000,19.2,21.8,0,,150599535,,0,VAXCYTE INC,A
2022-12-13,2022-12-16,C,15000,29.4,32.8,0,8.751467,149492324,,0,VAXCYTE INC,A
2022-12-13,2022-12-16,C,17500,27.1,30.5,0,8.150478,149492325,,0,VAXCYTE INC,A
2022-12-13,2022-12-16,C,20000,24.5,27.7,0,6.694378,149492326,,0,VAXCYTE INC,A
2022-12-13,2022-12-16,C,22500,22.1,25.2,0,5.968638,149492327,,0,VAXCYTE INC,A
2022-12-13,2022-12-16,C,25000,19.4,22.9,0,5.215317,149492328,,0,VAXCYTE INC,A
2022-12-13,2022-12-16,C,30000,15.1,17.2,0,3.902876,149492329,,0,VAXCYTE INC,A
2022-12-13,2022-12-16,C,35000,10,12.1,0,2.638501,149492330,,0,VAXCYTE INC,A
2022-12-13,2022-12-16,C,40000,5.1,7.3,0,1.750551,149492331,,0,VAXCYTE INC,A
2022-12-13,2022-12-16,C,45000,0.95,4.5,5,1.548458,150466501,,0,VAXCYTE INC,A
2022-12-13,2022-12-16,C,50000,0.15,0.2,10,0.839773,150466502,,0,VAXCYTE INC,A
2022-12-13,2022-12-16,C,55000,0,0.05,3,0.985326,150524710,,0,VAXCYTE INC,A
2022-12-13,2022-12-16,C,60000,0,0.2,1,1.668179,150524711,,0,VAXCYTE INC,A
2022-12-13,2022-12-16,C,65000,0,2,1,3.400327,150599534,,0,VAXCYTE INC,A
2022-12-13,2022-12-16,P,15000,0,2,0,,149492332,,0,VAXCYTE INC,A
2022-12-13,2022-12-16,P,17500,0,2,0,8.329653,149492333,,0,VAXCYTE INC,A
2022-12-13,2022-12-16,P,20000,0,0.05,0,3.720871,149492334,,0,VAXCYTE INC,A
2022-12-13,2022-12-16,P,22500,0,1,0,5.345901,149492335,,0,VAXCYTE INC,A
2022-12-13,2022-12-16,P,25000,0,0.5,0,3.992265,149492336,,0,VAXCYTE INC,A
2022-12-13,2022-12-16,P,30000,0,0.05,0,1.993555,149492337,,0,VAXCYTE INC,A
2022-12-13,2022-12-16,P,35000,0,0.25,0,1.72541,149492338,,0,VAXCYTE INC,A
2022-12-13,2022-12-16,P,40000,0,0.25,9,0.966861,149492339,,0,VAXCYTE INC,A
2022-12-13,2022-12-16,P,45000,0.7,1.4,0,0.7542,150466503,,0,VAXCYTE INC,A
2022-12-13,2022-12-16,P,50000,2.95,6.3,0,,150466504,,0,VAXCYTE INC,A
2022-12-13,2022-12-16,P,55000,7.7,10.6,0,,150524712,,0,VAXCYTE INC,A
2022-12-13,2022-12-16,P,60000,13.1,17,0,2.274719,150524713,,0,VAXCYTE INC,A
2022-12-13,2022-12-16,P,65000,17.4,22,0,1.979922,150599535,,0,VAXCYTE INC,A
2022-12-14,2022-12-16,C,15000,29,32.9,0,8.3906,149492324,,0,VAXCYTE INC,A
2022-12-14,2022-12-16,C,17500,27.4,30.5,0,,149492325,,0,VAXCYTE INC,A
2022-12-14,2022-12-16,C,20000,24.9,27.9,0,8.105229,149492326,,0,VAXCYTE INC,A
2022-12-14,2022-12-16,C,22500,22.9,25.3,0,7.615554,149492327,,0,VAXCYTE INC,A
2022-12-14,2022-12-16,C,25000,20.1,22.5,0,5.957431,149492328,,0,VAXCYTE INC,A
2022-12-14,2022-12-16,C,30000,14.4,17.7,0,3.85486,149492329,,0,VAXCYTE INC,A
2022-12-14,2022-12-16,C,35000,9.6,12.9,0,3.052877,149492330,,0,VAXCYTE INC,A
2022-12-14,2022-12-16,C,40000,4.3,8.3,3,1.929275,149492331,,0,VAXCYTE INC,A
2022-12-14,2022-12-16,C,45000,0.85,4.4,5,1.6745,150466501,,0,VAXCYTE INC,A
2022-12-14,2022-12-16,C,50000,0.1,0.15,10,0.885826,150466502,,0,VAXCYTE INC,A
2022-12-14,2022-12-16,C,55000,0,0.05,0,1.165197,150524710,,0,VAXCYTE INC,A
2022-12-14,2022-12-16,C,60000,0,0.3,0,2.151004,150524711,,0,VAXCYTE INC,A
2022-12-14,2022-12-16,C,65000,0,2.5,0,4.392011,150599534,,0,VAXCYTE INC,A
2022-12-14,2022-12-16,P,15000,0,5,0,,149492332,,0,VAXCYTE INC,A
2022-12-14,2022-12-16,P,17500,0,5,0,,149492333,,0,VAXCYTE INC,A
2022-12-14,2022-12-16,P,20000,0,0.05,0,4.592196,149492334,,0,VAXCYTE INC,A
2022-12-14,2022-12-16,P,22500,0,1,0,6.595897,149492335,,0,VAXCYTE INC,A
2022-12-14,2022-12-16,P,25000,0,0.5,0,4.935441,149492336,,0,VAXCYTE INC,A
2022-12-14,2022-12-16,P,30000,0,0.05,0,2.479258,149492337,,0,VAXCYTE INC,A
2022-12-14,2022-12-16,P,35000,0,0.15,0,1.964054,149492338,,0,VAXCYTE INC,A
2022-12-14,2022-12-16,P,40000,0,0.5,5,1.47831,149492339,,0,VAXCYTE INC,A
2022-12-14,2022-12-16,P,45000,0.35,0.85,0,0.686092,150466503,,0,VAXCYTE INC,A
2022-12-14,2022-12-16,P,50000,3.4,5.7,0,1.11277,150466504,,0,VAXCYTE INC,A
2022-12-14,2022-12-16,P,55000,8.1,10.4,0,,150524712,,0,VAXCYTE INC,A
2022-12-14,2022-12-16,P,60000,12.8,15.9,0,1.913171,150524713,,0,VAXCYTE INC,A
2022-12-14,2022-12-16,P,65000,17.9,20.7,0,2.032234,150599535,,0,VAXCYTE INC,A
2022-12-15,2022-12-16,C,15000,29.1,32.9,0,,149492324,,0,VAXCYTE INC,A
2022-12-15,2022-12-16,C,17500,26,30.5,0,,149492325,,0,VAXCYTE INC,A
2022-12-15,2022-12-16,C,20000,23.3,28,0,8.508641,149492326,,0,VAXCYTE INC,A
2022-12-15,2022-12-16,C,22500,21,25.5,0,8.093811,149492327,,0,VAXCYTE INC,A
2022-12-15,2022-12-16,C,25000,18.5,22.9,0,6.742951,149492328,,0,VAXCYTE INC,A
2022-12-15,2022-12-16,C,30000,13.8,17.9,0,5.562987,149492329,,0,VAXCYTE INC,A
2022-12-15,2022-12-16,C,35000,9.4,12.6,0,4.243971,149492330,,0,VAXCYTE INC,A
2022-12-15,2022-12-16,C,40000,4.5,7.3,3,2.379097,149492331,,0,VAXCYTE INC,A
2022-12-15,2022-12-16,C,45000,0.5,1.1,1,0.55279,150466501,,0,VAXCYTE INC,A
2022-12-15,2022-12-16,C,50000,0.1,0.15,27,1.309649,150466502,,0,VAXCYTE INC,A
2022-12-15,2022-12-16,C,55000,0,0.05,0,1.689472,150524710,,0,VAXCYTE INC,A
2022-12-15,2022-12-16,C,60000,0,0.2,0,2.869812,150524711,,0,VAXCYTE INC,A
2022-12-15,2022-12-16,C,65000,0,2,0,5.861659,150599534,,0,VAXCYTE INC,A
2022-12-15,2022-12-16,P,15000,0,2,0,,149492332,,0,VAXCYTE INC,A
2022-12-15,2022-12-16,P,17500,0,2,0,,149492333,,0,VAXCYTE INC,A
2022-12-15,2022-12-16,P,20000,0,0.05,0,6.459088,149492334,,0,VAXCYTE INC,A
2022-12-15,2022-12-16,P,22500,0,1,0,,149492335,,0,VAXCYTE INC,A
2022-12-15,2022-12-16,P,25000,0,0.5,0,6.933554,149492336,,0,VAXCYTE INC,A
2022-12-15,2022-12-16,P,30000,0,0.05,0,3.468426,149492337,,0,VAXCYTE INC,A
2022-12-15,2022-12-16,P,35000,0,0.05,0,2.299465,149492338,,0,VAXCYTE INC,A
2022-12-15,2022-12-16,P,40000,0,0.05,4,1.241673,149492339,,0,VAXCYTE INC,A
2022-12-15,2022-12-16,P,45000,0.05,1.85,11,1.245558,150466503,,0,VAXCYTE INC,A
2022-12-15,2022-12-16,P,50000,2.95,6.8,0,1.781159,150466504,,0,VAXCYTE INC,A
2022-12-15,2022-12-16,P,55000,7.6,11.5,0,1.76425,150524712,,0,VAXCYTE INC,A
2022-12-15,2022-12-16,P,60000,12.5,16.6,0,2.422048,150524713,,0,VAXCYTE INC,A
2022-12-15,2022-12-16,P,65000,17.3,21.6,0,,150599535,,0,VAXCYTE INC,A
2022-12-16,2022-12-16,C,15000,29.3,33.5,0,,149492324,,0,VAXCYTE INC,A
2022-12-16,2022-12-16,C,17500,26.6,31,0,,149492325,,0,VAXCYTE INC,A
2022-12-16,2022-12-16,C,20000,24.4,28.5,0,,149492326,,0,VAXCYTE INC,A
2022-12-16,2022-12-16,C,22500,21.8,26,0,,149492327,,0,VAXCYTE INC,A
2022-12-16,2022-12-16,C,25000,19.6,23.5,0,,149492328,,0,VAXCYTE INC,A
2022-12-16,2022-12-16,C,30000,14.8,18.5,0,,149492329,,0,VAXCYTE INC,A
2022-12-16,2022-12-16,C,35000,9.2,13.5,0,,149492330,,0,VAXCYTE INC,A
2022-12-16,2022-12-16,C,40000,5.1,8.5,324,,149492331,,0,VAXCYTE INC,A
2022-12-16,2022-12-16,C,45000,0.1,5,6,,150466501,,0,VAXCYTE INC,A
2022-12-16,2022-12-16,C,50000,0,0.1,192,,150466502,,0,VAXCYTE INC,A
2022-12-16,2022-12-16,C,55000,0,0.05,0,,150524710,,0,VAXCYTE INC,A
2022-12-16,2022-12-16,C,60000,0,2,0,,150524711,,0,VAXCYTE INC,A
2022-12-16,2022-12-16,C,65000,0,0.05,0,,150599534,,0,VAXCYTE INC,A
2022-12-16,2022-12-16,P,15000,0,3.9,0,,149492332,,0,VAXCYTE INC,A
2022-12-16,2022-12-16,P,17500,0,3.9,0,,149492333,,0,VAXCYTE INC,A
2022-12-16,2022-12-16,P,20000,0,0.05,0,,149492334,,0,VAXCYTE INC,A
2022-12-16,2022-12-16,P,22500,0,0.05,0,,149492335,,0,VAXCYTE INC,A
2022-12-16,2022-12-16,P,25000,0,0.1,0,,149492336,,0,VAXCYTE INC,A
2022-12-16,2022-12-16,P,30000,0,0.05,0,,149492337,,0,VAXCYTE INC,A
2022-12-16,2022-12-16,P,35000,0,0.05,0,,149492338,,0,VAXCYTE INC,A
2022-12-16,2022-12-16,P,40000,0,0.05,8,,149492339,,0,VAXCYTE INC,A
2022-12-16,2022-12-16,P,45000,0,0.05,0,,150466503,,0,VAXCYTE INC,A
2022-12-16,2022-12-16,P,50000,3.2,5,0,,150466504,,0,VAXCYTE INC,A
2022-12-16,2022-12-16,P,55000,8,10.3,0,,150524712,,0,VAXCYTE INC,A
2022-12-16,2022-12-16,P,60000,12.5,16.5,0,,150524713,,0,VAXCYTE INC,A
2022-12-16,2022-12-16,P,65000,17.2,20.1,0,,150599535,,0,VAXCYTE INC,A
2023-01-17,2023-01-20,C,12500,31.1,34.4,0,8.337662,147228491,,0,VAXCYTE INC,A
2023-01-17,2023-01-20,C,15000,28.1,32,0,6.032861,147228492,,0,VAXCYTE INC,A
2023-01-17,2023-01-20,C,17500,25.7,29.4,0,5.234626,147228493,,0,VAXCYTE INC,A
2023-01-17,2023-01-20,C,20000,23.4,27,0,5.284925,147228494,,0,VAXCYTE INC,A
2023-01-17,2023-01-20,C,22500,20.6,24.4,0,3.598112,147228495,,0,VAXCYTE INC,A
2023-01-17,2023-01-20,C,25000,18.4,21.1,0,,147228496,,0,VAXCYTE INC,A
2023-01-17,2023-01-20,C,30000,14,16.7,0,3.233527,147228497,,0,VAXCYTE INC,A
2023-01-17,2023-01-20,C,35000,8.6,11.4,0,1.455628,147228498,,0,VAXCYTE INC,A
2023-01-17,2023-01-20,C,40000,4,6.6,0,1.22567,149710796,,0,VAXCYTE INC,A
2023-01-17,2023-01-20,C,45000,0.5,1.7,0,0.693395,150466505,,0,VAXCYTE INC,A
2023-01-17,2023-01-20,C,50000,0,4,0,,150466506,,0,VAXCYTE INC,A
2023-01-17,2023-01-20,C,55000,0,2.05,0,2.397536,150524714,,0,VAXCYTE INC,A
2023-01-17,2023-01-20,C,60000,0,0.1,0,1.535877,150524715,,0,VAXCYTE INC,A
2023-01-17,2023-01-20,C,65000,0,0.1,0,1.882264,150599536,,0,VAXCYTE INC,A
2023-01-17,2023-01-20,P,12500,0,3.9,0,,147228499,,0,VAXCYTE INC,A
2023-01-17,2023-01-20,P,15000,0,3.9,0,,147228500,,0,VAXCYTE INC,A
2023-01-17,2023-01-20,P,17500,0,3.9,0,,147228501,,0,VAXCYTE INC,A
2023-01-17,2023-01-20,P,20000,0,0.15,0,4.26442,147228502,,0,VAXCYTE INC,A
2023-01-17,2023-01-20,P,22500,0,3.9,0,,147228503,,0,VAXCYTE INC,A
2023-01-17,2023-01-20,P,25000,0,0.05,0,2.73658,147228504,,0,VAXCYTE INC,A
2023-01-17,2023-01-20,P,30000,0,0.1,0,2.152973,147228505,,0,VAXCYTE INC,A
2023-01-17,2023-01-20,P,35000,0,0.05,0,1.276491,147228506,,0,VAXCYTE INC,A
2023-01-17,2023-01-20,P,40000,0,1.8,351,1.746379,149710797,,0,VAXCYTE INC,A
2023-01-17,2023-01-20,P,45000,0.6,1.85,10,0.735934,150466507,,0,VAXCYTE INC,A
2023-01-17,2023-01-20,P,50000,4.3,6.1,0,0.855068,150466508,,0,VAXCYTE INC,A
2023-01-17,2023-01-20,P,55000,9.2,11.9,0,1.885919,150524716,,0,VAXCYTE INC,A
2023-01-17,2023-01-20,P,60000,13.9,16.4,0,1.693982,150524717,,0,VAXCYTE INC,A
2023-01-17,2023-01-20,P,65000,19.4,22,0,3.073572,150599537,,0,VAXCYTE INC,A
2023-01-18,2023-01-20,C,12500,30.4,34.5,0,,147228491,,0,VAXCYTE INC,A
2023-01-18,2023-01-20,C,15000,28.3,32,0,,147228492,,0,VAXCYTE INC,A
2023-01-18,2023-01-20,C,17500,25.4,29.5,0,7.977297,147228493,,0,VAXCYTE INC,A
2023-01-18,2023-01-20,C,20000,23.3,27,0,7.659266,147228494,,0,VAXCYTE INC,A
2023-01-18,2023-01-20,C,22500,20.3,24.5,0,5.87133,147228495,,0,VAXCYTE INC,A
2023-01-18,2023-01-20,C,25000,17.9,20.5,0,,147228496,,0,VAXCYTE INC,A
2023-01-18,2023-01-20,C,30000,13.6,17,0,4.57575,147228497,,0,VAXCYTE INC,A
2023-01-18,2023-01-20,C,35000,8.9,12,0,3.392265,147228498,,0,VAXCYTE INC,A
2023-01-18,2023-01-20,C,40000,3.7,7.5,0,2.190076,149710796,,0,VAXCYTE INC,A
2023-01-18,2023-01-20,C,45000,0.4,1.55,0,0.89075,150466505,,0,VAXCYTE INC,A
2023-01-18,2023-01-20,C,50000,0,3.2,192,,150466506,,0,VAXCYTE INC,A
2023-01-18,2023-01-20,C,55000,0,3.9,0,,150524714,,0,VAXCYTE INC,A
2023-01-18,2023-01-20,C,60000,0,0.1,0,1.928589,150524715,,0,VAXCYTE INC,A
2023-01-18,2023-01-20,C,65000,0,0.1,0,2.35159,150599536,,0,VAXCYTE INC,A
2023-01-18,2023-01-20,P,12500,0,3.9,0,,147228499,,0,VAXCYTE INC,A
2023-01-18,2023-01-20,P,15000,0,3.9,0,,147228500,,0,VAXCYTE INC,A
2023-01-18,2023-01-20,P,17500,0,2,0,,147228501,,0,VAXCYTE INC,A
2023-01-18,2023-01-20,P,20000,0,0.15,0,5.179662,147228502,,0,VAXCYTE INC,A
2023-01-18,2023-01-20,P,22500,0,3.9,0,,147228503,,0,VAXCYTE INC,A
2023-01-18,2023-01-20,P,25000,0,0.4,2,4.571151,147228504,,0,VAXCYTE INC,A
2023-01-18,2023-01-20,P,30000,0,1.65,10,4.742238,147228505,,0,VAXCYTE INC,A
2023-01-18,2023-01-20,P,35000,0.25,0.3,466,2.389854,147228506,,0,VAXCYTE INC,A
2023-01-18,2023-01-20,P,40000,0,0.85,73,1.519638,149710797,,0,VAXCYTE INC,A
2023-01-18,2023-01-20,P,45000,0.65,2.4,5,0.981944,150466507,,0,VAXCYTE INC,A
2023-01-18,2023-01-20,P,50000,3,6.7,0,,150466508,,0,VAXCYTE INC,A
2023-01-18,2023-01-20,P,55000,9.4,12.2,0,2.194494,150524716,,0,VAXCYTE INC,A
2023-01-18,2023-01-20,P,60000,14.5,17,0,2.718867,150524717,,0,VAXCYTE INC,A
2023-01-18,2023-01-20,P,65000,19.4,21.9,0,3.005546,150599537,,0,VAXCYTE INC,A
2023-01-19,2023-01-20,C,12500,30.6,33.9,0,,147228491,,0,VAXCYTE INC,A
2023-01-19,2023-01-20,C,15000,28,31.5,0,,147228492,,0,VAXCYTE INC,A
2023-01-19,2023-01-20,C,17500,25.5,29,0,,147228493,,0,VAXCYTE INC,A
2023-01-19,2023-01-20,C,20000,23,26.5,0,,147228494,,0,VAXCYTE INC,A
2023-01-19,2023-01-20,C,22500,20.6,24,0,,147228495,,0,VAXCYTE INC,A
2023-01-19,2023-01-20,C,25000,17.9,21.5,0,7.989498,147228496,,0,VAXCYTE INC,A
2023-01-19,2023-01-20,C,30000,13.2,16.5,0,6.27454,147228497,,0,VAXCYTE INC,A
2023-01-19,2023-01-20,C,35000,8.2,11.5,0,4.312941,147228498,,0,VAXCYTE INC,A
2023-01-19,2023-01-20,C,40000,3.1,6.1,3,2.067943,149710796,,0,VAXCYTE INC,A
2023-01-19,2023-01-20,C,45000,0.1,1,0,0.978707,150466505,,0,VAXCYTE INC,A
2023-01-19,2023-01-20,C,50000,0,3.9,0,,150466506,,0,VAXCYTE INC,A
2023-01-19,2023-01-20,C,55000,0,3.9,0,,150524714,,0,VAXCYTE INC,A
2023-01-19,2023-01-20,C,60000,0,0.1,0,2.802305,150524715,,0,VAXCYTE INC,A
2023-01-19,2023-01-20,C,65000,0,0.1,0,3.398632,150599536,,0,VAXCYTE INC,A
2023-01-19,2023-01-20,P,12500,0,3.9,0,,147228499,,0,VAXCYTE INC,A
2023-01-19,2023-01-20,P,15000,0,3.9,0,,147228500,,0,VAXCYTE INC,A
2023-01-19,2023-01-20,P,17500,0,0.15,0,8.375961,147228501,,0,VAXCYTE INC,A
2023-01-19,2023-01-20,P,20000,0,0.55,0,,147228502,,0,VAXCYTE INC,A
2023-01-19,2023-01-20,P,22500,0,3.9,0,,147228503,,0,VAXCYTE INC,A
2023-01-19,2023-01-20,P,25000,0,0.4,2,6.38544,147228504,,0,VAXCYTE INC,A
2023-01-19,2023-01-20,P,30000,0,1.65,0,6.60531,147228505,,0,VAXCYTE INC,A
2023-01-19,2023-01-20,P,35000,0.2,0.3,72,3.20743,147228506,,0,VAXCYTE INC,A
2023-01-19,2023-01-20,P,40000,0.25,0.5,30,1.942292,149710797,,0,VAXCYTE INC,A
2023-01-19,2023-01-20,P,45000,0.6,1.35,1,0.456154,150466507,,0,VAXCYTE INC,A
2023-01-19,2023-01-20,P,50000,4.5,6.1,2,,150466508,,0,VAXCYTE INC,A
2023-01-19,2023-01-20,P,55000,8.7,12.5,0,,150524716,,0,VAXCYTE INC,A
2023-01-19,2023-01-20,P,60000,14,17.4,0,,150524717,,0,VAXCYTE INC,A
2023-01-19,2023-01-20,P,65000,18.7,22.6,0,,150599537,,0,VAXCYTE INC,A
2023-01-20,2023-01-20,C,12500,31.7,35,0,,147228491,,0,VAXCYTE INC,A
2023-01-20,2023-01-20,C,15000,29.4,32.5,0,,147228492,,0,VAXCYTE INC,A
2023-01-20,2023-01-20,C,17500,26.8,30,0,,147228493,,0,VAXCYTE INC,A
2023-01-20,2023-01-20,C,20000,24.4,27.5,0,,147228494,,0,VAXCYTE INC,A
2023-01-20,2023-01-20,C,22500,21.8,25,0,,147228495,,0,VAXCYTE INC,A
2023-01-20,2023-01-20,C,25000,18.4,22.5,0,,147228496,,0,VAXCYTE INC,A
2023-01-20,2023-01-20,C,30000,13.6,17.5,0,,147228497,,0,VAXCYTE INC,A
2023-01-20,2023-01-20,C,35000,9.2,12.5,1,,147228498,,0,VAXCYTE INC,A
2023-01-20,2023-01-20,C,40000,4.4,7.5,40,,149710796,,0,VAXCYTE INC,A
2023-01-20,2023-01-20,C,45000,0.05,4.5,2,,150466505,,0,VAXCYTE INC,A
2023-01-20,2023-01-20,C,50000,0,0.75,5,,150466506,,0,VAXCYTE INC,A
2023-01-20,2023-01-20,C,55000,0,0.75,0,,150524714,,0,VAXCYTE INC,A
2023-01-20,2023-01-20,C,60000,0,0.05,0,,150524715,,0,VAXCYTE INC,A
2023-01-20,2023-01-20,C,65000,0,0.1,0,,150599536,,0,VAXCYTE INC,A
2023-01-20,2023-01-20,P,12500,0,0.75,0,,147228499,,0,VAXCYTE INC,A
2023-01-20,2023-01-20,P,15000,0,0.75,0,,147228500,,0,VAXCYTE INC,A
2023-01-20,2023-01-20,P,17500,0,0.75,0,,147228501,,0,VAXCYTE INC,A
2023-01-20,2023-01-20,P,20000,0,0.2,0,,147228502,,0,VAXCYTE INC,A
2023-01-20,2023-01-20,P,22500,0,0.75,0,,147228503,,0,VAXCYTE INC,A
2023-01-20,2023-01-20,P,25000,0,0.4,0,,147228504,,0,VAXCYTE INC,A
2023-01-20,2023-01-20,P,30000,0,0.75,0,,147228505,,0,VAXCYTE INC,A
2023-01-20,2023-01-20,P,35000,0,0.05,1,,147228506,,0,VAXCYTE INC,A
2023-01-20,2023-01-20,P,40000,0,0.75,2,,149710797,,0,VAXCYTE INC,A
2023-01-20,2023-01-20,P,45000,0,1.65,1,,150466507,,0,VAXCYTE INC,A
2023-01-20,2023-01-20,P,50000,2.55,5.6,0,,150466508,,0,VAXCYTE INC,A
2023-01-20,2023-01-20,P,55000,8.5,12.2,0,,150524716,,0,VAXCYTE INC,A
2023-01-20,2023-01-20,P,60000,12.7,15.8,0,,150524717,,0,VAXCYTE INC,A
2023-01-20,2023-01-20,P,65000,18.4,20.9,0,,150599537,,0,VAXCYTE INC,A
2023-02-13,2023-02-17,C,22500,19.4,23,0,4.690487,151454805,,0,VAXCYTE INC,A
2023-02-13,2023-02-17,C,25000,17.1,20.5,0,4.217586,151454806,,0,VAXCYTE INC,A
2023-02-13,2023-02-17,C,30000,12.2,15.5,0,3.130918,151454807,,0,VAXCYTE INC,A
2023-02-13,2023-02-17,C,35000,7.2,10.5,1,2.105511,151454808,,0,VAXCYTE INC,A
2023-02-13,2023-02-17,C,40000,2.7,5.8,0,1.397837,151454809,,0,VAXCYTE INC,A
2023-02-13,2023-02-17,C,45000,0.1,2.65,1,1.203863,151454810,,0,VAXCYTE INC,A
2023-02-13,2023-02-17,C,50000,0,1,0,1.360782,151454811,,0,VAXCYTE INC,A
2023-02-13,2023-02-17,C,55000,0,3.9,0,,151454812,,0,VAXCYTE INC,A
2023-02-13,2023-02-17,C,60000,0,0.05,0,1.365991,151454813,,0,VAXCYTE INC,A
2023-02-13,2023-02-17,C,65000,0,0.05,0,1.642386,151454814,,0,VAXCYTE INC,A
2023-02-13,2023-02-17,C,70000,0,0.05,0,1.89174,151764456,,0,VAXCYTE INC,A
2023-02-13,2023-02-17,P,22500,0,0.2,0,3.183077,151454815,,0,VAXCYTE INC,A
2023-02-13,2023-02-17,P,25000,0,3.9,0,,151454816,,0,VAXCYTE INC,A
2023-02-13,2023-02-17,P,30000,0,3.9,0,,151454817,,0,VAXCYTE INC,A
2023-02-13,2023-02-17,P,35000,0,0.55,0,1.51395,151454818,,0,VAXCYTE INC,A
2023-02-13,2023-02-17,P,40000,0,0.4,0,0.64968,151454819,,0,VAXCYTE INC,A
2023-02-13,2023-02-17,P,45000,0.25,4.7,1,0.693739,151454820,,0,VAXCYTE INC,A
2023-02-13,2023-02-17,P,50000,5.5,8.1,1,,151454821,,0,VAXCYTE INC,A
2023-02-13,2023-02-17,P,55000,9.6,13.4,0,,151454822,,0,VAXCYTE INC,A
2023-02-13,2023-02-17,P,60000,14.6,17.9,0,,151454823,,0,VAXCYTE INC,A
2023-02-13,2023-02-17,P,65000,19.6,23.5,0,,151454824,,0,VAXCYTE INC,A
2023-02-13,2023-02-17,P,70000,24.7,28.4,0,,151764457,,0,VAXCYTE INC,A
2023-02-14,2023-02-17,C,22500,19.2,22.5,0,5.515501,151454805,,0,VAXCYTE INC,A
2023-02-14,2023-02-17,C,25000,16.6,20,0,4.667336,151454806,,0,VAXCYTE INC,A
2023-02-14,2023-02-17,C,30000,11.6,15,0,3.366132,151454807,,0,VAXCYTE INC,A
2023-02-14,2023-02-17,C,35000,6.3,10,0,2.035976,151454808,,0,VAXCYTE INC,A
2023-02-14,2023-02-17,C,40000,1.8,5.3,0,1.312019,151454809,,0,VAXCYTE INC,A
2023-02-14,2023-02-17,C,45000,0.05,2.35,0,1.378228,151454810,,0,VAXCYTE INC,A
2023-02-14,2023-02-17,C,50000,0,1,193,1.643482,151454811,,0,VAXCYTE INC,A
2023-02-14,2023-02-17,C,55000,0,3.9,0,,151454812,,0,VAXCYTE INC,A
2023-02-14,2023-02-17,C,60000,0,0.05,0,1.619398,151454813,,0,VAXCYTE INC,A
2023-02-14,2023-02-17,C,65000,0,0.05,0,1.937684,151454814,,0,VAXCYTE INC,A
2023-02-14,2023-02-17,C,70000,0,0.05,0,2.224999,151764456,,0,VAXCYTE INC,A
2023-02-14,2023-02-17,P,22500,0,0.2,0,3.631202,151454815,,0,VAXCYTE INC,A
2023-02-14,2023-02-17,P,25000,0,3.9,0,,151454816,,0,VAXCYTE INC,A
2023-02-14,2023-02-17,P,30000,0,3.6,0,,151454817,,0,VAXCYTE INC,A
2023-02-14,2023-02-17,P,35000,0,0.55,0,1.688475,151454818,,0,VAXCYTE INC,A
2023-02-14,2023-02-17,P,40000,0,4.1,0,,151454819,,0,VAXCYTE INC,A
2023-02-14,2023-02-17,P,45000,1.45,4.9,0,1.099976,151454820,,0,VAXCYTE INC,A
2023-02-14,2023-02-17,P,50000,5.2,8.3,0,,151454821,,0,VAXCYTE INC,A
2023-02-14,2023-02-17,P,55000,10.1,13.8,0,,151454822,,0,VAXCYTE INC,A
2023-02-14,2023-02-17,P,60000,15.2,18.7,0,,151454823,,0,VAXCYTE INC,A
2023-02-14,2023-02-17,P,65000,20.2,24.1,0,,151454824,,0,VAXCYTE INC,A
2023-02-14,2023-02-17,P,70000,25.1,28.8,0,,151764457,,0,VAXCYTE INC,A
2023-02-15,2023-02-17,C,22500,19.3,23,0,6.205938,151454805,,0,VAXCYTE INC,A
2023-02-15,2023-02-17,C,25000,17,20.5,0,5.614712,151454806,,0,VAXCYTE INC,A
2023-02-15,2023-02-17,C,30000,11.5,15.5,0,3.51643,151454807,,0,VAXCYTE INC,A
2023-02-15,2023-02-17,C,35000,6.9,10.5,0,2.630336,151454808,,0,VAXCYTE INC,A
2023-02-15,2023-02-17,C,40000,1.55,5.1,0,0.886202,151454809,,0,VAXCYTE INC,A
2023-02-15,2023-02-17,C,45000,0,2.45,1,1.547457,151454810,,0,VAXCYTE INC,A
2023-02-15,2023-02-17,C,50000,0,1,0,1.903362,151454811,,0,VAXCYTE INC,A
2023-02-15,2023-02-17,C,55000,0,3.9,0,,151454812,,0,VAXCYTE INC,A
2023-02-15,2023-02-17,C,60000,0,0.05,0,1.919602,151454813,,0,VAXCYTE INC,A
2023-02-15,2023-02-17,C,65000,0,0.05,0,2.310732,151454814,,0,VAXCYTE INC,A
2023-02-15,2023-02-17,C,70000,0,0.05,0,2.663542,151764456,,0,VAXCYTE INC,A
2023-02-15,2023-02-17,P,22500,0,0.2,0,4.514144,151454815,,0,VAXCYTE INC,A
2023-02-15,2023-02-17,P,25000,0,3.9,0,,151454816,,0,VAXCYTE INC,A
2023-02-15,2023-02-17,P,30000,0,3.9,0,,151454817,,0,VAXCYTE INC,A
2023-02-15,2023-02-17,P,35000,0,0.55,0,2.158072,151454818,,0,VAXCYTE INC,A
2023-02-15,2023-02-17,P,40000,0.1,2.2,0,1.963101,151454819,,0,VAXCYTE INC,A
2023-02-15,2023-02-17,P,45000,0.45,4.5,1,1.045965,151454820,,0,VAXCYTE INC,A
2023-02-15,2023-02-17,P,50000,6,8.2,0,1.561759,151454821,,0,VAXCYTE INC,A
2023-02-15,2023-02-17,P,55000,10.8,14.1,0,2.813218,151454822,,0,VAXCYTE INC,A
2023-02-15,2023-02-17,P,60000,15.2,17.9,0,,151454823,,0,VAXCYTE INC,A
2023-02-15,2023-02-17,P,65000,19.9,23.5,0,,151454824,,0,VAXCYTE INC,A
2023-02-15,2023-02-17,P,70000,25.9,28.5,0,4.033937,151764457,,0,VAXCYTE INC,A
2023-02-16,2023-02-17,C,22500,20.1,23.5,0,,151454805,,0,VAXCYTE INC,A
2023-02-16,2023-02-17,C,25000,17.6,21,0,8.453359,151454806,,0,VAXCYTE INC,A
2023-02-16,2023-02-17,C,30000,12.3,16,0,5.778963,151454807,,0,VAXCYTE INC,A
2023-02-16,2023-02-17,C,35000,7.5,11,0,4.098575,151454808,,0,VAXCYTE INC,A
2023-02-16,2023-02-17,C,40000,2.3,6,3,2.093009,151454809,,0,VAXCYTE INC,A
2023-02-16,2023-02-17,C,45000,0,2.85,0,2.22408,151454810,,0,VAXCYTE INC,A
2023-02-16,2023-02-17,C,50000,0,1,0,2.566473,151454811,,0,VAXCYTE INC,A
2023-02-16,2023-02-17,C,55000,0,3.9,0,,151454812,,0,VAXCYTE INC,A
2023-02-16,2023-02-17,C,60000,0,0.05,0,2.642395,151454813,,0,VAXCYTE INC,A
2023-02-16,2023-02-17,C,65000,0,0.05,0,3.197079,151454814,,0,VAXCYTE INC,A
2023-02-16,2023-02-17,C,70000,0,0.05,0,3.697102,151764456,,0,VAXCYTE INC,A
2023-02-16,2023-02-17,P,22500,0,0.2,0,6.459364,151454815,,0,VAXCYTE INC,A
2023-02-16,2023-02-17,P,25000,0,3.9,0,,151454816,,0,VAXCYTE INC,A
2023-02-16,2023-02-17,P,30000,0,3.9,0,,151454817,,0,VAXCYTE INC,A
2023-02-16,2023-02-17,P,35000,0,0.55,0,3.152901,151454818,,0,VAXCYTE INC,A
2023-02-16,2023-02-17,P,40000,0,3.4,0,,151454819,,0,VAXCYTE INC,A
2023-02-16,2023-02-17,P,45000,0.55,4.1,0,1.636648,151454820,,0,VAXCYTE INC,A
2023-02-16,2023-02-17,P,50000,5.1,8.4,0,2.258943,151454821,,0,VAXCYTE INC,A
2023-02-16,2023-02-17,P,55000,10.6,13.1,0,3.502092,151454822,,0,VAXCYTE INC,A
2023-02-16,2023-02-17,P,60000,14.3,17.6,0,,151454823,,0,VAXCYTE INC,A
2023-02-16,2023-02-17,P,65000,19.5,23.1,0,,151454824,,0,VAXCYTE INC,A
2023-02-16,2023-02-17,P,70000,25.1,27.6,0,,151764457,,0,VAXCYTE INC,A
2023-02-17,2023-02-17,C,22500,20.3,24,0,,151454805,,0,VAXCYTE INC,A
2023-02-17,2023-02-17,C,25000,17.5,21.5,0,,151454806,,0,VAXCYTE INC,A
2023-02-17,2023-02-17,C,30000,13.5,16.5,0,,151454807,,0,VAXCYTE INC,A
2023-02-17,2023-02-17,C,35000,7.5,11.5,0,,151454808,,0,VAXCYTE INC,A
2023-02-17,2023-02-17,C,40000,2.8,6.5,290,,151454809,,0,VAXCYTE INC,A
2023-02-17,2023-02-17,C,45000,0,3.9,0,,151454810,,0,VAXCYTE INC,A
2023-02-17,2023-02-17,C,50000,0,1,0,,151454811,,0,VAXCYTE INC,A
2023-02-17,2023-02-17,C,55000,0,3.9,0,,151454812,,0,VAXCYTE INC,A
2023-02-17,2023-02-17,C,60000,0,3.9,0,,151454813,,0,VAXCYTE INC,A
2023-02-17,2023-02-17,C,65000,0,0.05,0,,151454814,,0,VAXCYTE INC,A
2023-02-17,2023-02-17,C,70000,0,0.05,0,,151764456,,0,VAXCYTE INC,A
2023-02-17,2023-02-17,P,22500,0,3.9,0,,151454815,,0,VAXCYTE INC,A
2023-02-17,2023-02-17,P,25000,0,3.9,0,,151454816,,0,VAXCYTE INC,A
2023-02-17,2023-02-17,P,30000,0,3.9,0,,151454817,,0,VAXCYTE INC,A
2023-02-17,2023-02-17,P,35000,0,0.55,0,,151454818,,0,VAXCYTE INC,A
2023-02-17,2023-02-17,P,40000,0,3.9,0,,151454819,,0,VAXCYTE INC,A
2023-02-17,2023-02-17,P,45000,0,3.2,0,,151454820,,0,VAXCYTE INC,A
2023-02-17,2023-02-17,P,50000,4.8,6.7,0,,151454821,,0,VAXCYTE INC,A
2023-02-17,2023-02-17,P,55000,9.1,12.3,0,,151454822,,0,VAXCYTE INC,A
2023-02-17,2023-02-17,P,60000,14.6,17.7,0,,151454823,,0,VAXCYTE INC,A
2023-02-17,2023-02-17,P,65000,19,21.8,0,,151454824,,0,VAXCYTE INC,A
2023-02-17,2023-02-17,P,70000,24.8,27.4,0,,151764457,,0,VAXCYTE INC,A
2023-03-13,2023-03-17,C,20000,16.1,20.5,0,4.484139,153131657,,0,VAXCYTE INC,A
2023-03-13,2023-03-17,C,22500,13.7,18,0,3.883507,152110613,,0,VAXCYTE INC,A
2023-03-13,2023-03-17,C,25000,11.2,15.5,0,3.242352,152110614,,0,VAXCYTE INC,A
2023-03-13,2023-03-17,C,30000,6.1,10.5,0,2.0363,152110615,,0,VAXCYTE INC,A
2023-03-13,2023-03-17,C,35000,1.95,5.5,0,1.336305,152110616,,0,VAXCYTE INC,A
2023-03-13,2023-03-17,C,40000,0,1.3,3,0.92496,152110617,,0,VAXCYTE INC,A
2023-03-13,2023-03-17,C,45000,0,1.1,1,1.619796,152110618,,0,VAXCYTE INC,A
2023-03-13,2023-03-17,C,50000,0,5,0,,152110619,,0,VAXCYTE INC,A
2023-03-13,2023-03-17,C,55000,0,5,0,,152110620,,0,VAXCYTE INC,A
2023-03-13,2023-03-17,C,60000,0,0.05,0,1.840887,152110621,,0,VAXCYTE INC,A
2023-03-13,2023-03-17,C,65000,0,5,0,,152110622,,0,VAXCYTE INC,A
2023-03-13,2023-03-17,P,20000,0,5,0,,153131658,,0,VAXCYTE INC,A
2023-03-13,2023-03-17,P,22500,0,5,0,,152110623,,0,VAXCYTE INC,A
2023-03-13,2023-03-17,P,25000,0,0.5,0,2.641058,152110624,,0,VAXCYTE INC,A
2023-03-13,2023-03-17,P,30000,0,5,0,,152110625,,0,VAXCYTE INC,A
2023-03-13,2023-03-17,P,35000,0.1,3.3,0,,152110626,,0,VAXCYTE INC,A
2023-03-13,2023-03-17,P,40000,0.5,2.85,1,,152110627,,0,VAXCYTE INC,A
2023-03-13,2023-03-17,P,45000,6.2,9.4,0,1.665645,152110628,,0,VAXCYTE INC,A
2023-03-13,2023-03-17,P,50000,11.1,14.5,0,2.263667,152110629,,0,VAXCYTE INC,A
2023-03-13,2023-03-17,P,55000,15.7,19,0,2.019686,152110630,,0,VAXCYTE INC,A
2023-03-13,2023-03-17,P,60000,19.8,23.3,0,,152110631,,0,VAXCYTE INC,A
2023-03-13,2023-03-17,P,65000,26.2,28.4,0,2.526562,152110632,,0,VAXCYTE INC,A
2023-03-14,2023-03-17,C,20000,18.4,21.5,0,5.654399,153131657,,0,VAXCYTE INC,A
2023-03-14,2023-03-17,C,22500,15.9,19,0,4.827409,152110613,,0,VAXCYTE INC,A
2023-03-14,2023-03-17,C,25000,13.4,16.5,0,4.083219,152110614,,0,VAXCYTE INC,A
2023-03-14,2023-03-17,C,30000,8,11.5,0,2.452144,152110615,,0,VAXCYTE INC,A
2023-03-14,2023-03-17,C,35000,3.4,7,1,1.818459,152110616,,0,VAXCYTE INC,A
2023-03-14,2023-03-17,C,40000,0.15,2.65,0,1.191456,152110617,,0,VAXCYTE INC,A
2023-03-14,2023-03-17,C,45000,0,2.05,0,2.009656,152110618,,0,VAXCYTE INC,A
2023-03-14,2023-03-17,C,50000,0,4,0,,152110619,,0,VAXCYTE INC,A
2023-03-14,2023-03-17,C,55000,0,4,0,,152110620,,0,VAXCYTE INC,A
2023-03-14,2023-03-17,C,60000,0,0.05,0,1.957976,152110621,,0,VAXCYTE INC,A
2023-03-14,2023-03-17,C,65000,0,4,0,,152110622,,0,VAXCYTE INC,A
2023-03-14,2023-03-17,P,20000,0,4,0,,153131658,,0,VAXCYTE INC,A
2023-03-14,2023-03-17,P,22500,0,4,0,,152110623,,0,VAXCYTE INC,A
2023-03-14,2023-03-17,P,25000,0,0.5,0,3.262869,152110624,,0,VAXCYTE INC,A
2023-03-14,2023-03-17,P,30000,0,4,0,,152110625,,0,VAXCYTE INC,A
2023-03-14,2023-03-17,P,35000,0,1,0,1.451835,152110626,,0,VAXCYTE INC,A
2023-03-14,2023-03-17,P,40000,0,1.95,0,0.410096,152110627,,0,VAXCYTE INC,A
2023-03-14,2023-03-17,P,45000,3.9,6.9,0,,152110628,,0,VAXCYTE INC,A
2023-03-14,2023-03-17,P,50000,9.8,12.9,0,2.442039,152110629,,0,VAXCYTE INC,A
2023-03-14,2023-03-17,P,55000,14.3,17.5,0,2.347667,152110630,,0,VAXCYTE INC,A
2023-03-14,2023-03-17,P,60000,19.3,22.5,0,2.797342,152110631,,0,VAXCYTE INC,A
2023-03-14,2023-03-17,P,65000,24.1,26.7,0,,152110632,,0,VAXCYTE INC,A
2023-03-15,2023-03-17,C,20000,17.5,21.5,0,6.797005,153131657,,0,VAXCYTE INC,A
2023-03-15,2023-03-17,C,22500,15.7,19,0,6.627299,152110613,,0,VAXCYTE INC,A
2023-03-15,2023-03-17,C,25000,13.1,16.5,0,5.523462,152110614,,0,VAXCYTE INC,A
2023-03-15,2023-03-17,C,30000,8.1,11.5,0,3.763361,152110615,,0,VAXCYTE INC,A
2023-03-15,2023-03-17,C,35000,2.6,6.5,0,1.857661,152110616,,0,VAXCYTE INC,A
2023-03-15,2023-03-17,C,40000,0,2.6,0,1.540033,152110617,,0,VAXCYTE INC,A
2023-03-15,2023-03-17,C,45000,0,0.1,0,1.098758,152110618,,0,VAXCYTE INC,A
2023-03-15,2023-03-17,C,50000,0,0.75,0,2.586258,152110619,,0,VAXCYTE INC,A
2023-03-15,2023-03-17,C,55000,0,0.75,0,3.255187,152110620,,0,VAXCYTE INC,A
2023-03-15,2023-03-17,C,60000,0,0.05,0,2.454963,152110621,,0,VAXCYTE INC,A
2023-03-15,2023-03-17,C,65000,0,0.75,0,4.341923,152110622,,0,VAXCYTE INC,A
2023-03-15,2023-03-17,P,20000,0,0.75,0,6.064745,153131658,,0,VAXCYTE INC,A
2023-03-15,2023-03-17,P,22500,0,0.75,0,5.145866,152110623,,0,VAXCYTE INC,A
2023-03-15,2023-03-17,P,25000,0,0.5,0,3.924272,152110624,,0,VAXCYTE INC,A
2023-03-15,2023-03-17,P,30000,0,0.75,0,2.846445,152110625,,0,VAXCYTE INC,A
2023-03-15,2023-03-17,P,35000,0,1,0,1.676217,152110626,,0,VAXCYTE INC,A
2023-03-15,2023-03-17,P,40000,0.55,2.45,0,0.724635,152110627,,0,VAXCYTE INC,A
2023-03-15,2023-03-17,P,45000,5.8,8.3,0,2.508216,152110628,,0,VAXCYTE INC,A
2023-03-15,2023-03-17,P,50000,10.6,13.4,0,3.379017,152110629,,0,VAXCYTE INC,A
2023-03-15,2023-03-17,P,55000,14.4,17.3,0,,152110630,,0,VAXCYTE INC,A
2023-03-15,2023-03-17,P,60000,19.6,22.5,0,,152110631,,0,VAXCYTE INC,A
2023-03-15,2023-03-17,P,65000,25.3,27.4,0,4.034652,152110632,,0,VAXCYTE INC,A
2023-03-16,2023-03-17,C,20000,17.5,20.5,0,,153131657,,0,VAXCYTE INC,A
2023-03-16,2023-03-17,C,22500,14.8,18,0,8.467267,152110613,,0,VAXCYTE INC,A
2023-03-16,2023-03-17,C,25000,12.3,15.5,0,7.119969,152110614,,0,VAXCYTE INC,A
2023-03-16,2023-03-17,C,30000,7.5,10.5,0,4.94522,152110615,,0,VAXCYTE INC,A
2023-03-16,2023-03-17,C,35000,2.05,5.5,0,2.291755,152110616,,0,VAXCYTE INC,A
2023-03-16,2023-03-17,C,40000,0,0.15,0,0.717019,152110617,,0,VAXCYTE INC,A
2023-03-16,2023-03-17,C,45000,0,0.75,0,2.74959,152110618,,0,VAXCYTE INC,A
2023-03-16,2023-03-17,C,50000,0,0.75,0,3.870836,152110619,,0,VAXCYTE INC,A
2023-03-16,2023-03-17,C,55000,0,0.75,0,4.807131,152110620,,0,VAXCYTE INC,A
2023-03-16,2023-03-17,C,60000,0,0.05,0,3.60982,152110621,,0,VAXCYTE INC,A
2023-03-16,2023-03-17,C,65000,0,0.75,0,6.333279,152110622,,0,VAXCYTE INC,A
2023-03-16,2023-03-17,P,20000,0,0.75,0,8.403926,153131658,,0,VAXCYTE INC,A
2023-03-16,2023-03-17,P,22500,0,0.75,0,7.098655,152110623,,0,VAXCYTE INC,A
2023-03-16,2023-03-17,P,25000,0,0.5,0,5.374015,152110624,,0,VAXCYTE INC,A
2023-03-16,2023-03-17,P,30000,0,0.75,0,3.821859,152110625,,0,VAXCYTE INC,A
2023-03-16,2023-03-17,P,35000,0,2.1,0,3.01113,152110626,,0,VAXCYTE INC,A
2023-03-16,2023-03-17,P,40000,0,2.95,0,,152110627,,0,VAXCYTE INC,A
2023-03-16,2023-03-17,P,45000,4.8,8.3,0,,152110628,,0,VAXCYTE INC,A
2023-03-16,2023-03-17,P,50000,10.5,14,0,3.999902,152110629,,0,VAXCYTE INC,A
2023-03-16,2023-03-17,P,55000,16.1,18.1,0,4.480899,152110630,,0,VAXCYTE INC,A
2023-03-16,2023-03-17,P,60000,20.4,23.6,0,4.821174,152110631,,0,VAXCYTE INC,A
2023-03-16,2023-03-17,P,65000,24.7,28.5,0,,152110632,,0,VAXCYTE INC,A
2023-03-17,2023-03-17,C,20000,16.9,20,0,,153131657,,0,VAXCYTE INC,A
2023-03-17,2023-03-17,C,22500,14.5,17.5,0,,152110613,,0,VAXCYTE INC,A
2023-03-17,2023-03-17,C,25000,11.9,15,0,,152110614,,0,VAXCYTE INC,A
2023-03-17,2023-03-17,C,30000,6.5,10,0,,152110615,,0,VAXCYTE INC,A
2023-03-17,2023-03-17,C,35000,1.3,5,0,,152110616,,0,VAXCYTE INC,A
2023-03-17,2023-03-17,C,40000,0,2.05,0,,152110617,,0,VAXCYTE INC,A
2023-03-17,2023-03-17,C,45000,0,0.05,0,,152110618,,0,VAXCYTE INC,A
2023-03-17,2023-03-17,C,50000,0,0.75,0,,152110619,,0,VAXCYTE INC,A
2023-03-17,2023-03-17,C,55000,0,0.75,0,,152110620,,0,VAXCYTE INC,A
2023-03-17,2023-03-17,C,60000,0,0.05,0,,152110621,,0,VAXCYTE INC,A
2023-03-17,2023-03-17,C,65000,0,0.75,0,,152110622,,0,VAXCYTE INC,A
2023-03-17,2023-03-17,P,20000,0,0.75,0,,153131658,,0,VAXCYTE INC,A
2023-03-17,2023-03-17,P,22500,0,0.75,0,,152110623,,0,VAXCYTE INC,A
2023-03-17,2023-03-17,P,25000,0,0.5,0,,152110624,,0,VAXCYTE INC,A
2023-03-17,2023-03-17,P,30000,0,0.75,0,,152110625,,0,VAXCYTE INC,A
2023-03-17,2023-03-17,P,35000,0,0.75,0,,152110626,,0,VAXCYTE INC,A
2023-03-17,2023-03-17,P,40000,0.4,3.1,0,,152110627,,0,VAXCYTE INC,A
2023-03-17,2023-03-17,P,45000,5.8,8.4,0,,152110628,,0,VAXCYTE INC,A
2023-03-17,2023-03-17,P,50000,11.9,14.3,0,,152110629,,0,VAXCYTE INC,A
2023-03-17,2023-03-17,P,55000,16.8,18.7,0,,152110630,,0,VAXCYTE INC,A
2023-03-17,2023-03-17,P,60000,21.5,23.9,0,,152110631,,0,VAXCYTE INC,A
2023-03-17,2023-03-17,P,65000,26.8,28.3,0,,152110632,,0,VAXCYTE INC,A
2023-04-17,2023-04-21,C,15000,26.7,30,0,7.943364,149090340,,0,VAXCYTE INC,A
2023-04-17,2023-04-21,C,17500,24.2,27.5,0,6.893364,149090341,,0,VAXCYTE INC,A
2023-04-17,2023-04-21,C,20000,21.4,25,0,5.722528,149090342,,0,VAXCYTE INC,A
2023-04-17,2023-04-21,C,22500,19.2,22.5,0,5.209788,149090343,,0,VAXCYTE INC,A
2023-04-17,2023-04-21,C,25000,16.7,20,0,4.506454,149090344,,0,VAXCYTE INC,A
2023-04-17,2023-04-21,C,30000,11.7,15,0,3.274121,149090345,,0,VAXCYTE INC,A
2023-04-17,2023-04-21,C,35000,6.7,10,2,2.186145,149090346,,0,VAXCYTE INC,A
2023-04-17,2023-04-21,C,40000,2,5,2,1.230982,149710798,,0,VAXCYTE INC,A
2023-04-17,2023-04-21,C,45000,0.2,0.5,337,0.686214,150466509,,0,VAXCYTE INC,A
2023-04-17,2023-04-21,C,50000,0,0.8,10,1.365909,150466510,,0,VAXCYTE INC,A
2023-04-17,2023-04-21,C,55000,0,0.35,0,1.545247,150524718,,0,VAXCYTE INC,A
2023-04-17,2023-04-21,C,60000,0,3.3,0,,150524719,,0,VAXCYTE INC,A
2023-04-17,2023-04-21,C,65000,0,0.05,0,1.701275,150599538,,0,VAXCYTE INC,A
2023-04-17,2023-04-21,C,70000,0,0.05,1,1.949766,151764458,,0,VAXCYTE INC,A
2023-04-17,2023-04-21,P,15000,0,0.6,0,5.949588,149090347,,0,VAXCYTE INC,A
2023-04-17,2023-04-21,P,17500,0,2.05,0,6.939792,149090348,,0,VAXCYTE INC,A
2023-04-17,2023-04-21,P,20000,0,1.5,0,5.528479,149090349,,0,VAXCYTE INC,A
2023-04-17,2023-04-21,P,22500,0,0.15,0,2.979663,149090350,,0,VAXCYTE INC,A
2023-04-17,2023-04-21,P,25000,0,0.05,0,2.167204,149090351,,0,VAXCYTE INC,A
2023-04-17,2023-04-21,P,30000,0,0.05,0,1.480645,149090352,,0,VAXCYTE INC,A
2023-04-17,2023-04-21,P,35000,0.05,0.1,39,1.061953,149090353,,0,VAXCYTE INC,A
2023-04-17,2023-04-21,P,40000,0.15,0.45,18,0.639913,149710799,,0,VAXCYTE INC,A
2023-04-17,2023-04-21,P,45000,1.25,3.6,4,,150466511,,0,VAXCYTE INC,A
2023-04-17,2023-04-21,P,50000,5.4,9.3,0,,150466512,,0,VAXCYTE INC,A
2023-04-17,2023-04-21,P,55000,11.1,14.9,16,1.822205,150524720,,0,VAXCYTE INC,A
2023-04-17,2023-04-21,P,60000,15.4,20,0,1.589357,150524721,,0,VAXCYTE INC,A
2023-04-17,2023-04-21,P,65000,21.4,23.8,0,,150599539,,0,VAXCYTE INC,A
2023-04-17,2023-04-21,P,70000,26.2,29,0,,151764459,,0,VAXCYTE INC,A
2023-04-18,2023-04-21,C,15000,28,30.2,0,,149090340,,0,VAXCYTE INC,A
2023-04-18,2023-04-21,C,17500,25.1,27.6,0,,149090341,,0,VAXCYTE INC,A
2023-04-18,2023-04-21,C,20000,23.5,25,0,4.639965,149090342,,0,VAXCYTE INC,A
2023-04-18,2023-04-21,C,22500,21.3,23.7,0,6.048208,149090343,,0,VAXCYTE INC,A
2023-04-18,2023-04-21,C,25000,18.7,20.9,0,4.899835,149090344,,0,VAXCYTE INC,A
2023-04-18,2023-04-21,C,30000,13.2,14.8,0,,149090345,,0,VAXCYTE INC,A
2023-04-18,2023-04-21,C,35000,8.3,9.7,0,,149090346,,0,VAXCYTE INC,A
2023-04-18,2023-04-21,C,40000,3.4,5.4,1,1.016434,149710798,,0,VAXCYTE INC,A
2023-04-18,2023-04-21,C,45000,0.5,0.65,57,0.591167,150466509,,0,VAXCYTE INC,A
2023-04-18,2023-04-21,C,50000,0,0.8,10,1.291283,150466510,,0,VAXCYTE INC,A
2023-04-18,2023-04-21,C,55000,0,0.75,0,1.865317,150524718,,0,VAXCYTE INC,A
2023-04-18,2023-04-21,C,60000,0,0.75,0,2.367683,150524719,,0,VAXCYTE INC,A
2023-04-18,2023-04-21,C,65000,0,0.05,1,1.795341,150599538,,0,VAXCYTE INC,A
2023-04-18,2023-04-21,C,70000,0,0.05,0,2.084836,151764458,,0,VAXCYTE INC,A
2023-04-18,2023-04-21,P,15000,0,0.6,0,7.059208,149090347,,0,VAXCYTE INC,A
2023-04-18,2023-04-21,P,17500,0,0.75,0,6.423102,149090348,,0,VAXCYTE INC,A
2023-04-18,2023-04-21,P,20000,0,0.75,0,5.592281,149090349,,0,VAXCYTE INC,A
2023-04-18,2023-04-21,P,22500,0,0.75,0,4.861267,149090350,,0,VAXCYTE INC,A
2023-04-18,2023-04-21,P,25000,0,0.75,0,4.206009,149090351,,0,VAXCYTE INC,A
2023-04-18,2023-04-21,P,30000,0,0.75,0,3.058847,149090352,,0,VAXCYTE INC,A
2023-04-18,2023-04-21,P,35000,0,0.1,0,1.33157,149090353,,0,VAXCYTE INC,A
2023-04-18,2023-04-21,P,40000,0.05,0.2,25,0.800964,149710799,,0,VAXCYTE INC,A
2023-04-18,2023-04-21,P,45000,1.25,1.85,1,0.650768,150466511,,0,VAXCYTE INC,A
2023-04-18,2023-04-21,P,50000,5.2,7,0,1.073624,150466512,,0,VAXCYTE INC,A
2023-04-18,2023-04-21,P,55000,10,11.7,0,,150524720,,0,VAXCYTE INC,A
2023-04-18,2023-04-21,P,60000,15.2,17.1,0,2.188777,150524721,,0,VAXCYTE INC,A
2023-04-18,2023-04-21,P,65000,20.2,23,0,3.285456,150599539,,0,VAXCYTE INC,A
2023-04-18,2023-04-21,P,70000,25.2,27.5,0,3.350892,151764459,,0,VAXCYTE INC,A
2023-04-19,2023-04-21,C,15000,29.9,32.5,0,,149090340,,0,VAXCYTE INC,A
2023-04-19,2023-04-21,C,17500,27.1,30.4,0,8.437858,149090341,,0,VAXCYTE INC,A
2023-04-19,2023-04-21,C,20000,25,27.8,0,7.895897,149090342,,0,VAXCYTE INC,A
2023-04-19,2023-04-21,C,22500,22.4,24.7,0,5.707389,149090343,,0,VAXCYTE INC,A
2023-04-19,2023-04-21,C,25000,20.4,22.5,0,6.169645,149090344,,0,VAXCYTE INC,A
2023-04-19,2023-04-21,C,30000,15.2,17.1,0,3.943521,149090345,,0,VAXCYTE INC,A
2023-04-19,2023-04-21,C,35000,10.2,12.3,0,2.938878,149090346,,0,VAXCYTE INC,A
2023-04-19,2023-04-21,C,40000,5.5,8,448,2.37473,149710798,,0,VAXCYTE INC,A
2023-04-19,2023-04-21,C,45000,0.65,1.3,340,0.350544,150466509,,0,VAXCYTE INC,A
2023-04-19,2023-04-21,C,50000,0,0.5,14,1.062025,150466510,,0,VAXCYTE INC,A
2023-04-19,2023-04-21,C,55000,0,0.75,0,1.983881,150524718,,0,VAXCYTE INC,A
2023-04-19,2023-04-21,C,60000,0,0.75,0,2.615281,150524719,,0,VAXCYTE INC,A
2023-04-19,2023-04-21,C,65000,0,0.05,0,2.006567,150599538,,0,VAXCYTE INC,A
2023-04-19,2023-04-21,C,70000,0,0.05,0,2.364381,151764458,,0,VAXCYTE INC,A
2023-04-19,2023-04-21,P,15000,0,0.6,0,8.857564,149090347,,0,VAXCYTE INC,A
2023-04-19,2023-04-21,P,17500,0,0.75,0,8.088597,149090348,,0,VAXCYTE INC,A
2023-04-19,2023-04-21,P,20000,0,0.75,0,7.076654,149090349,,0,VAXCYTE INC,A
2023-04-19,2023-04-21,P,22500,0,0.75,0,6.187321,149090350,,0,VAXCYTE INC,A
2023-04-19,2023-04-21,P,25000,0,0.75,0,5.391304,149090351,,0,VAXCYTE INC,A
2023-04-19,2023-04-21,P,30000,0,0.75,0,4.001497,149090352,,0,VAXCYTE INC,A
2023-04-19,2023-04-21,P,35000,0,0.05,0,1.662138,149090353,,0,VAXCYTE INC,A
2023-04-19,2023-04-21,P,40000,0,0.05,0,0.917153,149710799,,0,VAXCYTE INC,A
2023-04-19,2023-04-21,P,45000,0.25,0.7,18,0.606749,150466511,,0,VAXCYTE INC,A
2023-04-19,2023-04-21,P,50000,4.1,5.4,27,1.402197,150466512,,0,VAXCYTE INC,A
2023-04-19,2023-04-21,P,55000,7.2,10.4,0,,150524720,,0,VAXCYTE INC,A
2023-04-19,2023-04-21,P,60000,13.6,15.3,0,2.381182,150524721,,0,VAXCYTE INC,A
2023-04-19,2023-04-21,P,65000,18.6,20.8,0,3.386192,150599539,,0,VAXCYTE INC,A
2023-04-19,2023-04-21,P,70000,22.4,25.5,0,,151764459,,0,VAXCYTE INC,A
2023-04-20,2023-04-21,C,15000,29.4,31.5,0,,149090340,,0,VAXCYTE INC,A
2023-04-20,2023-04-21,C,17500,26.9,29,0,8.264175,149090341,,0,VAXCYTE INC,A
2023-04-20,2023-04-21,C,20000,23.9,27.8,0,,149090342,,0,VAXCYTE INC,A
2023-04-20,2023-04-21,C,22500,22.6,23.8,0,8.309231,149090343,,0,VAXCYTE INC,A
2023-04-20,2023-04-21,C,25000,19.9,21.8,0,7.897468,149090344,,0,VAXCYTE INC,A
2023-04-20,2023-04-21,C,30000,14.4,17,0,5.315092,149090345,,0,VAXCYTE INC,A
2023-04-20,2023-04-21,C,35000,8.5,11.1,0,,149090346,,0,VAXCYTE INC,A
2023-04-20,2023-04-21,C,40000,4.9,6.6,0,2.236835,149710798,,0,VAXCYTE INC,A
2023-04-20,2023-04-21,C,45000,0.4,0.9,42,0.448409,150466509,,0,VAXCYTE INC,A
2023-04-20,2023-04-21,C,50000,0,0.5,1,1.608148,150466510,,0,VAXCYTE INC,A
2023-04-20,2023-04-21,C,55000,0,0.75,0,2.90731,150524718,,0,VAXCYTE INC,A
2023-04-20,2023-04-21,C,60000,0,0.75,0,3.794385,150524719,,0,VAXCYTE INC,A
2023-04-20,2023-04-21,C,65000,0,0.05,0,2.902339,150599538,,0,VAXCYTE INC,A
2023-04-20,2023-04-21,C,70000,0,0.05,0,3.40721,151764458,,0,VAXCYTE INC,A
2023-04-20,2023-04-21,P,15000,0,0.6,0,,149090347,,0,VAXCYTE INC,A
2023-04-20,2023-04-21,P,17500,0,0.75,0,,149090348,,0,VAXCYTE INC,A
2023-04-20,2023-04-21,P,20000,0,0.75,0,,149090349,,0,VAXCYTE INC,A
2023-04-20,2023-04-21,P,22500,0,0.75,0,8.671984,149090350,,0,VAXCYTE INC,A
2023-04-20,2023-04-21,P,25000,0,0.75,0,7.544165,149090351,,0,VAXCYTE INC,A
2023-04-20,2023-04-21,P,30000,0,0.75,0,5.573824,149090352,,0,VAXCYTE INC,A
2023-04-20,2023-04-21,P,35000,0,0.1,0,2.536243,149090353,,0,VAXCYTE INC,A
2023-04-20,2023-04-21,P,40000,0,0.05,7,1.225899,149710799,,0,VAXCYTE INC,A
2023-04-20,2023-04-21,P,45000,0.1,0.4,35,0.443149,150466511,,0,VAXCYTE INC,A
2023-04-20,2023-04-21,P,50000,3,5.5,0,,150466512,,0,VAXCYTE INC,A
2023-04-20,2023-04-21,P,55000,8.4,10.2,0,,150524720,,0,VAXCYTE INC,A
2023-04-20,2023-04-21,P,60000,13.8,15.9,0,3.441152,150524721,,0,VAXCYTE INC,A
2023-04-20,2023-04-21,P,65000,17.5,21.3,0,,150599539,,0,VAXCYTE INC,A
2023-04-20,2023-04-21,P,70000,23.9,25.3,0,,151764459,,0,VAXCYTE INC,A
2023-04-21,2023-04-21,C,15000,29.3,32.5,0,,149090340,,0,VAXCYTE INC,A
2023-04-21,2023-04-21,C,17500,26.7,30,0,,149090341,,0,VAXCYTE INC,A
2023-04-21,2023-04-21,C,20000,24.1,27.5,0,,149090342,,0,VAXCYTE INC,A
2023-04-21,2023-04-21,C,22500,21.6,25,0,,149090343,,0,VAXCYTE INC,A
2023-04-21,2023-04-21,C,25000,19.4,22.5,0,,149090344,,0,VAXCYTE INC,A
2023-04-21,2023-04-21,C,30000,14.4,17.5,0,,149090345,,0,VAXCYTE INC,A
2023-04-21,2023-04-21,C,35000,9.1,12.5,0,,149090346,,0,VAXCYTE INC,A
2023-04-21,2023-04-21,C,40000,4.4,7.5,3,,149710798,,0,VAXCYTE INC,A
2023-04-21,2023-04-21,C,45000,0,0.55,14,,150466509,,0,VAXCYTE INC,A
2023-04-21,2023-04-21,C,50000,0,2.05,0,,150466510,,0,VAXCYTE INC,A
2023-04-21,2023-04-21,C,55000,0,2.65,0,,150524718,,0,VAXCYTE INC,A
2023-04-21,2023-04-21,C,60000,0,2.65,0,,150524719,,0,VAXCYTE INC,A
2023-04-21,2023-04-21,C,65000,0,0.05,0,,150599538,,0,VAXCYTE INC,A
2023-04-21,2023-04-21,C,70000,0,0.05,0,,151764458,,0,VAXCYTE INC,A
2023-04-21,2023-04-21,P,15000,0,0.6,0,,149090347,,0,VAXCYTE INC,A
2023-04-21,2023-04-21,P,17500,0,2.65,0,,149090348,,0,VAXCYTE INC,A
2023-04-21,2023-04-21,P,20000,0,2.65,0,,149090349,,0,VAXCYTE INC,A
2023-04-21,2023-04-21,P,22500,0,2.65,0,,149090350,,0,VAXCYTE INC,A
2023-04-21,2023-04-21,P,25000,0,2.65,0,,149090351,,0,VAXCYTE INC,A
2023-04-21,2023-04-21,P,30000,0,2.65,0,,149090352,,0,VAXCYTE INC,A
2023-04-21,2023-04-21,P,35000,0,0.05,0,,149090353,,0,VAXCYTE INC,A
2023-04-21,2023-04-21,P,40000,0,0.05,1,,149710799,,0,VAXCYTE INC,A
2023-04-21,2023-04-21,P,45000,0,0.05,20,,150466511,,0,VAXCYTE INC,A
2023-04-21,2023-04-21,P,50000,4.3,5.8,0,,150466512,,0,VAXCYTE INC,A
2023-04-21,2023-04-21,P,55000,7.8,11.2,0,,150524720,,0,VAXCYTE INC,A
2023-04-21,2023-04-21,P,60000,14.1,17,0,,150524721,,0,VAXCYTE INC,A
2023-04-21,2023-04-21,P,65000,19.3,20.9,0,,150599539,,0,VAXCYTE INC,A
2023-04-21,2023-04-21,P,70000,23.1,26.5,0,,151764459,,0,VAXCYTE INC,A
2023-05-15,2023-05-19,C,20000,29,33,0,6.064702,153284753,,0,VAXCYTE INC,A
2023-05-15,2023-05-19,C,22500,26.4,30.5,0,5.271691,153284754,,0,VAXCYTE INC,A
2023-05-15,2023-05-19,C,25000,24.1,28,0,4.856069,153284755,,0,VAXCYTE INC,A
2023-05-15,2023-05-19,C,30000,19.7,21.9,0,3.369027,153284756,,0,VAXCYTE INC,A
2023-05-15,2023-05-19,C,35000,14.7,16.8,0,2.446012,153284757,,0,VAXCYTE INC,A
2023-05-15,2023-05-19,C,40000,9.8,11,0,0.98296,153284758,,0,VAXCYTE INC,A
2023-05-15,2023-05-19,C,45000,4.9,5.7,0,,153284759,,0,VAXCYTE INC,A
2023-05-15,2023-05-19,C,50000,0.75,1.4,0,0.414747,153284760,,0,VAXCYTE INC,A
2023-05-15,2023-05-19,C,55000,0,0.2,0,0.571681,153284761,,0,VAXCYTE INC,A
2023-05-15,2023-05-19,C,60000,0,0.75,0,1.322352,153864576,,0,VAXCYTE INC,A
2023-05-15,2023-05-19,C,65000,0,4,0,,153864577,,0,VAXCYTE INC,A
2023-05-15,2023-05-19,C,70000,0,4,0,,153973735,,0,VAXCYTE INC,A
2023-05-15,2023-05-19,P,20000,0,1.5,0,6.327834,153284762,,0,VAXCYTE INC,A
2023-05-15,2023-05-19,P,22500,0,4,0,,153284763,,0,VAXCYTE INC,A
2023-05-15,2023-05-19,P,25000,0,4,0,,153284764,,0,VAXCYTE INC,A
2023-05-15,2023-05-19,P,30000,0,0.05,0,2.088158,153284765,,0,VAXCYTE INC,A
2023-05-15,2023-05-19,P,35000,0,4,0,,153284766,,0,VAXCYTE INC,A
2023-05-15,2023-05-19,P,40000,0,4,0,,153284767,,0,VAXCYTE INC,A
2023-05-15,2023-05-19,P,45000,0,1.3,0,1.237199,153284768,,0,VAXCYTE INC,A
2023-05-15,2023-05-19,P,50000,0.2,1.5,0,0.49172,153284769,,0,VAXCYTE INC,A
2023-05-15,2023-05-19,P,55000,3.8,6.1,0,0.797335,153284770,,0,VAXCYTE INC,A
2023-05-15,2023-05-19,P,60000,8.8,10.5,0,0.765263,153864578,,0,VAXCYTE INC,A
2023-05-15,2023-05-19,P,65000,13.8,15.9,0,1.552256,153864579,,0,VAXCYTE INC,A
2023-05-15,2023-05-19,P,70000,18.7,20.4,0,,153973736,,0,VAXCYTE INC,A
2023-05-16,2023-05-19,C,20000,27.7,30.8,0,7.629359,153284753,,0,VAXCYTE INC,A
2023-05-16,2023-05-19,C,22500,24.2,28.5,0,5.895376,153284754,,0,VAXCYTE INC,A
2023-05-16,2023-05-19,C,25000,21.7,26,0,5.191667,153284755,,0,VAXCYTE INC,A
2023-05-16,2023-05-19,C,30000,18.1,19.4,0,3.785272,153284756,,0,VAXCYTE INC,A
2023-05-16,2023-05-19,C,35000,12.6,14,0,1.664476,153284757,,0,VAXCYTE INC,A
2023-05-16,2023-05-19,C,40000,7.8,8.8,0,1.035867,153284758,,0,VAXCYTE INC,A
2023-05-16,2023-05-19,C,45000,2.7,3.8,0,,153284759,,0,VAXCYTE INC,A
2023-05-16,2023-05-19,C,50000,0.1,2,0,1.004379,153284760,,0,VAXCYTE INC,A
2023-05-16,2023-05-19,C,55000,0,0.05,0,0.705442,153284761,,0,VAXCYTE INC,A
2023-05-16,2023-05-19,C,60000,0,0.6,0,1.706078,153864576,,0,VAXCYTE INC,A
2023-05-16,2023-05-19,C,65000,0,4,0,,153864577,,0,VAXCYTE INC,A
2023-05-16,2023-05-19,C,70000,0,4,0,,153973735,,0,VAXCYTE INC,A
2023-05-16,2023-05-19,P,20000,0,4,0,,153284762,,0,VAXCYTE INC,A
2023-05-16,2023-05-19,P,22500,0,4,0,,153284763,,0,VAXCYTE INC,A
2023-05-16,2023-05-19,P,25000,0,4,0,,153284764,,0,VAXCYTE INC,A
2023-05-16,2023-05-19,P,30000,0,0.05,0,2.241369,153284765,,0,VAXCYTE INC,A
2023-05-16,2023-05-19,P,35000,0,4,0,,153284766,,0,VAXCYTE INC,A
2023-05-16,2023-05-19,P,40000,0,4,0,,153284767,,0,VAXCYTE INC,A
2023-05-16,2023-05-19,P,45000,0,0.15,1,0.535137,153284768,,0,VAXCYTE INC,A
2023-05-16,2023-05-19,P,50000,1.3,2.6,0,0.450751,153284769,,0,VAXCYTE INC,A
2023-05-16,2023-05-19,P,55000,6,8.2,0,1.256313,153284770,,0,VAXCYTE INC,A
2023-05-16,2023-05-19,P,60000,10.9,12.5,0,,153864578,,0,VAXCYTE INC,A
2023-05-16,2023-05-19,P,65000,16,17.6,0,1.615138,153864579,,0,VAXCYTE INC,A
2023-05-16,2023-05-19,P,70000,20.9,22.9,0,2.269245,153973736,,0,VAXCYTE INC,A
2023-05-17,2023-05-19,C,20000,27.4,31,0,,153284753,,0,VAXCYTE INC,A
2023-05-17,2023-05-19,C,22500,24.9,28.5,0,8.304251,153284754,,0,VAXCYTE INC,A
2023-05-17,2023-05-19,C,25000,22.4,26,0,7.336843,153284755,,0,VAXCYTE INC,A
2023-05-17,2023-05-19,C,30000,18.1,18.6,0,3.646929,153284756,,0,VAXCYTE INC,A
2023-05-17,2023-05-19,C,35000,13,13.5,0,2.193668,153284757,,0,VAXCYTE INC,A
2023-05-17,2023-05-19,C,40000,8,9,0,1.97862,153284758,,0,VAXCYTE INC,A
2023-05-17,2023-05-19,C,45000,2.5,4,0,0.608957,153284759,,0,VAXCYTE INC,A
2023-05-17,2023-05-19,C,50000,0.05,0.25,0,0.496874,153284760,,0,VAXCYTE INC,A
2023-05-17,2023-05-19,C,55000,0,0.2,0,1.118663,153284761,,0,VAXCYTE INC,A
2023-05-17,2023-05-19,C,60000,0,0.25,0,1.737393,153864576,,0,VAXCYTE INC,A
2023-05-17,2023-05-19,C,65000,0,2,0,3.631722,153864577,,0,VAXCYTE INC,A
2023-05-17,2023-05-19,C,70000,0,2,0,4.196073,153973735,,0,VAXCYTE INC,A
2023-05-17,2023-05-19,P,20000,0,1.5,0,8.664632,153284762,,0,VAXCYTE INC,A
2023-05-17,2023-05-19,P,22500,0,1.5,0,7.651686,153284763,,0,VAXCYTE INC,A
2023-05-17,2023-05-19,P,25000,0,1.5,0,6.748656,153284764,,0,VAXCYTE INC,A
2023-05-17,2023-05-19,P,30000,0,0.05,0,2.737381,153284765,,0,VAXCYTE INC,A
2023-05-17,2023-05-19,P,35000,0,1.55,0,3.868717,153284766,,0,VAXCYTE INC,A
2023-05-17,2023-05-19,P,40000,0,1.55,0,2.6362,153284767,,0,VAXCYTE INC,A
2023-05-17,2023-05-19,P,45000,0,0.2,2,0.691787,153284768,,0,VAXCYTE INC,A
2023-05-17,2023-05-19,P,50000,1.15,2.1,0,,153284769,,0,VAXCYTE INC,A
2023-05-17,2023-05-19,P,55000,5.9,7.6,0,,153284770,,0,VAXCYTE INC,A
2023-05-17,2023-05-19,P,60000,10.9,12.9,0,1.633438,153864578,,0,VAXCYTE INC,A
2023-05-17,2023-05-19,P,65000,15.9,17.6,0,,153864579,,0,VAXCYTE INC,A
2023-05-17,2023-05-19,P,70000,21,22.7,0,2.228812,153973736,,0,VAXCYTE INC,A
2023-05-18,2023-05-19,C,20000,27.8,30,0,,153284753,,0,VAXCYTE INC,A
2023-05-18,2023-05-19,C,22500,24.8,27.5,0,5.782919,153284754,,0,VAXCYTE INC,A
2023-05-18,2023-05-19,C,25000,22.8,25,0,7.59969,153284755,,0,VAXCYTE INC,A
2023-05-18,2023-05-19,C,30000,18.2,19.6,0,5.771142,153284756,,0,VAXCYTE INC,A
2023-05-18,2023-05-19,C,35000,13.5,13.8,0,2.624299,153284757,,0,VAXCYTE INC,A
2023-05-18,2023-05-19,C,40000,8.2,10,0,3.248762,153284758,,0,VAXCYTE INC,A
2023-05-18,2023-05-19,C,45000,3.1,5.4,0,1.950912,153284759,,0,VAXCYTE INC,A
2023-05-18,2023-05-19,C,50000,0,2.45,1,1.774478,153284760,,0,VAXCYTE INC,A
2023-05-18,2023-05-19,C,55000,0,0.2,1,1.493372,153284761,,0,VAXCYTE INC,A
2023-05-18,2023-05-19,C,60000,0,0.25,0,2.371662,153864576,,0,VAXCYTE INC,A
2023-05-18,2023-05-19,C,65000,0,2,0,5.019464,153864577,,0,VAXCYTE INC,A
2023-05-18,2023-05-19,C,70000,0,2,0,5.821711,153973735,,0,VAXCYTE INC,A
2023-05-18,2023-05-19,P,20000,0,1.5,0,,153284762,,0,VAXCYTE INC,A
2023-05-18,2023-05-19,P,22500,0,1.5,0,,153284763,,0,VAXCYTE INC,A
2023-05-18,2023-05-19,P,25000,0,1.5,0,,153284764,,0,VAXCYTE INC,A
2023-05-18,2023-05-19,P,30000,0,0.05,0,3.934385,153284765,,0,VAXCYTE INC,A
2023-05-18,2023-05-19,P,35000,0,1.55,0,5.571536,153284766,,0,VAXCYTE INC,A
2023-05-18,2023-05-19,P,40000,0,1.55,0,3.839233,153284767,,0,VAXCYTE INC,A
2023-05-18,2023-05-19,P,45000,0,0.2,0,1.073371,153284768,,0,VAXCYTE INC,A
2023-05-18,2023-05-19,P,50000,1.05,2.85,0,1.107557,153284769,,0,VAXCYTE INC,A
2023-05-18,2023-05-19,P,55000,5.7,7.9,0,2.201776,153284770,,0,VAXCYTE INC,A
2023-05-18,2023-05-19,P,60000,10.6,13.1,0,3.263501,153864578,,0,VAXCYTE INC,A
2023-05-18,2023-05-19,P,65000,15.6,17.5,0,3.298617,153864579,,0,VAXCYTE INC,A
2023-05-18,2023-05-19,P,70000,20.5,22.2,0,,153973736,,0,VAXCYTE INC,A
2023-05-19,2023-05-19,C,20000,27.6,30.5,0,,153284753,,0,VAXCYTE INC,A
2023-05-19,2023-05-19,C,22500,24.9,28,0,,153284754,,0,VAXCYTE INC,A
2023-05-19,2023-05-19,C,25000,21.6,25.5,0,,153284755,,0,VAXCYTE INC,A
2023-05-19,2023-05-19,C,30000,17.6,20.5,0,,153284756,,0,VAXCYTE INC,A
2023-05-19,2023-05-19,C,35000,12.3,15.5,0,,153284757,,0,VAXCYTE INC,A
2023-05-19,2023-05-19,C,40000,7.6,10.5,0,,153284758,,0,VAXCYTE INC,A
2023-05-19,2023-05-19,C,45000,2.45,5.5,10,,153284759,,0,VAXCYTE INC,A
2023-05-19,2023-05-19,C,50000,0,0.9,0,,153284760,,0,VAXCYTE INC,A
2023-05-19,2023-05-19,C,55000,0,0.05,0,,153284761,,0,VAXCYTE INC,A
2023-05-19,2023-05-19,C,60000,0,0.25,0,,153864576,,0,VAXCYTE INC,A
2023-05-19,2023-05-19,C,65000,0,2,0,,153864577,,0,VAXCYTE INC,A
2023-05-19,2023-05-19,C,70000,0,0.75,0,,153973735,,0,VAXCYTE INC,A
2023-05-19,2023-05-19,P,20000,0,1.5,0,,153284762,,0,VAXCYTE INC,A
2023-05-19,2023-05-19,P,22500,0,0.75,0,,153284763,,0,VAXCYTE INC,A
2023-05-19,2023-05-19,P,25000,0,4,0,,153284764,,0,VAXCYTE INC,A
2023-05-19,2023-05-19,P,30000,0,0.05,0,,153284765,,0,VAXCYTE INC,A
2023-05-19,2023-05-19,P,35000,0,4,0,,153284766,,0,VAXCYTE INC,A
2023-05-19,2023-05-19,P,40000,0,4,0,,153284767,,0,VAXCYTE INC,A
2023-05-19,2023-05-19,P,45000,0,0.2,0,,153284768,,0,VAXCYTE INC,A
2023-05-19,2023-05-19,P,50000,1,5,0,,153284769,,0,VAXCYTE INC,A
2023-05-19,2023-05-19,P,55000,5.5,7.7,0,,153284770,,0,VAXCYTE INC,A
2023-05-19,2023-05-19,P,60000,10.3,12.6,0,,153864578,,0,VAXCYTE INC,A
2023-05-19,2023-05-19,P,65000,15.8,17.8,0,,153864579,,0,VAXCYTE INC,A
2023-05-19,2023-05-19,P,70000,19.9,22.6,0,,153973736,,0,VAXCYTE INC,A
2023-06-12,2023-06-16,C,22500,28,32,0,5.447227,153973737,,0,VAXCYTE INC,A
2023-06-12,2023-06-16,C,25000,25.6,29.5,0,4.938801,153973738,,0,VAXCYTE INC,A
2023-06-12,2023-06-16,C,30000,20.6,24.5,0,3.878699,153973739,,0,VAXCYTE INC,A
2023-06-12,2023-06-16,C,35000,15.7,19.5,0,3.035286,153973740,,0,VAXCYTE INC,A
2023-06-12,2023-06-16,C,40000,10.3,14.5,0,2.004898,153973741,,0,VAXCYTE INC,A
2023-06-12,2023-06-16,C,45000,5.2,9.5,0,1.247723,153973742,,0,VAXCYTE INC,A
2023-06-12,2023-06-16,C,50000,1.4,5,0,0.990124,153973743,,0,VAXCYTE INC,A
2023-06-12,2023-06-16,C,55000,0.15,0.5,1,0.599658,153973744,,0,VAXCYTE INC,A
2023-06-12,2023-06-16,C,60000,0,0.95,6,1.234517,153973745,,0,VAXCYTE INC,A
2023-06-12,2023-06-16,C,65000,0,4.4,0,,153973746,,0,VAXCYTE INC,A
2023-06-12,2023-06-16,C,70000,0,4.4,0,,153973747,,0,VAXCYTE INC,A
2023-06-12,2023-06-16,P,22500,0,4.4,0,,153973748,,0,VAXCYTE INC,A
2023-06-12,2023-06-16,P,25000,0,4.4,0,,153973749,,0,VAXCYTE INC,A
2023-06-12,2023-06-16,P,30000,0,4.4,0,,153973750,,0,VAXCYTE INC,A
2023-06-12,2023-06-16,P,35000,0,4.4,0,,153973751,,0,VAXCYTE INC,A
2023-06-12,2023-06-16,P,40000,0,4.4,0,,153973752,,0,VAXCYTE INC,A
2023-06-12,2023-06-16,P,45000,0,0.45,0,1.030973,153973753,,0,VAXCYTE INC,A
2023-06-12,2023-06-16,P,50000,0.05,0.6,0,0.472665,153973754,,0,VAXCYTE INC,A
2023-06-12,2023-06-16,P,55000,1.35,4.6,0,,153973755,,0,VAXCYTE INC,A
2023-06-12,2023-06-16,P,60000,6.9,9.7,0,0.988575,153973756,,0,VAXCYTE INC,A
2023-06-12,2023-06-16,P,65000,11.6,14.9,0,1.299639,153973757,,0,VAXCYTE INC,A
2023-06-12,2023-06-16,P,70000,17.1,20.1,0,2.08835,153973758,,0,VAXCYTE INC,A
2023-06-13,2023-06-16,C,22500,29.6,33,0,6.673942,153973737,,0,VAXCYTE INC,A
2023-06-13,2023-06-16,C,25000,27.1,30.5,0,5.955884,153973738,,0,VAXCYTE INC,A
2023-06-13,2023-06-16,C,30000,22.2,25.5,0,4.801155,153973739,,0,VAXCYTE INC,A
2023-06-13,2023-06-16,C,35000,17.1,20.5,0,3.658807,153973740,,0,VAXCYTE INC,A
2023-06-13,2023-06-16,C,40000,12.1,15.5,0,2.721271,153973741,,0,VAXCYTE INC,A
2023-06-13,2023-06-16,C,45000,7.1,10.5,0,1.853895,153973742,,0,VAXCYTE INC,A
2023-06-13,2023-06-16,C,50000,2.4,5.5,0,1.093236,153973743,,0,VAXCYTE INC,A
2023-06-13,2023-06-16,C,55000,0.05,0.5,20,0.477322,153973744,,0,VAXCYTE INC,A
2023-06-13,2023-06-16,C,60000,0,1,0,1.286504,153973745,,0,VAXCYTE INC,A
2023-06-13,2023-06-16,C,65000,0,4.3,0,,153973746,,0,VAXCYTE INC,A
2023-06-13,2023-06-16,C,70000,0,4.3,0,,153973747,,0,VAXCYTE INC,A
2023-06-13,2023-06-16,P,22500,0,4.3,0,,153973748,,0,VAXCYTE INC,A
2023-06-13,2023-06-16,P,25000,0,4.3,0,,153973749,,0,VAXCYTE INC,A
2023-06-13,2023-06-16,P,30000,0,4.3,0,,153973750,,0,VAXCYTE INC,A
2023-06-13,2023-06-16,P,35000,0,4.3,0,,153973751,,0,VAXCYTE INC,A
2023-06-13,2023-06-16,P,40000,0,4.3,0,,153973752,,0,VAXCYTE INC,A
2023-06-13,2023-06-16,P,45000,0,0.45,0,1.324031,153973753,,0,VAXCYTE INC,A
2023-06-13,2023-06-16,P,50000,0,0.9,0,0.817842,153973754,,0,VAXCYTE INC,A
2023-06-13,2023-06-16,P,55000,1.3,3.1,0,0.493516,153973755,,0,VAXCYTE INC,A
2023-06-13,2023-06-16,P,60000,6.1,7.9,0,0.83358,153973756,,0,VAXCYTE INC,A
2023-06-13,2023-06-16,P,65000,10.8,12.9,0,,153973757,,0,VAXCYTE INC,A
2023-06-13,2023-06-16,P,70000,15,17.9,0,,153973758,,0,VAXCYTE INC,A
2023-06-14,2023-06-16,C,22500,28.2,32,0,6.179792,153973737,,0,VAXCYTE INC,A
2023-06-14,2023-06-16,C,25000,26.2,30,0,7.166581,153973738,,0,VAXCYTE INC,A
2023-06-14,2023-06-16,C,30000,21.3,25,0,5.757032,153973739,,0,VAXCYTE INC,A
2023-06-14,2023-06-16,C,35000,15.9,20,0,4.082896,153973740,,0,VAXCYTE INC,A
2023-06-14,2023-06-16,C,40000,11.3,14.5,0,2.906332,153973741,,0,VAXCYTE INC,A
2023-06-14,2023-06-16,C,45000,6.1,7.8,0,,153973742,,0,VAXCYTE INC,A
2023-06-14,2023-06-16,C,50000,1.15,3,0,,153973743,,0,VAXCYTE INC,A
2023-06-14,2023-06-16,C,55000,0,0.05,160,0.375043,153973744,,0,VAXCYTE INC,A
2023-06-14,2023-06-16,C,60000,0,1,0,1.690729,153973745,,0,VAXCYTE INC,A
2023-06-14,2023-06-16,C,65000,0,4.3,0,,153973746,,0,VAXCYTE INC,A
2023-06-14,2023-06-16,C,70000,0,4.3,0,,153973747,,0,VAXCYTE INC,A
2023-06-14,2023-06-16,P,22500,0,4.3,0,,153973748,,0,VAXCYTE INC,A
2023-06-14,2023-06-16,P,25000,0,4.3,0,,153973749,,0,VAXCYTE INC,A
2023-06-14,2023-06-16,P,30000,0,4.3,0,,153973750,,0,VAXCYTE INC,A
2023-06-14,2023-06-16,P,35000,0,4.3,0,,153973751,,0,VAXCYTE INC,A
2023-06-14,2023-06-16,P,40000,0,4.3,0,,153973752,,0,VAXCYTE INC,A
2023-06-14,2023-06-16,P,45000,0,0.45,0,1.527655,153973753,,0,VAXCYTE INC,A
2023-06-14,2023-06-16,P,50000,0,0.45,0,0.662448,153973754,,0,VAXCYTE INC,A
2023-06-14,2023-06-16,P,55000,1.7,4.8,0,1.035827,153973755,,0,VAXCYTE INC,A
2023-06-14,2023-06-16,P,60000,6.2,9.5,0,1.400294,153973756,,0,VAXCYTE INC,A
2023-06-14,2023-06-16,P,65000,11.2,14.8,0,2.201253,153973757,,0,VAXCYTE INC,A
2023-06-14,2023-06-16,P,70000,15.8,19.1,0,,153973758,,0,VAXCYTE INC,A
2023-06-15,2023-06-16,C,22500,28.3,32,0,,153973737,,0,VAXCYTE INC,A
2023-06-15,2023-06-16,C,25000,25.7,29.5,0,,153973738,,0,VAXCYTE INC,A
2023-06-15,2023-06-16,C,30000,20.8,24.5,0,7.346644,153973739,,0,VAXCYTE INC,A
2023-06-15,2023-06-16,C,35000,16,19.5,0,5.895957,153973740,,0,VAXCYTE INC,A
2023-06-15,2023-06-16,C,40000,11.4,14.5,0,4.707144,153973741,,0,VAXCYTE INC,A
2023-06-15,2023-06-16,C,45000,5.2,9.2,0,1.552499,153973742,,0,VAXCYTE INC,A
2023-06-15,2023-06-16,C,50000,1.55,2.55,0,,153973743,,0,VAXCYTE INC,A
2023-06-15,2023-06-16,C,55000,0,0.35,0,0.920492,153973744,,0,VAXCYTE INC,A
2023-06-15,2023-06-16,C,60000,0,0.55,0,2.062655,153973745,,0,VAXCYTE INC,A
2023-06-15,2023-06-16,C,65000,0,1.5,0,3.75411,153973746,,0,VAXCYTE INC,A
2023-06-15,2023-06-16,C,70000,0,2,0,4.960145,153973747,,0,VAXCYTE INC,A
2023-06-15,2023-06-16,P,22500,0,4.3,0,,153973748,,0,VAXCYTE INC,A
2023-06-15,2023-06-16,P,25000,0,4.3,0,,153973749,,0,VAXCYTE INC,A
2023-06-15,2023-06-16,P,30000,0,4.3,0,,153973750,,0,VAXCYTE INC,A
2023-06-15,2023-06-16,P,35000,0,2,0,6.817482,153973751,,0,VAXCYTE INC,A
2023-06-15,2023-06-16,P,40000,0,1.55,0,4.650408,153973752,,0,VAXCYTE INC,A
2023-06-15,2023-06-16,P,45000,0,0.45,0,2.107785,153973753,,0,VAXCYTE INC,A
2023-06-15,2023-06-16,P,50000,0,2,0,1.765264,153973754,,0,VAXCYTE INC,A
2023-06-15,2023-06-16,P,55000,1.6,4.8,0,1.167775,153973755,,0,VAXCYTE INC,A
2023-06-15,2023-06-16,P,60000,6.4,9.7,0,1.892842,153973756,,0,VAXCYTE INC,A
2023-06-15,2023-06-16,P,65000,11,14.8,0,2.044511,153973757,,0,VAXCYTE INC,A
2023-06-15,2023-06-16,P,70000,16,19.3,0,,153973758,,0,VAXCYTE INC,A
2023-06-16,2023-06-16,C,22500,27.6,31,0,,153973737,,0,VAXCYTE INC,A
2023-06-16,2023-06-16,C,25000,25.2,28.5,0,,153973738,,0,VAXCYTE INC,A
2023-06-16,2023-06-16,C,30000,20.1,23.5,0,,153973739,,0,VAXCYTE INC,A
2023-06-16,2023-06-16,C,35000,15.5,18.5,0,,153973740,,0,VAXCYTE INC,A
2023-06-16,2023-06-16,C,40000,10.3,13.5,0,,153973741,,0,VAXCYTE INC,A
2023-06-16,2023-06-16,C,45000,5.4,8.5,11,,153973742,,0,VAXCYTE INC,A
2023-06-16,2023-06-16,C,50000,0.65,5,2,,153973743,,0,VAXCYTE INC,A
2023-06-16,2023-06-16,C,55000,0,2,0,,153973744,,0,VAXCYTE INC,A
2023-06-16,2023-06-16,C,60000,0,0.75,0,,153973745,,0,VAXCYTE INC,A
2023-06-16,2023-06-16,C,65000,0,0.75,0,,153973746,,0,VAXCYTE INC,A
2023-06-16,2023-06-16,C,70000,0,0.75,0,,153973747,,0,VAXCYTE INC,A
2023-06-16,2023-06-16,P,22500,0,0.75,0,,153973748,,0,VAXCYTE INC,A
2023-06-16,2023-06-16,P,25000,0,0.75,0,,153973749,,0,VAXCYTE INC,A
2023-06-16,2023-06-16,P,30000,0,0.75,0,,153973750,,0,VAXCYTE INC,A
2023-06-16,2023-06-16,P,35000,0,0.75,0,,153973751,,0,VAXCYTE INC,A
2023-06-16,2023-06-16,P,40000,0,0.75,0,,153973752,,0,VAXCYTE INC,A
2023-06-16,2023-06-16,P,45000,0,0.75,0,,153973753,,0,VAXCYTE INC,A
2023-06-16,2023-06-16,P,50000,0,0.75,0,,153973754,,0,VAXCYTE INC,A
2023-06-16,2023-06-16,P,55000,2.9,5.6,0,,153973755,,0,VAXCYTE INC,A
2023-06-16,2023-06-16,P,60000,7.2,9.6,0,,153973756,,0,VAXCYTE INC,A
2023-06-16,2023-06-16,P,65000,11.9,15.1,0,,153973757,,0,VAXCYTE INC,A
2023-06-16,2023-06-16,P,70000,16.7,20.5,0,,153973758,,0,VAXCYTE INC,A
2023-07-17,2023-07-21,C,20000,26.7,30,0,5.929802,153131659,,0,VAXCYTE INC,A
2023-07-17,2023-07-21,C,22500,23.7,27.5,0,4.684833,150911761,,0,VAXCYTE INC,A
2023-07-17,2023-07-21,C,25000,21.7,25,0,4.596062,150911762,,0,VAXCYTE INC,A
2023-07-17,2023-07-21,C,30000,16.5,20,0,3.355904,150911763,,0,VAXCYTE INC,A
2023-07-17,2023-07-21,C,35000,11.5,15,0,2.442969,150911764,,0,VAXCYTE INC,A
2023-07-17,2023-07-21,C,40000,7.2,9.2,0,1.567327,150911765,,0,VAXCYTE INC,A
2023-07-17,2023-07-21,C,45000,2.15,4.2,0,0.753386,150911766,,0,VAXCYTE INC,A
2023-07-17,2023-07-21,C,50000,0.05,0.9,1,0.648769,150911767,,0,VAXCYTE INC,A
2023-07-17,2023-07-21,C,55000,0,0.4,0,0.98472,150911768,,0,VAXCYTE INC,A
2023-07-17,2023-07-21,C,60000,0,0.05,0,0.985848,150911769,,0,VAXCYTE INC,A
2023-07-17,2023-07-21,C,65000,0,4.1,0,,150911770,,0,VAXCYTE INC,A
2023-07-17,2023-07-21,C,70000,0,4.1,0,,151764460,,0,VAXCYTE INC,A
2023-07-17,2023-07-21,C,75000,0,4.1,0,,154318055,,0,VAXCYTE INC,A
2023-07-17,2023-07-21,P,20000,0,4.1,0,,153131660,,0,VAXCYTE INC,A
2023-07-17,2023-07-21,P,22500,0,4.1,0,,150911771,,0,VAXCYTE INC,A
2023-07-17,2023-07-21,P,25000,0,4.1,0,,150911772,,0,VAXCYTE INC,A
2023-07-17,2023-07-21,P,30000,0,2.9,0,4.442744,150911773,,0,VAXCYTE INC,A
2023-07-17,2023-07-21,P,35000,0,4.1,0,,150911774,,0,VAXCYTE INC,A
2023-07-17,2023-07-21,P,40000,0,2.9,0,2.320524,150911775,,0,VAXCYTE INC,A
2023-07-17,2023-07-21,P,45000,0.05,0.45,1,0.57563,150911776,,0,VAXCYTE INC,A
2023-07-17,2023-07-21,P,50000,2.25,3,0,0.538122,150911777,,0,VAXCYTE INC,A
2023-07-17,2023-07-21,P,55000,7.1,8.1,0,1.07683,150911778,,0,VAXCYTE INC,A
2023-07-17,2023-07-21,P,60000,10,14,0,,150911779,,0,VAXCYTE INC,A
2023-07-17,2023-07-21,P,65000,15.2,18.3,0,,150911780,,0,VAXCYTE INC,A
2023-07-17,2023-07-21,P,70000,20,23.6,0,,151764461,,0,VAXCYTE INC,A
2023-07-17,2023-07-21,P,75000,25.2,28.7,0,,154318056,,0,VAXCYTE INC,A
2023-07-18,2023-07-21,C,20000,25.2,29.5,0,6.645844,153131659,,0,VAXCYTE INC,A
2023-07-18,2023-07-21,C,22500,22.9,27,0,6.06072,150911761,,0,VAXCYTE INC,A
2023-07-18,2023-07-21,C,25000,20.3,24.5,0,5.220541,150911762,,0,VAXCYTE INC,A
2023-07-18,2023-07-21,C,30000,15.2,19.5,0,3.866394,150911763,,0,VAXCYTE INC,A
2023-07-18,2023-07-21,C,35000,9.9,14.5,0,2.572101,150911764,,0,VAXCYTE INC,A
2023-07-18,2023-07-21,C,40000,6.1,9.4,0,2.166128,150911765,,0,VAXCYTE INC,A
2023-07-18,2023-07-21,C,45000,1.3,3.4,0,0.794451,150911766,,0,VAXCYTE INC,A
2023-07-18,2023-07-21,C,50000,0.05,0.65,6,0.818322,150911767,,0,VAXCYTE INC,A
2023-07-18,2023-07-21,C,55000,0,0.35,0,1.222565,150911768,,0,VAXCYTE INC,A
2023-07-18,2023-07-21,C,60000,0,0.05,0,1.227396,150911769,,0,VAXCYTE INC,A
2023-07-18,2023-07-21,C,65000,0,4.1,0,,150911770,,0,VAXCYTE INC,A
2023-07-18,2023-07-21,C,70000,0,1,0,3.048662,151764460,,0,VAXCYTE INC,A
2023-07-18,2023-07-21,C,75000,0,0.05,0,2.115627,154318055,,0,VAXCYTE INC,A
2023-07-18,2023-07-21,P,20000,0,4.1,0,,153131660,,0,VAXCYTE INC,A
2023-07-18,2023-07-21,P,22500,0,4.1,0,,150911771,,0,VAXCYTE INC,A
2023-07-18,2023-07-21,P,25000,0,4.1,0,,150911772,,0,VAXCYTE INC,A
2023-07-18,2023-07-21,P,30000,0,2.9,0,4.997084,150911773,,0,VAXCYTE INC,A
2023-07-18,2023-07-21,P,35000,0,4.1,0,,150911774,,0,VAXCYTE INC,A
2023-07-18,2023-07-21,P,40000,0,2.9,0,2.516087,150911775,,0,VAXCYTE INC,A
2023-07-18,2023-07-21,P,45000,0.1,0.5,1,0.5507,150911776,,0,VAXCYTE INC,A
2023-07-18,2023-07-21,P,50000,3,3.9,0,0.637796,150911777,,0,VAXCYTE INC,A
2023-07-18,2023-07-21,P,55000,7.3,9.4,0,0.993281,150911778,,0,VAXCYTE INC,A
2023-07-18,2023-07-21,P,60000,11.6,15.2,0,1.559883,150911779,,0,VAXCYTE INC,A
2023-07-18,2023-07-21,P,65000,16.5,20,0,,150911780,,0,VAXCYTE INC,A
2023-07-18,2023-07-21,P,70000,21.6,24.9,0,,151764461,,0,VAXCYTE INC,A
2023-07-18,2023-07-21,P,75000,26.7,30,0,2.390689,154318056,,0,VAXCYTE INC,A
2023-07-19,2023-07-21,C,20000,25.1,29,0,7.795598,153131659,,0,VAXCYTE INC,A
2023-07-19,2023-07-21,C,22500,22.3,26.5,0,6.351237,150911761,,0,VAXCYTE INC,A
2023-07-19,2023-07-21,C,25000,20.1,24,0,5.987102,150911762,,0,VAXCYTE INC,A
2023-07-19,2023-07-21,C,30000,15.4,19,0,4.81123,150911763,,0,VAXCYTE INC,A
2023-07-19,2023-07-21,C,35000,9.7,14,0,2.83442,150911764,,0,VAXCYTE INC,A
2023-07-19,2023-07-21,C,40000,5.3,9,0,2.162046,150911765,,0,VAXCYTE INC,A
2023-07-19,2023-07-21,C,45000,0.95,5,0,1.5811,150911766,,0,VAXCYTE INC,A
2023-07-19,2023-07-21,C,50000,0,0.35,0,0.831179,150911767,,0,VAXCYTE INC,A
2023-07-19,2023-07-21,C,55000,0,0.35,0,1.529218,150911768,,0,VAXCYTE INC,A
2023-07-19,2023-07-21,C,60000,0,0.1,0,1.685328,150911769,,0,VAXCYTE INC,A
2023-07-19,2023-07-21,C,65000,0,2,0,3.947733,150911770,,0,VAXCYTE INC,A
2023-07-19,2023-07-21,C,70000,0,0.1,0,2.499258,151764460,,0,VAXCYTE INC,A
2023-07-19,2023-07-21,C,75000,0,0.05,0,2.613137,154318055,,0,VAXCYTE INC,A
2023-07-19,2023-07-21,P,20000,0,4.1,0,,153131660,,0,VAXCYTE INC,A
2023-07-19,2023-07-21,P,22500,0,4.1,0,,150911771,,0,VAXCYTE INC,A
2023-07-19,2023-07-21,P,25000,0,4.1,0,,150911772,,0,VAXCYTE INC,A
2023-07-19,2023-07-21,P,30000,0,2.9,0,6.084553,150911773,,0,VAXCYTE INC,A
2023-07-19,2023-07-21,P,35000,0,2.05,0,3.945605,150911774,,0,VAXCYTE INC,A
2023-07-19,2023-07-21,P,40000,0,2.9,0,3.037474,150911775,,0,VAXCYTE INC,A
2023-07-19,2023-07-21,P,45000,0,0.4,1,0.529855,150911776,,0,VAXCYTE INC,A
2023-07-19,2023-07-21,P,50000,2.05,4.3,0,,150911777,,0,VAXCYTE INC,A
2023-07-19,2023-07-21,P,55000,6.6,9.9,0,,150911778,,0,VAXCYTE INC,A
2023-07-19,2023-07-21,P,60000,11.6,15.5,0,1.730903,150911779,,0,VAXCYTE INC,A
2023-07-19,2023-07-21,P,65000,16.6,20.1,0,,150911780,,0,VAXCYTE INC,A
2023-07-19,2023-07-21,P,70000,21.6,25.7,0,2.999262,151764461,,0,VAXCYTE INC,A
2023-07-19,2023-07-21,P,75000,26.5,30,0,,154318056,,0,VAXCYTE INC,A
2023-07-20,2023-07-21,C,20000,25.5,30.4,0,8.018353,153131659,,0,VAXCYTE INC,A
2023-07-20,2023-07-21,C,22500,23,27.9,0,7.018104,150911761,,0,VAXCYTE INC,A
2023-07-20,2023-07-21,C,25000,20.5,25.5,0,6.594372,150911762,,0,VAXCYTE INC,A
2023-07-20,2023-07-21,C,30000,15.9,20.5,0,5.924182,150911763,,0,VAXCYTE INC,A
2023-07-20,2023-07-21,C,35000,10.6,15.5,0,3.737907,150911764,,0,VAXCYTE INC,A
2023-07-20,2023-07-21,C,40000,7,10.4,0,3.746155,150911765,,0,VAXCYTE INC,A
2023-07-20,2023-07-21,C,45000,2.05,4,0,1.034576,150911766,,0,VAXCYTE INC,A
2023-07-20,2023-07-21,C,50000,0,2.35,0,2.026342,150911767,,0,VAXCYTE INC,A
2023-07-20,2023-07-21,C,55000,0,0.65,0,2.196572,150911768,,0,VAXCYTE INC,A
2023-07-20,2023-07-21,C,60000,0,0.1,0,2.14938,150911769,,0,VAXCYTE INC,A
2023-07-20,2023-07-21,C,65000,0,2,0,5.221677,150911770,,0,VAXCYTE INC,A
2023-07-20,2023-07-21,C,70000,0,2,0,6.016808,151764460,,0,VAXCYTE INC,A
2023-07-20,2023-07-21,C,75000,0,0.05,0,3.492699,154318055,,0,VAXCYTE INC,A
2023-07-20,2023-07-21,P,20000,0,2,0,,153131660,,0,VAXCYTE INC,A
2023-07-20,2023-07-21,P,22500,0,2,0,,150911771,,0,VAXCYTE INC,A
2023-07-20,2023-07-21,P,25000,0,2,0,,150911772,,0,VAXCYTE INC,A
2023-07-20,2023-07-21,P,30000,0,0.75,0,6.0748,150911773,,0,VAXCYTE INC,A
2023-07-20,2023-07-21,P,35000,0,2.05,0,5.913851,150911774,,0,VAXCYTE INC,A
2023-07-20,2023-07-21,P,40000,0,2.9,0,4.692092,150911775,,0,VAXCYTE INC,A
2023-07-20,2023-07-21,P,45000,0,0.05,0,0.66693,150911776,,0,VAXCYTE INC,A
2023-07-20,2023-07-21,P,50000,1.75,2.9,0,0.853692,150911777,,0,VAXCYTE INC,A
2023-07-20,2023-07-21,P,55000,6,9.1,0,2.364402,150911778,,0,VAXCYTE INC,A
2023-07-20,2023-07-21,P,60000,10.1,14.5,0,2.665872,150911779,,0,VAXCYTE INC,A
2023-07-20,2023-07-21,P,65000,15.6,19.5,0,4.109221,150911780,,0,VAXCYTE INC,A
2023-07-20,2023-07-21,P,70000,20.6,24.5,0,4.8148,151764461,,0,VAXCYTE INC,A
2023-07-20,2023-07-21,P,75000,25.5,29.5,0,5.301319,154318056,,0,VAXCYTE INC,A
2023-07-21,2023-07-21,C,20000,27.6,31,0,,153131659,,0,VAXCYTE INC,A
2023-07-21,2023-07-21,C,22500,25.2,28.5,0,,150911761,,0,VAXCYTE INC,A
2023-07-21,2023-07-21,C,25000,22.5,26,0,,150911762,,0,VAXCYTE INC,A
2023-07-21,2023-07-21,C,30000,17.5,21,0,,150911763,,0,VAXCYTE INC,A
2023-07-21,2023-07-21,C,35000,12.9,16,0,,150911764,,0,VAXCYTE INC,A
2023-07-21,2023-07-21,C,40000,7.6,11,0,,150911765,,0,VAXCYTE INC,A
2023-07-21,2023-07-21,C,45000,2.55,6,310,,150911766,,0,VAXCYTE INC,A
2023-07-21,2023-07-21,C,50000,0,4.1,0,,150911767,,0,VAXCYTE INC,A
2023-07-21,2023-07-21,C,55000,0,4.1,0,,150911768,,0,VAXCYTE INC,A
2023-07-21,2023-07-21,C,60000,0,0.1,0,,150911769,,0,VAXCYTE INC,A
2023-07-21,2023-07-21,C,65000,0,2,0,,150911770,,0,VAXCYTE INC,A
2023-07-21,2023-07-21,C,70000,0,2,0,,151764460,,0,VAXCYTE INC,A
2023-07-21,2023-07-21,C,75000,0,0.05,0,,154318055,,0,VAXCYTE INC,A
2023-07-21,2023-07-21,P,20000,0,4.1,0,,153131660,,0,VAXCYTE INC,A
2023-07-21,2023-07-21,P,22500,0,4.1,0,,150911771,,0,VAXCYTE INC,A
2023-07-21,2023-07-21,P,25000,0,4.1,0,,150911772,,0,VAXCYTE INC,A
2023-07-21,2023-07-21,P,30000,0,2.9,0,,150911773,,0,VAXCYTE INC,A
2023-07-21,2023-07-21,P,35000,0,4.1,0,,150911774,,0,VAXCYTE INC,A
2023-07-21,2023-07-21,P,40000,0,0.05,0,,150911775,,0,VAXCYTE INC,A
2023-07-21,2023-07-21,P,45000,0,0.1,0,,150911776,,0,VAXCYTE INC,A
2023-07-21,2023-07-21,P,50000,0.85,2.2,1,,150911777,,0,VAXCYTE INC,A
2023-07-21,2023-07-21,P,55000,4.4,7.6,0,,150911778,,0,VAXCYTE INC,A
2023-07-21,2023-07-21,P,60000,9.1,12.9,0,,150911779,,0,VAXCYTE INC,A
2023-07-21,2023-07-21,P,65000,14,17.8,0,,150911780,,0,VAXCYTE INC,A
2023-07-21,2023-07-21,P,70000,19.1,22.7,0,,151764461,,0,VAXCYTE INC,A
2023-07-21,2023-07-21,P,75000,24,28,0,,154318056,,0,VAXCYTE INC,A
2023-08-14,2023-08-18,C,30000,14.4,18.5,0,2.956093,155170729,,0,VAXCYTE INC,A
2023-08-14,2023-08-18,C,35000,9.8,13.5,0,2.321375,155170730,,0,VAXCYTE INC,A
2023-08-14,2023-08-18,C,40000,4.6,8,0,1.113793,155170731,,0,VAXCYTE INC,A
2023-08-14,2023-08-18,C,45000,0.95,5,2,1.279338,155170732,,0,VAXCYTE INC,A
2023-08-14,2023-08-18,C,50000,0,1.55,2,1.108068,155170733,,0,VAXCYTE INC,A
2023-08-14,2023-08-18,C,55000,0,0.05,0,0.798925,155170734,,0,VAXCYTE INC,A
2023-08-14,2023-08-18,C,60000,0,0.1,0,1.234422,155170735,,0,VAXCYTE INC,A
2023-08-14,2023-08-18,C,65000,0,0.05,0,1.401173,155170736,,0,VAXCYTE INC,A
2023-08-14,2023-08-18,C,70000,0,0.05,0,1.654515,155170737,,0,VAXCYTE INC,A
2023-08-14,2023-08-18,C,75000,0,0.05,0,1.884972,155170738,,0,VAXCYTE INC,A
2023-08-14,2023-08-18,P,30000,0,2.25,0,3.887386,155170739,,0,VAXCYTE INC,A
2023-08-14,2023-08-18,P,35000,0,2.25,0,2.821926,155170740,,0,VAXCYTE INC,A
2023-08-14,2023-08-18,P,40000,0,0.1,0,0.750968,155170741,,0,VAXCYTE INC,A
2023-08-14,2023-08-18,P,45000,0.05,1.3,1,0.585596,155170742,,0,VAXCYTE INC,A
2023-08-14,2023-08-18,P,50000,2,5.7,0,,155170743,,0,VAXCYTE INC,A
2023-08-14,2023-08-18,P,55000,7.3,10.8,0,0.936686,155170744,,0,VAXCYTE INC,A
2023-08-14,2023-08-18,P,60000,12.4,16.4,0,1.88088,155170745,,0,VAXCYTE INC,A
2023-08-14,2023-08-18,P,65000,17.4,20.3,0,,155170746,,0,VAXCYTE INC,A
2023-08-14,2023-08-18,P,70000,22,25.7,0,,155170747,,0,VAXCYTE INC,A
2023-08-14,2023-08-18,P,75000,27.7,31,0,2.861942,155170748,,0,VAXCYTE INC,A
2023-08-15,2023-08-18,C,30000,15.6,20,0,3.290579,155170729,,0,VAXCYTE INC,A
2023-08-15,2023-08-18,C,35000,10.6,15,0,2.353481,155170730,,0,VAXCYTE INC,A
2023-08-15,2023-08-18,C,40000,5.4,10,0,1.351469,155170731,,0,VAXCYTE INC,A
2023-08-15,2023-08-18,C,45000,0.1,5,0,,155170732,,0,VAXCYTE INC,A
2023-08-15,2023-08-18,C,50000,0,4.1,0,,155170733,,0,VAXCYTE INC,A
2023-08-15,2023-08-18,C,55000,0,4.1,1,,155170734,,0,VAXCYTE INC,A
2023-08-15,2023-08-18,C,60000,0,0.05,5,1.154431,155170735,,0,VAXCYTE INC,A
2023-08-15,2023-08-18,C,65000,0,0.05,0,1.484064,155170736,,0,VAXCYTE INC,A
2023-08-15,2023-08-18,C,70000,0,0.05,0,1.779174,155170737,,0,VAXCYTE INC,A
2023-08-15,2023-08-18,C,75000,0,0.05,0,2.047146,155170738,,0,VAXCYTE INC,A
2023-08-15,2023-08-18,P,30000,0,4.1,0,,155170739,,0,VAXCYTE INC,A
2023-08-15,2023-08-18,P,35000,0,4.1,0,,155170740,,0,VAXCYTE INC,A
2023-08-15,2023-08-18,P,40000,0,0.2,0,1.165458,155170741,,0,VAXCYTE INC,A
2023-08-15,2023-08-18,P,45000,0,1.9,0,1.168655,155170742,,0,VAXCYTE INC,A
2023-08-15,2023-08-18,P,50000,1.55,4.8,0,0.928197,155170743,,0,VAXCYTE INC,A
2023-08-15,2023-08-18,P,55000,6.7,10,0,1.815414,155170744,,0,VAXCYTE INC,A
2023-08-15,2023-08-18,P,60000,11.6,15,0,2.374587,155170745,,0,VAXCYTE INC,A
2023-08-15,2023-08-18,P,65000,16.6,20,0,2.883029,155170746,,0,VAXCYTE INC,A
2023-08-15,2023-08-18,P,70000,21.4,25,0,3.214344,155170747,,0,VAXCYTE INC,A
2023-08-15,2023-08-18,P,75000,26.5,29.4,0,3.259235,155170748,,0,VAXCYTE INC,A
2023-08-16,2023-08-18,C,30000,15.4,20,0,3.940677,155170729,,0,VAXCYTE INC,A
2023-08-16,2023-08-18,C,35000,10.8,15,0,3.233062,155170730,,0,VAXCYTE INC,A
2023-08-16,2023-08-18,C,40000,5.8,10,0,2.103285,155170731,,0,VAXCYTE INC,A
2023-08-16,2023-08-18,C,45000,1.85,4.7,0,1.323017,155170732,,0,VAXCYTE INC,A
2023-08-16,2023-08-18,C,50000,0,4.2,0,,155170733,,0,VAXCYTE INC,A
2023-08-16,2023-08-18,C,55000,0,4.1,0,,155170734,,0,VAXCYTE INC,A
2023-08-16,2023-08-18,C,60000,0,0.1,0,1.572495,155170735,,0,VAXCYTE INC,A
2023-08-16,2023-08-18,C,65000,0,0.05,0,1.825912,155170736,,0,VAXCYTE INC,A
2023-08-16,2023-08-18,C,70000,0,0.05,0,2.187173,155170737,,0,VAXCYTE INC,A
2023-08-16,2023-08-18,C,75000,0,0.05,0,2.515243,155170738,,0,VAXCYTE INC,A
2023-08-16,2023-08-18,P,30000,0,4.1,0,,155170739,,0,VAXCYTE INC,A
2023-08-16,2023-08-18,P,35000,0,4.1,0,,155170740,,0,VAXCYTE INC,A
2023-08-16,2023-08-18,P,40000,0,0.1,0,1.242832,155170741,,0,VAXCYTE INC,A
2023-08-16,2023-08-18,P,45000,0,0.65,0,0.847614,155170742,,0,VAXCYTE INC,A
2023-08-16,2023-08-18,P,50000,1.05,4.9,0,0.910304,155170743,,0,VAXCYTE INC,A
2023-08-16,2023-08-18,P,55000,6.4,9.6,0,1.770168,155170744,,0,VAXCYTE INC,A
2023-08-16,2023-08-18,P,60000,11.1,14.9,0,2.435054,155170745,,0,VAXCYTE INC,A
2023-08-16,2023-08-18,P,65000,16.2,19.8,0,3.002995,155170746,,0,VAXCYTE INC,A
2023-08-16,2023-08-18,P,70000,21.2,24.8,0,3.50309,155170747,,0,VAXCYTE INC,A
2023-08-16,2023-08-18,P,75000,26.2,29.7,0,3.849363,155170748,,0,VAXCYTE INC,A
2023-08-17,2023-08-18,C,30000,15.7,20,0,6.172781,155170729,,0,VAXCYTE INC,A
2023-08-17,2023-08-18,C,35000,11.3,15,0,5.184825,155170730,,0,VAXCYTE INC,A
2023-08-17,2023-08-18,C,40000,6.3,10,0,3.444906,155170731,,0,VAXCYTE INC,A
2023-08-17,2023-08-18,C,45000,0.65,5,0,1.302836,155170732,,0,VAXCYTE INC,A
2023-08-17,2023-08-18,C,50000,0,4,0,,155170733,,0,VAXCYTE INC,A
2023-08-17,2023-08-18,C,55000,0,2,0,3.361329,155170734,,0,VAXCYTE INC,A
2023-08-17,2023-08-18,C,60000,0,0.1,0,2.224907,155170735,,0,VAXCYTE INC,A
2023-08-17,2023-08-18,C,65000,0,0.05,0,2.583179,155170736,,0,VAXCYTE INC,A
2023-08-17,2023-08-18,C,70000,0,0.05,0,3.094054,155170737,,0,VAXCYTE INC,A
2023-08-17,2023-08-18,C,75000,0,0.05,0,3.557993,155170738,,0,VAXCYTE INC,A
2023-08-17,2023-08-18,P,30000,0,2,0,7.804741,155170739,,0,VAXCYTE INC,A
2023-08-17,2023-08-18,P,35000,0,2.05,0,5.807205,155170740,,0,VAXCYTE INC,A
2023-08-17,2023-08-18,P,40000,0,0.1,0,1.756483,155170741,,0,VAXCYTE INC,A
2023-08-17,2023-08-18,P,45000,0,4.2,0,,155170742,,0,VAXCYTE INC,A
2023-08-17,2023-08-18,P,50000,1.05,4.9,0,1.281463,155170743,,0,VAXCYTE INC,A
2023-08-17,2023-08-18,P,55000,6,9.3,0,1.640003,155170744,,0,VAXCYTE INC,A
2023-08-17,2023-08-18,P,60000,11.1,14.6,0,3.080807,155170745,,0,VAXCYTE INC,A
2023-08-17,2023-08-18,P,65000,16.2,19.5,0,3.834974,155170746,,0,VAXCYTE INC,A
2023-08-17,2023-08-18,P,70000,21,24.7,0,4.500897,155170747,,0,VAXCYTE INC,A
2023-08-17,2023-08-18,P,75000,26,29.8,0,5.26854,155170748,,0,VAXCYTE INC,A
2023-08-18,2023-08-18,C,30000,18.9,22.5,0,,155170729,,0,VAXCYTE INC,A
2023-08-18,2023-08-18,C,35000,13.3,17.5,0,,155170730,,0,VAXCYTE INC,A
2023-08-18,2023-08-18,C,40000,8.5,12.5,0,,155170731,,0,VAXCYTE INC,A
2023-08-18,2023-08-18,C,45000,4,7.5,10,,155170732,,0,VAXCYTE INC,A
2023-08-18,2023-08-18,C,50000,0,4.5,10,,155170733,,0,VAXCYTE INC,A
2023-08-18,2023-08-18,C,55000,0,4.1,0,,155170734,,0,VAXCYTE INC,A
2023-08-18,2023-08-18,C,60000,0,0.05,0,,155170735,,0,VAXCYTE INC,A
2023-08-18,2023-08-18,C,65000,0,0.05,0,,155170736,,0,VAXCYTE INC,A
2023-08-18,2023-08-18,C,70000,0,0.05,0,,155170737,,0,VAXCYTE INC,A
2023-08-18,2023-08-18,C,75000,0,0.05,0,,155170738,,0,VAXCYTE INC,A
2023-08-18,2023-08-18,P,30000,0,4.1,0,,155170739,,0,VAXCYTE INC,A
2023-08-18,2023-08-18,P,35000,0,4.1,0,,155170740,,0,VAXCYTE INC,A
2023-08-18,2023-08-18,P,40000,0,0.05,0,,155170741,,0,VAXCYTE INC,A
2023-08-18,2023-08-18,P,45000,0,0.05,0,,155170742,,0,VAXCYTE INC,A
2023-08-18,2023-08-18,P,50000,0,1,0,,155170743,,0,VAXCYTE INC,A
2023-08-18,2023-08-18,P,55000,4.5,6.5,0,,155170744,,0,VAXCYTE INC,A
2023-08-18,2023-08-18,P,60000,9.3,11.3,0,,155170745,,0,VAXCYTE INC,A
2023-08-18,2023-08-18,P,65000,14.5,16.6,0,,155170746,,0,VAXCYTE INC,A
2023-08-18,2023-08-18,P,70000,18.8,21.6,0,,155170747,,0,VAXCYTE INC,A
2023-08-18,2023-08-18,P,75000,24.1,27.4,0,,155170748,,0,VAXCYTE INC,A
