date,Call IV,Put IV,Average IV
2000-01-10,0.4611058571428287,0.36440132196749797,0.41275358955516334
2000-01-11,0.527298714285691,0.32706743859503123,0.42718307644036113
2000-01-12,0.49063642857138173,0.3705764407472359,0.4306064346593088
2000-01-13,0.41151314285705176,0.45434985713511455,0.43293149999608316
2000-01-14,0.41156114285713713,0.42562314411113417,0.41859214348413565
2000-01-18,0.614064857142785,0.5708451568257938,0.5924550069842894
2000-01-19,0.6879038571428683,0.5580699137051797,0.6229868854240239
2000-01-20,1.0230752857141097,0.9601926403998874,0.9916339630569986
2000-01-21,1.6158014285713647,1.0946565145531575,1.3552289715622612
2000-02-07,0.4170801999999811,0.39487260039850636,0.40597640019924375
2000-02-08,0.4078433999999856,0.409575999980816,0.4087096999904008
2000-02-09,0.4567009999999968,0.37873299926633297,0.4177169996331649
2000-02-10,0.5140142000000728,0.42657540005540484,0.4702948000277388
2000-02-11,0.5217570000001107,0.2793846014448688,0.40057080072248974
2000-02-14,0.6451953999999983,1.0514010000000482,0.8482982000000232
2000-02-15,0.6184719999999799,0.6182447326600901,0.6183583663300349
2000-02-16,0.826090599999999,0.3312338854226897,0.5786622427113444
2000-02-17,1.069926599999954,0.6086881742248726,0.8393073871124134
2000-02-18,1.9524152000000075,0.47405272430399537,1.2132339621520014
2000-03-06,0.6388479999999841,0.5268478904865022,0.5828479452432431
2000-03-07,0.7200167999999789,0.7980107000000506,0.7590137500000147
2000-03-08,0.8002794000000069,0.7411615213805935,0.7707204606903002
2000-03-09,0.81561239999997,0.5748841504826125,0.6952482752412913
2000-03-10,0.8815751000000305,0.9266412999315969,0.9041081999658137
2000-03-13,1.1053157000000466,0.4620391249072748,0.7836774124536607
2000-03-14,1.1305126999999904,1.1035797659598918,1.117046232979941
2000-03-15,0.984097800000036,0.8469129318173397,0.9155053659086878
2000-03-16,1.3521762999999638,1.1495322074950045,1.2508542537474843
2000-03-17,1.3160095999999564,1.2410065302537612,1.2785080651268588
2000-04-10,0.6852971428571741,0.6056654285714046,0.6454812857142893
2000-04-11,0.6438968571428941,0.6368784285713797,0.6403876428571369
2000-04-12,0.5234038571428193,0.6885425714285899,0.6059732142857046
2000-04-13,0.6729888571428644,0.663603857142764,0.6682963571428142
2000-04-14,0.6786731428571882,0.583940571429219,0.6313068571432036
2000-04-17,0.6731832857142732,0.6786559983954338,0.6759196420548534
2000-04-18,0.7803294285714244,0.7683643806513631,0.7743469046113938
2000-04-19,0.9068472857142041,0.8725401467488505,0.8896937162315273
2000-04-20,1.2115351428571355,1.0578411428594783,1.1346881428583069
2000-05-08,0.4658830000000087,0.5361962500001447,0.5010396250000767
2000-05-09,0.46849325000012193,0.5430188750001775,0.5057560625001497
2000-05-10,0.5372527499999856,0.5604290000083851,0.5488408750041853
2000-05-11,0.4931042500000701,0.5535671249990305,0.5233356874995503
2000-05-12,0.6119299999999855,0.5839666251834728,0.5979483125917291
2000-05-15,0.48750775000002483,0.8503162500027484,0.6689120000013866
2000-05-16,0.6006673749999376,0.8958036602835937,0.7482355176417657
2000-05-17,1.1178168749999768,1.0812375775667502,1.0995272262833635
2000-05-18,1.3251508750000398,1.0957598748361828,1.2104553749181113
2000-05-19,1.0292767499999822,1.3394461250000453,1.1843614375000138
2000-06-05,0.5945000999999713,0.6354984999997264,0.6149992999998488
2000-06-06,0.41063640000003404,0.5879185000083174,0.49927745000417567
2000-06-07,0.4856054999999543,0.6619933000007632,0.5737994000003588
2000-06-08,0.5679800000000018,0.6759849999960359,0.6219824999980188
2000-06-09,0.5426680000000812,0.7077905983821401,0.6252292991911106
2000-06-12,0.7085055999999901,0.7402245089620264,0.7243650544810083
2000-06-13,1.0097472999999966,0.8017663106018537,0.9057568053009251
2000-06-14,0.830988899999997,1.1634142999964427,0.9972015999982199
2000-06-15,0.7825953999999674,1.3775291999999275,1.0800622999999474
2000-06-16,1.0292155999999624,1.6754004000383431,1.3523080000191527
2000-07-10,0.42513142857132397,0.3661501393676393,0.39564078396948166
2000-07-11,0.4027784285714336,0.4374247142809647,0.42010157142619914
2000-07-12,0.37590014285711504,0.42957628668324943,0.40273821477018223
2000-07-13,0.42487928571432426,0.44185000023949783,0.433364642976911
2000-07-14,0.5057694285714279,0.5529128739757535,0.5293411512735907
2000-07-17,0.6132231428571359,0.5257648740326141,0.569494008444875
2000-07-18,0.47383214285723624,0.7022185771590814,0.5880253600081589
2000-07-19,0.6544568571428364,0.6478280000002644,0.6511424285715504
2000-07-20,0.9260715714286774,1.0061539999978353,0.9661127857132563
2000-07-21,1.1599834285714319,1.3519977378948131,1.2559905832331224
2000-08-07,0.2874810000000056,0.44964016666699025,0.36856058333349795
2000-08-08,0.2944641666666697,0.4648043334022294,0.3796342500344495
2000-08-09,0.40931400000002743,0.4586108372743038,0.4339624186371656
2000-08-10,0.31018266666671707,0.48893566663130456,0.3995591666490108
2000-08-11,0.31904450000003687,0.5375238486968179,0.42828417434842736
2000-08-14,0.7914398333334361,0.7298026185467092,0.7606212259400726
2000-08-15,0.6784983333333313,0.6776971660867929,0.6780977497100621
2000-08-16,0.7452299999999994,0.727514531509978,0.7363722657549887
2000-08-17,0.4388008333333271,0.9636221665992645,0.7012114999662957
2000-08-18,1.2833334999999948,1.5029373496986898,1.3931354248493424
2000-09-05,0.4521246000000117,0.7764736328267169,0.6142991164133643
2000-09-06,0.7099781000000889,0.8359914108591946,0.7729847554296417
2000-09-07,0.67269420000003,0.8349399000000604,0.7538170500000452
2000-09-08,0.7804803999999538,0.9787505777577369,0.8796154888788453
2000-09-11,1.0400855000000775,1.3084441471136743,1.174264823556876
2000-09-12,1.6148839,1.4532649586612831,1.5340744293306416
2000-09-13,1.8036960000000015,1.61771499999996,1.710705499999981
2000-09-14,1.697523400000038,1.9600959999999976,1.8288097000000179
2000-09-15,1.6758386000000232,2.618885500000074,2.1473620500000488
2000-10-09,0.38291274999999625,0.31042922856091415,0.3466709892804552
2000-10-10,0.41183775000002276,0.39312824998865986,0.40248299999434134
2000-10-11,0.45806537499995503,0.5066162500015973,0.48234081250077615
2000-10-12,0.6333457499999934,0.25541225792099687,0.4443790039604951
2000-10-13,0.5281257499999249,0.4606230153679105,0.4943743826839177
2000-10-16,0.6143813750000028,0.5464366223744582,0.5804089986872305
2000-10-17,0.7342552499998917,0.7417845000135616,0.7380198750067266
2000-10-18,0.9334230000000252,0.2652559999845755,0.5993394999923003
2000-10-19,0.7952628749999635,0.37774900057759786,0.5865059377887807
2000-10-20,1.0015765000000214,0.8815960870695471,0.9415862935347843
2000-11-06,0.3317938571428449,0.37363928574380595,0.3527165714433254
2000-11-07,0.27622342857142235,0.4054807142904016,0.340852071430912
2000-11-08,0.41573642857142495,0.4056078557854762,0.4106721421784506
2000-11-09,0.3124761428569622,0.43258171428953923,0.3725289285732507
2000-11-10,0.34840342857140755,0.4216970000023367,0.38505021428687214
2000-11-13,0.45526942857139513,0.403834778355161,0.4295521034632781
2000-11-14,0.5485401428570852,0.3643543254460374,0.4564472341515613
2000-11-15,0.5089585714285944,0.6142923620762019,0.5616254667523981
2000-11-16,0.6761760000000597,0.502282537768968,0.5892292688845139
2000-11-17,1.042117714285742,1.142293289002946,1.0922055016443442
2000-12-04,0.43566389999999205,0.44937400014805906,0.44251895007402553
2000-12-05,0.6005922999999965,0.6278029000000543,0.6141976000000254
2000-12-06,0.4964263999999998,0.4938464802610606,0.4951364401305302
2000-12-07,0.5723809000000033,0.6960619922476028,0.634221446123803
2000-12-08,0.46108990000000755,0.5296790865730296,0.49538449328651857
2000-12-11,0.8967125999999725,0.9921421169797059,0.9444273584898393
2000-12-12,0.8299053000000021,0.8622102000001719,0.846057750000087
2000-12-13,0.5837254000000168,0.7430829418682305,0.6634041709341236
2000-12-14,1.2516422999999866,1.1925805999963826,1.2221114499981844
2000-12-15,1.433695700000021,1.581210100156373,1.507452900078197
2001-01-08,0.5081613999999541,0.5411658000085623,0.5246636000042582
2001-01-09,0.5020646999999989,0.7286201000112348,0.6153424000056169
2001-01-10,0.43286669999999006,0.5276177999410493,0.4802422499705197
2001-01-11,0.6352097000000355,0.6050934000115122,0.6201515500057739
2001-01-12,0.41180469999999614,0.6125977766720886,0.5122012383360424
2001-01-16,0.7537949000000369,0.8653556000934561,0.8095752500467466
2001-01-17,0.6545238999989678,0.740109582923728,0.6973167414613479
2001-01-18,1.1063049999999917,0.8433797000023739,0.9748423500011828
2001-01-19,1.4793643000000123,1.3639977000050807,1.4216810000025464
2001-02-05,0.24864320000003587,0.30136002683267815,0.275001613416357
2001-02-06,0.28116380000001423,0.30086527726541457,0.2910145386327144
2001-02-07,0.25152020000001685,0.3295951996921306,0.2905576998460737
2001-02-08,0.2938336000000022,0.29861289541400876,0.2962232477070055
2001-02-09,0.22131059999997388,0.37748319988526713,0.29939689994262053
2001-02-12,0.25298599999995497,0.3306729323983789,0.29182946619916694
2001-02-13,0.30793599999997806,0.45329892788258486,0.3806174639412815
2001-02-14,0.4271684000000344,0.23856759999989108,0.33286799999996275
2001-02-15,0.4179969999999592,0.39886419405806983,0.4084305970290145
2001-02-16,0.7756084000000161,0.7476447948803261,0.761626597440171
2001-03-05,0.4034216000000014,0.4792436247790806,0.441332612389541
2001-03-06,0.43622610000003326,0.4250014357753849,0.4306137678877091
2001-03-07,0.40407399999997,0.446191800552662,0.425132900276316
2001-03-08,0.33177869999999493,0.473811799642884,0.40279524982143944
2001-03-09,0.37327499999993596,0.5111164057528252,0.4421957028763806
2001-03-12,0.6043219000000458,0.6971560999784299,0.6507389999892379
2001-03-13,0.5892792000000057,0.6215660011458252,0.6054226005729154
2001-03-14,0.9503450000000149,0.7332121901346721,0.8417785950673435
2001-03-15,1.001775899999966,0.7492810000003838,0.8755284500001749
2001-03-16,1.6398533000000164,1.4309420461191855,1.535397673059601
2001-04-09,0.4401677499999748,0.37324812490540377,0.4067079374526893
2001-04-10,0.4128031249999919,0.4031589999108789,0.4079810624554354
2001-04-11,0.4377126249999961,0.4689986252925261,0.4533556251462611
2001-04-12,0.42580912499999446,0.4214335714077987,0.4236213482038966
2001-04-16,0.4581236249999859,0.5867452480663999,0.5224344365331929
2001-04-17,0.5174584999999964,0.6379140725640122,0.5776862862820042
2001-04-18,0.40898074999994144,0.7625006016953693,0.5857406758476553
2001-04-19,0.7374222499999583,1.2208214999968214,0.9791218749983899
2001-04-20,0.9464987500000264,1.6994774331310705,1.3229880915655485
2001-05-07,0.3815207272726944,0.4535500001400973,0.4175353637063959
2001-05-08,0.4912946363636505,0.35203146897649035,0.4216630526700704
2001-05-09,0.4338023636363324,0.4561338180789922,0.4449680908576623
2001-05-10,0.4886813636363809,0.567616435783886,0.5281488997101335
2001-05-11,0.47641363636367795,0.579729312682812,0.528071474523245
2001-05-14,0.6206735454544894,0.5821872149765116,0.6014303802155005
2001-05-15,0.6066975454545361,0.6205162635707073,0.6136069045126218
2001-05-16,0.7476112727272581,0.6444517261802191,0.6960314994537387
2001-05-17,0.7347330909091098,0.7905519851148738,0.7626425380119918
2001-05-18,1.336359909090846,1.3840020909135577,1.3601810000022019
2001-06-04,0.715004777777818,0.42911110301460087,0.5720579403962094
2001-06-05,0.45644666666666406,0.4691287791528996,0.4627877229097818
2001-06-06,0.2936905555555944,0.4582098874427685,0.37595022149918145
2001-06-07,0.4030033333333656,0.4301081994903686,0.4165557664118671
2001-06-08,0.3014217777777827,0.5035244425270312,0.40247311015240694
2001-06-11,0.5914218888889293,0.5063768888871006,0.5488993888880149
2001-06-12,0.569893222222203,0.6716764594673521,0.6207848408447776
2001-06-13,0.5750202222222242,0.7411940890133498,0.658107155617787
2001-06-14,0.8795051111111349,1.0980805397161684,0.9887928254136517
2001-06-15,1.0045987777777607,1.2330590468018583,1.1188289122898096
2001-07-09,0.23524150000007094,0.14257438275160528,0.1889079413758381
2001-07-10,0.2996977499999376,0.1701853661042302,0.2349415580520839
2001-07-11,0.30214924999998527,0.28481969355513737,0.2934844717775613
2001-07-12,0.24360049999997652,0.10341230187787995,0.17350640093892822
2001-07-13,0.2328312499999553,0.28261754591113825,0.2577243979555468
2001-07-16,0.3432234999999502,0.17684441144060253,0.2600339557202764
2001-07-17,0.32023399999997937,0.24058624996609784,0.28041012498303863
2001-07-18,0.39089550000001744,0.329060873157791,0.35997818657890424
2001-07-19,0.3948237499999972,0.1396677500039837,0.26724575000199047
2001-07-20,0.4870747499999709,0.1812987499069238,0.3341867499534473
2001-08-06,0.21456433333321442,0.22641602122479834,0.22049017727900638
2001-08-07,0.15692066666666057,0.22000813138183795,0.18846439902424927
2001-08-08,0.2620776666666512,0.14071613355270798,0.2013969001096796
2001-08-09,0.23413499999995743,0.14087284741865003,0.18750392370930374
2001-08-10,0.23338533333333364,0.08435966659896231,0.15887249996614797
2001-08-13,0.35486333333332015,0.10446900019013287,0.22966616676172652
2001-08-14,0.3698756666667919,0.2593776744647193,0.3146266705657556
2001-08-15,0.371862333333326,0.12447233453403184,0.24816733393367893
2001-08-16,0.40171433333330603,0.14215360843082123,0.2719339708820636
2001-08-17,0.6365353333333189,1e-06,0.31826816666665947
2001-09-10,0.43312474999997114,0.3554172085870112,0.3942709792934912
2001-09-18,1.386122875000045,0.8410648779265406,1.1135938764632929
2001-09-19,1.6209775000000046,2.061722125000053,1.8413498125000287
2001-09-20,1.4838648749999015,0.1527307500000767,0.8182978124999891
2001-09-21,2.271295625000023,0.9867645543866356,1.6290300896933294
2001-10-08,0.47518085714281905,0.5312803057738282,0.5032305814583237
2001-10-09,0.45016828571433887,0.39900842949806936,0.4245883576062041
2001-10-10,0.42390200000004274,0.3823948576345638,0.4031484288173033
2001-10-11,0.4094887142857398,0.33571714522326335,0.3726029297545016
2001-10-12,0.455819142857094,0.42304548235309575,0.43943231260509485
2001-10-15,0.5931119999999163,0.47529814320115593,0.5342050716005361
2001-10-16,0.5934629999999986,0.5101845714284136,0.5518237857142061
2001-10-17,0.7405385714286111,0.4196940000063728,0.580116285717492
2001-10-18,0.8255557142856969,0.7269639999994401,0.7762598571425685
2001-10-19,1.8882772857142656,1.298799372863698,1.5935383292889818
2001-11-05,0.2891826000001685,0.3914389997628399,0.3403107998815042
2001-11-06,0.35792260000008513,0.4300987987681152,0.39401069938410016
2001-11-07,0.4012832000000278,0.4576986690575107,0.4294909345287693
2001-11-08,0.2277451999999936,0.48884580677969913,0.3582955033898464
2001-11-09,0.3417762000000225,0.4989150109716203,0.4203456054858214
2001-11-12,0.4994107999999997,0.551406399854779,0.5254085999273894
2001-11-13,0.87609959999998,0.7935765552272078,0.834838077613594
2001-11-14,0.7911139999999957,0.8482588000001975,0.8196864000000965
2001-11-15,0.9813869999999086,0.9980044000000131,0.9896956999999609
2001-11-16,2.049856599999994,1.363361799999822,1.706609199999908
2001-12-10,0.39062812499995947,0.458202930648584,0.4244155278242717
2001-12-11,0.38237250000006584,0.44898810738121453,0.4156803036906402
2001-12-12,0.3687301249999231,0.3750260387156611,0.3718780818577921
2001-12-13,0.4064836250000422,0.3837219670526982,0.3951027960263702
2001-12-14,0.4606514999999896,0.45892813436582736,0.45978981718290846
2001-12-17,0.5462319999999585,0.5109353753323725,0.5285836876661656
2001-12-18,0.5672918749999966,0.5902696491335734,0.578780762066785
2001-12-19,0.3830172499999211,0.6888840011478751,0.535950625573898
2001-12-20,0.8228185000000089,0.6742334566282336,0.7485259783141213
2001-12-21,1.3374468750000545,1.2456236962593028,1.2915352856296787
2002-01-07,0.5216011250000537,0.5015896311738406,0.5115953780869471
2002-01-08,0.7173781250000265,0.5209594989953765,0.6191688119977015
2002-01-09,0.5013339999999477,0.5465100167037814,0.5239220083518645
2002-01-10,0.7193260000000132,0.2058572500000424,0.4625916250000278
2002-01-11,0.6768477500000005,0.4926191251487112,0.5847334375743558
2002-01-14,0.7926927142857048,0.8522172857573537,0.8224550000215292
2002-01-15,0.8470070000000074,0.8328014472534531,0.8399042236267302
2002-01-16,1.2037978749998757,0.35818905780378707,0.7809934664018314
2002-01-17,1.417165875000017,1.066002773369343,1.24158432418468
2002-01-18,1.8181983750000257,1.3296240805014696,1.5739112277507477
2002-02-04,0.37434079999999464,0.3024045850753788,0.33837269253768676
2002-02-05,0.38470999999999933,0.2737093940991713,0.3292096970495853
2002-02-06,0.4328288000000976,0.20021568912164125,0.3165222445608694
2002-02-07,0.4273488000000043,0.37135579897510307,0.3993522994875537
2002-02-08,0.3406378000000051,0.36277139996801694,0.35170459998401105
2002-02-11,0.3733995999999066,0.330603778766458,0.3520016893831823
2002-02-12,0.5286237999999737,0.2712825060702828,0.39995315303512824
2002-02-13,0.6450741999999977,0.4362249830004914,0.5406495915002445
2002-02-14,0.6740309999999674,0.8184970000097354,0.7462640000048514
2002-02-15,1.066491799999974,0.6000670043348606,0.8332794021674172
2002-03-04,0.2842532222221888,0.488255630321832,0.3862544262720104
2002-03-05,0.3931657777777485,0.5408988731217519,0.4670323254497502
2002-03-06,0.37121844444438845,0.5319403169107957,0.45157938067759207
2002-03-07,0.20966144444446816,0.5746018144642852,0.39213162945437663
2002-03-08,0.5036894444443899,0.5330132222222316,0.5183513333333107
2002-03-11,0.5925227777777744,0.6932479999999868,0.6428853888888806
2002-03-12,0.7020738888888456,0.8143995773906455,0.7582367331397455
2002-03-13,0.6266098888888894,0.891693081947986,0.7591514854184377
2002-03-14,1.1399432222221944,1.076650001877173,1.1082966120496835
2002-03-15,1.5633325555555926,1.6207491097080888,1.5920408326318407
2002-04-08,0.30293939999991387,0.3328194444618848,0.3178794222308993
2002-04-09,0.3147368000000517,0.3595434105152453,0.3371401052576485
2002-04-10,0.2066661999999388,0.38481913773172377,0.2957426688658313
2002-04-11,0.29995759999999794,0.3419672235109079,0.3209624117554529
2002-04-12,0.2491395999999521,0.3464488443067119,0.297794222153332
2002-04-15,0.18903079999999237,0.34046019999529925,0.2647454999976458
2002-04-16,0.3215489999999174,0.4629815087094579,0.3922652543546876
2002-04-17,0.4732522000001131,0.6002150883540711,0.5367336441770921
2002-04-18,0.609447199999899,0.7082983690050083,0.6588727845024537
2002-04-19,0.9536393999998675,1.0627671385790778,1.0082032692894727
2002-05-06,0.25647333333329064,1.062782999999866,0.6596281666665783
2002-05-07,0.27459266666654,0.05940947254359461,0.1670010696050673
2002-05-08,0.21155866666666942,0.15580528391132284,0.18368197528899613
2002-05-09,0.25292899999999535,0.06911134465094163,0.1610201723254685
2002-05-10,0.30691233333340145,0.09638866642895012,0.20165049988117578
2002-05-13,0.29345600000001315,0.1035729993521879,0.19851449967610052
2002-05-14,0.32531699999984404,0.15226633333370754,0.2387916666667758
2002-05-15,0.31266133333331614,0.3255883226075108,0.31912482797041347
2002-05-16,0.3136303333333252,0.23730799999989563,0.2754691666666104
2002-05-17,0.8142276666666574,0.5240803103776169,0.6691539885221371
2002-06-10,0.38000085714285714,0.17906858542030535,0.27953472128158124
2002-06-11,0.43344142857147533,0.47147714229242393,0.45245928543194963
2002-06-12,0.44646742857142885,0.16179319601277614,0.3041303122921025
2002-06-13,0.5278714285714363,0.24708060140387164,0.387476014987654
2002-06-14,0.5467428571427964,0.27607973387968576,0.41141129551124106
2002-06-17,0.6343907142856916,0.4574802861782675,0.5459355002319796
2002-06-18,0.6132457142856566,0.571407428519571,0.5923265714026138
2002-06-19,0.6584232857143147,0.6170380962230922,0.6377306909687035
2002-06-20,0.9994344285713902,0.2727217484595195,0.6360780885154549
2002-06-21,1.4494487142856163,0.8766850200091907,1.1630668671474034
2002-07-08,0.37688366666676815,0.31168140633746805,0.3442825365021181
2002-07-09,0.42903750000001123,0.3634521864454437,0.39624484322272746
2002-07-10,0.5329531666665139,0.3064736612821199,0.41971341397431694
2002-07-11,0.5319469999999994,0.5024249942101714,0.5171859971050854
2002-07-12,0.5974174999999936,0.3157711947452032,0.4565943473725984
2002-07-15,0.7399208333333108,0.5758776661594347,0.6578992497463727
2002-07-16,0.930107666666677,0.6161354999999965,0.7731215833333367
2002-07-17,1.1228536666666002,0.7191213162348363,0.9209874914507183
2002-07-18,1.5818563333333293,0.9688644934749341,1.2753604134041316
2002-07-19,2.489314833333312,1.955683167080564,2.222499000206938
2002-08-05,0.5713419000000248,1.130415800001477,0.8508788500007509
2002-08-06,0.599383299999999,0.5658137999748788,0.5825985499874389
2002-08-07,0.6107514000000189,0.5592115966913925,0.5849814983457058
2002-08-08,0.41802889999996296,0.6561028000118533,0.5370658500059081
2002-08-09,0.5954258999999859,0.6267519665068532,0.6110889332534195
2002-08-12,0.7996697999999425,0.9096885578547373,0.8546791789273399
2002-08-13,0.9552696000000301,1.0850850351378778,1.020177317568954
2002-08-14,0.7946478999999892,0.9371550999941721,0.8659014999970807
2002-08-15,1.1440223999999997,1.5236223004974696,1.3338223502487345
2002-08-16,2.1247190999999925,1.877845705256981,2.001282402628487
2002-09-09,0.6524932307691973,0.49907363904744434,0.5757834349083208
2002-09-10,0.6127656153845721,0.5233657239130732,0.5680656696488227
2002-09-11,0.6204770769230676,0.6129866669712061,0.6167318719471369
2002-09-12,0.7731842307692182,0.7461300000007853,0.7596571153850018
2002-09-13,0.6964475384614974,0.642634756872963,0.6695411476672302
2002-09-16,0.9501020769230935,0.9917307690189129,0.9709164229710032
2002-09-17,1.0566336153845977,1.0098287692299823,1.0332311923072899
2002-09-18,1.5040036923076614,0.9438985128969369,1.2239511026022991
2002-09-19,1.7885427692307572,1.9330033096565093,1.8607730394436333
2002-09-20,2.8366753076923237,0.9389001589669248,1.8877877333296242
2002-10-07,0.8515709999999407,0.6822626666666373,0.766916833333289
2002-10-08,0.7788879999999935,0.5037630011595033,0.6413255005797485
2002-10-09,0.944575666666745,0.627905166672163,0.786240416669454
2002-10-10,0.7545027499999174,0.8805145000000378,0.8175086249999777
2002-10-11,0.6505068750000427,0.5797587490269397,0.6151328120134911
2002-10-14,0.7192337499999625,0.6420992657137004,0.6806665078568315
2002-10-15,0.5342652499999885,0.9112742499998081,0.7227697499998983
2002-10-16,0.8278705000000053,0.8490602500647486,0.838465375032377
2002-10-17,0.9975356249999976,0.9746979999982657,0.9861168124991316
2002-10-18,1.4795944999999981,1.7598983713082184,1.6197464356541083
2002-11-04,0.4325889999999986,0.6839916666660454,0.558290333333022
2002-11-05,0.45984866666664903,0.733894666666874,0.5968716666667615
2002-11-06,0.5405635000000794,0.7702901666666824,0.6554268333333808
2002-11-07,0.5122548333333647,0.67391483330498,0.5930848333191724
2002-11-08,0.626865666666652,0.6777428868861407,0.6523042767763964
2002-11-11,0.5838876666666485,0.7627643391722483,0.6733260029194483
2002-11-12,0.588223000000029,0.918988489648665,0.753605744824347
2002-11-13,0.4993403333332074,1.0567345486488169,0.7780374409910121
2002-11-14,0.23332299999999692,1.2866728333332693,0.7599979166666331
2002-11-15,0.9928216666666841,2.1454143333333104,1.5691179999999973
2002-12-09,0.558891636363623,0.5025830704615581,0.5307373534125905
2002-12-10,0.5724417272727752,0.6194810005466301,0.5959613639097027
2002-12-11,0.5010016363636344,0.7824402727311107,0.6417209545473725
2002-12-12,0.524558999999996,0.4504335326600687,0.48749626633003235
2002-12-13,0.7117999090909124,0.771890090870248,0.7418449999805802
2002-12-16,0.6839046363636625,1.070326147407494,0.8771153918855783
2002-12-17,0.7971820909090191,0.9143613282655245,0.8557717095872719
2002-12-18,1.0677379090908639,1.2807050909144626,1.1742215000026632
2002-12-19,1.2098409090909465,1.2053545435803816,1.207597726335664
2002-12-20,1.3502938181818525,1.9353910000001113,1.642842409090982
2003-01-06,0.4524420999999788,0.6638164169000385,0.5581292584500086
2003-01-07,0.6313175000000212,0.6041153998015568,0.617716449900789
2003-01-08,0.7297417999999746,0.42540492296003585,0.5775733614800052
2003-01-09,0.4635958000000161,0.6517781495369631,0.5576869747684896
2003-01-10,0.3780182000000486,0.7535253476490343,0.5657717738245415
2003-01-13,0.6403565999999866,0.9160537004664085,0.7782051502331976
2003-01-14,0.6776048999999857,0.9134473634639381,0.795526131731962
2003-01-15,0.6698458999999523,1.0468182651892382,0.8583320825945953
2003-01-16,0.7126180000001356,1.2097346744483393,0.9611763372242375
2003-01-17,1.6760041999998982,1.1364875000004813,1.4062458500001898
2003-02-10,0.44265724999994926,0.4436760000124871,0.4431666250062182
2003-02-11,0.4670984999999335,0.37237862485113626,0.41973856242553487
2003-02-12,0.49240937499992593,0.35591677667517496,0.4241630758375504
2003-02-13,0.4960081249999746,0.49395225110504426,0.49498018805250943
2003-02-14,0.4967331249999981,0.41310874294206346,0.4549209339710308
2003-02-18,0.6114277499999717,0.560202792688542,0.5858152713442568
2003-02-19,0.6760529999999939,0.6431385015995357,0.6595957507997647
2003-02-20,0.8709291249999477,0.8705117503453461,0.870720437672647
2003-02-21,1.137225874999999,1.0406828104902157,1.0889543427451074
2003-03-10,0.4936108749999434,0.47904262500273387,0.4863267500013386
2003-03-11,0.5359917500000254,0.48389537500582097,0.5099435625029232
2003-03-12,0.5625004999999993,0.39017665111682454,0.4763385755584119
2003-03-13,0.5008807499999854,0.4037994989916398,0.4523401244958126
2003-03-14,0.504510250000028,0.38525762358894533,0.4448839367944867
2003-03-17,0.5657881250000395,0.5749519976421569,0.5703700613210982
2003-03-18,0.5556203750000105,0.6676410600780972,0.6116307175390538
2003-03-19,0.6132532500000176,0.7704426631269825,0.6918479565635001
2003-03-20,0.7565105000000227,0.7411411249482068,0.7488258124741147
2003-03-21,0.826395125000036,1.1397802603959104,0.9830876926979732
2003-04-07,0.29423599999996675,0.42068337501434205,0.3574596875071544
2003-04-08,0.3642763750000467,0.5287263749676964,0.44650137498387155
2003-04-09,0.3526589999999559,0.3595927648894082,0.3561258824446821
2003-04-10,0.335617625000042,0.44718841854777186,0.39140302177390696
2003-04-11,0.45488424999996036,0.37952162816920815,0.4172029390845843
2003-04-14,0.555886875000072,0.6208572498430522,0.588372062421562
2003-04-15,0.6490508749999695,0.878870750005339,0.7639608125026542
2003-04-16,0.6774549999999607,0.5863727150948101,0.6319138575473855
2003-04-17,0.5858463749998682,0.8258833527837065,0.7058648638917874
2003-05-05,0.38113366666667925,0.4151951341105863,0.39816440038863277
2003-05-06,0.37630211111120476,0.42068050146678726,0.398491306288996
2003-05-07,0.4694147777778479,0.4750430613028562,0.47222891954035207
2003-05-08,0.34190744444443516,0.4770068181558066,0.40945713130012085
2003-05-09,0.3818144444444677,0.46866266028705084,0.42523855236575925
2003-05-12,0.34180466666663606,0.6334555179311737,0.48763009229890486
2003-05-13,0.5952902222222373,0.6488821109699049,0.6220861665960711
2003-05-14,0.4580282222313522,0.8882326666030812,0.6731304444172167
2003-05-15,0.9016526666666539,1.0002553437924877,0.9509540052295709
2003-05-16,0.30250355555565683,1.424821276437923,0.8636624159967898
2003-06-09,0.4699001250000256,0.5715930048750196,0.5207465649375226
2003-06-10,0.2842381250000627,0.6138878851108192,0.44906300505544094
2003-06-11,0.5464979999999919,0.6770548682396396,0.6117764341198157
2003-06-12,0.6151218749999986,0.6881219123095683,0.6516218936547835
2003-06-13,0.7198522500000569,0.7257004718557938,0.7227763609279254
2003-06-16,0.9390934999999265,1.0284879999783714,0.983790749989149
2003-06-17,1.2246911250001173,1.1314527499395703,1.1780719374698438
2003-06-18,2.249086000000047,1.2141327500000672,1.7316093750000572
2003-06-19,1.1599383749999992,1.3629458750020111,1.2614421250010053
2003-06-20,1.412172875000047,1.9278622469393374,1.6700175609696921
2003-07-07,0.36449400000004295,0.3199167743959428,0.34220538719799287
2003-07-08,0.38457633333334523,0.324879333484801,0.3547278334090731
2003-07-09,0.33954000000002094,0.3384947775569332,0.3390173887784771
2003-07-10,0.34195944444450155,0.5173715032356018,0.42966547384005166
2003-07-11,0.22971688888889988,0.5018373189672048,0.36577710392805235
2003-07-14,0.47323788888889035,0.6169145555628562,0.5450762222258733
2003-07-15,0.6542294444444452,0.9507442221870251,0.8024868333157351
2003-07-16,0.7126631111110426,0.606225517721923,0.6594443144164828
2003-07-17,0.4406311111111144,0.5862412222244694,0.5134361666677919
2003-07-18,1.6424395555554832,1.0487054157836952,1.3455724856695892
2003-08-04,0.3425559090909159,0.34874286755802303,0.34564938832446945
2003-08-05,0.36773636363629336,0.432248615188813,0.39999248941255316
2003-08-06,0.32578727272731833,0.4490619120235086,0.3874245923754135
2003-08-07,0.43087818181821264,0.3841494790206978,0.4075138304194552
2003-08-08,0.44343327272723604,0.365896977478495,0.4046651251028655
2003-08-11,0.5785563636363918,0.3604277433918175,0.46949205351410467
2003-08-12,0.4683140909090868,0.5593272651864544,0.5138206780477705
2003-08-13,0.6550098181817918,0.662395475922353,0.6587026470520725
2003-08-14,0.8649475454545772,0.6099937966634887,0.737470671059033
2003-08-15,1.133500909090899,1.018222577832085,1.075861743461492
2003-09-08,0.4113624999999691,0.5195089154058281,0.4654357077028986
2003-09-09,0.548901800000071,0.49921836601138675,0.5240600830057289
2003-09-10,0.45843179999997885,0.4690321595305772,0.463731979765278
2003-09-11,0.4902349999999512,0.5013836227908801,0.4958093113954156
2003-09-12,0.6978792666666733,0.5739127292539017,0.6358959979602875
2003-09-15,0.9610618666666777,0.7785710463767875,0.8698164565217326
2003-09-16,0.9920059333332953,1.006879733357931,0.9994428333456131
2003-09-17,1.1948715333333118,1.1176076438982225,1.156239588615767
2003-09-18,0.8813626000454515,1.3223937333780134,1.1018781667117326
2003-09-19,2.6099127999999125,2.1060742665780876,2.357993533289
2003-10-06,0.48824368749995345,0.6031584938730269,0.5457010906864902
2003-10-07,0.5702739374999926,0.4865982314031829,0.5284360844515877
2003-10-08,0.5595884999999735,0.5813260311573113,0.5704572655786424
2003-10-09,0.6130571874999134,0.6292454631306019,0.6211513253152576
2003-10-10,0.6391276250000033,0.36808706555097365,0.5036073452754884
2003-10-13,0.754808625000045,0.6684833126036789,0.7116459688018619
2003-10-14,0.7597981250000028,0.9307253386864994,0.8452617318432512
2003-10-15,1.1362076249999977,0.8816501967219703,1.008928910860984
2003-10-16,1.2754332500000038,0.7060315897914268,0.9907324198957153
2003-10-17,1.79283562500001,1.3831792582932563,1.5880074416466332
2003-11-10,0.4171276667106325,0.540985923128083,0.47905679491935776
2003-11-11,0.55615572222224,0.5342357253524358,0.5451957237873379
2003-11-12,0.32688206513693985,0.6055546248192993,0.4662183449781196
2003-11-13,0.5966097222222138,0.39945515716279933,0.49803243969250655
2003-11-14,0.6294377222221895,0.7230528799389584,0.676245301080574
2003-11-17,0.7446716111110754,0.7895591666746554,0.7671153888928655
2003-11-18,0.8346861666666463,1.1483638888889833,0.9915250277778148
2003-11-19,0.9920342777778249,0.9943448597503709,0.9931895687640979
2003-11-20,1.0144542222222017,1.1753772016370758,1.0949157119296387
2003-11-21,2.1627662222222193,1.9250069998560049,2.0438866110391123
2003-12-08,0.5019735294117128,1.2087485936088365,0.8553610615102747
2003-12-09,0.5000433529411469,0.5175948235294529,0.5088190882352999
2003-12-10,0.541109705882339,0.5335756471742892,0.537342676528314
2003-12-11,0.507243352941195,0.29587694118082597,0.4015601470610105
2003-12-12,0.6149318235293757,0.6392645293951119,0.6270981764622439
2003-12-15,0.749131470588227,0.7347895881910128,0.7419605293896199
2003-12-16,0.7318684117647242,0.4583199411742742,0.5950941764694992
2003-12-17,0.9744995294117336,0.9999014118024825,0.987200470607108
2003-12-18,1.3063997058823147,1.2210155882343734,1.263707647058344
2003-12-19,1.3424046470588187,1.5907667848649996,1.4665857159619091
2004-01-05,0.3981864374997694,0.5088682929131553,0.4535273652064623
2004-01-06,0.5175461874999847,0.4188168125626262,0.46818150003130543
2004-01-07,0.5459054999999627,0.3678874815381351,0.4568964907690489
2004-01-08,0.5262043750000255,0.39792939999979804,0.46206688749991176
2004-01-09,0.5605978125000328,0.4446058873995052,0.502601849949769
2004-01-12,0.5016918750011394,0.5958161019124716,0.5487539884568056
2004-01-13,0.6529013124992076,0.7740535582658433,0.7134774353825255
2004-01-14,0.9233109374999954,0.8101025333185052,0.8667067354092504
2004-01-15,1.1768174999999812,1.0861059992574227,1.131461749628702
2004-01-16,1.4712122666667014,1.2857388089971618,1.3784755378319316
2004-02-09,0.5025696666666816,0.4466409935624647,0.4746053301145732
2004-02-10,0.5120649999999801,0.4711314724272853,0.49159823621363274
2004-02-11,0.558822416666651,0.5213705855225916,0.5400965010946213
2004-02-12,0.44666016666662123,0.5459683337929063,0.4963142502297638
2004-02-13,0.3670347500000217,0.5709787657487032,0.46900675787436247
2004-02-17,0.8714575833333292,0.8295654954029273,0.8505115393681283
2004-02-18,1.0428512499999378,0.9851125000002717,1.0139818750001048
2004-02-19,0.44664774021341375,1.121354249999947,0.7840009951066803
2004-02-20,0.6707920976365913,1.657912749999145,1.1643524238178682
2004-03-08,0.2943993124999721,0.4054963304840016,0.34994782149198683
2004-03-09,0.31002768749996246,0.4578055624526741,0.3839166249763183
2004-03-10,0.5410645624999959,0.5477027645571979,0.5443836635285969
2004-03-11,0.4689703749999637,0.41858772641959263,0.4437790507097782
2004-03-12,0.6413676249999984,0.4310200343283264,0.5361938296641624
2004-03-15,0.6645180625000122,0.6208299382293931,0.6426740003647027
2004-03-16,0.6235139374999696,0.7268216876297262,0.6751678125648479
2004-03-17,0.9516421250000073,0.8077499370033552,0.8796960310016813
2004-03-18,1.2779656874999845,0.8167835625000761,1.0473746250000304
2004-03-19,1.2999871874999553,1.5362068585778466,1.418097023038901
2004-04-05,0.3080103999999896,0.18055245594992395,0.24428142797495678
2004-04-06,0.3095275999999928,0.2619511427153769,0.28573937135768485
2004-04-07,0.25700819999998015,0.3755058289648837,0.31625701448243193
2004-04-08,0.3113743000000649,0.2704347431077738,0.2909045215539193
2004-04-12,0.42289720000003,0.4164170000462454,0.4196571000231377
2004-04-13,0.5403830999999795,0.4046974874922801,0.47254029374612977
2004-04-14,0.4528959000000309,0.4665358508700307,0.4597158754350308
2004-04-15,0.6734240999999057,0.34933027212970713,0.5113771860648064
2004-04-16,0.8534037000000033,1.0483603939602253,0.9508820469801142
2004-05-10,0.3537024000000038,0.2207711581214069,0.2872367790607053
2004-05-11,0.3486499000000304,0.35774450205341113,0.35319720102672075
2004-05-12,0.34632599999996105,0.11835145698081964,0.23233872849039033
2004-05-13,0.3656860000000134,0.35001247457018125,0.3578492372850973
2004-05-14,0.36160530000001845,0.37471600694995566,0.36816065347498705
2004-05-17,0.468899699999959,0.17803127566418558,0.3234654878320723
2004-05-18,0.5320401999999567,0.4928622489872976,0.5124512244936271
2004-05-19,0.6985561000000038,0.5979130257987298,0.6482345628993669
2004-05-20,0.714371600000013,0.4076709571490217,0.5610212785745173
2004-05-21,1.0195510000000474,0.4133119741607777,0.7164314870804125
2004-06-07,0.403059000000003,0.4323540672002695,0.4177065336001362
2004-06-08,0.5126412499999907,0.41135664099416225,0.4619989454970765
2004-06-09,0.47645318749998156,0.4693291721872345,0.47289117984360807
2004-06-10,0.4781623750000571,0.4728821582925335,0.47552226664629527
2004-06-14,0.6044201249999677,0.6337639391983841,0.619092032099176
2004-06-15,0.7141628749999994,0.9028466874945693,0.8085047812472843
2004-06-16,0.9012361250000112,0.8110968128097303,0.8561664689048707
2004-06-17,1.07557331250004,0.807576998554229,0.9415751555271346
2004-06-18,1.4446258749999616,1.473693416337086,1.4591596456685239
2004-07-06,0.24324530000002134,0.2833185409087936,0.26328192045440746
2004-07-07,0.3139867999999936,0.25538990299874914,0.2846883514993714
2004-07-08,0.3608082999999998,0.22332275718799588,0.2920655285939978
2004-07-09,0.39800639999996545,0.3143449640284836,0.35617568201422456
2004-07-12,0.41232380000003016,0.4601922999345067,0.43625804996726847
2004-07-13,0.3883334000000077,0.5126208085840267,0.4504771042920172
2004-07-14,0.5599567999999726,0.5403712719538765,0.5501640359769245
2004-07-15,0.5868794000000253,0.6239226582981864,0.6054010291491059
2004-07-16,0.936751199999993,0.7427790722233754,0.8397651361116842
2004-08-09,0.3354499090909344,0.3329222725433974,0.3341860908171659
2004-08-10,0.3476332727273386,0.40698327393330297,0.3773082733303208
2004-08-11,0.30154318181818157,0.16928509125603614,0.23541413653710885
2004-08-12,0.3517092727272607,0.16612751006996843,0.25891839139861456
2004-08-13,0.30622827272724984,0.3622805019711911,0.33425438734922047
2004-08-16,0.4882949999999715,0.2645606943827238,0.37642784719134764
2004-08-17,0.4721154545454459,0.3890923454441348,0.4306038999947903
2004-08-18,0.3925595454545076,0.54331424823102,0.46793689684276385
2004-08-19,0.6380489999999938,0.57976072676727,0.6089048633836318
2004-08-20,0.6929154545454224,0.7152887935297829,0.7041021240376026
2004-09-07,0.30558945454549435,0.2688760001587388,0.2872327273521166
2004-09-08,0.3932176363636453,0.2346707838728893,0.31394421011826734
2004-09-09,0.22378227272728288,0.3363920487950267,0.2800871607611548
2004-09-10,0.380355272727214,0.3300896201675717,0.35522244644739287
2004-09-13,0.4455014545454151,0.3335908613566421,0.38954615795102865
2004-09-14,0.6322437272727458,0.7839960546524487,0.7081198909625972
2004-09-15,0.7774592727273657,0.8885244195739741,0.8329918461506699
2004-09-16,0.5643131818181999,1.1156169132115228,0.8399650475148613
2004-09-17,1.2593658181818,1.0245708051283318,1.1419683116550658
2004-10-04,0.28673500000001034,0.3069422133148984,0.2968386066574544
2004-10-05,0.28124944444443156,0.3075080009819731,0.2943787227132023
2004-10-06,0.2586547777777825,0.28058537895810143,0.269620078367942
2004-10-07,0.3414657777777428,0.35376935165029777,0.3476175647140203
2004-10-08,0.3011012222222085,0.29544614392355545,0.29827368307288193
2004-10-11,0.4056463333332798,0.5584977536401935,0.48207204348673666
2004-10-12,0.3983401111110958,0.47993768139863235,0.4391388962548641
2004-10-13,0.5182379999999848,0.539132778025849,0.5286853890129168
2004-10-14,0.48996688888888035,0.6806749826865228,0.5853209357877016
2004-10-15,0.881481666666721,1.173604678732913,1.027543172699817
2004-11-08,0.29231577777770246,0.268602222228731,0.2804590000032167
2004-11-09,0.29886411111114974,0.3762334753874899,0.33754879324931986
2004-11-10,0.234086888888865,0.22878229373725326,0.23143459131305913
2004-11-11,0.2875555555555925,0.2513422203367912,0.2694488879461918
2004-11-12,0.29626588888888017,0.42124563033446033,0.3587557596116703
2004-11-15,0.3968258888888629,0.5167622222219945,0.45679405555542874
2004-11-16,0.4405306666667012,0.41860266034030624,0.4295666635035037
2004-11-17,0.4402680000000444,0.6439528888890624,0.5421104444445535
2004-11-18,0.6279430000000195,0.7263715555555276,0.6771572777777735
2004-11-19,0.6219538888889251,0.8447631247099111,0.7333585067994182
2004-12-06,0.37972190909088926,0.2939672259271037,0.3368445675089965
2004-12-07,0.31982263636366604,0.3146367272407797,0.3172296818022229
2004-12-08,0.34399600000000785,0.3258460950734696,0.33492104753673874
2004-12-09,0.3281693636363268,0.5254796103454962,0.42682448699091147
2004-12-10,0.46662763636362803,0.43173445165356744,0.4491810440085977
2004-12-13,0.4596484545454386,0.7245522493225747,0.5921003519340067
2004-12-14,0.4276013636363281,0.8223169949746143,0.6249591793054712
2004-12-15,0.7137264545454293,0.9720926361981107,0.84290954537177
2004-12-16,0.9275241818181716,1.153426336741903,1.0404752592800373
2004-12-17,0.9799440909090545,1.1749534731459845,1.0774487820275196
2005-01-10,0.321911294904801,0.46725118273512894,0.394581238819965
2005-01-11,0.4816137272727794,0.46304089764978185,0.4723273124612806
2005-01-12,0.5398598181817813,0.6195560288704094,0.5797079235260953
2005-01-13,0.4481850000000584,0.9635461789795072,0.7058655894897828
2005-01-14,0.41679954545458797,0.5002191818007442,0.4585093636276661
2005-01-18,0.7482509090909172,0.8289803509895273,0.7886156300402223
2005-01-19,0.4236106673312399,0.9142654999854566,0.6689380836583483
2005-01-20,0.9887296363636451,0.9927780000653468,0.9907538182144959
2005-01-21,1.051996699999947,1.0434487983923955,1.0477227491961711
2005-02-07,0.22246155555556177,0.32054657170515105,0.2715040636303564
2005-02-08,0.24123544444445827,0.24552389267509334,0.2433796685597758
2005-02-09,0.26150766666665076,0.188708111083915,0.22510788887528288
2005-02-10,0.2529706666666917,0.22457654086762047,0.2387736037671561
2005-02-11,0.2683956666666279,0.3205555556578795,0.29447561116225374
2005-02-14,0.3517503333333616,0.14236900000951935,0.24705966667144047
2005-02-15,0.36017877777777385,0.37870533333954803,0.36944205555866094
2005-02-16,0.4647865555555531,0.39894921322855165,0.43186788439205237
2005-02-17,0.5748957777777532,0.4572272459307079,0.5160615118542305
2005-02-18,0.8050257777777227,0.35543407029463003,0.5802299240361763
2005-03-07,0.3301779999999384,0.3032211107476887,0.31669955537381356
2005-03-08,0.3443111111111617,0.35110822303582345,0.3477096670734926
2005-03-09,0.2980733333333246,0.25755497229772334,0.27781415281552396
2005-03-10,0.26049588888888947,0.3111296788003965,0.285812783844643
2005-03-11,0.22353011111108334,0.3323402284181969,0.2779351697646401
2005-03-14,0.3052855555554833,0.37539021886210344,0.3403378872087934
2005-03-15,0.33674322222224595,0.366146777773084,0.351444999997665
2005-03-16,0.6321075555555405,0.4730076633158877,0.5525576094357141
2005-03-17,1.038299999999997,0.651328644382206,0.8448143221911014
2005-03-18,0.866967333333275,1.1120999167659769,0.9895336250496259
2005-04-04,0.27477677777777143,0.24665888887110732,0.2607178333244394
2005-04-05,0.275720888888824,0.1889976985388393,0.23235929371383165
2005-04-06,0.28136855555559365,0.24491952306241327,0.26314403930900343
2005-04-07,0.2857553333332513,0.26137627736464236,0.2735658053489468
2005-04-08,0.33317566666666315,0.09989306282474665,0.2165343647457049
2005-04-11,0.3844666666666026,0.18327046148187792,0.28386856407424027
2005-04-12,0.5161192222221964,0.3970392220981504,0.45657922216017344
2005-04-13,0.5148892222221823,0.3049464445868738,0.40991783340452803
2005-04-14,0.671905333333275,0.5925698207824487,0.6322375770578619
2005-04-15,0.9186801111110141,0.9249177775777113,0.9217989443443627
2005-05-09,0.32118281818181743,0.26051412472536534,0.2908484714535914
2005-05-10,0.30270445454544503,0.32455526407014323,0.31362985930779413
2005-05-11,0.36200700000000086,0.2240468494784398,0.2930269247392203
2005-05-12,0.3236408181817934,0.3877582863652171,0.35569955227350525
2005-05-13,0.3381879999999148,0.4681662727288192,0.40317713636436703
2005-05-16,0.4691302727272697,0.4845475337739158,0.47683890325059275
2005-05-17,0.45275736363634067,0.49845815692419665,0.47560776028026863
2005-05-18,0.5399285454545054,0.6263893110329121,0.5831589282437087
2005-05-19,0.8776968181818159,0.7480441243165056,0.8128704712491608
2005-05-20,0.8862157272727224,0.9131500961854866,0.8996829117291045
2005-06-06,0.25179463636366006,0.28943375147799544,0.27061419392082775
2005-06-07,0.21815981818177477,0.2853563165287096,0.2517580673552422
2005-06-08,0.2440731818181863,0.3378109206624696,0.29094205124032796
2005-06-09,0.3343251818182078,0.3250264369526579,0.32967580938543284
2005-06-10,0.21035718181813803,0.5605679100337159,0.38546254592592694
2005-06-13,0.548080181818144,0.34073854805674597,0.444409364937445
2005-06-14,0.33014345454540517,0.47753375414261273,0.403838604344009
2005-06-15,0.49011681818187736,0.5198021817232898,0.5049594999525836
2005-06-16,0.6115709090908626,0.6699756363775022,0.6407732727341824
2005-06-17,1.4618164545454377,1.0963568046102328,1.2790866295778351
2005-07-05,0.2517665555555982,0.22930664932084602,0.2405366024382221
2005-07-06,0.2515553333333192,0.3022009858740915,0.2768781596037053
2005-07-07,0.22810188888888897,0.3006960753659636,0.2643989821274263
2005-07-08,0.2811326666666346,0.22888065394970378,0.2550066603081692
2005-07-11,0.30173477777772895,0.3727544239757201,0.33724460087672453
2005-07-12,0.4669771111111005,0.6135853979268626,0.5402812545189816
2005-07-13,0.41665799999999087,0.727022743489941,0.5718403717449659
2005-07-14,0.5359640000000044,0.9163704372544341,0.7261672186272192
2005-07-15,0.588419888888872,0.7846200931931849,0.6865199910410285
2005-08-08,0.2300165999999945,0.3020808885519362,0.26604874427596537
2005-08-09,0.27219209999999133,0.2869061122438776,0.27954910612193445
2005-08-10,0.30101009999992595,0.2810373365312648,0.29102371826559537
2005-08-11,0.2918171999999425,0.3909420655990422,0.34137963279949235
2005-08-12,0.3008526000000035,0.3302582007686151,0.3155554003843093
2005-08-15,0.344425499999957,0.3256498745403217,0.33503768727013933
2005-08-16,0.4971772999999554,0.2774012763000589,0.3872892881500072
2005-08-17,0.5842274000000025,0.5197507717617593,0.5519890858808809
2005-08-18,0.6713669999999883,0.56525820300512,0.6183126015025542
2005-08-19,0.6456273000000302,0.716467250503866,0.6810472752519481
2005-09-06,0.28769883333336677,0.32836399154901474,0.30803141244119076
2005-09-07,0.2883586666666736,0.5044798931314908,0.3964192798990822
2005-09-08,0.38249849999996743,0.27323677124222767,0.32786763562109755
2005-09-09,0.4063195833333031,0.36773456764702334,0.38702707549016324
2005-09-12,0.4519191666666858,0.5074088094725248,0.4796639880696053
2005-09-13,0.7084468333333294,0.4708282502439527,0.589637541788641
2005-09-14,0.7860454166666618,0.545245248183121,0.6656453324248914
2005-09-15,0.6916587500000152,0.7724366837302564,0.7320477168651358
2005-09-16,0.8606741666666616,1.095827521057974,0.9782508438623179
2005-10-10,0.3302542727272091,0.317543418045488,0.32389884538634856
2005-10-11,0.3242348181817248,0.364191454498998,0.3442131363403614
2005-10-12,0.312580818181809,0.3348973627208905,0.32373909045134974
2005-10-13,0.3368014545454656,0.3227386661173321,0.3297700603313989
2005-10-14,0.33708518181817176,0.3567090156210985,0.34689709871963514
2005-10-17,0.4257553636363477,0.375558433413272,0.40065689852480985
2005-10-18,0.526539636363633,0.5780754544589081,0.5523075454112705
2005-10-19,0.5864103636363235,0.5436768636932422,0.5650436136647828
2005-10-20,0.5786756363636362,0.704897474527627,0.6417865554456316
2005-10-21,0.8302986363636541,0.8321919602735491,0.8312452983186016
2005-11-07,0.23685018181822484,0.30562074528556704,0.27123546355189593
2005-11-08,0.3119016363636597,0.3201743340295931,0.3160379851966264
2005-11-09,0.3502620909090454,0.44680639882530326,0.39853424486717437
2005-11-10,0.2804739090909376,0.3993795888329015,0.33992674896191954
2005-11-11,0.38407454545456543,0.42623500000734355,0.40515477273095446
2005-11-14,0.38732572727269327,0.46676674477704866,0.42704623602487096
2005-11-15,0.2841651818181589,0.5921550366349501,0.43816010922655446
2005-11-16,0.6552330909090469,0.8487431548383498,0.7519881228736984
2005-11-17,0.7374238181818599,0.8184893636378878,0.7779565909098738
2005-11-18,0.9152818181817763,1.2481032727322297,1.081692545457003
2005-12-05,0.42841507692307174,0.428214615284056,0.42831484610356385
2005-12-06,0.4187797692307692,0.45313041473444954,0.4359550919826094
2005-12-07,0.436765153846154,0.3583504041592155,0.39755777900268474
2005-12-08,0.3032281538461553,0.42900384616795595,0.36611600000705563
2005-12-09,0.3649467692307668,0.46394538538286495,0.4144460773068159
2005-12-12,0.6682581538461867,0.5179211538500161,0.5930896538481014
2005-12-13,0.5577228461538326,0.7488410000005778,0.6532819230772052
2005-12-14,0.7031026153845978,0.7701010902511162,0.7366018528178571
2005-12-15,0.7140213076923183,1.0217823846158223,0.8679018461540703
2005-12-16,1.365980230769187,1.2731850822978588,1.319582656533523
2006-01-09,0.5232845333333279,0.5213225999850744,0.5223035666592011
2006-01-10,0.3185070446363735,0.5892235128500107,0.45386527874319216
2006-01-11,0.40836766666666907,0.5994732241410872,0.5039204454038781
2006-01-12,0.300697610087049,0.6000649999875297,0.45038130503728935
2006-01-13,0.582803733333323,0.6847419999756139,0.6337728666544684
2006-01-17,1.0328727333333183,0.8657535293524428,0.9493131313428805
2006-01-18,0.8561828000000058,1.1430512417201817,0.9996170208600937
2006-01-19,1.0866860000000063,1.3092042913435773,1.1979451456717918
2006-01-20,1.5783249999999815,1.3712470379902235,1.4747860189951025
2006-02-06,0.2636775000000444,0.28418617811823915,0.27393183905914176
2006-02-07,0.2781586999999851,0.37915982734772946,0.3286592636738573
2006-02-08,0.2870318999999619,0.25993497852587405,0.27348343926291796
2006-02-09,0.3032328999999776,0.23994466666464728,0.27158878333231246
2006-02-10,0.22334159999996683,0.35634540548557775,0.28984350274277226
2006-02-13,0.29593789999998876,0.43710550000055504,0.3665217000002719
2006-02-14,0.43793980000004246,0.4458560065022069,0.44189790325112466
2006-02-15,0.4855111999999712,0.5580344037019005,0.5217728018509359
2006-02-16,0.6658587000000168,0.4701638999460582,0.5680112999730375
2006-02-17,0.42287330000005097,0.7612361974879864,0.5920547487440186
2006-03-06,0.3606209090909824,0.2885565718673183,0.3245887404791503
2006-03-07,0.2536776363636737,0.3158251708793239,0.28475140362149876
2006-03-08,0.35463890909094004,0.29575627238400864,0.32519759073747434
2006-03-09,0.3524643636363504,0.32350414904275726,0.33798425633955387
2006-03-10,0.125321909090958,0.35991349077554613,0.24261769993325205
2006-03-13,0.2211857272727312,0.4553918851287831,0.33828880620075713
2006-03-14,0.2559181818181574,0.5955974888131795,0.42575783531566846
2006-03-15,0.688567181818181,0.5863269999998123,0.6374470909089966
2006-03-16,0.875321454545423,0.7299883636362662,0.8026549090908446
2006-03-17,0.572991909090833,1.0880172470949876,0.8305045780929103
2006-04-10,0.2935030833333188,0.32816259817429383,0.31083284075380635
2006-04-11,0.2657090833333137,0.3385104588304273,0.30210977108187054
2006-04-12,0.3444705833333219,0.31393803382473195,0.32920430857902694
2006-04-13,0.23867325000003484,0.2909283233139467,0.26480078665699075
2006-04-17,0.4814653333333348,0.4109820243060586,0.4462236788196967
2006-04-18,0.34593893645731644,0.5633423051628085,0.45464062081006246
2006-04-19,0.32719158333332216,0.6332309738714026,0.48021127860236235
2006-04-20,0.688921179867365,0.7592140806146775,0.7240676302410213
2006-04-21,0.5683931666666571,1.1093847100827305,0.8388889383746938
2006-05-08,0.2789439090908814,0.2946012724766469,0.28677259078376416
2006-05-09,0.18112163636359327,0.2637689766952307,0.22244530652941197
2006-05-10,0.14792154545455763,0.2563498952966541,0.20213572037560584
2006-05-11,0.3043676363636285,0.17708254541291615,0.24072509088827232
2006-05-12,0.32230190909090023,0.266368647181285,0.2943352781360926
2006-05-15,0.2287034545453899,0.40271222565082465,0.31570784009810726
2006-05-16,0.30907818181814045,0.2934578942082655,0.301268038013203
2006-05-17,0.5051612727272885,0.43209227221303265,0.4686267724701606
2006-05-18,0.6027275454545427,0.5528559976535816,0.5777917715540621
2006-05-19,0.5787332727272695,0.7331571724744148,0.6559452226008422
2006-06-05,0.3006556363636135,0.3517818984951243,0.3262187674293689
2006-06-06,0.19730609090906104,0.32651690762872276,0.2619114992688919
2006-06-07,0.21834981818185079,0.3474170683270794,0.28288344325446513
2006-06-08,0.4014143636364053,0.4093089332182935,0.4053616484273494
2006-06-09,0.34152227272724905,0.4143791744647537,0.37795072359600135
2006-06-12,0.48666245454542983,0.5667477803376592,0.5267051174415445
2006-06-13,0.6079343636363485,0.40963123761715126,0.5087828006267499
2006-06-14,0.5895527272727313,0.5642378461806185,0.5768952867266749
2006-06-15,0.5834319090909158,0.6799668103652318,0.6316993597280738
2006-06-16,0.7109277272727004,0.9604589146732034,0.8356933209729519
2006-07-10,0.25164636363640147,0.3053588688148745,0.278502616225638
2006-07-11,0.2684961818181525,0.28442963440120245,0.27646290810967744
2006-07-12,0.2997215454545248,0.3052912157892157,0.30250638062187024
2006-07-13,0.34768790909089825,0.18561447466356543,0.26665119187723185
2006-07-14,0.3696151818181128,0.3278513328258046,0.3487332573219587
2006-07-17,0.41476145454540314,0.45037081257702566,0.4325661335612144
2006-07-18,0.4790424545453727,0.4149981655465637,0.4470203100459682
2006-07-19,0.5413795454545544,0.22333436359408987,0.3823569545243221
2006-07-20,0.49457227272734305,0.5453846790098335,0.5199784758685883
2006-07-21,0.9375797272727209,0.35527155827911905,0.64642564277592
2006-08-07,0.22492909090909619,0.3120477634779711,0.2684884271935336
2006-08-08,0.29953172727273253,0.22294009022717273,0.2612359087499526
2006-08-09,0.2842033636363791,0.22675084278685115,0.2554771032116151
2006-08-10,0.3009100000000451,0.29727532896269787,0.2990926644813715
2006-08-11,0.3575149999999567,0.3157417558830135,0.3366283779414851
2006-08-14,0.27691100000000274,0.32532179223939545,0.3011163961196991
2006-08-15,0.2384031818181613,0.41111512131411426,0.32475915156613777
2006-08-16,0.4625446363636456,0.4378939044477468,0.4502192704056962
2006-08-17,0.5443257272727009,0.6544543241190264,0.5993900256958636
2006-08-18,0.7086995454546137,0.8839548578166824,0.796327201635648
2006-09-05,0.2618180000000391,0.2945759075917824,0.27819695379591075
2006-09-06,0.17166160000022637,0.32156484704209193,0.24661322352115916
2006-09-07,0.3407570000000154,0.26322880186933484,0.3019929009346751
2006-09-08,0.3395092000000067,0.3171691225975932,0.3283391612987999
2006-09-11,0.38123479999996485,0.4310882898758549,0.4061615449379099
2006-09-12,0.3030294000000836,0.4372740999879583,0.37015174999402095
2006-09-13,0.3113506999999614,0.5257765999999151,0.4185636499999382
2006-09-14,0.4172184000000689,0.7427575698481135,0.5799879849240912
2006-09-15,1.2043226000000442,0.9805807434512692,1.0924516717256567
2006-10-09,0.15253299999997816,0.2454806363443179,0.19900681817214805
2006-10-10,0.13944536363637658,0.33253668924419244,0.23599102644028452
2006-10-11,0.155771363636382,0.2792424751983717,0.21750691941737685
2006-10-12,0.3122724545454692,0.282365516402383,0.2973189854739261
2006-10-13,0.12267081818175864,0.35729229211957186,0.23998155515066524
2006-10-16,0.5586200909090849,0.4809682330627275,0.5197941619859062
2006-10-17,0.25183227272723235,0.4177990864229501,0.33481567957509123
2006-10-18,0.2530891818181248,0.5343223553702376,0.3937057685941812
2006-10-19,0.29769772727268634,0.6835823110496932,0.4906400191611898
2006-10-20,0.39895827272488515,0.8881377678614626,0.6435480202931738
2006-11-06,0.4197147999999864,0.3678681994631157,0.39379149973155103
2006-11-07,0.26619646666669783,0.36529340018111794,0.31574493342390786
2006-11-08,0.22821966666322852,0.46245157963828204,0.3453356231507553
2006-11-09,0.41041180000885585,0.438953349846549,0.42468257492770245
2006-11-10,0.3379751333334054,0.5154185285553354,0.4266968309443704
2006-11-13,0.6062210666666584,0.5766788136479335,0.5914499401572959
2006-11-14,0.735288333333269,0.6935145906851231,0.7144014620091961
2006-11-15,0.6277270000000809,0.7830475828266543,0.7053872914133676
2006-11-16,0.6128001999997591,1.0322385689732765,0.8225193844865177
2006-11-17,1.7567303333333313,1.722080133334387,1.739405233333859
2006-12-04,0.14002654545456683,0.29541404934689913,0.21772029740073298
2006-12-05,0.31587681818183433,0.3752044999998284,0.34554065909083137
2006-12-06,0.4334849090909017,0.33383195406296895,0.38365843157693535
2006-12-07,0.18456418181826395,0.4229781862882994,0.3037711840532817
2006-12-08,0.23551072727275757,0.34389547051110453,0.289703098891931
2006-12-11,0.6009378181818037,0.46827990912794987,0.5346088636548768
2006-12-12,0.22537999999995206,0.6623355822465367,0.44385779112324436
2006-12-13,0.6535285454545563,0.5817396622771686,0.6176341038658624
2006-12-14,0.27254499999982174,0.9525280941357792,0.6125365470678005
2006-12-15,0.4334949999999536,1.1699888958219555,0.8017419479109545
2007-01-08,0.11459889512093352,0.5513968376443863,0.33299786638265993
2007-01-09,0.6979835263157769,0.567933653108966,0.6329585897123715
2007-01-10,0.4601596840739154,0.6261125879975641,0.5431361360357397
2007-01-11,0.7770923241126373,0.6389425896613706,0.7080174568870039
2007-01-12,0.5620992787629289,0.6755977448803846,0.6188485118216567
2007-01-16,1.1674580742342453,0.9573911153503217,1.0624245947922835
2007-01-17,0.5880205564472158,1.0973363262563207,0.8426784413517683
2007-01-18,1.588428421052606,1.833128631575617,1.7107785263141115
2007-01-19,1.50881815628895,1.6817131710539703,1.5952656636714602
2007-02-05,0.19353709090905566,0.21867176591037063,0.20610442840971316
2007-02-06,0.22345472727275742,0.19285273997007427,0.20815373362141584
2007-02-07,0.18292436363632258,0.22887728889248765,0.20590082626440512
2007-02-08,0.20003109090905322,0.27751745072581996,0.23877427081743657
2007-02-09,0.2437044545454013,0.35943281299571006,0.30156863377055565
2007-02-12,0.19143790909084543,0.3314727857175843,0.2614553474042149
2007-02-13,0.4584887272727361,0.5904587262826403,0.5244737267776882
2007-02-14,0.3634003636363609,0.4569398917308126,0.41017012768358674
2007-02-15,0.22076336363634128,0.5865917216842098,0.40367754266027556
2007-02-16,0.6011587272726913,1.0100305706672643,0.8055946489699778
2007-03-05,0.3590213333333288,0.3577620905830472,0.358391711958188
2007-03-06,0.3851221666666837,0.2797208492289158,0.3324215079477998
2007-03-07,0.3805117500000406,0.32847943277213193,0.3544955913860863
2007-03-08,0.40236425000002146,0.31457759585067174,0.3584709229253466
2007-03-09,0.3467987499999455,0.3910699376141624,0.3689343438070539
2007-03-12,0.45108824999998903,0.4971111105922214,0.4740996802961052
2007-03-13,0.24392683333335574,0.5712170372080535,0.4075719352707046
2007-03-14,0.7030187499999992,0.7135846666799006,0.7083017083399499
2007-03-15,0.5484942500000185,0.702666302465472,0.6255802762327453
2007-03-16,0.4967768333332692,1.0950957826790984,0.7959363080061838
2007-04-09,0.28685674999997934,0.14573736693038675,0.21629705846518305
2007-04-10,0.23778075000001264,0.2814181442024835,0.25959944710124805
2007-04-11,0.28543375000003274,0.29302315107205484,0.2892284505360438
2007-04-12,0.3155825833333505,0.10546021999174986,0.21052140166255018
2007-04-13,0.3390989166666334,0.16065199996072796,0.2498754583136807
2007-04-16,0.4180436666665912,0.4204672489271956,0.41925545779689344
2007-04-17,0.4538874166666769,0.21950392007365194,0.3366956683701644
2007-04-18,0.32280516666666964,0.4759603643082609,0.39938276548746526
2007-04-19,0.47080666666665943,0.5321135355304994,0.5014601010985794
2007-04-20,0.8929305833332912,0.6896791128806173,0.7913048481069542
2007-05-07,0.2913781428571065,0.309649480026912,0.3005138114420093
2007-05-08,0.24804178571425234,0.3228369341057133,0.2854393599099828
2007-05-09,0.32214792857141533,0.35479416325630025,0.3384710459138578
2007-05-10,0.3717170000000277,0.2128384285930481,0.2922777142965379
2007-05-11,0.3179672857143407,0.3725118601617625,0.34523957293805163
2007-05-14,0.4264408571428504,0.45273830925432257,0.4395895831985865
2007-05-15,0.4466102857142626,0.48198169929779977,0.46429599250603115
2007-05-16,0.5095548571428148,0.6310761430354542,0.5703155000891345
2007-05-17,0.6395994285713513,0.6685094008610195,0.6540544147161854
2007-05-18,1.0175637857142952,1.0000484465366137,1.0088061161254545
2007-06-04,0.11648600000003063,0.36427299085385345,0.24037949542694204
2007-06-05,0.18776575000003182,0.32348910577650797,0.25562742788826986
2007-06-06,0.2857003333333556,0.33797714700695985,0.3118387401701577
2007-06-07,0.30823499999997955,0.3446748763021221,0.32645493815105087
2007-06-08,0.1654604999999772,0.3655013705833586,0.2654809352916679
2007-06-11,0.15678316666666348,0.4269572996063617,0.2918702331365126
2007-06-12,0.6312304166665685,0.3967919169625515,0.51401116681456
2007-06-13,0.4640863333346558,0.6290498569392458,0.5465680951369508
2007-06-14,0.246464083333376,0.8232766246888361,0.534870354011106
2007-06-15,0.7561542499999029,0.9322701010750296,0.8442121755374663
2007-07-09,0.27771933333336796,0.3518666356182623,0.31479298447581516
2007-07-10,0.33088180000000716,0.3724596605414982,0.3516707302707527
2007-07-11,0.33345953333332645,0.4188744288195208,0.37616698107642366
2007-07-12,0.427460266666683,0.22415072343309886,0.3258054950498909
2007-07-13,0.40509419999999297,0.3314304286021393,0.36826231430106615
2007-07-16,0.5033452666666727,0.3966145222948597,0.4499798944807662
2007-07-17,0.5965625999999897,0.45140882415288613,0.523985712076438
2007-07-18,0.5816372000000073,0.556515393925791,0.5690762969628991
2007-07-19,0.7585780000000052,0.41083657143010077,0.584707285715053
2007-07-20,1.1796984666667059,0.9665042485529256,1.0731013576098158
2007-08-06,0.5375336666666953,0.461872669141758,0.49970316790422664
2007-08-07,0.5455089444444859,0.41278935688031554,0.4791491506624007
2007-08-08,0.4772633333332749,0.49810999541093337,0.4876866643721042
2007-08-09,0.5619866666666327,0.5898251232152121,0.5759058949409224
2007-08-10,0.6607819444444197,0.48980084051098416,0.5752913924777019
2007-08-13,0.6718859444444518,0.7737749865437871,0.7228304654941194
2007-08-14,0.6320967222222382,0.8375644479318244,0.7348305850770314
2007-08-15,0.8721764999999924,0.87087879391526,0.8715276469576262
2007-08-16,1.0859332777777353,0.6443674185678749,0.8651503481728051
2007-08-17,1.5235846111101192,1.4877851964162379,1.5056849037631785
2007-09-10,0.47847527777773613,0.38078670217243266,0.4296309899750844
2007-09-11,0.49081711111111415,0.3225731387588968,0.4066951249350055
2007-09-12,0.4403557777777183,0.30448685689877353,0.3724213173382459
2007-09-13,0.4873616111111402,0.3657591229353915,0.42656036702326583
2007-09-14,0.531085777777756,0.5766724641746853,0.5538791209762206
2007-09-17,0.6963199444444794,0.6245199621605676,0.6604199533025235
2007-09-18,0.8898707777777803,0.9116117429504601,0.9007412603641203
2007-09-19,1.0678369999999828,0.5887010000001149,0.8282690000000489
2007-09-20,1.0791251111111362,1.0153294489247697,1.047227280017953
2007-09-21,1.7285717222222177,1.6447572944524702,1.686664508337344
2007-10-08,0.3069431428571806,0.36694774191701957,0.3369454423871001
2007-10-09,0.4175823571428277,0.3284018572391922,0.37299210719100995
2007-10-10,0.24951628571423032,0.35497216175083757,0.30224422373253396
2007-10-11,0.4383929285714236,0.3806420900662701,0.40951750931884684
2007-10-12,0.3541487857142943,0.3339720372172749,0.3440604114657846
2007-10-15,0.3815102857143409,0.48514368934622804,0.4333269875302845
2007-10-16,0.5068477142856936,0.6108583482745786,0.5588530312801361
2007-10-17,0.6126122857143154,0.64687763543553,0.6297449605749227
2007-10-18,0.7307488571428576,0.7888326677271483,0.759790762435003
2007-10-19,0.9619898571428491,0.43540093180563855,0.6986953944742438
2007-11-05,0.4580558125000826,0.40110759400856727,0.42958170325432493
2007-11-06,0.4319333750000158,0.3745129331860867,0.4032231540930512
2007-11-07,0.5511777499999803,0.4543961594613418,0.502786954730661
2007-11-08,0.5105427500000038,0.5843612504066155,0.5474520002033096
2007-11-09,0.601254312499994,0.48691911453360237,0.5440867135167982
2007-11-12,0.6850634375000161,0.5512483421493081,0.6181558898246621
2007-11-13,0.6691691250000169,0.38154697909120916,0.525358052045613
2007-11-14,0.8395516250000385,0.4550141067080635,0.647282865854051
2007-11-15,0.7274401249999838,1.1073730082203868,0.9174065666101853
2007-11-16,0.8863589374999844,1.6201284560207494,1.2532436967603668
2007-12-10,0.5806569130435255,0.7103941196139008,0.6455255163287131
2007-12-11,0.6535917391304028,0.5707966147416113,0.6121941769360071
2007-12-12,0.5924455217391325,0.5810059783196907,0.5867257500294116
2007-12-13,0.560716260869552,0.6000621790980463,0.5803892199837991
2007-12-14,0.7354284782608722,0.4006399702993987,0.5680342242801355
2007-12-17,0.9175496956521626,0.5325105653598954,0.7250301305060289
2007-12-18,1.007980304347836,0.6757990439682321,0.841889674158034
2007-12-19,0.976300434782641,1.0509265827517535,1.0136135087671971
2007-12-20,1.2137852173913117,0.9697793070593821,1.091782262225347
2007-12-21,1.517832304347799,1.4764489042277673,1.4971406042877833
2008-01-07,0.663193583333326,0.5928487587285441,0.6280211710309351
2008-01-08,0.7102293333333421,0.36333985277072217,0.5367845930520322
2008-01-09,0.6779413333333354,0.7685905000004468,0.7232659166668911
2008-01-10,0.735417583333328,0.7277234594546981,0.731570521394013
2008-01-11,0.7199147499999748,0.725369582449409,0.7226421662246919
2008-01-14,0.934961041666659,0.8723502125098433,0.9036556270882512
2008-01-15,1.0713342083332904,0.7597027982845092,0.9155185033088997
2008-01-16,1.2623476249999965,1.322357168610462,1.2923523968052293
2008-01-17,1.6862121250000124,0.9161803906467267,1.3011962578233696
2008-01-18,2.288508000000013,2.4225374891538376,2.355522744576925
2008-02-04,0.5688268260869753,0.6127098695672804,0.5907683478271278
2008-02-05,0.6400990869564989,0.6641846086979928,0.6521418478272458
2008-02-06,0.7828820869565227,0.7723384347827067,0.7776102608696147
2008-02-07,0.757701565217371,0.566652671104105,0.662177118160738
2008-02-08,0.7385986521738834,0.638034448901376,0.6883165505376296
2008-02-11,0.8987776086956799,0.7562362729264794,0.8275069408110797
2008-02-12,0.968106391304331,1.3812976956521965,1.1747020434782638
2008-02-13,1.1983904347826289,1.3258692609288796,1.2621298478557543
2008-02-14,1.6322584782608272,1.3854842589400307,1.508871368600429
2008-02-15,1.8309647826086217,1.8629203952889446,1.8469425889487832
2008-03-10,0.7838113599999588,0.7419273199208166,0.7628693399603876
2008-03-11,0.7379120400000057,0.8545934400000368,0.7962527400000212
2008-03-12,0.7742434000000133,0.5160687463219062,0.6451560731609598
2008-03-13,0.9615619285714351,0.5609559169787327,0.7612589227750839
2008-03-14,0.9278274642856926,0.8945148298502763,0.9111711470679844
2008-03-17,1.2779568928571072,0.9088971127159624,1.0934270027865347
2008-03-18,1.0637335287730445,1.473831285945636,1.2687824073593403
2008-03-19,1.7229237857142883,1.0236536009873787,1.3732886933508335
2008-03-20,1.8828994285714458,1.0432175911490813,1.4630585098602635
2008-04-07,0.589258739130415,0.65854547826234,0.6239021086963775
2008-04-08,0.5852050000000285,0.5690711769277218,0.5771380884638752
2008-04-09,0.6795016086956341,0.49784449564267197,0.588673052169153
2008-04-10,0.7604054347825848,0.6782211739299305,0.7193133043562576
2008-04-11,0.7125456086956384,0.80716086956391,0.7598532391297742
2008-04-14,0.888944739130389,1.1825226086919927,1.0357336739111909
2008-04-15,1.0718365217390933,1.237169608698117,1.1545030652186052
2008-04-16,1.198721695652178,1.1536082199625703,1.1761649578073743
2008-04-17,1.5685325217390946,1.3492017199005517,1.4588671208198232
2008-04-18,2.257956695652167,2.0989506505701563,2.1784536731111617
2008-05-05,0.5478446800000176,0.7073496062967927,0.6275971431484051
2008-05-06,0.5981123199999808,0.5416969541387083,0.5699046370693446
2008-05-07,0.7310971199999904,0.6764180400214924,0.7037575800107414
2008-05-08,0.8056015199999979,0.6701082914105126,0.7378549057052552
2008-05-09,0.8062847599999711,0.770121320222154,0.7882030401110625
2008-05-12,0.8746774800000299,0.4585679590194997,0.6666227195097648
2008-05-13,1.1457874400000088,1.2460586799496896,1.1959230599748492
2008-05-14,1.1245217199999782,1.2413532520303538,1.182937486015166
2008-05-15,1.3310036799999674,1.1336904000081274,1.2323470400040475
2008-05-16,2.025820400000005,2.4758836102745856,2.250852005137295
2008-06-09,0.7230992857143098,0.8322141505643849,0.7776567181393473
2008-06-10,0.807279107142849,0.5681373052163264,0.6877082061795877
2008-06-11,0.7804373214285902,0.9490087531288102,0.8647230372787003
2008-06-12,0.8637598571427864,0.7239417949148574,0.793850826028822
2008-06-13,0.8398465357141145,0.9178479995065435,0.8788472676103289
2008-06-16,1.023934035723037,1.0115566292600677,1.0177453324915524
2008-06-17,1.1926857501921746,0.8156687754340709,1.0041772628131227
2008-06-18,1.52562967857143,0.7916940307249684,1.1586618546481993
2008-06-19,1.5430432452295757,1.9271665089389405,1.735104877084258
2008-06-20,2.418887428571395,2.6316888999799977,2.5252881642756964
2008-07-07,0.8032810476190095,0.6198581892503822,0.7115696184346958
2008-07-08,0.6816210952380999,0.8693210476190186,0.7754710714285593
2008-07-09,1.0658331923076774,0.6572782870993297,0.8615557397035035
2008-07-10,1.0575924999999933,0.8099670203990433,0.9337797601995184
2008-07-11,1.091422576923111,0.8386223165256504,0.9650224467243806
2008-07-14,1.5527629230768976,0.9407374449023307,1.2467501839896142
2008-07-15,1.7338269615384487,0.9268243375902934,1.330325649564371
2008-07-16,1.7055733623883085,2.1392921538461995,1.922432758117254
2008-07-17,2.05807608695651,1.1884045306279591,1.6232403087922345
2008-07-18,2.4809417272726972,1.3477818806865665,1.9143618039796317
2008-08-04,0.612005142849822,0.800517903546963,0.7062615231983924
2008-08-05,0.53807109092539,0.8081046121713454,0.6730878515483677
2008-08-06,0.6776673809486619,0.8555597368929998,0.7666135589208308
2008-08-07,1.0434002380952312,0.8893727040787253,0.9663864710869783
2008-08-08,0.780852523809698,0.9312212857120296,0.8560369047608638
2008-08-11,1.0368908571425797,1.127675952383667,1.0822834047631233
2008-08-12,1.3995902380952332,1.1606073448020982,1.2800987914486657
2008-08-13,1.399926095238119,1.0271484058549964,1.2135372505465578
2008-08-14,1.5963568571427444,1.8798410504330627,1.7380989537879037
2008-08-15,1.988840900002693,2.177274100377566,2.0830575001901295
2008-09-08,0.9310370322580807,1.0901037599845187,1.0105703961212997
2008-09-09,1.018883774193528,0.8095621608512407,0.9142229675223843
2008-09-10,1.145304838709652,0.8562068335238899,1.000755836116771
2008-09-11,0.92282809677787,0.9266765170673659,0.924752306922618
2008-09-12,1.1355409032257873,0.9685298513043149,1.052035377265051
2008-09-15,1.8738762258064678,0.8882811899506778,1.381078707878573
2008-09-16,1.8378701290322976,2.411756870967736,2.124813500000017
2008-09-17,2.6389127096774057,2.6130589032258213,2.6259858064516135
2008-09-18,2.818788290322564,2.7527897096773355,2.7857889999999497
2008-09-19,2.692014318181857,2.108623083838162,2.4003187010100095
2008-10-06,1.4817880384615163,1.1622309615443056,1.322009500002911
2008-10-07,1.4496883846153827,0.9480378940966487,1.1988631393560159
2008-10-08,1.5359136538461162,1.037612036417011,1.2867628451315636
2008-10-09,1.810526807692271,1.3945561538401834,1.6025414807662273
2008-10-10,1.7425163666666919,1.9660106666654884,1.8542635166660901
2008-10-13,1.7107129333333033,2.0196078000001254,1.8651603666667143
2008-10-14,1.8125438333329562,2.307704333333364,2.06012408333316
2008-10-15,2.4174434285714144,1.730522892016764,2.0739831602940892
2008-10-16,2.616097777777765,2.1890350289553053,2.402566403366535
2008-10-17,2.7211068888888845,1.9946321969526337,2.357869542920759
2008-11-10,1.002830383935055,1.2199264230755926,1.1113784035053238
2008-11-11,1.4670712307691969,1.3774189615386119,1.4222450961539044
2008-11-12,1.4847699615384284,1.145855466141334,1.3153127138398812
2008-11-13,1.424231499999992,1.3804393076915389,1.4023354038457656
2008-11-14,1.3909758461521053,1.6579444230768918,1.5244601346144986
2008-11-17,1.899103846153826,2.007112653845659,1.9531082499997425
2008-11-18,2.311060115384577,2.0872947287830974,2.199177422083837
2008-11-19,2.7590953461538184,2.554283346177229,2.656689346165524
2008-11-20,3.197825349999974,3.4009068260860085,3.299366088042991
2008-11-21,3.11137746153846,2.93704837143317,3.0242129164858147
2008-12-08,1.4091855151514945,1.2417811705186952,1.3254833428350947
2008-12-09,1.1582181351929501,1.5377962672630874,1.3480072012280186
2008-12-10,1.658649031249995,1.4488960097315098,1.5537725204907524
2008-12-11,1.800876848484855,1.801718866868404,1.8012978576766296
2008-12-12,1.7401628181818385,2.088303575350099,1.9142331967659687
2008-12-15,2.294996749999993,2.359596471227584,2.3272966106137885
2008-12-16,2.345461363636272,2.6311181874999985,2.488289775568135
2008-12-17,2.601132545455073,2.7888081058087013,2.6949703256318873
2008-12-18,3.3354210312499744,3.0400481624801343,3.187734596865054
2008-12-19,2.7838672941176204,3.2059536146912566,2.9949104544044385
2009-01-05,1.4374216135190014,1.7270008762691986,1.5822112448941001
2009-01-06,1.5975947500000134,1.121981319861822,1.3597880349309177
2009-01-07,1.9182616818181606,1.5946381095093043,1.7564498956637324
2009-01-08,2.003177636363627,1.7891549452123627,1.896166290787995
2009-01-09,2.080548045454545,1.8424477891712983,1.9614979173129217
2009-01-12,2.3433585454626344,2.9629069318181434,2.653132738640389
2009-01-13,2.5787832954426064,3.0789239459460074,2.828853620694307
2009-01-14,2.9236406176468255,2.743628752777065,2.833634685211945
2009-01-15,2.5228633999233785,3.041901791667095,2.782382595795237
2009-01-16,2.4853514618719763,3.46508574389335,2.975218602882663
2009-02-09,1.469663416666654,1.4896630833332283,1.4796632499999411
2009-02-10,1.4069904166329514,1.3410392083348706,1.374014812483911
2009-02-11,1.5372100833333182,1.419730041664477,1.4784700624988976
2009-02-12,1.5534151666666602,1.5233974742373448,1.5384063204520024
2009-02-13,1.568117041658847,1.7821392083332726,1.6751281249960597
2009-02-17,2.585785083333312,2.3360489271562876,2.4609170052447995
2009-02-18,2.506101833220718,2.971516272727352,2.7388090529740348
2009-02-19,2.248768132044371,2.361448900530808,2.3051085162875893
2009-02-20,2.4343589728031816,2.6758619098104157,2.5551104413067987
2009-03-09,2.1879019999999763,2.4787034285713956,2.333302714285686
2009-03-10,2.0422358214285388,2.236814571454861,2.1395251964417
2009-03-11,2.1009686785714123,2.2908966785713534,2.195932678571383
2009-03-12,2.05023664285714,2.2779925714282983,2.164114607142719
2009-03-13,2.160227499999982,2.3403359285714807,2.250281714285731
2009-03-16,2.7307745357142807,3.051062143210838,2.8909183394625595
2009-03-17,2.911172571428562,3.3051323564605064,3.108152463944534
2009-03-18,2.963995571422596,3.4715389642857133,3.2177672678541547
2009-03-19,2.9766072777778194,2.6834488955233313,2.830028086650575
2009-03-20,2.9070650909091102,1.6350886000000806,2.2710768454545955
2009-04-06,1.5693419999999332,1.3863572500429902,1.4778496250214617
2009-04-07,0.9640352037414041,1.4467578333316826,1.2053965185365434
2009-04-08,1.6599761666666504,1.479256916666544,1.5696165416665973
2009-04-09,1.9973396666666854,1.7328012500000056,1.8650704583333455
2009-04-13,1.9395746363636273,1.9250731817657438,1.9323239090646855
2009-04-14,0.7452383331262427,1.92210441666598,1.3336713748961113
2009-04-15,1.569850454545454,1.7966991818269435,1.6832748181861987
2009-04-16,0.695230671042434,1.7973920000169537,1.2463113355296938
2009-04-17,0.4180668897630066,2.0115296378784167,1.2147982638207115
2009-05-04,0.7835359743122976,1.4268309374972372,1.1051834559047675
2009-05-05,1.8767739374999615,1.447183500003811,1.6619787187518862
2009-05-06,0.740431501761117,1.5756359376325006,1.158033719696809
2009-05-07,0.6843097100120608,1.6316913125001633,1.158000511256112
2009-05-08,1.743436933333336,1.621365066667064,1.6824010000001999
2009-05-11,0.8446934828047685,1.6942649374983147,1.2694792101515415
2009-05-12,0.959898946459744,1.743999266665188,1.351949106562466
2009-05-13,1.0656846568106435,1.7689980666788179,1.4173413617447306
2009-05-14,1.6510077857142738,1.2497812099473624,1.450394497830818
2009-05-15,2.028365290884691,1.6397733952454108,1.834069343065051
2009-06-08,1.6399375652134034,1.2111030271378505,1.4255202961756268
2009-06-09,0.9567660585196194,1.3665787499950504,1.161672404257335
2009-06-10,0.8926638005592454,1.5532790833332253,1.2229714419462354
2009-06-11,2.029277347826094,1.6493168750016052,1.8392971114138497
2009-06-12,1.6270407826086781,1.9394176299523316,1.7832292062805049
2009-06-15,1.579731409532412,1.8802760455554781,1.730003727543945
2009-06-16,2.2178185400678547,2.132651999997879,2.175235270032867
2009-06-17,2.0663783181818185,2.1952063466180802,2.1307923323999494
2009-06-18,2.3484636169753297,1.9106895066956093,2.1295765618354694
2009-06-19,2.406613835373828,2.4259887061406604,2.416301270757244
2009-07-06,0.8634036249999942,0.8122240968829184,0.8378138609414563
2009-07-07,1.0739389374999633,0.9662236250162732,1.0200812812581184
2009-07-08,1.0072881249999919,1.1564211874996992,1.0818546562498454
2009-07-09,1.0988729374999981,1.1267685625000174,1.1128207500000078
2009-07-10,1.0220391874999588,1.006871125316034,1.0144551564079964
2009-07-13,1.3870826874999798,1.3733867500384789,1.3802347187692292
2009-07-14,1.5762817499999824,1.6304016249401432,1.6033416874700628
2009-07-15,2.4891239333332904,1.7454127500067027,2.1172683416699964
2009-07-16,2.1083888125000034,1.600497198982437,1.8544430057412202
2009-07-17,2.7162423333332533,2.2280888378883046,2.472165585610779
2009-08-10,0.6924329285714156,0.7384197857301469,0.7154263571507813
2009-08-11,0.8806815000000131,0.6611189419916813,0.7709002209958472
2009-08-12,0.8370949285714115,0.7528736428281817,0.7949842856997966
2009-08-13,0.9551341428570981,0.835677428710401,0.8954057857837495
2009-08-14,0.9365043571428834,0.8580235007816944,0.8972639289622889
2009-08-17,1.2474515714285832,1.2073906417916895,1.2274211066101364
2009-08-18,1.546232928571373,1.3302152142662904,1.4382240714188317
2009-08-19,1.4314733571428389,1.3045774955386393,1.368025426340739
2009-08-20,2.0830979999999606,1.685770408193532,1.8844342040967463
2009-08-21,2.1554599166666635,2.195196523486431,2.175328220076547
2009-09-08,1.3142943888888885,1.4714237260396197,1.392859057464254
2009-09-09,2.319336799999565,1.4869389999926195,1.9031378999960924
2009-09-10,1.5478582777777734,1.4994503699270418,1.5236543238524076
2009-09-11,1.551501666666657,1.4607908156326517,1.5061462411496542
2009-09-14,1.5975406874999927,1.4284370000244893,1.512988843762241
2009-09-15,1.6536202499999872,1.8008129401684334,1.7272165950842102
2009-09-16,0.6958321428581341,1.6086989657736372,1.1522655543158857
2009-09-17,0.7896813999999752,1.8622887271054935,1.3259850635527344
2009-09-18,1.547395199999991,1.8698565294117504,1.7086258647058707
2009-10-05,0.6040855454545405,0.560685442262167,0.5823854938583537
2009-10-06,0.6622314545454562,0.6765581818150949,0.6693948181802756
2009-10-07,0.7389346363636122,0.5985783816748395,0.6687565090192258
2009-10-08,0.7137141818181486,0.6706581818087044,0.6921861818134265
2009-10-09,0.6986169090909544,0.707580999993868,0.7030989545424112
2009-10-12,0.8774883636363559,0.8754171818979785,0.8764527727671672
2009-10-13,1.0277804545454408,0.9331024252411454,0.980441439893293
2009-10-14,1.2393627272727281,1.1453952817520296,1.1923790045123788
2009-10-15,1.3599975454545243,1.3962768420719966,1.3781371937632605
2009-10-16,1.2831616363636704,1.7360484546637984,1.5096050455137344
2009-11-09,0.5304774545454216,0.5479836025089667,0.5392305285271941
2009-11-10,0.5727270909090948,0.520083127965791,0.5464051094374429
2009-11-11,0.5655942727273167,0.6048569999164375,0.5852256363218771
2009-11-12,0.6376040909090677,0.6433532619948549,0.6404786764519612
2009-11-13,0.6167159090909399,0.6056415466599995,0.6111787278754697
2009-11-16,0.8502874545454627,0.6646978445098873,0.757492649527675
2009-11-17,0.8472659090909069,0.8733742047977917,0.8603200569443493
2009-11-18,1.0166162727273138,0.8443565231450711,0.9304863979361925
2009-11-19,0.750617726763155,1.1753601941919856,0.9629889604775703
2009-11-20,1.2955968964761988,1.8520994560932058,1.5738481762847023
2009-12-07,1.43054278947364,1.3221994736660936,1.3763711315698668
2009-12-08,2.723217842105267,1.3549975263170584,2.039107684211163
2009-12-09,2.5017491999942765,1.4472029993393871,1.9744760996668318
2009-12-10,2.4499603000039514,1.3230072334810403,1.8864837667424958
2009-12-11,1.8611295454544645,1.3353026044892267,1.5982160749718455
2009-12-14,0.8031096363636483,1.667573101541369,1.2353413689525086
2009-12-15,0.7835383000000278,1.520967691416457,1.1522529957082424
2009-12-16,0.8720596250000108,1.670538550328058,1.2712990876640344
2009-12-17,1.706026384615355,1.8545998666661017,1.7803131256407283
2009-12-18,2.2785106159073703,2.209563117649235,2.244036866778303
2010-01-04,0.929510536706021,1.422645638909438,1.1760780878077295
2010-01-05,0.7765075783966402,1.3971712502357796,1.08683941431621
2010-01-06,1.4947178285714002,1.3560755875974517,1.4253967080844259
2010-01-07,0.9709796738907304,1.6006356980149008,1.2858076859528156
2010-01-08,1.4872410882353173,1.3482699803900866,1.417755534312702
2010-01-11,1.7771411818181841,1.419378923004316,1.59826005241125
2010-01-12,1.2466918378068126,2.1540415042648866,1.7003666710358496
2010-01-13,2.0527669594974425,2.312151844341624,2.182459401919533
2010-01-14,2.482110103448253,2.2345815994736333,2.3583458514609434
2010-01-15,2.7770250454544736,2.5181932685336257,2.64760915699405
2010-02-08,0.6118266363636414,0.5685200909216033,0.5901733636426223
2010-02-09,0.7076315454545428,0.5492606368381909,0.6284460911463668
2010-02-10,0.5325534545454115,0.5956726498396409,0.5641130521925262
2010-02-11,0.5362464545454789,0.5399093796836811,0.53807791711458
2010-02-12,0.5564518181817868,0.6394241372601385,0.5979379777209626
2010-02-16,0.4651704545323737,0.9565445284092983,0.710857491470836
2010-02-17,1.0592167272727058,0.9871689257253596,1.0231928264990326
2010-02-18,1.2413707272726981,1.6875335454549647,1.4644521363638314
2010-02-19,1.2982416363631428,1.5609360910471188,1.4295888637051308
2010-03-08,0.5821847500408361,0.8421973652924872,0.7121910576666617
2010-03-09,0.5240310504133505,1.009293862743699,0.7666624565785247
2010-03-10,0.9852545000000283,0.9560299950494541,0.9706422475247412
2010-03-11,0.3838053158768821,1.121277549998286,0.7525414329375841
2010-03-12,1.1362188999999918,1.0464649553886454,1.0913419276943186
2010-03-15,1.0666703499999777,1.415514269313124,1.2410923096565507
2010-03-16,1.5389882105263026,1.7037779528648886,1.6213830816955956
2010-03-17,0.5374012002691411,1.8368660495346947,1.187133624901918
2010-03-18,1.2863051875101166,1.303226946671967,1.2947660670910417
2010-03-19,2.0038270588234592,2.4437672631860705,2.223797161004765
2010-04-05,0.6334896363636227,0.5843900978551806,0.6089398671094016
2010-04-06,0.6672305454545302,0.6123771817623354,0.6398038636084328
2010-04-07,0.4143435476526228,0.637561437196046,0.5259524924243344
2010-04-08,0.26236060292003527,0.6096072751353588,0.43598393902769705
2010-04-09,0.8777199090909137,0.6464305082847907,0.7620752086878522
2010-04-12,0.9901487272727457,0.9280039999895184,0.9590763636311321
2010-04-13,1.000699818181789,0.8761001817185368,0.9383999999501629
2010-04-14,0.2058858181817622,1.1328704473750013,0.6693781327783818
2010-04-15,1.359555363636353,1.3656887056303093,1.3626220346333313
2010-04-16,2.1040136244950762,1.8607529095348079,1.9823832670149422
2010-05-10,0.5475355454544816,0.5657358144181964,0.556635679936339
2010-05-11,0.5916942727272212,0.5765801768126189,0.58413722476992
2010-05-12,0.4715580909091179,0.5633332394832293,0.5174456651961736
2010-05-13,0.6412541818181487,0.451274398510459,0.5462642901643039
2010-05-14,0.5812735454545502,0.49039837923091095,0.5358359623427306
2010-05-17,0.706932545454538,0.8291989090920485,0.7680657272732933
2010-05-18,0.8878195454545796,0.7659531394897957,0.8268863424721877
2010-05-19,0.9988898181818676,0.98161609460003,0.9902529563909488
2010-05-20,1.392449454545423,0.5482503780957569,0.97034991632059
2010-05-21,1.597314181818212,1.297695340516415,1.4475047611673135
2010-06-07,1.0380712105263137,0.8768703235227221,0.9574707670245179
2010-06-08,1.088454578947779,0.9706004207702807,1.02952749985903
2010-06-09,0.6547420522004097,0.9818387267886379,0.8182903894945238
2010-06-10,1.1680877368420952,1.1522528677804669,1.160170302311281
2010-06-11,1.162715631578951,0.9640535970453471,1.063384614312149
2010-06-14,1.0901234736761953,1.2511865857359723,1.1706550297060838
2010-06-15,1.4799951579008763,1.1206796061389561,1.3003373820199162
2010-06-16,1.436037157857307,1.7459459473679988,1.5909915526126528
2010-06-17,1.953728117647068,2.012947092155013,1.9833376049010405
2010-06-18,2.210430688333119,2.032570629770167,2.1215006590516428
2010-06-25,0.6739224000000343,0.551676558499423,0.6127994792497287
2010-06-28,0.8102361999999934,0.9347483432700356,0.8724922716350145
2010-06-29,0.7224071000001674,1.0598131999872922,0.8911101499937297
2010-06-30,1.2285092999999863,1.2543565992785952,1.2414329496392909
2010-07-01,1.2709143499999407,1.0331857459374931,1.152050047968717
2010-07-02,0.7704566999999832,0.39952233641905305,0.5849895182095182
2010-07-06,0.8767509999999716,0.7907943550277426,0.8337726775138572
2010-07-07,0.7558555238095005,0.5997424714962633,0.6777989976528819
2010-07-08,1.1191923809523658,1.1979740421306786,1.1585832115415222
2010-07-09,0.6132130909090862,0.6293539129074394,0.6212835019082628
2010-07-12,0.6914636363637484,0.7994900910053986,0.7454768636845734
2010-07-13,0.9233996363636411,1.0121889830190056,0.9677943096913233
2010-07-14,0.7777169999999972,1.0756725527793367,0.9266947763896669
2010-07-15,0.8091670909091206,0.8426446126388681,0.8259058517739943
2010-07-16,1.4609047272727211,1.1276556467900665,1.2942801870313938
2010-07-19,0.9803143636363759,1.0367284546328586,1.0085214091346173
2010-07-20,0.6761844764054654,1.1379342887485207,0.907059382576993
2010-07-21,0.8080755455870857,1.3894555278045204,1.0987655366958031
2010-07-22,0.8788677727138032,1.0159067949198963,0.9473872838168498
2010-07-23,0.631020522529164,0.654875365958579,0.6429479442438715
2010-07-26,0.7904275454543744,1.1037338181817224,0.9470806818180484
2010-07-27,1.2479735454545446,1.087968090909446,1.1679708181819954
2010-07-28,1.1749128181818647,1.7185373291876396,1.4467250736847521
2010-07-29,1.2715944285714595,1.2345578515909381,1.2530761400811987
2010-07-30,0.6284984942105606,0.6896247867822886,0.6590616404964246
2010-08-02,0.7137023636314794,1.0250497420279023,0.8693760528296909
2010-08-03,1.0483689090908657,1.3684117061968992,1.2083903076438824
2010-08-04,0.97144799999997,1.129516636363531,1.0504823181817504
2010-08-05,1.3841802272726937,1.250284664885484,1.317232446079089
2010-08-06,0.6116807272727128,0.7111465454537492,0.661413636363231
2010-08-09,0.727540500000028,0.6407115904238535,0.6841260452119408
2010-08-10,0.8520074090909658,0.8009795313365188,0.8264934702137423
2010-08-11,0.9422447272727056,0.7938693288839517,0.8680570280783286
2010-08-12,1.1912548636363443,0.8643638588387952,1.0278093612375696
2010-08-13,0.6593465454545492,0.4056065981460618,0.5324765718003055
2010-08-16,0.7709091818182133,0.73155987753238,0.7512345296752967
2010-08-17,0.8113394545454665,0.8793383371494923,0.8453388958474795
2010-08-18,0.8783817272727146,0.8853838333562006,0.8818827803144575
2010-08-19,1.0694718636363656,0.6779577319589936,0.8737147977976796
2010-08-20,1.1399107907418395,1.1521473758000818,1.1460290832709608
2010-08-23,0.9706267272727653,0.6082587272733625,0.789442727273064
2010-08-24,1.125983181818098,1.1784915999502725,1.1522373908841854
2010-08-25,1.0878318181817832,1.209570248655347,1.1487010334185652
2010-08-26,1.3435050454545314,1.2700073931849192,1.3067562193197253
2010-08-27,0.5841693636363557,0.8590925515028893,0.7216309575696225
2010-08-30,1.1641130000000044,1.305183090906876,1.23464804545344
2010-08-31,0.6980100909906409,1.0980488683085723,0.8980294796496067
2010-09-01,0.753710831126686,1.4096006363742657,1.081655733750476
2010-09-02,1.645304183316373,1.4078249456743344,1.5265645644953536
2010-09-03,0.7692571818181713,0.8292020909094281,0.7992296363637996
2010-09-07,1.2481043214285623,0.932042580911895,1.0900734511702286
2010-09-08,0.597942285684411,1.1104140861114629,0.8541781858979369
2010-09-09,1.6206241111111215,1.3159426472107014,1.4682833791609116
2010-09-10,0.6138853247365419,0.8286411257142868,0.7212632252254143
2010-09-13,1.4094358823529642,1.313060750025146,1.3612483161890552
2010-09-14,1.6136321874999655,1.4305384705890514,1.5220853290445084
2010-09-15,0.9345775248126857,1.6832207060986186,1.3088991154556522
2010-09-16,1.189951977302913,1.2471623686570155,1.2185571729799642
2010-09-17,1.329674826833598,1.3534411400107738,1.3415579834221858
2010-09-20,0.6651633636373222,1.1515558002496527,0.9083595819434874
2010-09-21,1.4689350909090886,1.5222948181834182,1.4956149545462534
2010-09-22,1.428564545454545,1.4920888966999308,1.460326721077238
2010-09-23,1.4235640952380624,1.018785156048412,1.2211746256432372
2010-09-24,0.6477040915252977,0.7732088856469944,0.7104564885861461
2010-09-27,1.0652121818181504,0.795829888748215,0.9305210352831828
2010-09-28,1.0687688181818236,1.053226363805692,1.060997590993758
2010-09-29,0.5572330000000104,1.353516766772422,0.9553748833862161
2010-09-30,1.371929086956509,1.1933150999969568,1.282622093476733
2010-10-01,0.7730031538461226,0.8638734619723909,0.8184383079092568
2010-10-04,0.8797478214285428,1.0615336334775411,0.970640727453042
2010-10-05,0.8010702648300081,1.0859832854103324,0.9435267751201702
2010-10-06,1.0699671428571007,0.9217003230985307,0.9958337329778157
2010-10-07,1.3451240714285577,1.1090870895901876,1.2271055805093727
2010-10-08,0.6121612666672197,0.8335857155802607,0.7228734911237402
2010-10-11,1.0757603999999685,0.7900718000034436,0.9329161000017061
2010-10-12,1.161778266666663,1.0100132664637431,1.0858957665652031
2010-10-13,1.6495175333332988,1.4354276691459638,1.5424726012396313
2010-10-14,1.1543129628542625,1.2185593712766791,1.1864361670654708
2010-10-15,1.3888249203430219,1.099762237195901,1.2442935787694616
2010-10-18,0.544273593608234,1.061896749910012,0.803085171759123
2010-10-19,1.3100392500000488,0.7245600551753615,1.0172996525877052
2010-10-20,1.1935716666666778,1.7919320005693642,1.492751833618021
2010-10-21,1.7346434583333326,0.9278334877371673,1.33123847303525
2010-10-22,0.8737185000000164,0.8152551666657315,0.8444868333328739
2010-10-25,1.1697090833332913,0.9605124838719874,1.0651107836026394
2010-10-26,1.1155625833333114,1.1530154999785711,1.1342890416559412
2010-10-27,1.09623258338053,1.585995408287756,1.3411139958341431
2010-10-28,1.4648443636363544,1.3831049054837812,1.423974634560068
2010-10-29,0.723233272727303,0.8322484137193349,0.7777408432233189
2010-11-01,0.8020448181740286,0.8304457284660637,0.8162452733200461
2010-11-02,0.9263679090908852,1.3168405646884838,1.1216042368896844
2010-11-03,1.150707000000098,1.4890018181744031,1.3198544090872506
2010-11-04,1.7259765000000582,1.5918952113404812,1.6589358556702698
2010-11-05,0.8141606153846871,1.072559023674509,0.943359819529598
2010-11-08,0.6108058706821172,0.7912213487088778,0.7010136096954975
2010-11-09,1.1613349999938622,1.1446061481879728,1.1529705740909175
2010-11-10,1.2124617857142328,1.2690117659618385,1.2407367758380357
2010-11-11,1.3810220740740766,1.5545199074096694,1.467770990741873
2010-11-12,0.8959555333333313,0.4647086589023648,0.6803320961178481
2010-11-15,1.1615810000000026,0.6831433039181435,0.922362151959073
2010-11-16,1.1097083999999926,1.2035065333335575,1.1566074666667752
2010-11-17,1.4095722000000233,1.138454761098063,1.2740134805490433
2010-11-18,1.0050636923076959,1.266861425196539,1.1359625587521176
2010-11-19,1.2180964756287767,1.720255148681352,1.4691758121550644
2010-11-22,0.8987291818182205,1.1205949998974751,1.0096620908578477
2010-11-23,1.298737090909106,1.5850705948039197,1.441903842856513
2010-11-24,1.2370513439895883,1.3753365477978252,1.3061939458937069
2010-11-26,1.0252495454545456,0.9529800000212298,0.9891147727378877
2010-11-29,0.7483764545451671,0.7696011822474418,0.7589888183963045
2010-11-30,1.238879818181836,0.6324713628819363,0.9356755905318861
2010-12-01,0.9208968181818094,1.1164762676233833,1.0186865429025964
2010-12-02,1.2324879090909222,1.207404504488284,1.219946206789603
2010-12-03,0.9544761818182006,0.8401770892865926,0.8973266355523966
2010-12-06,0.6869214186290913,0.7699023702396767,0.728411894434384
2010-12-07,1.099261387103387,0.9421925658689181,1.0207269764861526
2010-12-08,0.6948617419354334,1.0248993920961598,0.8598805670157965
2010-12-09,1.1686895718319295,1.5293833068339646,1.349036439332947
2010-12-10,0.7927107178823452,0.9274279500011625,0.8600693339417538
2010-12-13,1.5899980000000036,1.7500951000035543,1.670046550001779
2010-12-14,1.9320603333333461,1.8285694994561552,1.8803149163947506
2010-12-15,1.8968596470588068,1.6759541578947317,1.7864069024767693
2010-12-16,1.4696790034523393,1.5248135535732585,1.497246278512799
2010-12-17,1.889587694211747,1.7147812257263364,1.8021844599690418
2010-12-20,1.1179984166666432,0.7415378025279692,0.9297681095973063
2010-12-21,0.6395777500337376,1.2943398995260755,0.9669588247799066
2010-12-22,1.3872449999994274,2.2980689166915504,1.842656958345489
2010-12-23,0.945828249999948,0.8372481666668975,0.8915382083334227
2010-12-27,1.2760606666666667,1.1272867921939598,1.2016737294303133
2010-12-28,1.169493916666654,1.212316332887715,1.1909051247771845
2010-12-29,1.6621992500000273,1.0741745454507352,1.3681868977253813
2010-12-30,1.4133518333315225,1.155056061160814,1.2842039472461684
2010-12-31,0.49798699999998436,0.569873000002394,0.5339300000011892
2011-01-03,0.6444375833302701,0.9553023332421114,0.7998699582861908
2011-01-04,0.7577925833334406,1.0132658334879665,0.8855292084107036
2011-01-05,0.8599587500000153,1.2479050833333523,1.0539319166666838
2011-01-06,1.1367606250000146,1.0187514616792632,1.077756043339639
2011-01-07,0.6826011428571418,0.7388383852458774,0.7107197640515096
2011-01-10,0.9963168935983172,1.0875750840354441,1.0419459888168807
2011-01-11,1.210735131578948,1.5627929126766569,1.3867640221278026
2011-01-12,0.9124399198874911,1.3904117872038089,1.1514258535456499
2011-01-13,1.1963424266406988,1.5184622439372502,1.3574023352889744
2011-01-14,1.0685309677027777,1.3997563779537312,1.2341436728282544
2011-01-18,1.7839146299382607,1.5391641796617652,1.661539404800013
2011-01-19,1.6111901818768795,1.8294413761403558,1.7203157790086177
2011-01-20,0.8197467811171185,2.0692085499217425,1.4444776655194305
2011-01-21,1.2078573967067412,1.468864206338218,1.3383608015224797
2011-01-24,0.8156410833332829,0.8548252358953397,0.8352331596143112
2011-01-25,0.7767893333332782,0.9807414146894661,0.8787653740113721
2011-01-26,1.4697564166667112,0.9495241556447773,1.2096402861557443
2011-01-27,1.2284222746564488,1.0797913181819723,1.1541067964192107
2011-01-28,1.0789263333333123,0.6127747580718819,0.8458505457025971
2011-01-31,0.7763999166666383,1.014098507549795,0.8952492121082167
2011-02-01,0.8078263333331602,1.0340034108490102,0.9209148720910851
2011-02-02,1.6097354166666644,1.0267235987463732,1.3182295077065187
2011-02-03,1.1723012083333344,1.2686710487947699,1.220486128564052
2011-02-04,0.6881540833332668,0.7025587504299429,0.6953564168816049
2011-02-07,0.8914485999999755,0.7834600912583644,0.8374543456291699
2011-02-08,0.8881675200040499,0.9914623361272967,0.9398149280656733
2011-02-09,0.847959359922209,1.1191802273838158,0.9835697936530124
2011-02-10,1.401928469284373,1.449926566056176,1.4259275176702744
2011-02-11,0.6621061982413796,0.8456211054629574,0.7538636518521685
2011-02-14,1.0002380506969648,1.0133960769164014,1.0068170638066831
2011-02-15,1.4874859999999581,1.2249177116882881,1.3562018558441231
2011-02-16,0.35018196003282337,1.3562669252416126,0.853224442637218
2011-02-17,1.08686262960705,1.3678465358349654,1.2273545827210077
2011-02-18,0.5877154374999989,1.1981475032677702,0.8929314703838845
2011-02-22,1.578833499999991,1.2547897755236497,1.4168116377618203
2011-02-23,1.4687959285714807,1.7131841459494337,1.590990037260457
2011-02-24,1.1552071032270754,1.406634333114973,1.2809207181710243
2011-02-25,0.7352260000030008,0.8132128666686124,0.7742194333358066
2011-02-28,1.3497202000000168,1.222545864145764,1.2861330320728905
2011-03-01,1.6675855999999927,1.071132112343529,1.3693588561717607
2011-03-02,1.7284315999999762,1.4529630282789523,1.5906973141394642
2011-03-03,0.9186381538461758,1.3365065824982225,1.1275723681721992
2011-03-04,0.7934245333333332,0.8417109340344157,0.8175677336838745
2011-03-07,1.2806834117647268,1.2522253374251482,1.2664543745949375
2011-03-08,0.8372920544584049,1.2322393838864674,1.0347657191724362
2011-03-09,0.9838186985032855,1.3280687433787226,1.155943720941004
2011-03-10,1.435363363635831,1.9351652644830106,1.6852643140594208
2011-03-11,0.7234334999999995,1.7321394736871236,1.2277864868435615
2011-03-14,0.8380960666776274,1.8428937356911528,1.34049490118439
2011-03-15,0.7285252567073167,1.7045529562068844,1.2165391064571005
2011-03-16,1.2512565629654218,2.1700154444411717,1.7106360037032968
2011-03-17,1.0304569117192859,1.2944720945139734,1.1624645031166296
2011-03-18,0.8350238330927415,1.4770018439073207,1.1560128385000312
2011-03-21,1.3168014666666632,0.9816796735479973,1.1492405701073303
2011-03-22,1.4807289333333116,1.3431279611704499,1.4119284472518807
2011-03-23,1.2598711333333494,1.4742472666666453,1.3670591999999973
2011-03-24,1.6644309999999867,1.5921964131154418,1.6283137065577142
2011-03-25,0.6440964545454909,0.47253378600365414,0.5583151202745725
2011-03-28,0.9261410909090801,1.1800940000000077,1.053117545454544
2011-03-29,0.8347523636363281,1.134964907693537,0.9848586356649326
2011-03-30,1.0930484545454795,1.0450346455999102,1.0690415500726949
2011-03-31,1.3940564583333124,1.172804229738367,1.2834303440358397
2011-04-01,0.8557706923076359,0.7469663636280229,0.8013685279678294
2011-04-04,0.7174429886256646,1.1996914583071447,0.9585672234664047
2011-04-05,1.074990795454526,1.2787954873399572,1.1768931413972417
2011-04-06,0.8115398945634801,1.4372958612769076,1.1244178779201939
2011-04-07,1.45512451282052,1.4540507713291406,1.4545876420748303
2011-04-08,1.494582633333324,1.7282513331542508,1.6114169832437875
2011-04-11,1.655094178571437,1.8217832207096172,1.7384386996405272
2011-04-12,1.225334000740836,1.8085240943050296,1.516929047522933
2011-04-13,1.8996272890492714,1.48887528442111,1.6942512867351907
2011-04-14,1.592503985561368,1.9033990298410821,1.747951507701225
2011-04-15,1.7694981578903775,1.862440800331422,1.8159694791108998
2011-04-18,1.274970499999949,1.8730829374645028,1.5740267187322259
2011-04-19,1.5062074999999653,1.6661719166762883,1.586189708338127
2011-04-20,1.965735799999997,1.491914769224586,1.7288252846122916
2011-04-21,0.6477035882341239,0.6861324821184999,0.6669180351763119
2011-04-25,1.3154088235294144,1.1563981176467895,1.2359034705881018
2011-04-26,1.2044131766738324,1.6527280000047053,1.428570588339269
2011-04-27,1.5229102352940527,1.7959040000000592,1.659407117647056
2011-04-28,1.246497323529332,1.7993007790252915,1.5228990512773117
2011-04-29,0.8039894999999927,1.3055200546209358,1.0547547773104642
2011-05-02,1.4142024444444616,1.8353349999999966,1.6247687222222291
2011-05-03,1.812476166666762,1.403939760844408,1.6082079637555848
2011-05-04,1.809453823529394,1.4845453486748443,1.6469995861021192
2011-05-05,1.594759548387071,1.3481691200006978,1.4714643341938842
2011-05-06,1.1207488124999778,1.5568186000002895,1.3387837062501338
2011-05-09,0.911252456517971,1.4754018871590793,1.1933271718385252
2011-05-10,0.7772344416955355,1.4633807042037024,1.1203075729496188
2011-05-11,1.2563419934697944,2.1180971982371437,1.687219595853469
2011-05-12,0.9945484834980968,2.1059658636542564,1.5502571735761765
2011-05-13,1.3426447241379096,1.9337311074398076,1.6381879157888586
2011-05-16,1.3863602118993699,1.7705406882730441,1.578450450086207
2011-05-17,1.24833151897227,2.062712776652157,1.6555221478122135
2011-05-18,1.4615543102179243,2.119039610746699,1.7902969604823116
2011-05-19,1.5473633021174609,1.568199662748648,1.5577814824330545
2011-05-20,2.048158378819989,1.5777328059238014,1.8129455923718951
2011-05-23,1.3188415294117615,0.5958098030926946,0.957325666252228
2011-05-24,1.402186882352896,1.0360060186421178,1.2190964504975068
2011-05-25,1.46166788235297,1.9897500660820195,1.7257089742174947
2011-05-26,1.7578455454626831,1.8799045951445115,1.8188750703035974
2011-05-27,0.8367690000000153,0.8519703848396114,0.8443696924198134
2011-05-31,1.352796812499953,1.5411799903048737,1.4469884014024132
2011-06-01,1.876668599999988,1.496868749993445,1.6867686749967166
2011-06-02,1.2934981166340493,1.3971873125587169,1.345342714596383
2011-06-03,1.135448749999985,0.8585731156915563,0.9970109328457706
2011-06-06,1.1160095000000174,1.2782564044916147,1.197132952245816
2011-06-07,1.2215052812500142,1.4594752899691084,1.3404902856095613
2011-06-08,1.2169557742077968,1.4261823386565935,1.3215690564321951
2011-06-09,1.4525069000000164,1.4061447810562044,1.4293258405281104
2011-06-10,0.7018601874978685,0.8708095911090821,0.7863348893034753
2011-06-13,1.0187840624999653,1.1932473277649545,1.1060156951324598
2011-06-14,1.459821312499976,1.2992138393683954,1.3795175759341856
2011-06-15,1.5749456249999965,1.3204727500002378,1.4477091875001171
2011-06-16,1.416200062500004,1.4223403852680963,1.41927022388405
2011-06-17,1.340834466666622,1.2411062068585348,1.2909703367625784
2011-06-20,1.4005391875000401,1.1937675677662545,1.2971533776331472
2011-06-21,1.4029177500000005,1.400557687508365,1.4017377187541826
2011-06-22,1.8272280714286044,1.7770161874149095,1.802122129421757
2011-06-23,1.2341051481481273,1.6791443595727775,1.4566247538604524
2011-06-24,0.9382272499999003,0.562731574191846,0.7504794120958731
2011-06-27,1.1259311875000098,1.2825602500003512,1.2042457187501805
2011-06-28,1.4858068749999906,1.5249456666670906,1.5053762708335405
2011-06-29,1.388138625004667,1.9522124374967988,1.670175531250733
2011-06-30,1.510526157296952,1.6086804532987533,1.5596033052978526
2011-07-01,0.5245620625000229,1.041529749974369,0.7830459062371959
2011-07-05,1.1722634347825862,1.7797967780354598,1.476030106409023
2011-07-06,1.0490159107098833,1.6683723550863385,1.358694132898111
2011-07-07,1.1295785374512612,1.7469800762146699,1.4382793068329656
2011-07-08,0.7980033530722325,1.5930756435427538,1.1955394983074932
2011-07-11,1.6703395539305816,1.9867084679923084,1.828524010961445
2011-07-12,1.8485614448107617,1.8077458855926434,1.8281536652017025
2011-07-13,1.9278698480891445,1.5201946928993288,1.7240322704942366
2011-07-14,1.4651787045454505,1.6971092160295704,1.5811439602875104
2011-07-15,1.7345257317073146,1.8928189668303455,1.81367234926883
2011-07-18,1.7869554374999903,1.2388319552677822,1.5128936963838862
2011-07-19,1.2419459375009978,1.5407692499980084,1.391357593749503
2011-07-20,1.6945265624999999,1.8928839747670685,1.7937052686335342
2011-07-21,1.7895151525901225,1.6988619023552805,1.7441885274727014
2011-07-22,0.9693810000000272,0.5160935718831665,0.7427372859415968
2011-07-25,1.2415131250001885,1.226243228226,1.2338781766130942
2011-07-26,1.4093627500000272,0.8806495432670025,1.1450061466335149
2011-07-27,2.008953733333301,2.0088402499979243,2.0088969916656128
2011-07-28,1.5464281935246438,1.2978347279078821,1.422131460716263
2011-07-29,1.0514547058822994,1.1143224995178391,1.0828886027000693
2011-08-01,1.742442823529367,1.22332018279396,1.4828815031616633
2011-08-02,1.9331321764705984,1.375934705805816,1.654533441138207
2011-08-03,2.0976432941176,2.299945500112725,2.1987943971151624
2011-08-04,2.096024499999999,1.8775825391450434,1.986803519572521
2011-08-05,1.476396352941149,1.4873905298848122,1.4818934414129807
2011-08-08,1.6690897441860486,1.8247070304010031,1.746898387293526
2011-08-09,1.0731723582303276,2.266463707316517,1.6698180327734222
2011-08-10,1.7333155581395674,1.8050097503838076,1.7691626542616876
2011-08-11,2.018230642857133,3.1051994351753818,2.5617150390162573
2011-08-12,1.6636374615384473,1.259037640596263,1.4613375510673552
2011-08-15,1.3437985838260091,2.2291223084179794,1.7864604461219944
2011-08-16,1.8343906296296608,1.7719432400049797,1.8031669348173203
2011-08-17,2.177803407407392,1.5253414905175684,1.8515724489624803
2011-08-18,1.6848020315559729,2.214657048206905,1.949729539881439
2011-08-19,1.5120869575336473,2.0235432445893036,1.7678151010614753
2011-08-22,1.7305971666666526,1.646338417102587,1.6884677918846198
2011-08-23,1.8184162222222315,2.64811723566023,2.233266728941231
2011-08-24,2.4455081176470577,2.750535837869376,2.5980219777582167
2011-08-25,1.8215630606060451,1.8367338301065734,1.8291484453563092
2011-08-26,1.2079685555555708,1.422505333209753,1.315236944382662
2011-08-29,1.2470986200758571,1.8141217941597816,1.5306102071178194
2011-08-30,1.694811166666578,1.801172111209596,1.747991638938087
2011-08-31,2.3581182777778036,2.1113874705745825,2.234752874176193
2011-09-01,1.9216298387095987,1.489999187193496,1.7058145129515474
2011-09-02,1.5538250555555575,2.189727277773582,1.8717761666645698
2011-09-06,1.2171458571344056,1.9673106007513472,1.5922282289428764
2011-09-07,1.3435003142858595,1.7127623300761976,1.5281313221810287
2011-09-08,1.7109512058691176,1.8498327074426373,1.7803919566558775
2011-09-09,1.1186521764705901,1.5043274117646448,1.3114897941176173
2011-09-12,1.1932242352941154,1.3303768352739358,1.2618005352840256
2011-09-13,1.2432472941176478,1.1405763795156831,1.1919118368166655
2011-09-14,1.7647903529411924,1.32995158794801,1.547370970444601
2011-09-15,1.1586964857142033,1.5512592310084494,1.3549778583613263
2011-09-16,1.2811296379310493,1.835372515646962,1.5582510767890057
2011-09-19,1.6436262941176576,1.2463745995009456,1.4450004468093016
2011-09-20,1.871132312500032,1.4808808595922571,1.6760065860461446
2011-09-21,2.2710039333333483,1.2597221616329826,1.7653630474831654
2011-09-22,1.6728643567384838,1.4381612256276464,1.555512791183065
2011-09-23,1.019294470383356,1.7099966110819262,1.3646455407326412
2011-09-26,1.5846938888889266,2.4732165554993197,2.0289552221941234
2011-09-27,2.111798333333305,1.053422044053355,1.58261018869333
2011-09-28,2.3038035333333706,1.2560425594096105,1.7799230463714906
2011-09-29,1.5092378174583503,1.8257843173062172,1.6675110673822837
2011-09-30,1.7141445555555994,2.1422134444683745,1.928179000011987
2011-10-03,1.992539529411767,1.2145578109855149,1.603548670198641
2011-10-04,2.0178026111111125,2.0291997999986,2.0235012055548562
2011-10-05,2.2937122222222808,2.0839876401145823,2.1888499311684315
2011-10-06,1.7713881874999675,2.204342154165274,1.9878651708326207
2011-10-07,1.4965435555555695,1.108820032367838,1.3026817939617037
2011-10-10,0.9778842131327625,1.669946976119255,1.3239155946260088
2011-10-11,1.1747026936517198,1.704537488618062,1.4396200911348909
2011-10-12,1.6107961162790474,2.7966402115979783,2.203718163938513
2011-10-13,1.58226941869623,2.192876307667564,1.887572863181897
2011-10-14,1.2606206400000313,1.293434950279631,1.2770277951398312
2011-10-17,1.5941885592771032,1.405644304093048,1.4999164316850755
2011-10-18,1.6707748686359927,1.8140393686293657,1.7424071186326793
2011-10-19,1.8189269374998087,1.9064401911241016,1.862683564311955
2011-10-20,1.535712726545276,1.346129729113164,1.4409212278292198
2011-10-21,1.8078616750149166,1.830178857524487,1.819020266269702
2011-10-24,0.9971820415639714,1.6601261757223487,1.32865410864316
2011-10-25,1.5561293749999936,1.5883564955784963,1.5722429352892449
2011-10-26,1.6914765882353757,1.8091146216113123,1.750295604923344
2011-10-27,1.6489573528125228,1.6887502332883062,1.6688537930504146
2011-10-28,1.1986751764695636,1.2910919619053163,1.24488356918744
2011-10-31,1.5746119411764674,1.3056498518826043,1.4401308965295359
2011-11-01,1.9370252666666568,1.424848966837456,1.6809371167520564
2011-11-02,1.904490294117726,1.847684387564632,1.876087340841179
2011-11-03,1.325327081961115,1.4822435836279373,1.4037853327945262
2011-11-04,0.9863126476996081,1.2090717646816187,1.0976922061906134
2011-11-07,0.8834981443171017,1.489460687067864,1.186479415692483
2011-11-08,1.1288676148096513,2.044403634147,1.5866356244783257
2011-11-09,1.639595700210478,2.422250613617164,2.030923156913821
2011-11-10,1.8730985124929458,2.167756609247757,2.0204275608703512
2011-11-11,0.9127929565209988,1.451731256948952,1.1822621067349754
2011-11-14,1.5356406308681863,1.6063746955790819,1.571007663223634
2011-11-15,1.7230290454544963,1.7906841069772037,1.7568565762158501
2011-11-16,1.5703448695665387,2.041834718759845,1.806089794163192
2011-11-17,1.9260214634075443,2.437229370863971,2.1816254171357574
2011-11-18,1.7024388323388588,2.092336210801066,1.8973875215699625
2011-11-21,1.8858677777777366,0.9911868596243296,1.4385273187010332
2011-11-22,1.9041806842105433,1.469654713331666,1.6869176987711048
2011-11-23,1.5079638641174817,1.3911537967384093,1.4495588304279456
2011-11-25,1.3011990526314972,2.8484482499995076,2.0748236513155023
2011-11-28,1.525011349880883,1.4068169098814696,1.4659141298811762
2011-11-29,1.9151745499703925,1.135038866621037,1.5251067082957146
2011-11-30,2.1228714490973433,2.0023773122996675,2.062624380698505
2011-12-01,1.7153916389611896,2.052455941177204,1.8839237900691967
2011-12-02,1.5479336111110873,1.6677870481051524,1.60786032960812
2011-12-05,1.0899084497498108,1.6853832248066942,1.3876458372782525
2011-12-06,1.3389173121679498,2.0863136256884336,1.7126154689281918
2011-12-07,1.690608745312671,2.1288368651183713,1.9097228052155213
2011-12-08,1.857954188458785,2.7558838768300298,2.3069190326444073
2011-12-09,1.5304466896551405,2.8808705316780565,2.2056586106665987
2011-12-12,1.5741095483808698,1.667788594951913,1.6209490716663915
2011-12-13,2.3637828121594655,1.9167822857446895,2.1402825489520776
2011-12-14,2.43311270574587,2.384142727148944,2.4086277164474073
2011-12-15,2.140602130728816,2.557441162603,2.349021646665908
2011-12-16,1.6808154749956468,1.6157760498583393,1.6482957624269932
2011-12-19,1.3660914444447325,1.4776595966839738,1.4218755205643532
2011-12-20,1.548211526316962,2.100090791299753,1.8241511588083577
2011-12-21,1.754400733333292,2.101666799262765,1.9280337662980287
2011-12-22,1.3266463447899195,1.6589028698488026,1.492774607319361
2011-12-23,0.8028880000000362,1.6626190398321725,1.2327535199161044
2011-12-27,1.8295797758186163,1.121395631196913,1.4754877035077647
2011-12-28,1.9611382499999959,1.4181333333258523,1.689635791662924
2011-12-29,1.4923062133578457,1.6439974912933926,1.5681518523256193
2011-12-30,1.1441945882929703,0.9035875907040101,1.0238910894984903
2012-01-03,1.472548529412558,1.4879634981061978,1.4802560137593779
2012-01-04,1.5754469999997476,1.5718873397300175,1.5736671698648825
2012-01-05,1.8160657941174625,1.8203608115211378,1.8182133028193002
2012-01-06,0.574881124999995,0.41089137506982626,0.4928862500349106
2012-01-09,0.897507805554314,1.2157395131070785,1.0566236593306964
2012-01-10,1.195279111111117,1.465416082759254,1.3303475969351855
2012-01-11,0.9475244864826203,1.2327204030347758,1.0901224447586981
2012-01-12,0.991128162162157,1.6004853192591735,1.2958067407106653
2012-01-13,1.0863559230769293,1.7017692564374562,1.3940625897571928
2012-01-17,1.5302418386720114,1.7966774074077623,1.6634596230398868
2012-01-18,1.8636212758623871,2.072511958405393,1.96806661713389
2012-01-19,1.2304995712414806,1.299085716452838,1.2647926438471593
2012-01-20,2.018937060604421,2.3772550838505238,2.1980960722274725
2012-01-23,0.8170690000000205,1.1784437999999091,0.9977563999999648
2012-01-24,0.8524327909078222,0.9491658819564099,0.9007993364321161
2012-01-25,1.0061428999999829,1.616369000000035,1.311255950000009
2012-01-26,1.3225600287193675,1.0960523170845136,1.2093061729019405
2012-01-27,0.7410514000000001,0.5888136672094326,0.6649325336047164
2012-01-30,1.0889522999999437,0.8857260942824017,0.9873391971411727
2012-01-31,0.8923823000000054,1.1794410000011413,1.0359116500005734
2012-02-01,1.5194637999999936,1.018518225899187,1.2689910129495903
2012-02-02,0.9966591999999993,0.8476990323594099,0.9221791161797046
2012-02-03,0.6334620000000086,0.6377092994087988,0.6355856497044037
2012-02-06,0.7696745757575988,1.093944935787955,0.9318097557727769
2012-02-07,0.781472000010479,1.6084230563665514,1.1949475281885151
2012-02-08,0.7255583519647157,1.6718325711839854,1.1986954615743506
2012-02-09,1.2483239228528529,2.141433233662194,1.6948785782575235
2012-02-10,0.8751841558750432,1.3562014218886198,1.1156927888818315
2012-02-13,1.2939271600004492,1.500389335182046,1.3971582475912476
2012-02-14,1.3413167707324718,1.7915935213706076,1.5664551460515397
2012-02-15,1.959768999999933,1.7661153679562374,1.862942183978085
2012-02-16,1.6516357879119943,1.5339080956478877,1.592771941779941
2012-02-17,1.9232254112910714,1.838858613069809,1.88104201218044
2012-02-21,0.4947327775937812,0.621215262286903,0.5579740199403421
2012-02-22,0.7037228888888697,1.0961039272956752,0.8999134080922724
2012-02-23,1.0932084000000364,0.7169746462714367,0.9050915231357366
2012-02-24,0.804876272727266,0.6011362729466622,0.7030062728369642
2012-02-27,0.8463184545454532,0.5559987272732895,0.7011585909093714
2012-02-28,0.5190302715755629,0.9819992887413416,0.7505147801584522
2012-02-29,1.4368417272727168,1.1404021033073173,1.2886219152900171
2012-03-01,0.9511217500004079,0.7357126842115507,0.8434172171059793
2012-03-02,0.5269289999999986,0.25352055554721187,0.39022477777360526
2012-03-05,0.6380867272725935,1.185957484832419,0.9120221060525062
2012-03-06,1.1327661351351535,1.3494210466752834,1.2410935909052183
2012-03-07,0.8250918789520169,1.3241232738200774,1.0746075763860472
2012-03-08,1.1721281791186677,1.5025929965006242,1.337360587809646
2012-03-09,1.0950067857142867,1.3581541567100266,1.2265804712121566
2012-03-12,1.3715211000570506,1.7477431252927649,1.5596321126749078
2012-03-13,1.4265486445546538,1.912790845089136,1.669669744821895
2012-03-14,1.9240373710773757,2.106658573958716,2.015347972518046
2012-03-15,1.4176469478608829,1.788533646621817,1.6030902972413499
2012-03-16,1.6320160641347259,1.9430721837858074,1.7875441239602665
2012-03-19,1.5105788235294,1.1014466377918424,1.3060127306606213
2012-03-20,1.4670264242095739,1.5803145675661545,1.5236704958878642
2012-03-21,1.2816089257986831,1.5227018825472058,1.4021554041729445
2012-03-22,1.31159513333332,1.4208649346516036,1.3662300339924618
2012-03-23,0.9389062345840421,0.938731999981776,0.938819117282909
2012-03-26,0.7530364704153879,1.3357231595709318,1.0443798149931598
2012-03-27,1.4882703764475793,1.7018949284536897,1.5950826524506345
2012-03-28,1.115158471744851,1.7257842941709687,1.4204713829579099
2012-03-29,1.347407437499822,2.297627618700362,1.822517528100092
2012-03-30,0.8047286470587953,1.2954922281412096,1.0501104376000026
2012-04-02,0.7183236250021415,1.914207704994384,1.3162656649982627
2012-04-03,1.7141849166666294,2.0721995340608736,1.8931922253637516
2012-04-04,1.8362060000000016,1.4607584214076608,1.6484822107038313
2012-04-05,0.8526573529411946,0.9604074707160848,0.9065324118286398
2012-04-09,0.7709152752182943,1.4017729048475016,1.086344090032898
2012-04-10,1.0830876799097242,1.8777919143218198,1.4804397971157721
2012-04-11,1.0805373818612398,1.586958247869566,1.333747814865403
2012-04-12,1.263242977946941,1.7066688589412236,1.4849559184440824
2012-04-13,0.8379397858859974,1.4954826885240915,1.1667112372050443
2012-04-16,1.1358783214827475,2.372962695669142,1.7544205085759448
2012-04-17,1.2905706551724048,1.2993853639265425,1.2949780095494736
2012-04-18,1.6981915199999973,1.8884938843082055,1.7933427021541015
2012-04-19,1.4617542500035408,1.8258610628411769,1.643807656422359
2012-04-20,1.9346676944444452,1.6083593597956412,1.7715135271200433
2012-04-23,1.1017803846154142,1.0977843654534054,1.0997823750344098
2012-04-24,1.1739094615384436,1.3259190873068625,1.249914274422653
2012-04-25,1.2981639230769206,1.246366923076915,1.272265423076918
2012-04-26,1.442265272754286,1.2097906446384785,1.3260279586963821
2012-04-27,0.8558680000000102,0.6492678368941087,0.7525679184470595
2012-04-30,0.8306531030374212,1.7098552680111008,1.270254185524261
2012-05-01,2.260429124999941,1.121052584600553,1.690740854800247
2012-05-02,2.1553113750000326,1.8740114110082184,2.0146613930041255
2012-05-03,1.3926519677419222,1.3986616680835948,1.3956568179127586
2012-05-04,1.0003812352952879,1.0819677126593936,1.0411744739773408
2012-05-07,0.9428402030923186,1.4625860087774456,1.2027131059348821
2012-05-08,1.046347243902436,2.2169414130435574,1.6316443284729967
2012-05-09,1.4557195864439136,2.509514868721829,1.9826172275828713
2012-05-10,1.276362189186863,2.3311046825179176,1.8037334358523904
2012-05-11,1.4968378214200204,1.5749301856785853,1.5358840035493029
2012-05-14,1.4389023213840901,1.8010161239047593,1.6199592226444248
2012-05-15,2.099621656755282,1.9524199923269565,2.0260208245411193
2012-05-16,1.7760275000000096,1.849360779614501,1.8126941398072554
2012-05-17,1.859358116188199,1.7623134347761202,1.8108357754821596
2012-05-18,1.8578379230769384,1.9213458170744613,1.8895918700756997
2012-05-21,1.0329697060174174,1.3628479307116665,1.1979088183645419
2012-05-22,2.143034374999982,1.6084695464341798,1.8757519607170807
2012-05-23,1.437515437499359,1.918500699927028,1.6780080687131935
2012-05-24,1.6323151212121492,1.4364229171665046,1.5343690191893269
2012-05-25,1.3889746470588342,1.149833045157042,1.269403846107938
2012-05-29,1.6441291764705896,1.8862678404013113,1.7651985084359505
2012-05-30,1.942219333333301,1.8353301764870595,1.8887747549101803
2012-05-31,1.199746838709692,1.6559588800100413,1.4278528593598665
2012-06-01,1.3895745294117536,1.183441489187563,1.2865080092996584
2012-06-04,1.12501402564191,1.8999120302598067,1.5124630279508584
2012-06-05,1.0910622530526919,2.114665390221119,1.6028638216369053
2012-06-06,0.883615390609144,1.8335711630545568,1.3585932768318503
2012-06-07,1.8642849473684273,1.8535621855816402,1.8589235664750339
2012-06-08,0.644991508415279,1.3720772209533316,1.0085343646843052
2012-06-11,1.5794441666666479,1.6139827470558061,1.596713456861227
2012-06-12,1.8738311990307879,1.8923820000000398,1.883106599515414
2012-06-13,1.4503324104116735,2.0636026501566684,1.756967530284171
2012-06-14,1.1973527179404806,1.7831254996752741,1.4902391088078772
2012-06-15,1.6583400500001413,1.895250413126822,1.7767952315634816
2012-06-18,1.7355390000000053,1.7842594382078767,1.759899219103941
2012-06-19,0.9813369411764401,1.6244526857934456,1.3028948134849427
2012-06-20,2.464021500000001,1.627536305214975,2.045778902607488
2012-06-21,1.4424783127366607,1.230667797097049,1.3365730549168549
2012-06-22,1.0335173529411767,1.6384928823308123,1.3360051176359944
2012-06-25,1.8424283529411671,1.2748254428608663,1.5586268979010167
2012-06-26,1.4234321176470595,1.2197582941178928,1.3215952058824763
2012-06-27,1.4596303547769587,1.9041140588236039,1.6818722068002812
2012-06-28,1.4463787356238371,1.4527038211674634,1.4495412783956503
2012-06-29,0.9965014117647021,1.4085319411872048,1.2025166764759534
2012-07-02,1.9419248112443714,1.4379517064320027,1.689938258838187
2012-07-03,1.3859747272724379,2.098542764622841,1.7422587459476395
2012-07-05,1.3550205483870943,1.6535709124764753,1.5042957304317848
2012-07-06,0.8234612941176752,1.2390816470992427,1.031271470608459
2012-07-09,1.0538410704069696,1.9058955543494727,1.4798683123782213
2012-07-10,1.4373846279069549,2.524466544210171,1.980925586058563
2012-07-11,1.3984576663684247,2.3777838803311067,1.8881207733497658
2012-07-12,1.7364318095239657,1.92131447186894,1.828873140696453
2012-07-13,0.8889223922302085,1.8538850417979305,1.3714037170140694
2012-07-16,1.4112663230628169,1.8096647820099547,1.6104655525363858
2012-07-17,1.2406047388426213,2.0061227272735422,1.6233637330580817
2012-07-18,1.7067884074083872,2.3050354659828,2.0059119366955938
2012-07-19,1.7718020455818768,1.7897602700815245,1.7807811578317008
2012-07-20,1.7773768241479464,1.4329638321953517,1.6051703281716492
2012-07-23,1.0498502941343142,1.3095938235352134,1.1797220588347637
2012-07-24,1.6931828235293593,1.625163176470132,1.6591729999997455
2012-07-25,2.1563487058823676,1.7749456141465028,1.9656471600144352
2012-07-26,1.6448008437499892,2.114562624997113,1.879681734373551
2012-07-27,0.9665542944715679,1.331664010216097,1.1491091523438324
2012-07-30,1.3992102941172109,1.4776811172787525,1.4384457056979816
2012-07-31,1.3694446874999557,1.5175908424718205,1.4435177649858881
2012-08-01,1.6284297142856847,1.287803445088432,1.4581165796870583
2012-08-02,1.1528006059971017,1.616067322546289,1.3844339642716954
2012-08-03,0.8074900588916134,1.2303967647341416,1.0189434118128775
2012-08-06,0.8627933318463206,1.4692017109425783,1.1659975213944493
2012-08-07,1.1848505000000338,2.2126421363642716,1.6987463181821527
2012-08-08,1.0267587090882537,2.083458477272558,1.5551085931804058
2012-08-09,1.500208146324132,1.4416863243775468,1.4709472353508395
2012-08-10,0.8725231918043157,1.6060813076916722,1.239302249747994
2012-08-13,1.11184074934552,1.7066204226074526,1.4092305859764864
2012-08-14,1.711949200878919,1.9141931886691526,1.8130711947740359
2012-08-15,1.8107099808207345,2.133309159982168,1.9720095704014513
2012-08-16,1.319075356378141,1.8310171211310107,1.5750462387545758
2012-08-17,1.5393969917719623,1.6930399724190142,1.6162184820954884
2012-08-20,0.9944973577150219,1.5357545882352435,1.2651259729751327
2012-08-21,1.5807561176470584,1.6692628146330464,1.6250094661400523
2012-08-22,1.5844360616226734,1.431647966808027,1.5080420142153503
2012-08-23,1.8164764374999687,1.2686641142330983,1.5425702758665336
2012-08-24,0.7442432352981533,1.0770824655081046,0.9106628504031289
2012-08-27,1.8875490000000013,1.6317415882352777,1.7596452941176395
2012-08-28,1.1617578479622683,1.8085991178658012,1.4851784829140349
2012-08-29,1.6484219993610083,1.4700506922920071,1.5592363458265077
2012-08-30,1.9601906249999865,1.2835142109361939,1.6218524179680902
2012-08-31,0.6652688888888904,0.6678519373889131,0.6665604131389018
2012-09-04,0.5680248888889027,0.7410915142023496,0.6545582015456262
2012-09-05,0.7213128888888889,0.9072224693310703,0.8142676791099797
2012-09-06,0.5700959285512114,0.7062667653940718,0.6381813469726416
2012-09-07,0.32220139375998263,0.3828483641026797,0.35252487893133116
2012-09-10,0.6427830249999951,1.0286987980305557,0.8357409115152754
2012-09-11,0.8327059767429817,1.036270941563119,0.9344884591530505
2012-09-12,1.1814062888888897,1.184607682276406,1.1830069855826477
2012-09-13,0.950979290908696,1.7794013264169453,1.3651903086628208
2012-09-14,0.4961226116679351,1.9515407322746459,1.2238316719712905
2012-09-17,0.6528330796572525,1.3271248982484765,0.9899789889528645
2012-09-18,0.7272438550784861,1.4487960595679332,1.0880199573232097
2012-09-19,1.4594084411764816,1.9945664333321809,1.7269874372543312
2012-09-20,1.0722802931269135,1.3077022218244698,1.1899912574756917
2012-09-21,1.3338574074073986,1.3892523600998579,1.3615548837536282
2012-09-24,0.8282294761904435,0.46152095216361716,0.6448752141770303
2012-09-25,0.9828236190475917,0.4011753809524997,0.6919995000000457
2012-09-26,1.2572374761905227,0.8969812517143135,1.077109363952418
2012-09-27,0.9835845749999835,0.7890037426974889,0.8862941588487362
2012-09-28,0.5515233157894361,0.7642380526315375,0.6578806842104868
2012-10-01,0.8405218421052758,0.7321701061073339,0.7863459741063048
2012-10-02,0.8340769473683614,0.46878853982489044,0.6514327435966258
2012-10-03,0.9679479999999783,0.8332952222684332,0.9006216111342058
2012-10-04,0.7716036250000075,0.9428488986555182,0.8572262618277628
2012-10-05,0.6815027142857111,0.586300329466142,0.6339015218759265
2012-10-08,0.6511859265372943,1.9211437026854636,1.286164814611379
2012-10-09,0.8018455356211527,1.5158526576771607,1.1588490966491567
2012-10-10,0.6497763468588262,1.2895134607946177,0.969644903826722
2012-10-11,1.1387133218696976,1.5198794752134344,1.329296398541566
2012-10-12,0.7503470601393114,1.1783323272467237,0.9643396936930175
2012-10-15,1.3613520540540678,1.4969938907700553,1.4291729724120614
2012-10-16,1.3895102777777477,1.2300018088237195,1.3097560433007336
2012-10-17,1.281180256262578,1.350567606007737,1.3158739311351575
2012-10-18,1.1954379661453745,1.32292334869184,1.2591806574186073
2012-10-19,2.1216178683468523,1.7902560738167577,1.955936971081805
2012-10-22,1.00678579999999,0.7088836310042058,0.857834715502098
2012-10-23,0.8764477999999855,0.7065195385952898,0.7914836692976377
2012-10-24,1.138508249999981,0.45740730029965426,0.7979577751498177
2012-10-25,0.8249057692310376,0.8409243808215169,0.8329150750262773
2012-10-26,0.5092477368420976,0.5564093569907368,0.5328285469164171
2012-10-31,0.9363554210526178,0.7290309266544788,0.8326931738535484
2012-11-01,0.9648443684210474,0.9559656935788937,0.9604050309999705
2012-11-02,0.47826810526309105,0.48058339031887315,0.4794257477909821
2012-11-05,0.7804914977777141,1.2052432998632285,0.9928673988204713
2012-11-06,0.96485472916734,1.2523524671298019,1.108603598148571
2012-11-07,1.2223998508515486,0.9916175242461093,1.107008687548829
2012-11-08,1.1695234107176258,1.270375238570679,1.2199493246441524
2012-11-09,1.0723277250026457,1.4790694571246614,1.2756985910636536
2012-11-12,0.9856366756756454,1.3186139263923347,1.15212530103399
2012-11-13,1.368986815789448,1.0544817931036077,1.2117343044465279
2012-11-14,1.0612803260258137,1.5281474582457184,1.294713892135766
2012-11-15,1.496191199999981,1.817514727590894,1.6568529637954375
2012-11-16,1.3081470298507274,1.5064084664243684,1.407277748137548
2012-11-19,0.6323773454497534,0.93116272894759,0.7817700371986718
2012-11-20,0.7201122285621746,1.19216348742216,0.9561378579921673
2012-11-21,0.6179230222989385,0.9986846347636855,0.808303828531312
2012-11-23,0.3257827857142857,0.394867630025841,0.3603252078700634
2012-11-26,0.43876271368795666,0.5632933828457203,0.5010280482668384
2012-11-27,0.5675528214277701,0.6787272797976992,0.6231400506127347
2012-11-28,0.8928556071428765,0.6643541222790557,0.778604864710966
2012-11-29,0.7223642062658983,0.948011621236179,0.8351879137510386
2012-11-30,0.5101153157894708,0.633376736832686,0.5717460263110784
2012-12-03,0.460264368421067,0.5567224571395553,0.5084934127803111
2012-12-04,0.6462562105262777,0.5863809552466214,0.6163185828864495
2012-12-05,0.7233419473683834,0.7550155100678149,0.7391787287180991
2012-12-06,0.6713426363738774,0.9842399346842747,0.8277912855290761
2012-12-07,0.615807666666638,0.5976774233252072,0.6067425449959226
2012-12-10,0.8720678515812033,1.1310085597194737,1.0015382056503386
2012-12-11,0.6582715712461275,1.1354744369500285,0.8968730040980779
2012-12-12,0.8453278991057316,1.3092168430422702,1.0772723710740009
2012-12-13,0.8687358875957102,1.9785036307703685,1.4236197591830393
2012-12-14,0.6812961461896532,0.7114495944136519,0.6963728703016525
2012-12-17,0.8617331610890063,1.1030729151061456,0.9824030380975759
2012-12-18,1.0833421964285688,1.3795535063904858,1.2314478514095273
2012-12-19,1.1915600892856986,1.2058026741917736,1.198681381738736
2012-12-20,1.453362729271338,1.4527388686549736,1.4530507989631558
2012-12-21,1.2477568380213386,1.2259844158590278,1.2368706269401832
2012-12-24,0.5955814500000003,0.7128031477955203,0.6541922988977603
2012-12-26,0.8827562749999753,1.0676188822385375,0.9751875786192564
2012-12-27,1.1105912439024452,1.308217489595881,1.2094043667491632
2012-12-28,0.5811229999999771,0.6752905228937744,0.6282067614468758
2012-12-31,0.4068890752327974,0.6200053556821148,0.5134472154574561
2013-01-02,0.779712198738372,0.8044161019715146,0.7920641503549433
2013-01-03,0.6068410261107414,0.9793932874191181,0.7931171567649298
2013-01-04,0.5834612380952173,0.7992089252591945,0.6913350816772059
2013-01-07,0.7961298799999637,1.1621009172796812,0.9791153986398224
2013-01-08,0.9764705539868151,1.3597745337703646,1.1681225438785898
2013-01-09,1.3213013000001,1.2996934690752466,1.3104973845376733
2013-01-10,0.838224163934428,1.3800767298164516,1.1091504468754398
2013-01-11,0.6068361787188278,1.0070796981555818,0.8069579384372048
2013-01-14,0.7850944060889655,1.0314968211540043,0.9082956136214849
2013-01-15,1.0421359169340256,1.2418604906112396,1.1419982037726326
2013-01-16,1.139546957615556,1.407643950171638,1.273595453893597
2013-01-17,1.196880964285675,1.5471324895532765,1.3720067269194758
2013-01-18,1.1398141373522075,1.299339120095352,1.2195766287237797
2013-01-22,0.3614502676294223,0.804545212802107,0.5829977402157647
2013-01-23,0.4914570975461057,0.7294443674536941,0.6104507324998999
2013-01-24,0.8765225813945081,1.1290844886841649,1.0028035350393365
2013-01-25,0.3897139047638313,0.5337296204981764,0.46172176263100384
2013-01-28,0.6305583809523666,0.7420552255798102,0.6863068032660884
2013-01-29,0.5657766904761621,0.7222862571046358,0.6440314737903989
2013-01-30,0.855653428571427,0.8154752234481506,0.8355643260097888
2013-01-31,1.3920748372092742,1.4932158844953285,1.4426453608523013
2013-02-01,0.6953534761904917,0.7191574842812749,0.7072554802358832
2013-02-04,0.8070994006351924,1.6750165462838829,1.2410579734595375
2013-02-05,0.7517062024506989,0.9676884307937589,0.8596973166222288
2013-02-06,0.5828213774001062,1.1823167829411978,0.882569080170652
2013-02-07,0.6026322710132789,1.2111558372120608,0.9068940541126698
2013-02-08,0.5642112489098551,0.9231214816940964,0.7436663653019757
2013-02-11,0.7537494181561172,1.0247171623964701,0.8892332902762936
2013-02-12,1.1586137852772371,1.0567418057912743,1.1076777955342556
2013-02-13,1.3358017704851857,1.2321164853622826,1.2839591279237341
2013-02-14,1.3052001586830355,1.4471082992591104,1.3761542289710729
2013-02-15,1.5273392804325943,1.1253584033022155,1.326348841867405
2013-02-19,0.5141368644023584,0.7594356374002237,0.636786250901291
2013-02-20,0.985396214285719,0.8669179899543064,0.9261571021200127
2013-02-21,1.0592100697674431,1.033960503947228,1.0465852868573355
2013-02-22,0.4721241913568497,0.5558476747785368,0.5139859330676932
2013-02-25,0.615792799999988,0.6218895438836738,0.618841171941831
2013-02-26,0.5040953999999984,0.6736802521443764,0.5888878260721875
2013-02-27,0.5924751999999712,0.9249005553428562,0.7586878776714137
2013-02-28,0.9008166750000175,0.9059786626315477,0.9033976688157825
2013-03-01,0.43770140000002594,0.613383707502451,0.5255425537512385
2013-03-04,0.6833536872237645,1.0780070482998905,0.8806803677618276
2013-03-05,0.9768453695652211,1.1005786433117273,1.038712006438474
2013-03-06,1.1332304565217173,1.2208565871125014,1.1770435218171094
2013-03-07,1.1820088035713965,1.3457571846475862,1.2638829941094913
2013-03-08,0.8549120517241419,0.9072505223311946,0.8810812870276683
2013-03-11,0.5477741137374812,0.9256633368930348,0.7367187253152581
2013-03-12,0.624649143391305,1.0964461060708708,0.8605476247310879
2013-03-13,1.003903263157893,1.24160180301789,1.1227525330878914
2013-03-14,0.8753521682926501,1.066540906310879,0.9709465373017645
2013-03-15,1.214214839600456,1.3533883012169723,1.283801570408714
2013-03-18,0.7539673023255878,0.6950668160319294,0.7245170591787586
2013-03-19,0.6623733953488199,0.6136656140143557,0.6380195046815877
2013-03-20,0.7616032790697375,0.7217256670568651,0.7416644730633013
2013-03-21,1.2272518604651204,1.0966711190582439,1.1619614897616821
2013-03-22,0.6161437000000045,0.665221939573327,0.6406828197866657
2013-03-25,0.6862143999999702,0.6716206487547107,0.6789175243773404
2013-03-26,0.40827482716967334,0.7621674856301612,0.5852211563999172
2013-03-27,0.8533049499999956,0.9972949300002778,0.9252999400001367
2013-03-28,0.3296957078108172,0.5273034912197642,0.4284995995152907
2013-04-01,0.6340935348723064,0.6622796697340507,0.6481866023031786
2013-04-02,0.5529441162790504,0.7551679537115288,0.6540560349952895
2013-04-03,1.1295041162790447,0.789894955556052,0.9596995359175484
2013-04-04,0.5458149999963152,1.1856027281266222,0.8657088640614687
2013-04-05,0.5809369999999708,0.7432164670659401,0.6620767335329555
2013-04-08,0.6806492859957286,1.0799527861546487,0.8803010360751886
2013-04-09,1.357505620689639,1.6316028612457207,1.49455424096768
2013-04-10,1.2457463621501412,1.5364256918925778,1.3910860270213594
2013-04-11,1.3934256818181805,1.523153624028926,1.4582896529235532
2013-04-12,0.7331945806451763,0.9701953874260659,0.8516949840356212
2013-04-15,1.0813561864406622,0.916683090859597,0.9990196386501295
2013-04-16,1.0173726935482985,1.2081545131232878,1.112763603335793
2013-04-17,1.1959179482758626,1.4768798443612516,1.3363988963185571
2013-04-18,1.4865960615283202,1.4708958483787846,1.4787459549535524
2013-04-19,1.602669782101647,1.281431227281569,1.4420505046916081
2013-04-22,0.37498114554998224,0.6702325470961323,0.5226068463230573
2013-04-23,0.4266500975610821,0.6578667165764104,0.5422584070687462
2013-04-24,0.5633262439024166,0.818938747437107,0.6911324956697618
2013-04-25,0.5673724399716662,1.193054116842267,0.8802132784069666
2013-04-26,0.5094493636363667,0.4812867750507008,0.4953680693435337
2013-04-29,0.37444746783299243,0.6717830953978798,0.5231152816154361
2013-04-30,0.5009070454543814,0.660422585030575,0.5806648152424783
2013-05-01,0.86115529545457,0.8765905446390192,0.8688729200467946
2013-05-02,0.5315500642028259,1.0763480209533651,0.8039490425780955
2013-05-03,0.4474753445029282,0.8691697657302635,0.6583225551165959
2013-05-06,0.5541528838515032,1.1975447158840096,0.8758487998677564
2013-05-07,0.9571990705627483,1.357065577536517,1.1571323240496327
2013-05-08,0.8074066197591369,1.183495978066206,0.9954512989126714
2013-05-09,1.0830454332853907,1.6721989942861408,1.3776222137857657
2013-05-10,0.41183605438551085,1.0167152365705423,0.7142756454780266
2013-05-13,1.1025785717862155,0.9794317721859271,1.0410051719860713
2013-05-14,1.2671329549053845,1.2139415675269514,1.240537261216168
2013-05-15,1.0905443870970548,1.1918930821060958,1.1412187346015754
2013-05-16,1.5214051118658338,0.8831656060799878,1.2022853589729108
2013-05-17,1.1523695250588344,1.1905302997907437,1.171449912424789
2013-05-20,0.4463063766793067,0.6877039608169635,0.5670051687481351
2013-05-21,0.860109468085138,0.7450274835346163,0.8025684758098772
2013-05-22,1.1276690425531382,0.9354850378323821,1.0315770401927602
2013-05-23,1.083817466666664,1.3634627133246973,1.2236400899956807
2013-05-24,0.550070233838877,0.5703695726600218,0.5602199032494494
2013-05-28,0.8756116808510525,0.8055046215086071,0.8405581511798298
2013-05-29,0.8789400638297978,1.1471643447420803,1.0130522042859391
2013-05-30,0.9942269333333237,1.1419162921133994,1.0680716127233616
2013-05-31,0.6639321914893593,0.6256446446885057,0.6447884180889325
2013-06-03,0.4917854468084813,0.7513090846469435,0.6215472657277124
2013-06-04,0.9350939787233995,0.8080263445063589,0.8715601616148791
2013-06-05,0.9326264468085079,0.8003660070953462,0.8664962269519271
2013-06-06,0.6394506973109397,1.249875433620318,0.9446630654656288
2013-06-07,0.5730070434782705,0.7065825893814904,0.6397948164298805
2013-06-10,0.5383972196207865,1.257245441140155,0.8978213303804707
2013-06-11,1.252917169811295,1.0335735078535746,1.1432453388324348
2013-06-12,1.2281221923077026,1.9987561886188299,1.6134391904632661
2013-06-13,0.6035063455192806,1.3523030878711286,0.9779047166952046
2013-06-14,0.5575668926039615,0.9035313732960775,0.7305491329500196
2013-06-17,1.0261568699996173,0.8679811904439929,0.9470690302218051
2013-06-18,1.3122194999999772,1.0272582189616568,1.169738859480817
2013-06-19,1.1293398754974229,1.1580350222558382,1.1436874488766304
2013-06-20,1.225373813206403,1.1238573629419024,1.1746155880741527
2013-06-21,1.1160296949714674,1.2381382979303408,1.1770839964509041
2013-06-24,0.7375524222222322,1.0759338736263306,0.9067431479242813
2013-06-25,0.6682184666666456,0.9706633652360209,0.8194409159513333
2013-06-26,0.7562410000000063,1.0802193639552584,0.9182301819776324
2013-06-27,0.8238185000002286,1.1494111703661323,0.9866148351831805
2013-06-28,0.534040111111117,0.5176213513422845,0.5258307312267008
2013-07-01,0.6265839333333107,0.723492903947708,0.6750384186405094
2013-07-02,0.623686422222238,0.6482842691816619,0.63598534570195
2013-07-03,0.6549503333333302,0.8385809622892285,0.7467656478112794
2013-07-05,0.31639399999967993,0.6685602549407225,0.4924771274702012
2013-07-08,0.7397273961868958,0.8880946799880712,0.8139110380874834
2013-07-09,0.7351095846503815,1.0137463851257298,0.8744279848880556
2013-07-10,0.8535630626469259,0.9833149794843761,0.918439021065651
2013-07-11,1.0549938907540817,1.12837464034502,1.091684265549551
2013-07-12,0.5785171247302813,1.15562876064419,0.8670729426872357
2013-07-15,0.7920086316467151,0.9950610605738213,0.8935348461102681
2013-07-16,1.1108774364386749,1.0982852406569565,1.1045813385478156
2013-07-17,1.17442683870975,1.4954745652906503,1.3349507020002003
2013-07-18,1.2239605632045802,1.4230704621974701,1.3235155127010252
2013-07-19,0.8542176215091785,1.304274986580527,1.0792463040448528
2013-07-22,0.4048430217447599,0.6185221034531542,0.5116825625989571
2013-07-23,0.7490222391304321,0.8269035121763489,0.7879628756533905
2013-07-24,0.45064145922323956,0.7840837999902276,0.6173626296067336
2013-07-25,0.8430130392071673,1.1030768464880216,0.9730449428475945
2013-07-26,0.4599087633953274,0.5200369534978917,0.48997285844660954
2013-07-29,0.652773836734688,0.5526633001460702,0.6027185684403791
2013-07-30,0.8764888571428899,0.670017129635336,0.773252993389113
2013-07-31,0.9268330816326501,0.8380399801389287,0.8824365308857893
2013-08-01,1.2578936078431389,1.3179224322050271,1.2879080200240831
2013-08-02,0.33110195652069374,0.5898625782324648,0.46048226737657927
2013-08-05,0.8195164842931375,1.0362214139279764,0.927868949110557
2013-08-06,1.2010956181817947,1.9153503042915383,1.5582229612366665
2013-08-07,1.080409981818178,1.7657533691638196,1.423081675490999
2013-08-08,1.1865431363636443,1.2954706428356462,1.2410068895996451
2013-08-09,0.9194736461538164,1.073607278288198,0.9965404622210072
2013-08-12,0.9004414594099915,1.0598354376762786,0.980138448543135
2013-08-13,0.9941885873015642,1.0520245045373755,1.02310654591947
2013-08-14,1.1109690833333363,0.8785118760072038,0.9947404796702701
2013-08-15,1.3495115582481296,1.3587275203915226,1.354119539319826
2013-08-16,1.2901413985330001,1.1645435293209518,1.227342463926976
2013-08-19,0.6456182000000075,0.675554071118653,0.6605861355593302
2013-08-20,0.47316928888891235,0.6295043349862718,0.5513368119375921
2013-08-21,0.8358199111110739,0.9121196876973672,0.8739697994042206
2013-08-22,0.9178900697418255,1.1471813391665149,1.0325357044541703
2013-08-23,0.5310935111111234,0.6052716992065471,0.5681826051588352
2013-08-26,0.6550903777777977,0.5777284494827571,0.6164094136302773
2013-08-27,0.7595913777777922,0.5742881592550728,0.6669397685164324
2013-08-28,0.7244538666666414,0.7527374246027553,0.7385956456346983
2013-08-29,0.9133664130434904,1.154065039514348,1.0337157262789192
2013-08-30,0.5014275111111163,0.6741204073705412,0.5877739592408288
2013-09-03,0.4435652934723337,0.6587842655052284,0.551174779488781
2013-09-04,0.4580071333338631,0.8502968959496485,0.6541520146417559
2013-09-05,1.0531058478258188,1.50435828286739,1.2787320653466043
2013-09-06,0.6017549583333679,0.7022653413357891,0.6520101498345785
2013-09-09,0.6135253014361496,1.2529441340855665,0.933234717760858
2013-09-10,0.762790425677425,1.2408218821650503,1.0018061539212377
2013-09-11,0.7252451078063752,1.3025650774803428,1.013905092643359
2013-09-12,1.4066542923076892,1.0008881724514647,1.203771232379577
2013-09-13,0.9278098870967636,0.7583431082226548,0.8430764976597092
2013-09-16,1.03743592200203,0.9119327577265114,0.9746843398642706
2013-09-17,0.849142724064196,1.0241899910369452,0.9366663575505706
2013-09-18,1.0752961710607478,1.0535725010692727,1.0644343360650104
2013-09-19,1.268652767481717,1.1639842789877037,1.2163185232347105
2013-09-20,1.237165941229564,1.3634635138318627,1.3003147275307132
2013-09-23,0.6199223111111117,0.6163463453611409,0.6181343282361262
2013-09-24,0.7042518666688546,0.7452070211289376,0.724729443898896
2013-09-25,0.7591311111110745,0.9432386151887245,0.8511848631498995
2013-09-26,0.8017654444444265,0.860267764161091,0.8310166043027587
2013-09-27,0.5947147333333327,0.6424709098244845,0.6185928215789086
2013-09-30,0.4373061638783457,0.6775797680177328,0.5574429659480392
2013-10-01,0.39495477801746176,0.6443597248530127,0.5196572514352372
2013-10-02,0.5814541333333488,0.7896930832004503,0.6855736082668995
2013-10-03,1.1686256222222244,0.9965483046897157,1.0825869634559702
2013-10-04,0.5224402272727046,0.5448137224433894,0.533626974858047
2013-10-07,0.9672870416666751,1.5394575598411564,1.2533723007539157
2013-10-08,0.9607049166666393,1.5530492360563934,1.2568770763615165
2013-10-09,0.944590776868366,1.228145027450722,1.086367902159544
2013-10-10,0.6865058972242155,1.3635102500901597,1.0250080736571876
2013-10-11,0.4605407868144878,0.9021636950302289,0.6813522409223584
2013-10-14,0.5306504556259976,1.050511520220488,0.7905809879232428
2013-10-15,1.0342838771929737,1.5396227848178137,1.2869533310053938
2013-10-16,0.9312079310230231,1.125185126203212,1.0281965286131176
2013-10-17,1.099986842323471,1.4248686755850974,1.2624277589542843
2013-10-18,1.0639522296584887,1.5658411726907,1.3148967011745945
2013-10-21,0.5210967272727222,0.5781091228212275,0.5496029250469748
2013-10-22,0.5941350681817927,0.812225394803977,0.7031802314928849
2013-10-23,0.7890506818181681,0.8676517085981225,0.8283511952081453
2013-10-24,0.7742708636363397,1.0484890003465432,0.9113799319914415
2013-10-25,0.35516999059752546,0.4832621259633999,0.4192160582804627
2013-10-28,0.584628116279079,0.6605568052881295,0.6225924607836042
2013-10-29,0.5333095517617898,0.5944538624651957,0.5638817071134927
2013-10-30,0.7339136046511847,0.9690698456311219,0.8514917251411533
2013-10-31,1.0083170652173925,1.120567906491009,1.0644424858542008
2013-11-01,0.5069614999999896,0.6339713666667218,0.5704664333333558
2013-11-04,0.5478191111105044,0.7035857130961695,0.625702412103337
2013-11-05,0.7610491777777871,0.890877180076376,0.8259631789270816
2013-11-06,0.6317845488951399,0.7547986196756284,0.6932915842853842
2013-11-07,1.029769851851858,1.0998938774357006,1.0648318646437793
2013-11-08,0.5129145282053814,0.5848813515823554,0.5488979398938685
2013-11-11,0.6116095283018694,0.722666215216481,0.6671378717591752
2013-11-12,0.762391641509409,0.6898908593025826,0.7261412504059959
2013-11-13,0.5661247794798322,1.0119162689526169,0.7890205242162245
2013-11-14,1.1649837222222097,1.1015473504007594,1.1332655363114845
2013-11-15,1.1370292499999979,0.9909242557015306,1.0639767528507642
2013-11-18,0.717644155555546,0.7019360434043779,0.709790099479962
2013-11-19,0.6077483777778026,0.9551010056560786,0.7814246917169405
2013-11-20,0.8032224666666626,1.0107116556958915,0.906967061181277
2013-11-21,0.8826536521739089,1.124738287933842,1.0036959700538755
2013-11-22,0.41489502273066853,0.46857249454935723,0.44173375864001285
2013-11-25,0.6457293181818272,0.606625840098109,0.6261775791399682
2013-11-26,0.6323123181818067,0.6061927219219274,0.619252520051867
2013-11-27,0.676415744680834,0.7208355776710944,0.6986256611759643
2013-11-29,0.500500244444429,0.5954500322363298,0.5479751383403794
2013-12-02,0.5125200222222024,0.5990154254215372,0.5557677238218698
2013-12-03,0.7181747777777913,0.7705268561464038,0.7443508169620976
2013-12-04,0.5492469777777794,0.8572748805995448,0.7032609291886621
2013-12-05,1.0181418085106522,0.9865792033477748,1.0023605059292136
2013-12-06,0.50618060869569,0.554153869525982,0.5301672391108361
2013-12-09,0.7294026666660774,1.2451871287557863,0.9872948977109319
2013-12-10,1.1802644074073825,1.9339140020668115,1.557089204737097
2013-12-11,1.2038067130251369,1.2143828997690935,1.2090948063971152
2013-12-12,0.7952254994594384,1.1658330660624812,0.9805292827609597
2013-12-13,0.9377850967742021,1.1084078433843965,1.0230964700792993
2013-12-16,1.009276316666652,1.0077455238908044,1.0085109202787281
2013-12-17,1.0888098135593127,0.9671278291314024,1.0279688213453575
2013-12-18,1.491177639305091,1.107584963582814,1.2993813014439526
2013-12-19,1.1574067896364504,0.9195124618090961,1.0384596257227732
2013-12-20,1.2431860696773147,1.3212409169256876,1.282213493301501
2013-12-23,0.6554141999999967,0.7136078220998209,0.6845110110499089
2013-12-24,0.6789567999999723,0.6890561251905468,0.6840064625952595
2013-12-26,1.0255376153806604,1.1673196583300822,1.0964286368553713
2013-12-27,0.5252024444444482,0.9222498075873121,0.7237261260158802
2013-12-30,0.5044154444444416,0.41684542037833794,0.4606304324113898
2013-12-31,0.3246070262076167,0.6138777108797432,0.46924236854367996
2014-01-02,0.8951249574468066,0.9652109102975693,0.930167933872188
2014-01-03,0.5079885833333355,0.553607754692003,0.5307981690126693
2014-01-06,1.0186096981131934,1.4381876739833999,1.2283986860482967
2014-01-07,1.0122047547169737,1.2968070193104124,1.154505887013693
2014-01-08,1.2580250943396178,1.3823486657920607,1.3201868800658394
2014-01-09,0.7238475275911584,1.320309582644354,1.0220785551177562
2014-01-10,0.5973918488353354,0.8912000411647355,0.7442959450000355
2014-01-13,0.6898523611608518,0.7611275001516806,0.7254899306562662
2014-01-14,0.8298187164174713,0.8919093428060966,0.860864029611784
2014-01-15,1.1501728638184832,0.9784014930486357,1.0642871784335595
2014-01-16,0.881811271137258,0.8666011326046609,0.8742062018709594
2014-01-17,0.9579803006056108,0.8041695000192453,0.8810749003124281
2014-01-21,0.39448749002657435,0.7828427487449335,0.5886651193857539
2014-01-22,0.8693322166666821,0.9886005948271073,0.9289664057468947
2014-01-23,0.6990447003051776,1.1038700319806467,0.9014573661429122
2014-01-24,0.7038136610169302,0.6441847014023122,0.6739991812096212
2014-01-27,0.8616776610169484,1.1188713527469778,0.9902745068819632
2014-01-28,0.6608920965631309,0.8057673964433573,0.733329746503244
2014-01-29,0.9850262033898362,1.1688933913827897,1.076959797386313
2014-01-30,1.022873078841894,1.2909037224107514,1.1568884006263227
2014-01-31,0.6005210847685006,0.41320097207659506,0.5068610284225479
2014-02-03,0.7474223389830503,0.7261694618779628,0.7367959004305066
2014-02-04,0.756351576270588,1.0565829415452124,0.9064672589079001
2014-02-05,0.9940673728813615,1.4787219187470395,1.2363946458142006
2014-02-06,1.139743288135619,1.1906382545043537,1.1651907713199865
2014-02-07,0.49623756125922,0.6407852801092263,0.5685114206842231
2014-02-10,0.7312161148584532,0.7452430911955433,0.7382296030269982
2014-02-11,0.6928721538456724,0.8977756729162228,0.7953239133809475
2014-02-12,0.6170201538143927,1.038272558438398,0.8276463561263954
2014-02-13,1.2124373064516052,1.2318334078328204,1.2221353571422129
2014-02-14,0.635311967741877,0.623176741221653,0.629244354481765
2014-02-18,0.7851701128524899,0.7198689709805292,0.7525195419165096
2014-02-19,0.91359806451613,1.1153037438983413,1.0144509042072356
2014-02-20,1.0302385483870595,1.5654063187992153,1.2978224335931374
2014-02-21,1.3580163074739138,0.9548722590662331,1.1564442832700734
2014-02-24,0.7780145666666641,0.8691309541469526,0.8235727604068084
2014-02-25,0.6633434500026886,0.9047041715701528,0.7840238107864207
2014-02-26,0.5010848628302774,0.9657317050570521,0.7334082839436648
2014-02-27,1.0334286331628724,1.2134767750046813,1.123452704083777
2014-02-28,0.3969917073669213,0.48384680822795634,0.44041925779743885
2014-03-03,0.6024830039159511,0.8497849369813164,0.7261339704486338
2014-03-04,0.6022899267867758,0.9254109706587766,0.7638504487227762
2014-03-05,0.4895454620805443,1.0405315762206788,0.7650385191506115
2014-03-06,0.8305718401565714,1.1313984701327469,0.9809851551446591
2014-03-07,0.3219222550650562,0.9120653763888318,0.616993815726944
2014-03-10,0.6243240196078347,1.0296752374102165,0.8269996285090255
2014-03-11,0.7845664938132936,0.8234890958164459,0.8040277948148697
2014-03-12,0.8217739808511363,1.1617175229687984,0.9917457519099673
2014-03-13,1.1240127457626972,1.1506302172076515,1.1373214814851744
2014-03-14,0.7794017419354853,0.6426319764179673,0.7110168591767263
2014-03-17,0.5329451452820037,1.1742342988864136,0.8535897220842086
2014-03-18,0.8647708225806326,0.7848087750444491,0.8247897988125409
2014-03-19,0.6503957134623204,1.401580915567081,1.0259883145147008
2014-03-20,0.5505332844579357,1.2448248958200747,0.8976790901390053
2014-03-21,0.7947556876288009,0.822576923535005,0.808666305581903
2014-03-24,0.8488542666666716,0.9972905249037518,0.9230723957852117
2014-03-25,0.7748446833333055,0.8378963482410764,0.806370515787191
2014-03-26,1.035541754385953,1.0333377541167699,1.0344397542513615
2014-03-27,0.9158375263157749,1.3643461962529966,1.1400918612843858
2014-03-28,0.6740346787556247,0.7537131872538053,0.713873933004715
2014-03-31,0.46069554925197753,0.7579454171893322,0.6093204832206549
2014-04-01,0.8859445833333167,1.1759170646274226,1.0309308239803696
2014-04-02,1.0313806166666537,1.3393930193303412,1.1853868179984974
2014-04-03,1.2778716896551765,1.526334513634435,1.4021031016448058
2014-04-04,0.7720407000000082,1.3343074537778725,1.0531740768889404
2014-04-07,0.9493441538461495,0.9529213351910208,0.9511327445185851
2014-04-08,0.6871013148286114,0.9617314882292641,0.8244164015289377
2014-04-09,0.5930168188497646,1.2318769607010829,0.9124468897754238
2014-04-10,1.1581328571428346,1.2853111575162157,1.2217220073295252
2014-04-11,0.6958706212121267,0.6073720545306416,0.6516213378713842
2014-04-14,0.6489201177444194,0.6856793974271037,0.6672997575857615
2014-04-15,0.5475478779190973,0.9534638443062718,0.7505058611126846
2014-04-16,1.0152086363636266,1.0087979145299006,1.0120032754467636
2014-04-17,0.9461829722222423,1.3443113839934897,1.1452471781078661
2014-04-21,0.7392554347826091,0.5677259654474931,0.6534907001150512
2014-04-22,0.8267518985507298,0.9659458476925835,0.8963488731216567
2014-04-23,0.9268018840579743,0.8789655971367883,0.9028837405973813
2014-04-24,1.0274309517866829,0.9566283783692361,0.9920296650779594
2014-04-25,0.6385981818181734,0.49121312507106585,0.5649056534446196
2014-04-28,0.7591485606060555,0.8638803517061295,0.8115144561560925
2014-04-29,0.47302113632097775,0.9005468381225394,0.6867839872217586
2014-04-30,0.9090914393938945,0.9486332189870644,0.9288623291904794
2014-05-01,1.731597865671628,1.2735830379248,1.502590451798214
2014-05-02,0.7384443437499916,0.7038652947524765,0.721154819251234
2014-05-05,0.550749466517418,0.852300181750185,0.7015248241338015
2014-05-06,0.901823944444431,0.712657837646151,0.8072408910452911
2014-05-07,0.7463720579201649,1.1647981587339766,0.9555851083270708
2014-05-08,1.1360448985507228,1.4217698432401513,1.278907370895437
2014-05-09,0.5985581323545409,0.5323458662261323,0.5654519992903366
2014-05-12,0.4809260542823683,0.6157305823362387,0.5483283183093035
2014-05-13,0.7116981029411699,0.6765837072190497,0.6941409050801097
2014-05-14,0.9423370147350487,0.6981674014388506,0.8202522080869497
2014-05-15,1.2913268405797163,0.8908045352976973,1.0910656879387068
2014-05-16,1.0555442440868996,1.2117187779865521,1.1336315110367259
2014-05-19,0.46031940006118166,0.8243697263921963,0.642344563226689
2014-05-20,0.7918006874999763,0.8881304187469291,0.8399655531234527
2014-05-21,0.8539734687499841,0.9710720000527513,0.9125227344013678
2014-05-22,0.9373690461538564,1.3479202697438144,1.1426446579488354
2014-05-23,0.6438499531249937,0.49409472571435986,0.5689723394196768
2014-05-27,0.5539100613913212,0.9254852095226153,0.7396976354569682
2014-05-28,0.882809234374986,0.9173793851598293,0.9000943097674077
2014-05-29,1.3251733787878714,1.1864503701255558,1.2558118744567137
2014-05-30,0.7513487424242415,0.6438119308660629,0.6975803366451523
2014-06-02,0.48095808570026705,0.7721990877086088,0.6265785867044379
2014-06-03,0.5271820164375683,0.8855018168655067,0.7063419166515374
2014-06-04,0.5182452607376041,1.0289725536191014,0.7736089071783527
2014-06-05,0.9017583190956046,1.400660620618135,1.1512094698568698
2014-06-06,0.7546615526315836,0.8619726347777634,0.8083170937046735
2014-06-09,0.6556507503786798,0.9859161836284378,0.8207834670035588
2014-06-10,0.8125302502810836,1.0585382877478713,0.9355342690144774
2014-06-11,1.2173559166666508,1.1651142117099396,1.1912350641882952
2014-06-12,1.4929672857142458,1.5777086462186274,1.5353379659664366
2014-06-13,0.612819842844898,0.6822384586241163,0.6475291507345071
2014-06-16,0.6209124543466927,0.784206137832143,0.7025592960894178
2014-06-17,1.1094877352601997,1.0632004826510355,1.0863441089556176
2014-06-18,1.1710725405405973,1.1513121926185046,1.161192366579551
2014-06-19,1.0688615847457505,0.9614101218760414,1.015135853310896
2014-06-20,1.1517231435422282,0.9782053057817659,1.064964224661997
2014-06-23,0.8518160129870059,0.7592374206657727,0.8055267168263893
2014-06-24,0.9933075974025897,1.0834201255955724,1.038363861499081
2014-06-25,1.1766291428571396,1.2126953136725869,1.1946622282648631
2014-06-26,1.6138819744606316,1.3848099099261113,1.4993459421933715
2014-06-27,0.6961728000000023,0.650425127305356,0.6732989636526792
2014-06-30,0.7706022714285642,0.660751055379057,0.7156766634038105
2014-07-01,1.0144232285714083,0.5986322863710615,0.8065277574712348
2014-07-02,1.3162250428571336,0.8717612293009099,1.0939931360790218
2014-07-03,0.6472500618985482,0.6508435336537322,0.6490467977761402
2014-07-07,0.7386018983159962,0.9157044704376187,0.8271531843768074
2014-07-08,0.9857384745762812,0.7271356012005961,0.8564370378884386
2014-07-09,1.044141152542364,1.1958398481827008,1.1199905003625323
2014-07-10,1.081172649074731,1.5231800332131669,1.3021763411439489
2014-07-11,0.5254627498001052,0.5898877251819875,0.5576752374910463
2014-07-14,0.8113203558249272,0.5532940392545947,0.682307197539761
2014-07-15,1.066378136985875,0.8812036362416419,0.9737908866137583
2014-07-16,1.52029009589041,0.7746231475527168,1.1474566217215634
2014-07-17,1.1862971578947334,0.7180881392831736,0.9521926485889536
2014-07-18,0.9006192648940126,1.142952300030881,1.0217857824624468
2014-07-21,0.7565065972568474,0.8206732645932422,0.7885899309250448
2014-07-22,0.8248819444444322,1.1217354444224978,0.973308694433465
2014-07-23,1.0583646388889059,0.965868093633601,1.0121163662612536
2014-07-24,1.2356162720334545,1.2874670995324429,1.2615416857829487
2014-07-25,0.6420165753424464,0.4271797323476546,0.5345981538450505
2014-07-28,0.5510871876868064,0.9305053699107514,0.740796278798779
2014-07-29,0.9779454520547818,0.7174013264984329,0.8476733892766073
2014-07-30,0.8576504790334758,1.0850028221258163,0.9713266505796461
2014-07-31,1.4534508472222019,1.768488385738567,1.6109696164803844
2014-08-01,0.7656401891891679,0.9505257803731424,0.8580829847811551
2014-08-04,0.7074956568418033,0.9008549032257185,0.8041752800337609
2014-08-05,0.9741357857142741,0.9897480739666465,0.9819419298404604
2014-08-06,1.172300571541555,0.9734160407898695,1.0728583061657124
2014-08-07,1.4829467948718538,1.5256790022978683,1.504312898584861
2014-08-08,0.72774153454935,0.7473661238817235,0.7375538292155368
2014-08-11,0.8279232820512628,0.8194003417450519,0.8236618118981573
2014-08-12,0.658287205127812,0.8196133743652037,0.7389502897465079
2014-08-13,1.0075818205128104,0.8039677433958121,0.9057747819543113
2014-08-14,1.2780697435897312,1.2696635124556486,1.2738666280226898
2014-08-15,1.1677730625000038,0.9767659251190391,1.0722694938095214
2014-08-18,0.5858384623520103,0.6884046040028671,0.6371215331774387
2014-08-19,0.8998779452054526,1.0639831876116796,0.9819305664085661
2014-08-20,1.1073545618862901,0.6194374715828931,0.8633960167345915
2014-08-21,1.4236173284746654,1.325387465707184,1.3745023970909247
2014-08-22,0.6524536351351506,0.4193228527539734,0.535888243944562
2014-08-25,0.6117136251308554,0.8275018417386601,0.7196077334347577
2014-08-26,0.8573190460610458,0.8167345665512411,0.8370268063061435
2014-08-27,1.109979662162158,1.4072770235295253,1.2586283428458418
2014-08-28,0.9456104025396554,1.2873396206749643,1.1164750116073099
2014-08-29,0.6569083287671077,0.6574674960556162,0.657187912411362
2014-09-02,0.9614543150684945,0.8614092897518122,0.9114318024101533
2014-09-03,1.1228111917808183,0.8086436085255827,0.9657274001532006
2014-09-04,1.2866301447368367,1.4824396695018538,1.3845349071193453
2014-09-05,0.6573101315789652,0.726818025651186,0.6920640786150756
2014-09-08,0.755314565766243,0.6515486854400316,0.7034316256031373
2014-09-09,0.6424712233102982,0.99364082824867,0.818056025779484
2014-09-10,0.5822937234812042,1.1014691039652962,0.8418814137232502
2014-09-11,0.9861361206388833,1.2960197428743514,1.1410779317566173
2014-09-12,0.4671707807560034,0.9302815580222435,0.6987261693891235
2014-09-15,0.7787187692837039,0.7186798273951982,0.748699298339451
2014-09-16,0.6246911025639508,0.7845385247379054,0.704614813650928
2014-09-17,1.2281670641025397,1.1228675048579824,1.175517284480261
2014-09-18,1.1034013999672418,1.1749918895216342,1.139196644744438
2014-09-19,1.0135337310304346,0.8325456562190658,0.9230396936247502
2014-09-22,0.7129943092749598,0.7437033632966612,0.7283488362858105
2014-09-23,0.8385169868421354,0.8689037030544776,0.8537103449483066
2014-09-24,0.629913784686904,1.0366956574524775,0.8333047210696907
2014-09-25,1.4178382297297105,1.6698342065846834,1.543836218157197
2014-09-26,0.5173825354698035,0.4990531427493179,0.5082178391095606
2014-09-29,0.7929710958904143,0.691051331084464,0.7420112134874391
2014-09-30,0.9432112602739778,1.10061149581033,1.0219113780421538
2014-10-01,0.9197434206164421,1.3351716533281621,1.127457536972302
2014-10-02,1.1218606621621183,1.0236369014835995,1.072748781822859
2014-10-03,0.7849586216216047,0.6815333168130709,0.7332459692173379
2014-10-06,0.8519365316455787,1.0181156796616482,0.9350261056536134
2014-10-07,0.9526400253164251,1.0068147224086672,0.9797273738625462
2014-10-08,0.7282026075586818,1.0594785651198622,0.893840586339272
2014-10-09,1.4622950379746777,1.4698015139882694,1.4660482759814735
2014-10-10,0.7829842278481,0.46852792032081697,0.6257560740844584
2014-10-13,0.9459023164557121,0.7056629640043555,0.8257826402300338
2014-10-14,0.9297397594932759,0.5891349265274934,0.7594373430103847
2014-10-15,0.8237936751204304,1.2537930159448776,1.0387933455326541
2014-10-16,0.9090056896355561,0.9216313221534312,0.9153185058944937
2014-10-17,1.0642817033090386,1.0975454632941417,1.0809135833015902
2014-10-20,0.7152851354345108,0.8677498059276701,0.7915174706810905
2014-10-21,0.7108204391816887,0.7769998352994916,0.7439101372405901
2014-10-22,1.243975191780815,1.37907840166207,1.3115267967214426
2014-10-23,1.334522229729722,1.581596669285001,1.4580594495073615
2014-10-24,0.5967680958903961,0.5829076834686635,0.5898378896795298
2014-10-27,0.8820481987895245,0.8859658131275681,0.8840070059585463
2014-10-28,0.6809947384371432,0.8794669407927996,0.7802308396149714
2014-10-29,1.1978138219177967,1.0659197760236985,1.1318667989707476
2014-10-30,1.0569033328833402,1.338748823084321,1.1978260779838306
2014-10-31,0.7120346533333014,0.597346302057083,0.6546904776951922
2014-11-03,0.5356993283116006,0.8460509716130064,0.6908751499623035
2014-11-04,1.1932315946315513,0.8512817029954594,1.0222566488135052
2014-11-05,0.7109184722767957,0.9953980757395485,0.8531582740081721
2014-11-06,1.153524618421053,1.412133917058937,1.282829267739995
2014-11-07,0.7148958205127998,0.7375818974844834,0.7262388589986416
2014-11-10,0.6577244146595665,0.8029457777139251,0.7303350961867459
2014-11-11,0.7933658449104065,1.1004860084969748,0.9469259267036907
2014-11-12,0.737143219512051,1.1062045117705237,0.9216738656412873
2014-11-13,1.3230600731707038,1.3407032543368202,1.331881663753762
2014-11-14,0.5188785706506673,0.5189844616285153,0.5189315161395913
2014-11-17,0.772987567208682,0.7275868878003846,0.7502872275045334
2014-11-18,0.8375110975609729,0.8318645367372781,0.8346878171491254
2014-11-19,1.0827711097560924,0.9683901702470806,1.0255806400015866
2014-11-20,1.535449817073165,1.186966622595248,1.3612082198342064
2014-11-21,1.1199047924794556,0.745087165122698,0.9324959788010768
2014-11-24,0.6791937973713116,0.9219640780968902,0.8005789377341008
2014-11-25,0.9599282435890305,0.7454518505745391,0.8526900470817849
2014-11-26,0.994593628205119,1.0455943812979938,1.0200940047515563
2014-11-28,0.7272226363636133,0.659530831765458,0.6933767340645356
2014-12-01,0.7289354665555421,0.5797348095573738,0.6543351380564579
2014-12-02,0.7221485314902669,0.9583746167747386,0.8402615741325028
2014-12-03,0.7516118042092429,0.9413780281411027,0.8464949161751728
2014-12-04,0.767769512832474,1.274592063309473,1.0211807880709736
2014-12-05,0.6968901069897938,1.0068598747551298,0.8518749908724619
2014-12-08,0.9032503996108413,0.6809431298984013,0.7920967647546213
2014-12-09,0.8852736759849171,0.9200507019156479,0.9026621889502825
2014-12-10,0.9399365023723911,1.4821258439979808,1.211031173185186
2014-12-11,1.1739375075626712,2.1068868588902054,1.6404121832264384
2014-12-12,0.7549572168674608,0.6294406306465963,0.6921989237570285
2014-12-15,0.7649427238753758,0.7995069224776946,0.7822248231765352
2014-12-16,1.1152050602409376,1.050457190621214,1.0828311254310758
2014-12-17,1.0727616746990851,0.9885916341521487,1.030676654425617
2014-12-18,1.3267486265070496,1.2477600824466826,1.287254354476866
2014-12-19,1.3498294854226383,0.8474064806226468,1.0986179830226426
2014-12-22,0.9986537575698412,0.9192618849606712,0.9589578212652562
2014-12-23,0.9403764487179499,0.7429334763500565,0.8416549625340032
2014-12-24,1.0609327178605599,1.4413409724633541,1.2511368451619571
2014-12-26,0.6521390384615342,0.4731344203850754,0.5626367294233048
2014-12-29,0.6640675682785407,1.0405040338911935,0.8522858010848671
2014-12-30,0.8978589726125097,1.1453093476264662,1.021584160119488
2014-12-31,0.8706348330409978,0.7203961266131815,0.7955154798270896
2015-01-02,0.6390246923037731,0.7096148558235171,0.6743197740636451
2015-01-05,0.8602150888882205,1.0737676290004006,0.9669913589443105
2015-01-06,1.023222343509963,0.9737125028897086,0.9984674231998358
2015-01-07,0.90413302222846,1.1782172839383986,1.0411751530834294
2015-01-08,1.3816154510511185,1.4692542166716487,1.4254348338613836
2015-01-09,0.7532128239202335,0.9821007451223046,0.867656784521269
2015-01-12,0.7382915525399288,0.8563066332014407,0.7972990928706848
2015-01-13,0.9204111294117405,0.8585972419775367,0.8895041856946386
2015-01-14,0.748033865117862,0.8372343568636255,0.7926341109907438
2015-01-15,1.021240802197804,0.8500400298677151,0.9356404160327596
2015-01-16,1.0804202045164042,1.145031230274432,1.1127257173954181
2015-01-20,0.8824896693266009,1.252237923879399,1.0673637966029998
2015-01-21,0.8883446658074957,0.6763954707249296,0.7823700682662127
2015-01-22,1.0579131936455188,1.2035349374002766,1.1307240655228976
2015-01-23,0.7511789599999782,0.9916506896001493,0.8714148248000637
2015-01-26,1.034997657894728,0.8309483003640085,0.9329729791293682
2015-01-27,0.9389684342105098,1.236914650688068,1.0879415424492889
2015-01-28,1.1180227894734116,0.9757782057177569,1.0469004975955842
2015-01-29,1.5556280122209205,1.432370903415348,1.4939994578181341
2015-01-30,0.7860800526315703,0.2643204470859187,0.5252002498587445
2015-02-02,0.8883239294586838,0.9476368628876469,0.9179803961731654
2015-02-03,0.7655017408602399,0.8760502279011465,0.8207759843806932
2015-02-04,1.1911844868420882,0.8723910399974235,1.0317877634197559
2015-02-05,1.0447727820412898,1.1749373685838276,1.1098550753125587
2015-02-06,0.7130173086419557,0.4030117000156292,0.5580145043287924
2015-02-09,0.8529293950617153,1.1164566139225631,0.9846930044921391
2015-02-10,0.9105624197530899,0.9262287098095522,0.9183955647813211
2015-02-11,0.9703049989462568,0.9913992588247122,0.9808521288854846
2015-02-12,1.2367491565197373,1.4158125986903936,1.3262808776050654
2015-02-13,0.5456761870392017,0.5940167055610746,0.5698464463001381
2015-02-17,0.5994819932525947,0.8565589879291837,0.7280204905908891
2015-02-18,1.0645745949381538,0.9941478558743916,1.0293612254062727
2015-02-19,1.2742303328868418,0.853098940748391,1.0636646368176164
2015-02-20,0.740126000000001,0.6645949385609204,0.7023604692804607
2015-02-23,0.71418316878362,0.801410101580942,0.7577966351822809
2015-02-24,0.7891562501279251,0.8273702534811233,0.8082632518045242
2015-02-25,1.025495394736824,1.0190878934962169,1.0222916441165204
2015-02-26,1.183105276315764,0.9215811926055067,1.0523432344606354
2015-02-27,0.6785500897435919,0.560175966958659,0.6193630283511254
2015-03-02,0.6669397352829454,0.8104794250805814,0.7387095801817634
2015-03-03,0.7841823133643286,0.63197610328905,0.7080792083266894
2015-03-04,1.000944407200989,1.0039330171999628,1.0024387122004759
2015-03-05,1.1284859359008348,0.9573974443357054,1.04294169011827
2015-03-06,0.7737427160493631,0.4997137387887957,0.6367282274190794
2015-03-09,0.7085878610776694,0.7408757773685769,0.7247318192231231
2015-03-10,1.0683717777777657,1.353742631376081,1.2110572045769232
2015-03-11,0.983392827160484,0.9667916418977985,0.9750922345291413
2015-03-12,0.8311025044935909,1.440792642411654,1.1359475734526225
2015-03-13,0.6997664073903749,0.5968954342079401,0.6483309207991574
2015-03-16,0.6993037822570717,0.7471429603856641,0.7232233713213678
2015-03-17,0.8761473995498009,0.8800850913105693,0.8781162454301852
2015-03-18,1.268944209876546,1.1072973016344383,1.188120755755492
2015-03-19,0.9921925416665683,0.7689325036822419,0.8805625226744052
2015-03-20,0.6051181341465325,0.6423634467000395,0.623740790423286
2015-03-23,0.9481144615384571,1.0973291655246875,1.0227218135315723
2015-03-24,0.9799849230768921,1.2479833555375668,1.1139841393072294
2015-03-25,1.2053144102564122,1.456656793062285,1.3309856016593486
2015-03-26,1.2489293856644186,1.4812991608643935,1.365114273264406
2015-03-27,0.7134828974201439,0.47378881212041485,0.5936358547702794
2015-03-30,0.7599200512820374,0.6928008201220717,0.7263604357020546
2015-03-31,1.076350871794871,1.0874276098265108,1.0818892408106908
2015-04-01,1.3461792692307035,1.3538799349899888,1.3500296021103462
2015-04-02,0.6097939743589751,0.6917749270565533,0.6507844507077643
2015-04-06,0.6268380446701866,0.8607638779141555,0.743800961292171
2015-04-07,1.0287689506173021,1.353648987564484,1.191208969090893
2015-04-08,0.8797401604938372,1.3756628784779357,1.1277015194858864
2015-04-09,0.842229346709571,1.419857019570072,1.1310431831398216
2015-04-10,0.6768283456790228,0.5661477811412903,0.6214880634101565
2015-04-13,0.6383441178774864,0.7206639385555117,0.679504028216499
2015-04-14,0.7877639753028911,0.8399536809130564,0.8138588281079737
2015-04-15,1.0772154444444313,1.0020087410676248,1.0396120927560282
2015-04-16,0.8491095358583685,1.006396728148079,0.9277531320032237
2015-04-17,0.7375136153846195,0.7319322531982895,0.7347229342914545
2015-04-20,0.8463192179487107,0.8613618070953678,0.8538405125220392
2015-04-21,1.0085335000038138,1.2620955749118703,1.135314537457842
2015-04-22,0.7516048661709417,0.9318972701337978,0.8417510681523697
2015-04-23,1.0111371963911144,1.1981831650102037,1.104660180700659
2015-04-24,0.7050092564102229,0.6327993048794714,0.6689042806448472
2015-04-27,0.9342353717948668,1.2305379296791823,1.0823866507370246
2015-04-28,0.6159873460551761,0.9812832473588963,0.7986352967070363
2015-04-29,1.1112667511271381,0.9671832343623856,1.0392249927447619
2015-04-30,1.3389177692305598,2.0152272129993074,1.6770724911149335
2015-05-01,0.7354595609755933,0.6703447537553995,0.7029021573654963
2015-05-04,0.695046703160347,1.0579630141297685,0.8765048586450577
2015-05-05,0.9330474182703296,1.4071590052954788,1.1701032117829042
2015-05-06,0.9474481434145143,1.6023759298668931,1.2749120366407038
2015-05-07,1.167310023359637,1.8445295746522428,1.5059197990059399
2015-05-08,0.7572714815160925,0.7448122776002224,0.7510418795581575
2015-05-11,0.8467753086474378,0.8092362559697157,0.8280057823085767
2015-05-12,0.7448151582055157,0.7609944651147873,0.7529048116601516
2015-05-13,1.088143061737783,0.8836887280441537,0.9859158948909683
2015-05-14,1.4198300370371169,1.091649087967975,1.255739562502546
2015-05-15,0.7423103157817542,0.7587269592778146,0.7505186375297844
2015-05-18,0.5482647240422795,0.7258406937664658,0.6370527089043727
2015-05-19,0.7791147452816756,1.1046239042329653,0.9418693247573204
2015-05-20,1.0272283481405964,1.7326149339789891,1.3799216410597928
2015-05-21,1.2396593761856718,1.041607840746559,1.1406336084661155
2015-05-22,0.6297062307693696,0.662861561997891,0.6462838963836304
2015-05-26,0.7817246810250585,1.1365726580531637,0.9591486695391112
2015-05-27,0.8943991776654178,0.786118132627677,0.8402586551465474
2015-05-28,0.7998010769121879,1.1681819123424535,0.9839914946273207
2015-05-29,0.6534530384615302,0.7348750171500414,0.6941640278057859
2015-06-01,0.6665728334752881,0.9770286287433779,0.8218007311093329
2015-06-02,0.9042309230769293,0.6393024880666541,0.7717667055717917
2015-06-03,0.8563648974358704,0.6866256451860939,0.7714952713109822
2015-06-04,1.3703192077921282,1.5469870155231182,1.4586531116576231
2015-06-05,0.6916353374999703,0.5836518123238312,0.6376435749119007
2015-06-08,0.6914345834236031,1.3618330885592336,1.0266338359914182
2015-06-09,0.6774346952170038,0.8028679793703848,0.7401513372936943
2015-06-10,0.7603707857106664,1.346086351046301,1.0532285683784837
2015-06-11,0.888192889121729,1.364185000414699,1.1261889447682139
2015-06-12,0.6776358499998498,0.5943382936242254,0.6359870718120376
2015-06-15,0.6624192250020122,0.7389437748382403,0.7006814999201263
2015-06-16,0.7271160735581986,0.8492176162666837,0.7881668449124412
2015-06-17,1.1748099375003536,1.1710608892751704,1.172935413387762
2015-06-18,0.9596375225779428,1.1723819730129432,1.066009747795443
2015-06-19,0.8097361666666506,0.6162525146345579,0.7129943406506043
2015-06-22,0.7467802179487182,0.9165355112563893,0.8316578646025538
2015-06-23,0.8531712320250131,0.9370103441648843,0.8950907880949487
2015-06-24,1.1915258461538432,1.5289228204589933,1.3602243333064181
2015-06-25,1.5014270675675583,1.9711824214496438,1.736304744508601
2015-06-26,0.6132914102563947,0.5841376971094452,0.5987145536829199
2015-06-29,1.0502088076924763,1.288735527089119,1.1694721673907975
2015-06-30,1.1187347564102512,1.2671687063248982,1.1929517313675748
2015-07-01,1.164287623625835,1.1783405673914142,1.1713140955086248
2015-07-02,0.6422004615384166,0.9214223913050049,0.7818114264217108
2015-07-06,0.6461665300112462,0.7584509783710822,0.7023087541911642
2015-07-07,0.648751592156493,0.9235847424127925,0.7861681672846428
2015-07-08,1.0474108518518401,1.437027539263674,1.242219195557757
2015-07-09,1.5250946824854492,1.7810731049369484,1.653083893711199
2015-07-10,0.6886242317072904,0.52533868635232,0.6069814590298052
2015-07-13,0.8299868319022851,0.9090935881490163,0.8695402100256506
2015-07-14,0.6793508531095793,0.7869272424580555,0.7331390477838173
2015-07-15,0.9360112195128371,0.9192970979811582,0.9276541587469976
2015-07-16,1.7477430244358285,1.3247133801091275,1.536228202272478
2015-07-17,0.5218366493506273,0.5755781077389337,0.5487073785447805
2015-07-20,0.5868459329584885,0.5577352245429241,0.5722905787507063
2015-07-21,0.8381304805184941,0.8172877224341183,0.8277091014763063
2015-07-22,0.9761970129869929,0.9636883487545318,0.9699426808707623
2015-07-23,1.2309232207792156,0.7784012581622798,1.0046622394707476
2015-07-24,0.6922749350649278,0.44719943929193895,0.5697371871784334
2015-07-27,0.8205653451480089,0.8640300887500767,0.8422977169490429
2015-07-28,0.7369436468179663,0.7085055863649167,0.7227246165914415
2015-07-29,0.859133652122333,1.40209678116287,1.1306152166426013
2015-07-30,1.1831632857142886,1.2901648265279009,1.2366640561210946
2015-07-31,0.6338343974358888,0.49783240007741,0.5658333987566494
2015-08-03,0.712873140620372,0.7250572090282801,0.718965174824326
2015-08-04,0.886507197985272,0.9532689699708067,0.9198880839780393
2015-08-05,0.9291447567401853,0.7936768814102778,0.8614108190752315
2015-08-06,1.2899208243243059,2.0305073711229635,1.6602140977236348
2015-08-07,0.7229725365870856,0.6318638384696305,0.677418187528358
2015-08-10,0.8420750365853594,0.844885810290276,0.8434804234378177
2015-08-11,0.9320020609755986,0.7467385856655856,0.839370323320592
2015-08-12,0.8102869885871948,1.1653579809363517,0.9878224847617733
2015-08-13,1.0743662447025497,1.4481997236722948,1.2612829841874222
2015-08-14,0.7539234146341145,0.7458639693643784,0.7498936919992465
2015-08-17,0.7993040036111064,0.8586346395030696,0.828969321557088
2015-08-18,0.9396747317072935,0.7550934829335282,0.8473841073204109
2015-08-19,0.9517287024849238,1.0554386699280167,1.0035836862064702
2015-08-20,1.5442669358974253,0.9713564013281364,1.257811668612781
2015-08-21,0.9156225584415396,0.9422912858545293,0.9289569221480345
2015-08-24,1.0357564935064811,1.2166592651530643,1.1262078793297727
2015-08-25,1.2826518831168625,1.2714573178436783,1.2770546004802705
2015-08-26,1.3365741688346253,1.4473497363399221,1.3919619525872737
2015-08-27,1.2503492629959345,1.759771705859065,1.5050604844274997
2015-08-28,0.7668824303797199,0.7418497113803306,0.7543660708800253
2015-08-31,1.056033113924015,1.2793959260152956,1.1677145199696555
2015-09-01,1.1827647088607673,1.0071557523994898,1.0949602306301287
2015-09-02,1.3140161392404845,1.023010696283724,1.1685134177621044
2015-09-03,1.566231121951201,1.6017651351363718,1.5839981285437865
2015-09-04,0.7736100361445764,0.5922058132262349,0.6829079246854056
2015-09-08,0.9192756934814517,1.242797990253183,1.0810368418673173
2015-09-09,1.355198204819267,1.6249057805176803,1.4900519926684737
2015-09-10,1.5906801395018553,1.9943349499710763,1.7925075447364658
2015-09-11,0.7946673878356758,0.7320635637311856,0.7633654757834307
2015-09-14,1.0025696999999953,0.7753077104044694,0.8889387052022324
2015-09-15,0.8640000911204014,1.0530991852697436,0.9585496381950724
2015-09-16,1.246695224006401,1.2192559082930354,1.2329755661497184
2015-09-17,1.359404472222227,1.6916808801203664,1.5255426761712967
2015-09-18,0.9053325822784957,0.614036899465116,0.7596847408718058
2015-09-21,0.8909139721099709,0.8937356292934575,0.8923248007017142
2015-09-22,0.9201868227848027,0.958610854233709,0.9393988385092558
2015-09-23,1.2952392658227785,1.119949058848146,1.2075941623354622
2015-09-24,1.2264092839813092,1.4319370103082347,1.3291731471447719
2015-09-25,0.6797661499999743,0.6332178722284865,0.6564920111142304
2015-09-28,1.0875911999999959,1.2193262272927101,1.153458713646353
2015-09-29,0.862660297464697,0.8572832065837268,0.8599717520242118
2015-09-30,1.0468738237804005,1.0764148284506323,1.0616443261155164
2015-10-01,1.7405480374999556,1.2933565387226293,1.5169522881112925
2015-10-02,0.7214357047753425,0.7363680572307223,0.7289018810030323
2015-10-05,0.9240940887628584,0.927571022224805,0.9258325554938317
2015-10-06,0.979283440476198,1.201726898428846,1.090505169452522
2015-10-07,1.2191702261904669,1.0890887884356872,1.154129507313077
2015-10-08,1.1588265433604656,1.6005324936692464,1.379679518514856
2015-10-09,0.8284298588252801,0.5297965795691836,0.6791132191972318
2015-10-12,0.9277061058740715,0.8667881192922535,0.8972471125831625
2015-10-13,1.2407246117646953,0.8725796773964833,1.0566521445805894
2015-10-14,1.4090512705882203,0.98284281750007,1.195947044044145
2015-10-15,2.2840495999999684,1.5114461319419294,1.897747865970949
2015-10-16,0.7689375569620369,0.7133442458086504,0.7411409013853436
2015-10-19,0.7748336835443359,0.8935697271060037,0.8342017053251698
2015-10-20,0.7359122055412951,0.9883070403650227,0.8621096229531588
2015-10-21,1.3403724810126467,1.5767953136549866,1.4585838973338165
2015-10-22,1.41591519999939,1.639905287200929,1.5279102436001595
2015-10-23,0.8823850123456869,0.7334922802683075,0.8079386463069972
2015-10-26,0.8482563912210689,0.7392545563992625,0.7937554738101658
2015-10-27,0.8263066908500702,0.8870213326052963,0.8566640117276833
2015-10-28,0.6582932768625827,1.3052063717430458,0.9817498243028142
2015-10-29,1.4565442195121743,1.4344861347769644,1.4455151771445693
2015-10-30,0.8287477349397357,0.5649586565972973,0.6968531957685165
2015-11-02,0.7240783644034887,1.120469696591489,0.9222740304974889
2015-11-03,0.6424127507290791,1.025778146755013,0.8340954487420461
2015-11-04,1.1811565421532109,1.220329794263264,1.2007431682082375
2015-11-05,1.6071287857142895,1.5649434384645469,1.5860361120894182
2015-11-06,0.7457358117646834,0.7036745062849166,0.7247051590247999
2015-11-09,0.7354951232082951,1.1987383377311631,0.9671167304697291
2015-11-10,0.8402991752523292,1.06698583329442,0.9536425042733746
2015-11-11,1.237604047058809,1.8505195557528797,1.5440618014058445
2015-11-12,1.4941536626506233,2.3095348768108774,1.9018442697307503
2015-11-13,0.8009859880952238,0.7718270378945009,0.7864065129948623
2015-11-16,1.1036876190476137,1.0833158037723107,1.0935017114099623
2015-11-17,1.092736047619032,1.2578272335893572,1.1752816406041946
2015-11-18,0.8434768062433604,1.2646804286293718,1.054078617436366
2015-11-19,1.3921838046724189,1.3708024703104016,1.3814931374914101
2015-11-20,0.6857977777777723,0.6355484751168224,0.6606731264472974
2015-11-23,0.8351865332977657,0.6564944312133428,0.7458404822555542
2015-11-24,0.5893010043573215,1.006065061015844,0.7976830326865827
2015-11-25,0.8362065448296182,1.158923380998232,0.9975649629139252
2015-11-27,0.7801446962079817,0.6628886682066599,0.7215166822073208
2015-11-30,0.8294502023375853,1.0515249944652905,0.9404875984014378
2015-12-01,0.7607868064768737,1.0745680705820624,0.917677438529468
2015-12-02,0.8913939148685782,1.720782646626639,1.3060882807476086
2015-12-03,1.5108743670868081,2.1471609126899396,1.8290176398883737
2015-12-04,1.1112308902438928,0.7493033789140249,0.9302671345789588
2015-12-07,0.7528001307112532,1.2798918794534535,1.0163460050823534
2015-12-08,1.0092872073170571,1.234881398178216,1.1220843027476366
2015-12-09,1.2212328780486819,1.4390592040172168,1.3301460410329493
2015-12-10,1.279981633333315,0.6987937042503289,0.9893876687918219
2015-12-11,0.850606123456757,0.6557227591925815,0.7531644413246692
2015-12-14,0.7682413440214995,0.8841860778468617,0.8262137109341805
2015-12-15,0.9690230936102768,0.9891698683634603,0.9790964809868685
2015-12-16,1.4653239259259327,1.409810088242375,1.4375670070841537
2015-12-17,1.2798248644149692,0.8897914475498933,1.0848081559824312
2015-12-18,0.9503093376623398,0.5854923438785155,0.7679008407704276
2015-12-21,1.219721461315591,0.8371423415082824,1.0284319014119365
2015-12-22,1.1999538311871596,1.0500387564162155,1.1249962938016875
2015-12-23,1.2748022266202688,1.3013133534641919,1.2880577900422303
2015-12-24,0.7399443846153735,0.7061491128283262,0.7230467487218498
2015-12-28,0.7238441026769974,0.829709086208047,0.7767765944425222
2015-12-29,0.8263350955535791,0.747310864072472,0.7868229798130255
2015-12-30,1.3813028701298704,1.7024361091221754,1.541869489626023
2015-12-31,0.8930985897435966,1.2432493562207128,1.0681739729821547
2016-01-04,0.9108170476178646,0.8789480358868186,0.8948825417523416
2016-01-05,0.8109066980017642,0.851918967173391,0.8314128325875776
2016-01-06,1.0265693926327126,1.094182236275516,1.0603758144541144
2016-01-07,1.6522411084337267,1.567921160463943,1.6100811344488348
2016-01-08,0.8920606428571354,0.3034556340525121,0.5977581384548237
2016-01-11,0.9327692142856778,1.1483982850037289,1.0405837496447035
2016-01-12,0.9812048324102869,1.0500334676316172,1.0156191500209522
2016-01-13,1.4492037380952187,1.3622472341627128,1.4057254861289659
2016-01-14,1.5082993381250196,1.2553183498171196,1.3818088439710696
2016-01-15,0.8928992051281921,0.7897888230086851,0.8413440140684386
2016-01-19,1.1342290256410157,1.120681461183793,1.1274552434124043
2016-01-20,1.281436717948718,1.3844156629363376,1.3329261904425278
2016-01-21,1.7115739873417575,1.478289117595872,1.5949315524688146
2016-01-22,0.7144237974683251,0.7128872686206179,0.7136555330444715
2016-01-25,1.1300512025316396,1.0740365495789255,1.1020438760552826
2016-01-26,1.1691920126582116,1.1891744651557714,1.1791832389069916
2016-01-27,1.425027405063263,1.3342912382211471,1.379659321642205
2016-01-28,1.5736976962025309,1.6034054785102594,1.5885515873563951
2016-01-29,0.891752103896077,0.7223233709522242,0.8070377374241506
2016-02-01,0.914719168827054,0.6045707823704805,0.7596449755987672
2016-02-02,1.1654283246753232,1.1210390233235004,1.1432336739994118
2016-02-03,1.2621593896103807,1.3986416867966316,1.3304005382035062
2016-02-04,1.7812339740259746,1.787691349667007,1.784462661846491
2016-02-05,0.856785175000009,0.6688011077938409,0.7627931413969249
2016-02-08,1.1727211499999701,0.9898851605105665,1.0813031552552683
2016-02-09,1.1964910749999753,1.0554409459660465,1.125966010483011
2016-02-10,1.4618523124999825,0.8325316041958111,1.147191958347897
2016-02-11,1.6408021756756554,1.4014468524372965,1.521124514056476
2016-02-12,1.0947854177215088,1.0336428199811174,1.064214118851313
2016-02-16,0.9476452026334684,0.9028156833287198,0.925230442981094
2016-02-17,1.293436907249962,1.035811025900572,1.1646239665752671
2016-02-18,1.5732501012658082,1.2191727341134904,1.3962114176896492
2016-02-19,0.7178912799999417,0.6979414037531991,0.7079163418765704
2016-02-22,0.7484176538869324,0.9108983028387214,0.8296579783628268
2016-02-23,1.0687969733333182,1.1555012992855926,1.1121491363094553
2016-02-24,1.0591331386979905,1.1657533089965737,1.1124432238472821
2016-02-25,1.1415440999484274,1.5651843384724093,1.3533642192104183
2016-02-26,0.7329996543861939,0.576025584546871,0.6545126194665325
2016-02-29,1.1985934155844062,1.6258900443472502,1.412241729965828
2016-03-01,0.8639377715375288,1.1157089901461719,0.9898233808418504
2016-03-02,1.085810363636381,1.3573025336870292,1.2215564486617052
2016-03-03,1.5781313896103795,1.6012830048271607,1.58970719721877
2016-03-04,0.7483257468204535,0.6949750401906002,0.7216503935055268
2016-03-07,0.7919103268841032,1.006243770812209,0.8990770488481561
2016-03-08,0.9979014289723904,1.3869677190007255,1.1924345739865578
2016-03-09,1.3240716506131929,1.4257043361092174,1.374887993361205
2016-03-10,1.4562912459091717,1.1697952693018996,1.3130432576055355
2016-03-11,0.8612576666664674,0.9168695535874708,0.8890636101269691
2016-03-14,0.9087305224848343,0.9656386320298564,0.9371845772573454
2016-03-15,1.3990926666666488,1.077537065529187,1.2383148660979177
2016-03-16,1.2581024172755222,1.181267523361141,1.2196849703183315
2016-03-17,1.350425278377489,1.4243643149190013,1.3873947966482452
2016-03-18,0.7620466734691949,0.8038212974324105,0.7829339854508026
2016-03-21,0.7279481693799312,0.8706457172797775,0.7992969433298543
2016-03-22,1.0676549951317313,1.0157373051175178,1.0416961501246247
2016-03-23,1.1900201687918857,1.1864589142300797,1.1882395415109825
2016-03-24,0.8527524918054105,0.7713617347728012,0.8120571132891059
2016-03-28,0.7716164139356312,0.6807241712176716,0.7261702925766513
2016-03-29,0.9160973029230441,1.134386959208261,1.0252421310656525
2016-03-30,0.9473119970271736,0.9176151556406407,0.9324635763339071
2016-03-31,1.3140635941691206,0.9635605486251636,1.1388120713971421
2016-04-01,0.7106009740261234,0.7097906629592355,0.7101958184926795
2016-04-04,0.6677769999937129,0.7296109972871125,0.6986939986404127
2016-04-05,0.8761540394736954,0.7490847919333128,0.812619415703504
2016-04-06,0.9068590644989961,1.0053302673078228,0.9560946659034095
2016-04-07,1.6150393772276193,1.4891170654245622,1.5520782213260906
2016-04-08,0.7060190641025473,0.6642020346208618,0.6851105493617046
2016-04-11,0.843961858973982,0.61623010782615,0.730095983400066
2016-04-12,0.6967177132301346,0.9772641459637257,0.8369909295969302
2016-04-13,1.033034932688792,1.1681578811439426,1.1005964069163672
2016-04-14,1.371580179486631,1.0711069238945221,1.2213435516905764
2016-04-15,0.7399432179487174,0.577858484615443,0.6589008512820802
2016-04-18,0.5799827331948262,0.8518956569007607,0.7159391950477935
2016-04-19,0.7188141619526687,0.9429084581736168,0.8308613100631428
2016-04-20,1.0084448589743757,1.0329589680293179,1.020701913501847
2016-04-21,1.198363493332991,1.8469697700065464,1.5226666316697686
2016-04-22,0.7147865875143719,0.596187173688247,0.6554868806013094
2016-04-25,0.7915430243903064,0.8343047768787291,0.8129239006345177
2016-04-26,0.49614148361140464,0.8733415039300487,0.6847414937707267
2016-04-27,0.9255158863659746,0.8914665894344916,0.9084912379002331
2016-04-28,1.2167589984577611,1.5314063825772852,1.3740826905175232
2016-04-29,0.7306302805842976,0.6892486568323668,0.7099394687083322
2016-05-02,0.7248897682925508,0.8369468833702308,0.7809183258313908
2016-05-03,0.7111395672878004,0.9153418561134361,0.8132407117006182
2016-05-04,0.9715516690819848,1.10625361289802,1.0389026409900024
2016-05-05,1.8569390632911322,1.6122585766072182,1.7345988199491753
2016-05-06,0.8358687926829336,0.7730302220878684,0.804449507385401
2016-05-09,0.8742222804855897,0.7837355304244209,0.8289789054550053
2016-05-10,0.7550121888515621,1.1028905946351466,0.9289513917433543
2016-05-11,1.334927975609748,2.0086734381342866,1.6718007068720173
2016-05-12,1.249954857348802,1.4770761509784325,1.363515504163617
2016-05-13,0.7828151829268146,0.652077846242099,0.7174465145844569
2016-05-16,0.9006209220157336,0.7947101644381298,0.8476655432269318
2016-05-17,1.130503158536568,0.8565951106563422,0.9935491345964551
2016-05-18,0.9311193469498232,1.2047858111003802,1.0679525790251017
2016-05-19,1.3136055522387582,1.244010103601649,1.2788078279202035
2016-05-20,0.7745935374999714,0.8211606351790259,0.7978770863394986
2016-05-23,0.8523225124999765,0.7617716534779031,0.8070470829889398
2016-05-24,0.7510009092032082,1.019925142409697,0.8854630258064525
2016-05-25,1.2065992574396032,1.0600669561247513,1.1333331067821772
2016-05-26,1.5115409370516126,1.3467392720751576,1.4291401045633851
2016-05-27,0.8934549358974296,0.7900755979701474,0.8417652669337885
2016-05-31,0.8467989487179369,0.9518545797857757,0.8993267642518563
2016-06-01,0.9461662435576221,1.3042104883142396,1.125188365935931
2016-06-02,1.4548004742947025,1.5014930813558187,1.4781467778252606
2016-06-03,0.7994565925925788,0.7400282159573995,0.7697424042749892
2016-06-06,0.6791009034552011,0.9701738355050095,0.8246373694801052
2016-06-07,1.1188374938269934,1.009139015436114,1.0639882546315538
2016-06-08,0.9283540797526558,1.2476232472951434,1.0879886635238996
2016-06-09,1.3459696586629035,1.4098596100623215,1.3779146343626125
2016-06-10,0.7825502592592712,0.5409858021136843,0.6617680306864777
2016-06-13,0.8929032222222076,0.7723497583063232,0.8326264902642655
2016-06-14,1.214266320987654,0.9710894208386438,1.0926778709131488
2016-06-15,1.2888280374999903,0.7429278571715277,1.0158779473357589
2016-06-16,1.5645134557057998,1.381312300748069,1.4729128782269343
2016-06-17,0.8133971186899419,0.6362550621487764,0.7248260904193591
2016-06-20,0.868866547797206,0.6937209289094336,0.7812937383533198
2016-06-21,0.7946951938775266,0.8907357219213671,0.8427154578994469
2016-06-22,1.2088333059598566,0.6967890142399241,0.9528111600998903
2016-06-23,1.2642192857229737,1.070586452262775,1.1674028689928744
2016-06-24,1.0187634838709554,0.723797343705985,0.8712804137884702
2016-06-27,1.1432950215052813,0.8417138276290048,0.992504424567143
2016-06-28,1.4255926774193433,1.1590170733634024,1.2923048753913728
2016-06-29,1.5260981612903257,1.349501169992281,1.4377996656413035
2016-06-30,1.8264389090909028,1.726471933993597,1.77645542154225
2016-07-01,0.7840699125000268,0.6975616154831144,0.7408157639915706
2016-07-05,0.9589935949367189,1.158561522882416,1.0587775589095674
2016-07-06,1.0136345250002647,1.050171148672414,1.0319028368363394
2016-07-07,1.5611057847870669,1.9028153521870266,1.7319605684870467
2016-07-08,0.8518296172839587,0.7277997393177935,0.7898146783008761
2016-07-11,0.8452249549786413,1.0612725863048555,0.9532487706417484
2016-07-12,0.9036519905565747,1.121683489540018,1.0126677400482964
2016-07-13,0.9402079631341099,0.9691543822969444,0.9546811727155271
2016-07-14,1.3789828323681386,0.8552154576480138,1.1170991450080763
2016-07-15,0.9147076578852014,0.8971351522321424,0.9059214050586719
2016-07-18,0.7158288279060613,0.6718686130031312,0.6938487204545962
2016-07-19,0.6693947573216674,0.8723881369507787,0.770891447136223
2016-07-20,1.372272223684222,1.4830897255091269,1.4276809745966745
2016-07-21,1.3145247432432263,1.886725187424325,1.6006249653337756
2016-07-22,0.7430263766233779,0.6543284071881628,0.6986773919057703
2016-07-25,0.828079813942351,0.9109410887827262,0.8695104513625386
2016-07-26,0.8395440781752446,0.8116662861541836,0.8256051821647141
2016-07-27,1.0972153519320862,1.2508328567615001,1.1740241043467932
2016-07-28,1.5166211038960609,1.6000857886974085,1.5583534462967346
2016-07-29,0.9755127341772067,0.6557778941154081,0.8156453141463074
2016-08-01,1.0557718860759144,0.9205014100400568,0.9881366480579856
2016-08-02,1.0196239620253043,1.329601994958333,1.1746129784918187
2016-08-03,0.8317602550621463,1.0732546757347787,0.9525074653984625
2016-08-04,1.7098931267751856,1.0264772867355294,1.3681852067553575
2016-08-05,0.6637093536585301,0.65103859501068,0.657373974334605
2016-08-08,0.7868745609484169,0.7823258770346686,0.7846002189915428
2016-08-09,0.7477184741996816,1.3208368944239282,1.034277684311805
2016-08-10,0.7058327976429967,0.8753480205015113,0.790590409072254
2016-08-11,0.9219924489405871,1.4590065956526157,1.1904995222966015
2016-08-12,0.6631041463410791,0.6898145832466113,0.6764593647938452
2016-08-15,0.8336025365852233,0.7987000531403248,0.816151294862774
2016-08-16,0.7799367806060551,0.917456440636424,0.8486966106212395
2016-08-17,1.098425341463403,1.1045749636286988,1.101500152546051
2016-08-18,1.2972357317080703,1.2523080748616426,1.2747719032848566
2016-08-19,0.5646246687314684,0.5711764805836346,0.5679005746575515
2016-08-22,0.6813742911392368,0.7105848218176907,0.6959795564784637
2016-08-23,0.7594684448242743,0.5534776608489432,0.6564730528366087
2016-08-24,1.0606270718016935,0.9766400379136034,1.0186335548576484
2016-08-25,1.0637044858265705,1.180598428567864,1.122151457197217
2016-08-26,0.5992052727273129,0.541579567997858,0.5703924203625854
2016-08-29,0.7077169052909611,0.5724709551942532,0.6400939302426072
2016-08-30,0.8585017662337354,0.8048173589945838,0.8316595626141596
2016-08-31,0.7635420296165744,0.8890932416117364,0.8263176356141554
2016-09-01,1.3216249177460735,1.0818642166416639,1.2017445671938687
2016-09-02,0.745144493826057,0.526042255808368,0.6355933748172125
2016-09-06,0.8311924852599605,0.862890944983156,0.8470417151215582
2016-09-07,0.653945594281749,0.9722860740561984,0.8131158341689737
2016-09-08,1.2515165432098645,1.1598287415285382,1.2056726423692012
2016-09-09,0.8293193580246884,1.0264049030987186,0.9278621305617034
2016-09-12,1.0391143827160163,0.8934410319829281,0.9662777073494722
2016-09-13,1.190653851851857,0.91294702012062,1.0518004359862385
2016-09-14,1.178693546666673,0.879338185057584,1.0290158658621285
2016-09-15,1.7654558607586777,1.4390045433847118,1.6022302020716948
2016-09-16,1.4013617500000095,1.34407313333331,1.3727174416666599
2016-09-19,2.1712439999999877,2.1712439999999837,2.1712439999999855
2016-09-20,2.1712439999999877,2.17124399999999,2.171243999999989
2016-09-21,1.1482720156846993,1.785648690140789,1.4669603529127442
2016-09-22,0.645496154929618,0.6383881102088268,0.6419421325692224
2016-09-23,0.440817472706577,0.3293117503445067,0.38506461152554183
2016-09-26,0.767799782608702,0.6097039202123061,0.688751851410504
2016-09-27,1.1862978695651802,1.0818506849806995,1.1340742772729397
2016-09-28,0.6908886199157039,0.4024021768086029,0.5466453983621534
2016-09-29,1.1396560686274362,0.7066894894135572,0.9231727790204967
2016-09-30,0.5331832520943063,0.49599560453650954,0.5145894283154079
2016-10-03,1.283001874981864,1.1719266067272163,1.2274642408545402
2016-10-04,1.5099068235294106,1.3735993993484237,1.441753111438917
2016-10-05,1.684353477941528,1.6192217426476057,1.6517876102945668
2016-10-06,1.8001540681818249,1.6388946516639031,1.719524359922864
2016-10-07,0.5636349765363706,0.5700490270266448,0.5668420017815077
2016-10-10,1.1040934537814937,0.9447174443819788,1.0244054490817363
2016-10-11,0.9331647479674235,0.9129272996212304,0.923046023794327
2016-10-12,0.9197168861788235,0.8089392772365996,0.8643280817077116
2016-10-13,1.2382105294787265,1.066157832227258,1.1521841808529922
2016-10-14,0.914232199999995,0.8359608431701433,0.8750965215850692
2016-10-17,1.4471312869564534,1.0075008860641044,1.227316086510279
2016-10-18,1.0710008778232276,0.8031630123931176,0.9370819451081727
2016-10-19,1.3998324257481451,1.2243368945604411,1.312084660154293
2016-10-20,1.409904297998581,1.0896374731736564,1.2497708855861187
2016-10-21,0.8867837173278028,0.9230537604168237,0.9049187388723132
2016-10-24,1.3252396979166436,1.0043299472912015,1.1647848226039226
2016-10-25,1.1494581354196387,1.362095895834886,1.2557770156272623
2016-10-26,1.7627338854166539,1.3022991471964587,1.5325165163065564
2016-10-27,1.3481909396799185,1.0190953775856648,1.1836431586327918
2016-10-28,1.0280129305555328,0.8149642744274472,0.92148860249149
2016-10-31,1.2767552499999817,1.3990698055555595,1.3379125277777706
2016-11-01,1.4223146666666606,1.7034483750000122,1.5628815208333364
2016-11-02,1.7636310972222249,1.6245646056337961,1.6940978514280105
2016-11-03,1.772648986111098,2.15831447297295,1.965481729542024
2016-11-04,0.9179538829787082,0.5954577312105334,0.7567058070946208
2016-11-07,1.345977861704107,1.0266834566079717,1.1863306591560394
2016-11-08,1.0421816162735806,0.9091768750297313,0.975679245651656
2016-11-09,1.6279912659574205,1.4849463804345022,1.5564688231959614
2016-11-10,1.6135468604651175,1.6746777608695416,1.6441123106673294
2016-11-11,0.9561175446160445,1.078333677419344,1.0172256110176943
2016-11-14,0.8210378494510365,0.9399580736708087,0.8804979615609226
2016-11-15,1.0000988816360865,1.1352497276911013,1.067674304663594
2016-11-16,1.1150314941175923,1.0558078981985997,1.085419696158096
2016-11-17,1.5765225754870575,1.392715285714655,1.4846189306008561
2016-11-18,0.7075128857142942,0.7889574927536457,0.7482351892339699
2016-11-21,0.8229174856804912,0.850083635496658,0.8365005605885746
2016-11-22,1.2531267000000017,1.4358184428567546,1.344472571428378
2016-11-23,1.4418923028605422,1.2622379983384828,1.3520651505995125
2016-11-25,0.8091809934768783,0.8602269450347008,0.8347039692557896
2016-11-28,1.085906957142853,1.1659072000030033,1.1259070785729282
2016-11-29,1.155679757142859,1.1746014197718926,1.1651405884573758
2016-11-30,1.318479314286421,1.3168395571428442,1.3176594357146327
2016-12-01,1.0284341971382533,1.4873826285714167,1.257908412854835
2016-12-02,0.7942156554257365,1.0035940471656408,0.8989048512956886
2016-12-05,0.9584266797316344,0.8629821415094752,0.9107044106205548
2016-12-06,0.9104410094311101,1.0195830251238607,0.9650120172774854
2016-12-07,1.0555507547169836,1.186970382382034,1.1212605685495087
2016-12-08,1.4416074230769245,1.138533356440938,1.2900703897589312
2016-12-09,0.6162365296567833,0.8652333893805342,0.7407349595186588
2016-12-12,1.0070699203873419,1.178174259332795,1.0926220898600685
2016-12-13,1.45346844247038,1.125361460579011,1.2894149515246955
2016-12-14,0.9556747347629532,0.9393120468116318,0.9474933907872924
2016-12-15,1.5542117900545447,1.4142663966099491,1.484239093332247
2016-12-16,0.9596935056179545,0.5968252527124495,0.7782593791652019
2016-12-19,1.074588835443018,1.0157330167779979,1.045160926110508
2016-12-20,1.1087226683280371,1.0694004654176494,1.0890615668728434
2016-12-21,1.2829450769645776,1.2045733056010013,1.2437591912827894
2016-12-22,1.6423899403804942,1.4016349883652834,1.5220124643728887
2016-12-23,1.014436204496981,0.9352795168539736,0.9748578606754773
2016-12-27,1.2074184831545167,1.3303219204541799,1.2688702018043483
2016-12-28,1.2567362954545536,1.1581278461136792,1.2074320707841164
2016-12-29,1.637265216887408,0.7951646329193685,1.2162149249033882
2016-12-30,0.9073748831168522,0.7636275849422383,0.8355012340295452
2017-01-03,1.0795852413794167,1.1724770519661936,1.1260311466728052
2017-01-04,0.9601877978816452,1.0802201687199116,1.0202039833007783
2017-01-05,1.6184862857142914,1.5608990389610389,1.589692662337665
2017-01-06,0.5746885594502795,0.49189140274360965,0.5332899810969446
2017-01-09,0.9807868703705301,1.0297680489870695,1.0052774596788
2017-01-10,1.029569028982288,1.3152629166620382,1.1724159728221633
2017-01-11,1.1418542915639218,1.3894323148157344,1.2656433031898282
2017-01-12,1.3946229722234331,1.5756343425925659,1.4851286574079996
2017-01-13,0.6482362117954242,0.4068349097951956,0.5275355607953099
2017-01-17,0.9453641300683,0.7885940206598359,0.8669790753640679
2017-01-18,1.397409868006655,1.132694765541792,1.2650523167742236
2017-01-19,1.1236340990070652,1.0087425530480392,1.0661883260275522
2017-01-20,0.4360889721836361,0.6028879305555636,0.5194884513695999
2017-01-23,0.6476796420491354,0.6187125972231678,0.6331961196361516
2017-01-24,0.7469872219688913,0.805789361119122,0.7763882915440067
2017-01-25,0.9228066387752657,0.845161283734615,0.8839839612549403
2017-01-26,0.94639338694298,1.262053902777772,1.104223644860376
2017-01-27,0.6043328493150596,0.5358114834645272,0.5700721663897934
2017-01-30,0.6146541469566223,0.9068875616438253,0.7607708543002238
2017-01-31,0.7233937906354463,0.6143195068476046,0.6688566487415255
2017-02-01,0.8994255922548141,0.9040868334937169,0.9017562128742656
2017-02-02,0.8672145803660476,1.3735360136986166,1.1203752970323322
2017-02-03,0.6168455742024125,0.683514924999999,0.6501802496012057
2017-02-06,0.8185737875904102,0.8670398625000872,0.8428068250452487
2017-02-07,0.906760350000007,0.9986178680363024,0.9526891090181546
2017-02-08,0.9943734000000057,1.0868127499999993,1.0405930750000025
2017-02-09,1.102237060610547,1.3787752020275448,1.2405061313190457
2017-02-10,0.6621251392405074,0.6454002531645803,0.6537626962025438
2017-02-13,0.7925869356884354,0.8990240379746944,0.845805486831565
2017-02-14,1.0975505316387544,1.0417602658227818,1.069655398730768
2017-02-15,1.542641481011876,1.2944204324324327,1.4185309567221545
2017-02-16,1.2228037042652566,1.681818999999985,1.4523113521326207
2017-02-17,0.853081219181277,0.8095429999999797,0.8313121095906284
2017-02-21,1.183500739726022,0.9273175205479364,1.0554091301369792
2017-02-22,1.4885935890410895,1.2110401643837956,1.3498168767124425
2017-02-23,1.1749388368462914,1.4695967915502333,1.3222678141982622
2017-02-24,0.6262330547945242,0.6147771780821636,0.6205051164383439
2017-02-27,1.0124923150684886,0.904789657534822,0.9586409863016553
2017-02-28,1.0359838508008123,1.1188994931506764,1.0774416719757443
2017-03-01,1.3005737123287473,1.2699630273972593,1.2852683698630032
2017-03-02,1.5310525000000001,1.0713821023926926,1.3012173011963464
2017-03-03,0.6186868310070504,0.5742578538955619,0.5964723424513061
2017-03-06,0.8576847737114891,0.9666524711532543,0.9121686224323717
2017-03-07,0.7972034629429842,0.8085176736412417,0.8028605682921129
2017-03-08,1.176756676554712,1.8106486606711774,1.4937026686129447
2017-03-09,1.3487575430402108,1.212445158415911,1.280601350728061
2017-03-10,0.6014981922805933,0.4950782692487623,0.5482882307646778
2017-03-13,0.750176548077201,1.0569318058252337,0.9035541769512174
2017-03-14,0.9700392540923872,0.9334463284613768,0.951742791276882
2017-03-15,1.1086974085871566,1.102148362722114,1.1054228856546353
2017-03-16,1.1095412244895013,1.0952663113208034,1.1024037679051524
2017-03-17,1.0237931875000057,0.7627323647433388,0.8932627761216723
2017-03-20,0.9045101021833943,0.8034952812165008,0.8540026916999476
2017-03-21,0.98392082543457,0.7570537162616258,0.870487270848098
2017-03-22,0.958190678410385,0.8967576952453582,0.9274741868278715
2017-03-23,2.11140826417484,2.155409484366447,2.1334088742706436
2017-03-24,0.725911253968258,0.5221137900887143,0.6240125220284861
2017-03-27,0.8952646710948029,0.8618993809523806,0.8785820260235917
2017-03-28,1.0044522714181614,1.2113774285714396,1.1079148499948004
2017-03-29,1.2187682857140385,1.1107952698412606,1.1647817777776495
2017-03-30,0.7694377710546465,0.8105623395860999,0.7900000553203732
2017-03-31,0.735111583333311,0.5848513611126288,0.6599814722229699
2017-04-03,1.1188136388888819,1.0651313472192745,1.0919724930540782
2017-04-04,1.2732710972223007,1.066712263888864,1.1699916805555823
2017-04-05,1.411836388888875,1.1607293055618317,1.2862828472253534
2017-04-06,1.0645411700225684,1.584155166666674,1.3243481683446212
2017-04-07,0.7165345038272602,0.8339346984500512,0.7752346011386557
2017-04-10,0.8959297142856841,0.9019530259731964,0.8989413701294402
2017-04-11,1.459366207915351,1.2420360389610194,1.3507011234381854
2017-04-12,1.2451402207792424,1.3037094675323806,1.2744248441558115
2017-04-13,0.8503620731707344,0.8005366341463672,0.8254493536585508
2017-04-17,0.8911371897727082,0.9304284935064803,0.9107828416395942
2017-04-18,1.228744298701299,1.0180257288303407,1.12338501376582
2017-04-19,1.291253597402612,0.9303164648437988,1.1107850311232055
2017-04-20,1.5406189209294523,1.4993868071510803,1.5200028640402663
2017-04-21,0.8606474927536264,0.6677390434783717,0.7641932681159991
2017-04-24,0.9149811449210766,0.8110818567282857,0.8630315008246812
2017-04-25,1.0441466521738911,1.2183323623188809,1.1312395072463861
2017-04-26,1.0543776086955812,1.3164198087320709,1.185398708713826
2017-04-27,1.1020813768115691,1.317872054075321,1.209976715443445
2017-04-28,0.7716023437499809,0.7595791251001184,0.7655907344250497
2017-05-01,0.9212653437499886,0.9909788281249736,0.956122085937481
2017-05-02,0.9300448166126208,1.012652718749986,0.9713487676813035
2017-05-03,1.1848145312510125,1.2046519062499925,1.1947332187505024
2017-05-04,1.1601011875006428,1.0817814999999746,1.1209413437503088
2017-05-05,0.6096833316320147,0.5051703287671304,0.5574268301995726
2017-05-08,0.6575855616435661,0.6776893698628578,0.6676374657532119
2017-05-09,1.0564058767123319,1.0193163424657248,1.0378611095890284
2017-05-10,0.5838612661079388,0.8270290273972563,0.7054451467525975
2017-05-11,0.7128642376552812,0.9729329041095688,0.842898570882425
2017-05-12,0.6583249736842058,0.5465953025144933,0.6024601380993495
2017-05-15,0.6310867055394804,0.6779581970688983,0.6545224513041894
2017-05-16,1.0161357234873636,0.8201095534981029,0.9181226384927332
2017-05-17,1.0190645768861841,0.9698100394542,0.994437308170192
2017-05-18,1.0826936000763037,0.9652739437402672,1.0239837719082854
2017-05-19,0.7274425735294401,0.5505419410644024,0.6389922572969212
2017-05-22,0.5945541588762462,0.7089455731875051,0.6517498660318757
2017-05-23,0.9156958088235353,0.8884172798731779,0.9020565443483566
2017-05-24,1.0447507234204925,1.1941512058822175,1.1194509646513549
2017-05-25,1.325483426470586,1.9800556911764682,1.6527695588235272
2017-05-26,0.6260146811594128,0.47987866804304813,0.5529466746012305
2017-05-30,0.9948836811593412,0.8454783188405826,0.920180999999962
2017-05-31,0.819482782739424,1.0428688840579539,0.9311758333986889
2017-06-01,0.9002167101449222,1.0680003913043576,0.9841085507246399
2017-06-02,0.7667802928643855,0.8736585997185964,0.8202194462914909
2017-06-05,1.099736572815539,0.9503189526420621,1.0250277627288007
2017-06-06,1.2662016204556437,1.2118983619002468,1.2390499911779451
2017-06-07,1.563176417156437,1.7435144673670762,1.6533454422617566
2017-06-08,1.6512478963382282,1.549526056661676,1.600386976499952
2017-06-09,1.051252556796316,0.8491061813852872,0.9501793690908016
2017-06-12,1.0708473533690561,0.9753950283467128,1.0231211908578843
2017-06-13,1.1428960832315207,1.112747058797663,1.1278215710145918
2017-06-14,1.4480138211442,1.1381018459573529,1.2930578335507765
2017-06-15,1.039356734067371,1.0040765050497766,1.0217166195585738
2017-06-16,0.8657804117647027,0.9165390986398527,0.8911597552022776
2017-06-19,0.8271757322924066,0.9227339558823379,0.8749548440873722
2017-06-20,0.8132966323529568,0.787661632353265,0.8004791323531109
2017-06-21,0.954508941176492,0.989718031586676,0.972113486381584
2017-06-22,1.2847934117647142,1.404536249999416,1.3446648308820652
2017-06-23,0.679480153841675,0.522284308971092,0.6008822314063835
2017-06-26,0.6446704794574424,0.5855618905539124,0.6151161850056774
2017-06-27,0.6849676967180895,0.6850650460614379,0.6850163713897637
2017-06-28,0.7265542581391736,0.6474155243332205,0.6869848912361971
2017-06-29,0.898427281426886,0.8252134748675418,0.8618203781472139
2017-06-30,0.6831434918032576,0.6278433000082008,0.6554933959057292
2017-07-03,0.6167162459940534,0.5674863114758938,0.5921012787349735
2017-07-05,0.8678686229508421,1.154404590163944,1.011136606557393
2017-07-06,1.1765958196721311,1.4420344560301224,1.3093151378511267
2017-07-07,0.614027418689753,0.8279402285714382,0.7209838236305957
2017-07-10,0.8752717857142834,0.8460057285715311,0.8606387571429073
2017-07-11,0.8811959999999752,0.982365600000008,0.9317807999999916
2017-07-12,1.615206025084607,1.082076542857148,1.3486412839708775
2017-07-13,0.9580110441596288,1.052148771428571,1.0050799077941
2017-07-14,0.6603453333333237,0.614320666666645,0.6373329999999844
2017-07-17,0.779005498729515,0.8093394631949148,0.7941724809622148
2017-07-18,0.9186628985501358,1.0223941449274196,0.9705285217387778
2017-07-19,0.7641065244543287,0.8676218970629437,0.8158642107586362
2017-07-20,1.3605459999999978,1.3130622612320053,1.3368041306160015
2017-07-21,0.6137070215480881,0.5806053500129151,0.5971561857805017
2017-07-24,0.6383313863970874,0.7393973500000197,0.6888643681985536
2017-07-25,0.8244663333333574,0.8862810333333216,0.8553736833333395
2017-07-26,0.7028211499824621,0.7523025166666761,0.7275618333245691
2017-07-27,0.9324495332977359,1.1439991166666874,1.0382243249822116
2017-07-28,0.5391785254237286,0.7205207470922983,0.6298496362580135
2017-07-31,0.5441657457658192,0.6619215254324179,0.6030436355991186
2017-08-01,0.5712764275907521,0.6494230847457626,0.6103497561682574
2017-08-02,0.7958880508481166,0.7615796101694845,0.7787338305088005
2017-08-03,0.9716961333318991,1.0475399000000094,1.0096180166659543
2017-08-04,0.6308365651941183,0.6018950289861628,0.6163657970901406
2017-08-07,0.7365609130434929,0.7178239275362306,0.7271924202898618
2017-08-08,0.7422041159419884,0.7227599999806272,0.7324820579613078
2017-08-09,1.083835942028905,0.9051043333333088,0.9944701376811069
2017-08-10,1.28620089855071,1.1148727970509136,1.2005368478008118
2017-08-11,0.6203059411764894,0.5253749121866028,0.5728404266815461
2017-08-14,0.7405359876071832,0.7078018800087169,0.72416893380795
2017-08-15,0.9230658382352706,0.7742299705324093,0.84864790438384
2017-08-16,1.0507828209468701,0.8959431323535002,0.9733629766501852
2017-08-17,1.291943909090912,1.345056086960914,1.3184999980259131
2017-08-18,0.46476320689652906,0.5869975689654816,0.5258803879310053
2017-08-21,0.5979613968327593,0.6573814512255935,0.6276714240291764
2017-08-22,0.5024709623117687,0.6528836896551671,0.5776773259834679
2017-08-23,0.8571202241379051,0.9138003275861925,0.8854602758620488
2017-08-24,0.8599299993771375,0.8979731896551778,0.8789515945161577
2017-08-25,0.4872528103451144,0.5525390344827533,0.5198959224139339
2017-08-28,0.658626631183738,0.7677284820270063,0.7131775566053722
2017-08-29,0.5519871728435487,0.7482987586220309,0.6501429657327897
2017-08-30,0.6670851379310302,0.7545890172413234,0.7108370775861768
2017-08-31,0.8782936328051282,0.839373413793028,0.858833523299078
2017-09-01,0.5361746683391901,0.45870569001437717,0.4974401791767836
2017-09-05,0.6936130588272859,0.7724329117646923,0.7330229852959891
2017-09-06,0.8390224117646904,0.7973302499999906,0.8181763308823404
2017-09-07,1.0428938676469393,0.9518974411765193,0.9973956544117293
2017-09-08,0.4609819212843936,0.5670367087324095,0.5140093150084015
2017-09-11,0.5729863478860113,0.7336446376811805,0.6533154927835959
2017-09-12,0.6713038476099434,0.7551934449484656,0.7132486462792045
2017-09-13,0.7834634794520525,0.996501695652153,0.8899825875521028
2017-09-14,1.5554605591831245,1.3232468656716523,1.4393537124273883
2017-09-15,0.6201957551020345,0.5568962653061085,0.5885460102040715
2017-09-18,0.4883351337777481,0.6759699591836055,0.5821525464806768
2017-09-19,0.7443894039751039,0.78225919427869,0.7633242991268969
2017-09-20,0.9244234250958313,1.0142458749999779,0.9693346500479045
2017-09-21,1.0478336530611654,1.11281414282392,1.0803238979425427
2017-09-22,0.48968893745481684,0.5004475833407954,0.49506826039780616
2017-09-25,0.8010234166667579,0.672252792538286,0.7366381046025219
2017-09-26,0.8589798056248242,0.6022943127487128,0.7306370591867686
2017-09-27,0.9694600625000058,0.7366719166672905,0.8530659895836481
2017-09-28,0.9441856290171908,0.8704773004973148,0.9073314647572528
2017-09-29,0.6662717255818208,0.44837910000000275,0.5573254127909117
2017-10-02,0.3246895379288219,0.5307706833333411,0.42773011063108146
2017-10-03,0.6764729499999232,0.6130352833333437,0.6447541166666335
2017-10-04,0.7624883999999842,0.7999172999999777,0.781202849999981
2017-10-05,0.9458094499999911,1.0359692947563242,0.9908893723781576
2017-10-06,0.49040098441062113,0.4269947570343111,0.45869787072246615
2017-10-09,0.4161732965606033,0.6332368732394293,0.5247050849000163
2017-10-10,0.7297439193526102,0.6609294647887345,0.6953366920706723
2017-10-11,1.0950634929577592,0.7473146619718087,0.921189077464784
2017-10-12,0.9579353661972498,1.0253550129999822,0.991645189598616
2017-10-13,0.6501843194440919,0.5253642492350129,0.5877742843395524
2017-10-16,0.6648766982173846,0.6012924922987681,0.6330845952580764
2017-10-17,1.1502741355283594,0.8921432299975959,1.0212086827629776
2017-10-18,0.807898050003135,1.0254239722222072,0.9166610111126711
2017-10-19,1.3349089509170105,1.2200622898561801,1.2774856203865954
2017-10-20,0.5104646557377013,0.5714734832683958,0.5409690695030485
2017-10-23,0.36216482975120434,0.6338616721311431,0.4980132509411737
2017-10-24,0.2720269139769154,0.7224026393442657,0.49721477666059055
2017-10-25,0.773576819672023,0.89395283606557,0.8337648278687965
2017-10-26,1.1068374590164154,1.2510854098360726,1.178961434426244
2017-10-27,0.4122684915994336,0.471158338983042,0.44171341529123775
2017-10-30,0.5143093389821908,0.5771422372881441,0.5457257881351674
2017-10-31,0.6282917492103796,0.56313966101695,0.5957157051136648
2017-11-01,0.6093864278734568,0.9432059152542265,0.7762961715638417
2017-11-02,0.9275431694915137,1.0508256610181568,0.9891844152548352
2017-11-03,0.5139144714285574,0.4070569231545859,0.4604856972915716
2017-11-06,0.6424361857142932,0.6551502858811601,0.6487932357977266
2017-11-07,0.6652714743268888,0.652544985714278,0.6589082300205834
2017-11-08,0.6743252040759907,0.7421736714286171,0.7082494377523039
2017-11-09,0.8189926203029279,0.9797167571428442,0.899354688722886
2017-11-10,0.5610900243374507,0.3851578847385217,0.47312395453798617
2017-11-13,0.7686730857142845,0.5985889946828163,0.6836310401985504
2017-11-14,0.6524026706301318,0.7652393285714402,0.7088209996007859
2017-11-15,1.0822885285714048,0.7560349401419124,0.9191617343566586
2017-11-16,1.1318928673856044,0.8460293456582427,0.9889611065219235
2017-11-17,0.29636599237408545,0.3446523103448333,0.32050915135945934
2017-11-20,0.5175764310344483,0.6385983448276075,0.5780873879310279
2017-11-21,0.2929002699627566,0.5213416724137875,0.40712097118827206
2017-11-22,0.6659864137931015,0.8221265344827301,0.7440564741379159
2017-11-24,0.4331772071758127,0.39616483080115783,0.41467101898848524
2017-11-27,0.5285409482758521,0.45675684482758094,0.4926488965517165
2017-11-28,0.6154295000000296,0.6578627586206823,0.636646129310356
2017-11-29,0.6617026551724111,0.7309108669058173,0.6963067610391143
2017-11-30,1.0289208620689845,0.9097519632617744,0.9693364126653794
2017-12-01,0.8248273413328258,0.5450510895521853,0.6849392154425056
2017-12-04,0.7766959253731139,0.8289748358209069,0.8028353805970104
2017-12-05,0.7465204200934568,0.7111393134328361,0.7288298667631464
2017-12-06,0.7981290164463458,0.7873458357733191,0.7927374261098324
2017-12-07,1.0604886978455874,0.943297492537314,1.0018930951914506
2017-12-08,0.5077348649473508,0.5689588985507152,0.538346881749033
2017-12-11,0.49820584174381977,0.7186219420289754,0.6084138918863976
2017-12-12,0.9543119565217458,0.7915990724637647,0.8729555144927552
2017-12-13,1.144601223880572,0.9027980040960731,1.0236996139883225
2017-12-14,1.0851102769041059,1.1239514191817872,1.1045308480429465
2017-12-15,0.5667511400000066,0.4422191324801077,0.5044851362400571
2017-12-18,0.6657782600000134,0.6370850799999865,0.65143167
2017-12-19,0.9495438199999804,0.9195814363844639,0.9345626281922221
2017-12-20,0.9821438399999656,0.9364297799971797,0.9592868099985726
2017-12-21,1.1771935399999807,1.3498017599999992,1.26349764999999
2017-12-22,0.5756199616625108,0.5039071810034595,0.5397635713329851
2017-12-26,0.888672769340982,0.6163169387755256,0.7524948540582539
2017-12-27,0.8873674897963316,0.7385960599999858,0.8129817748981587
2017-12-28,1.0294456052826373,0.9225351400000017,0.9759903726413195
2017-12-29,0.5001979836065509,0.3418718933893153,0.42103493849793305
2018-01-02,0.617896557377084,0.6232147377048963,0.6205556475409901
2018-01-03,0.6957833115522576,0.6815259016393235,0.6886546065957906
2018-01-04,1.0100289679223142,0.9109401311466767,0.9604845495344955
2018-01-05,0.577717426658116,0.4634603898274928,0.5205889082428043
2018-01-08,0.7174973341528967,0.6437173199563005,0.6806073270545987
2018-01-09,0.622385997505843,0.7276903238144279,0.6750381606601354
2018-01-10,0.7772774822011386,0.6909574660193978,0.7341174741102682
2018-01-11,0.909059650833393,0.9147063009708508,0.9118829759021219
2018-01-12,0.546930062499319,0.475980493692096,0.5114552780957075
2018-01-16,0.8004705491782337,0.8639436485536149,0.8322070988659243
2018-01-17,0.868610716392552,0.8813848137125868,0.8749977650525694
2018-01-18,0.8871310362511348,0.9080785202469557,0.8976047782490453
2018-01-19,0.38019529999997115,0.3818799020304006,0.3810376010151859
2018-01-22,0.4170689420431756,0.4941152666666598,0.4555921043549177
2018-01-23,0.47839637489080894,0.5400086333333444,0.5092025041120767
2018-01-24,0.809156283333322,0.7130702166660704,0.7611132499996962
2018-01-25,0.6048611670862921,0.7494376229508324,0.6771493950185623
2018-01-26,0.5042615175293025,0.4602565483871083,0.4822590329582054
2018-01-29,0.6437142419355014,0.6396781935483937,0.6416962177419476
2018-01-30,0.7230207903225853,0.7615106774193672,0.7422657338709762
2018-01-31,0.8055500645161241,0.7473575806451349,0.7764538225806294
2018-02-01,0.71651066128734,0.8530730483871309,0.7847918548372355
2018-02-02,0.5511786891891906,0.4801476665772933,0.5156631778832419
2018-02-05,0.971108499999992,0.7251416756756892,0.8481250878378406
2018-02-06,0.7510465454104782,0.8690096621621524,0.8100281037863153
2018-02-07,1.0053730000000123,0.8941789054043139,0.9497759527021631
2018-02-08,1.36082497297298,1.1672901891893994,1.2640575810811896
2018-02-09,0.6622854109588914,0.6538079054380075,0.6580466581984494
2018-02-12,0.8615906756756683,0.7461968107971589,0.8038937432364136
2018-02-13,0.8873530675675813,0.7565292109318883,0.8219411392497348
2018-02-14,0.9532457162161879,0.9280796691705564,0.9406626926933721
2018-02-15,1.1605937229879286,1.3129785342466345,1.2367861286172817
2018-02-16,0.5031066031745932,0.7085499096313292,0.6058282564029612
2018-02-20,0.6881935555555416,0.7408931428571393,0.7145433492063404
2018-02-21,0.7978976031745543,0.7290357460316056,0.7634666746030799
2018-02-22,0.8140547619047713,1.0190215396825504,0.9165381507936609
2018-02-23,0.5531824687578636,0.5261894999999917,0.5396859843789277
2018-02-26,0.48609913426042267,0.5610447343749966,0.5235719343177097
2018-02-27,0.7153768906250199,0.8769278281249824,0.7961523593750011
2018-02-28,0.8909071093749882,0.8836990937500024,0.8873031015624953
2018-03-01,0.9267817216902958,0.9718937812499893,0.9493377514701425
2018-03-02,0.5711548133332847,0.4714378790463263,0.5212963461898055
2018-03-05,0.6875961066666638,0.7068382933334844,0.697217200000074
2018-03-06,0.5823829197432286,0.777535413333334,0.6799591665382814
2018-03-07,0.8146670799999938,0.7330137028620963,0.773840391431045
2018-03-08,1.3098485066659764,1.0370617466662557,1.173455126666116
2018-03-09,0.46893874801546276,0.6778333733333218,0.5733860606743924
2018-03-12,0.9029224133333302,0.6426187744010949,0.7727705938672126
2018-03-13,0.5500088898823464,0.782972738379857,0.6664908141311017
2018-03-14,0.661070135826191,0.9642400400000207,0.8126550879131058
2018-03-15,1.0299914239130292,1.1007909669377507,1.06539119542539
2018-03-16,0.6395177592592516,0.4071986189882637,0.5233581891237576
2018-03-19,0.8300128703027311,0.8013887222222082,0.8157007962624696
2018-03-20,0.7460164074073838,0.7847676114317993,0.7653920094195916
2018-03-21,0.9992682962962864,1.0500021851851857,1.0246352407407362
2018-03-22,1.4055446678227557,1.4673828148148191,1.4364637413187875
2018-03-23,0.6856185192307589,0.5282232715708398,0.6069208954007994
2018-03-26,0.7265607142857148,0.5832687500005782,0.6549147321431465
2018-03-27,0.7897276063696259,0.9149971428571619,0.8523623746133939
2018-03-28,1.0668950714285772,0.9231435882251218,0.9950193298268495
2018-03-29,0.6114940588235205,0.5945306464404476,0.603012352631984
2018-04-02,0.6684001804434601,0.7386588461538426,0.7035295132986513
2018-04-03,0.6472870461538603,0.6966379230769368,0.6719624846153986
2018-04-04,1.0152835846153974,0.9752132605330376,0.9952484225742175
2018-04-05,1.0096837230769125,0.9900228683902395,0.999853295733576
2018-04-06,0.5701202124321357,0.4835856089624808,0.5268529106973083
2018-04-09,0.649603907894754,0.621307617875196,0.635455762884975
2018-04-10,0.6942368684210343,0.6537845000000069,0.6740106842105206
2018-04-11,0.7967851052622195,0.7835116294506047,0.790148367356412
2018-04-12,1.27190740789474,1.1961547236833467,1.2340310657890434
2018-04-13,0.5831058266664648,0.6248437733333194,0.6039747999998921
2018-04-16,0.7735780266666461,0.4649677644155165,0.6192728955410813
2018-04-17,0.8391311733333422,0.6179793454900847,0.7285552594117135
2018-04-18,1.0645294799804614,0.8663834000005672,0.9654564399905143
2018-04-19,1.037726813331024,1.14357995448989,1.0906533839104569
2018-04-20,0.34498936146177317,0.45793408196720137,0.40146172171448724
2018-04-23,0.43851560551088214,0.49096619672128206,0.46474090111608213
2018-04-24,0.5137362770574014,0.6579154262290724,0.5858258516432369
2018-04-25,0.42751822250242594,0.7483109344262121,0.587914578464319
2018-04-26,0.7967645409790423,0.9133792096999731,0.8550718753395077
2018-04-27,0.4542729843680356,0.4021653428767839,0.42821916362240975
2018-04-30,0.7223524062499931,0.7306818281250005,0.7265171171874968
2018-05-01,0.5629498863522701,0.6254316249997324,0.5941907556760012
2018-05-02,0.763714328075612,0.8159158437500896,0.7898150859128508
2018-05-03,0.6402866554506044,1.0210196875000077,0.830653171475306
2018-05-04,0.4641203205128194,0.5449622944714448,0.5045413074921321
2018-05-07,0.5300856791969758,0.6050988846153847,0.5675922819061803
2018-05-08,0.6689883461538272,0.7052706623376501,0.6871295042457386
2018-05-09,0.671249980016358,0.7883745384614786,0.7298122592389183
2018-05-10,1.03464117947487,0.9225625256409885,0.9786018525579292
2018-05-11,0.4384321375587215,0.591792246913575,0.5151121922361482
2018-05-14,0.6832482515093453,0.7246851564935338,0.7039667040014396
2018-05-15,1.1128242810506568,0.9088555185185032,1.01083989978458
2018-05-16,1.307538753086738,1.1029236913580063,1.205231222222372
2018-05-17,1.4070676137944147,1.2232970730427937,1.3151823434186043
2018-05-18,0.4588503435520638,0.5591696000000018,0.5090099717760328
2018-05-21,0.43605094677455986,0.6032336615382065,0.5196423041563831
2018-05-22,0.6320119692301254,0.6505372000000084,0.6412745846150669
2018-05-23,0.7343173183578415,0.8026042769230699,0.7684607976404557
2018-05-24,0.9405635384615499,1.0205153801997247,0.9805394593306374
2018-05-25,0.4080300669352697,0.566189200000028,0.4871096334676489
2018-05-29,0.5649107834765933,0.6090428000001652,0.5869767917383792
2018-05-30,0.8008022833333208,0.7841882333333124,0.7924952583333167
2018-05-31,0.9387699166666704,1.0031180333333112,0.9709439749999909
2018-06-01,0.5314188428571408,0.4917360285722171,0.511577435714679
2018-06-04,0.6433554142857111,0.6041728000002226,0.6237641071429668
2018-06-05,0.5894885571501061,0.6086726655918195,0.5990806113709628
2018-06-06,0.6941529542744226,0.7151983857129652,0.7046756699936939
2018-06-07,0.9262099714285782,1.0209653571428703,0.9735876642857242
2018-06-08,0.5884700999999822,0.5015341511016028,0.5450021255507925
2018-06-11,0.8091858285714331,0.5980898881546829,0.703637858363058
2018-06-12,0.6204240460950138,0.7908711714285591,0.7056476087617864
2018-06-13,0.9691088714285511,0.6632609225344871,0.8161848969815191
2018-06-14,1.066768857142864,0.8254893253109176,0.9461290912268907
2018-06-15,0.4983361525922126,0.580531527272721,0.5394338399324667
2018-06-18,0.6863431636363366,0.7074452909090789,0.6968942272727078
2018-06-19,0.7267629209257533,0.6765792000000423,0.7016710604628978
2018-06-20,0.8425221090908491,0.8640224909091248,0.8532722999999869
2018-06-21,1.1208704727272945,1.1297331999950344,1.1253018363611644
2018-06-22,0.6925921111111306,0.605170205605377,0.6488811583582539
2018-06-25,0.8563836666666562,0.7132536415091645,0.7848186540879103
2018-06-26,0.8396405839067392,0.7332849814848765,0.7864627826958079
2018-06-27,1.1210076296295957,1.1139484231374857,1.1174780263835407
2018-06-28,1.3531672831000774,1.4004184615384494,1.3767928723192635
2018-06-29,0.5858047868852331,0.3963842645682531,0.49109452572674306
2018-07-02,0.4777381967212873,0.5598225573770924,0.5187803770491899
2018-07-03,0.46800044513331485,0.628317639346183,0.5481590422397489
2018-07-05,0.7706264028659343,0.9054010655738929,0.8380137342199137
2018-07-06,0.5489733648648474,0.5679973648652918,0.5584853648650696
2018-07-09,0.5935225270887641,0.6188019189189038,0.6061622230038339
2018-07-10,0.6680466891891739,0.6359915675583473,0.6520191283737606
2018-07-11,0.7872153725874074,0.7241809565718141,0.7556981645796108
2018-07-12,0.9905043648648804,0.8618158783784445,0.9261601216216624
2018-07-13,0.5020376399859531,0.5771389466666601,0.5395882933263065
2018-07-16,0.6418437155591424,0.7233207466666536,0.682582231112898
2018-07-17,0.8396569199999807,0.697340748267407,0.7684988341336938
2018-07-18,0.8417566820179123,1.0111634933333224,0.9264600876756174
2018-07-19,0.8853533452888015,1.2161311351351392,1.0507422402119704
2018-07-20,0.5274302622950752,0.5230365901639183,0.5252334262294968
2018-07-23,0.4582830819671245,0.5633125089589646,0.5107977954630445
2018-07-24,0.64789332790076,0.6381863606557094,0.6430398442782348
2018-07-25,0.6645929001902899,0.8080554918039184,0.7363241959971042
2018-07-26,0.7643164590130416,0.8906600327868752,0.8274882458999584
2018-07-27,0.44261408196718777,0.45815480327884583,0.4503844426230168
2018-07-30,0.3698732295957127,0.5596298524589799,0.4647515410273463
2018-07-31,0.45153417971609394,0.5458555573770302,0.4986948685465621
2018-08-01,0.5983305630321005,0.7529038196724496,0.675617191352275
2018-08-02,0.47427712004234185,0.861325158730148,0.667801139386245
2018-08-03,0.5769177499996418,0.5931621184210393,0.5850399342103405
2018-08-06,0.5406009868422349,0.650420644736851,0.595510815789543
2018-08-07,0.7566949868433686,0.736314802623918,0.7465048947336432
2018-08-08,0.8539364342105343,1.0189718540873414,0.9364541441489378
2018-08-09,1.3644383243243259,1.1987662799999874,1.2816023021621565
2018-08-10,0.6140392499999899,0.4202894043963575,0.5171643271981737
2018-08-13,0.6752756597641405,0.7111839999999927,0.6932298298820666
2018-08-14,0.6187008700866713,0.8203869999999964,0.7195439350433339
2018-08-15,0.9614687894736802,0.7127585111736882,0.8371136503236842
2018-08-16,1.2422197367432346,1.1924919733333044,1.2173558550382695
2018-08-17,0.5611173230768938,0.47217401271454285,0.5166456678957183
2018-08-20,0.6374559384615244,0.601967353846163,0.6197116461538437
2018-08-21,0.6504130307785835,0.6696798307692192,0.6600464307739013
2018-08-22,0.8676710923076785,1.0946491384474146,0.9811601153775465
2018-08-23,0.9563387693675666,1.0177310923076885,0.9870349308376276
2018-08-24,0.48621729687498033,0.5041223906250014,0.49516984374999085
2018-08-27,0.5219753574324041,0.5970114687500148,0.5594934130912095
2018-08-28,0.6100004992727818,0.6706332812500019,0.6403168902613918
2018-08-29,0.7223701854975298,0.8350789936022214,0.7787245895498756
2018-08-30,0.8030603760669819,0.963963468749981,0.8835119224084814
2018-08-31,0.4220266412103601,0.570693687499878,0.4963601643551191
2018-09-04,0.6303376718678856,0.6820613124999577,0.6561994921839216
2018-09-05,0.6748532031249419,0.8169129218749848,0.7458830624999633
2018-09-06,0.8840118940073518,1.0187905312499814,0.9514012126286666
2018-09-07,0.5575992987012718,0.5042927374229197,0.5309460180620957
2018-09-10,0.6841074285679595,0.7327991641303309,0.7084532963491452
2018-09-11,0.7156395844155741,0.6920560829998287,0.7038478337077014
2018-09-12,0.8291249350649418,0.9080676049310491,0.8685962699979954
2018-09-13,0.9521571052631379,0.9086567922082674,0.9304069487357027
2018-09-14,0.6451541076923077,0.613923784615394,0.6295389461538509
2018-09-17,0.754024584615156,0.7328579860492619,0.743441285332209
2018-09-18,0.8739323999773824,0.8742947076920473,0.8741135538347149
2018-09-19,1.1993314923076912,0.8559920258003004,1.0276617590539958
2018-09-20,1.3760199696076365,1.4824673906249957,1.4292436801163162
2018-09-21,0.47622942857145156,0.44025810204079785,0.4582437653061247
2018-09-24,0.5950216326530692,0.5436383591175223,0.5693299958852958
2018-09-25,0.6271432857142712,0.5639518571427148,0.595547571428493
2018-09-26,0.8117559183673465,0.8045555714285573,0.8081557448979519
2018-09-27,1.0251509230769336,0.869137389354796,0.9471441562158648
2018-09-28,0.41347971701935754,0.4515554918032685,0.43251760441131304
2018-10-01,0.41774450159138293,0.5791546885245232,0.49844959505795305
2018-10-02,0.7188530000000065,0.6678648196720952,0.6933589098360509
2018-10-03,0.49400330314894547,0.6794550327868255,0.5867291679678854
2018-10-04,0.9902241614353844,1.1405680468749837,1.065396104155184
2018-10-05,0.5643142133333331,0.5312417600000519,0.5477779866666925
2018-10-08,0.7062520400002918,0.6921034932332266,0.6991777666167592
2018-10-09,0.7330262799999774,0.7115118406627571,0.7222690603313673
2018-10-10,0.8918822162161988,0.9632453417073589,0.9275637789617788
2018-10-11,1.2435504594594406,0.9768123067740359,1.1101813831167382
2018-10-12,0.7032341666666644,0.5706544444448662,0.6369443055557653
2018-10-15,0.8628451944444212,0.6070227266700599,0.7349339605572405
2018-10-16,0.7433602412645636,0.7336709711460654,0.7385156062053144
2018-10-17,1.0731602463768066,1.1048015416666486,1.0889808940217276
2018-10-18,1.4769457626182625,1.306197184911962,1.3915714737651124
2018-10-19,0.5393149218750001,0.5120723281249285,0.5256936249999643
2018-10-22,0.636423562500032,0.729137388371118,0.682780475435575
2018-10-23,0.6857743593749923,0.6907049785803111,0.6882396689776518
2018-10-24,0.909247609374971,0.9834843223468687,0.9463659658609198
2018-10-25,0.9885542096596074,1.2309939884294712,1.1097740990445393
2018-10-26,0.6813839393939405,0.5937347878481414,0.6375593636210409
2018-10-29,0.6636198939393857,0.8404901969696744,0.7520550454545301
2018-10-30,0.7024288333333286,0.81532113434217,0.7588749838377493
2018-10-31,0.956672878787862,1.20825118082486,1.082462029806361
2018-11-01,0.8980594370099951,1.1914179253731134,1.0447386811915542
2018-11-02,0.6311583108108115,0.6514166891891758,0.6412874999999937
2018-11-05,0.7425716216216,0.7893202702702672,0.7659459459459336
2018-11-06,0.6068789315241077,0.7905525675675671,0.6987157495458374
2018-11-07,0.9979265540540654,0.892001450146488,0.9449640021002768
2018-11-08,1.2070328333333242,1.2535607534246491,1.2302967933789866
2018-11-09,0.637795600000019,0.36810191487860006,0.5029487574393096
2018-11-12,0.5993320836042677,0.802440079999994,0.7008860818021309
2018-11-13,0.8307902043280644,0.7360106256216128,0.7834004149748386
2018-11-14,1.0396334238866793,1.094167599999996,1.0669005119433377
2018-11-15,1.9215876919427126,1.4927715733333264,1.7071796326380195
2018-11-16,0.5054625588247496,0.5975578970588004,0.551510227941775
2018-11-19,0.6884169412161703,0.6623969960540199,0.6754069686350951
2018-11-20,0.9354365735293856,1.2564443310880573,1.0959404523087215
2018-11-21,0.9810799117664717,1.2683040294115493,1.1246919705890104
2018-11-23,0.5451578955223695,0.6856424487098987,0.6154001721161341
2018-11-26,0.6831884029850552,0.8971644182972385,0.7901764106411469
2018-11-27,0.7104436268644362,1.1253307913443045,0.9178872091043704
2018-11-28,0.7784215045535816,0.8045726716417843,0.7914970880976829
2018-11-29,0.7090317697824725,1.0853967761193892,0.8972142729509309
2018-11-30,0.6267948307575656,0.5607580591264846,0.5937764449420251
2018-12-03,0.6555187961568075,0.8184697384615105,0.736994267309159
2018-12-04,0.8239006923077261,0.7636249999999928,0.7937628461538595
2018-12-06,0.8940335795746855,1.2796090923076968,1.0868213359411911
2018-12-07,0.6895107866666811,0.526299099838595,0.607904943252638
2018-12-10,0.8115597466666846,0.6454824802493798,0.7285211134580323
2018-12-11,0.8048353600001512,0.5695025852285636,0.6871689726143574
2018-12-12,0.8694007573573943,0.8056686000003256,0.83753467867886
2018-12-13,1.1160478266666736,0.7354032155331223,0.9257255210998979
2018-12-14,0.7328157272727244,0.7367780405547476,0.734796883913736
2018-12-17,0.8502937604166753,0.7891477188414712,0.8197207396290732
2018-12-18,0.865766906250748,0.9090501905884096,0.8874085484195788
2018-12-19,1.091868124999978,0.8920318541053448,0.9919499895526613
2018-12-20,1.2262634555555538,1.4570370319149037,1.341650243735229
2018-12-21,0.8010278928571288,0.5517473708770756,0.6763876318671023
2018-12-24,0.8552997619047492,0.8337406309523688,0.844520196428559
2018-12-26,1.0513820001679617,0.905821195368639,0.9786015977683004
2018-12-27,1.309521840366072,1.3638058255814016,1.3366638329737368
2018-12-28,0.7075962068965735,0.7104655977011477,0.7090309022988606
2018-12-31,0.753012458209224,0.7823541864308268,0.7676833223200255
2019-01-02,0.9911107985232782,0.9940285588235244,0.9925696786734013
2019-01-03,1.2446658823529286,1.573959441176448,1.4093126617646883
2019-01-04,0.5628857238530041,0.6464772278480976,0.6046814758505508
2019-01-07,0.7994929367088401,0.7630161986147175,0.7812545676617788
2019-01-08,0.8081864411761314,0.8194655443037961,0.8138259927399638
2019-01-09,0.7999093395119888,0.9758781392404967,0.8878937393762427
2019-01-10,1.078144873418122,0.9753443799606684,1.0267446266893951
2019-01-11,0.5819022463387588,0.7127068461538462,0.6473045462463025
2019-01-14,0.7735133974353056,0.6618256430538665,0.717669520244586
2019-01-15,0.8038878293089838,1.0114043076923116,0.9076460685006478
2019-01-16,1.0955801025641025,0.8993216870144385,0.9974508947892705
2019-01-17,1.503336433067346,1.345921306666676,1.424628869867011
2019-01-18,0.2939142435899733,0.5028932461538437,0.3984037448719085
2019-01-22,0.3422097232209823,0.7598367230769059,0.551023223148944
2019-01-23,0.37602333236052293,0.8193712769230731,0.597697304641798
2019-01-24,0.5734792474421313,1.0304516615384522,0.8019654544902918
2019-01-25,0.35981006250023984,0.534162687500003,0.4469863750001214
2019-01-28,0.4719188561544177,0.6576036093750048,0.5647612327647112
2019-01-29,0.5059456411551018,0.7129488593749995,0.6094472502650506
2019-01-30,0.2719460827377486,0.855034859374998,0.5634904710563733
2019-01-31,1.2067630781249787,1.3356936636449248,1.2712283708849519
2019-02-01,0.5617388857142881,0.5223906552723131,0.5420647704933006
2019-02-04,0.7002491285708072,0.657368414556536,0.6788087715636717
2019-02-05,0.829140785714283,0.8298821497105532,0.829511467712418
2019-02-06,0.8567810285714098,1.0232250786360086,0.9400030536037092
2019-02-07,1.4280718617163153,0.9541991024563006,1.1911354820863078
2019-02-08,0.39306075380344174,0.5659993768115649,0.4795300653075033
2019-02-11,0.7463955072463857,0.6340771158431403,0.690236311544763
2019-02-12,0.8410165072463749,0.7825576762577245,0.8117870917520498
2019-02-13,0.9707915656860335,0.8686481326560687,0.9197198491710511
2019-02-14,1.1847195076923076,1.0239628917063326,1.10434119969932
2019-02-15,0.5822564930131938,0.477167213114753,0.5297118530639734
2019-02-19,0.7399625573770676,0.8322627862194457,0.7861126717982567
2019-02-20,0.7501572786885484,0.7774919180327771,0.7638245983606627
2019-02-21,0.6208254194841261,1.0083993709600236,0.8146123952220748
2019-02-22,0.4487131475409534,0.46320385245900964,0.4559584999999815
2019-02-25,0.44632689705426776,0.5779659672131985,0.5121464321337331
2019-02-26,0.7015061803278299,0.7835805737704751,0.7425433770491525
2019-02-27,0.7136180327868652,0.8437104590164453,0.7786642459016553
2019-02-28,0.9166710819671904,1.0719765409873112,0.9943238114772508
2019-03-01,0.49825163999998656,0.39764820051217276,0.44794992025607966
2019-03-04,0.5090830615699224,0.5970439733338886,0.5530635174519055
2019-03-05,0.7426322400000076,0.5965893751652377,0.6696108075826226
2019-03-06,0.7912648666666335,0.7126612266733059,0.7519630466699697
2019-03-07,0.7882756579840308,0.9567176331882266,0.8724966455861287
2019-03-08,0.5758454324324258,0.4723793600845967,0.5241123962585112
2019-03-11,0.8956703783783647,0.725688716216305,0.8106795472973349
2019-03-12,0.755317071250454,0.8307465540540709,0.7930318126522624
2019-03-13,1.0780785859983608,0.807416729721846,0.9427476578601034
2019-03-14,1.0804300851610265,0.7795250016406383,0.9299775434008324
2019-03-15,0.419792244892269,0.4708666530612232,0.4453294489767461
2019-03-18,0.34300567868371745,0.632972183673452,0.4879889311785847
2019-03-19,0.6134374681988981,0.6856315102040383,0.6495344892014683
2019-03-20,0.857689448967113,0.8083181020408045,0.8330037755039588
2019-03-21,0.6180872914870501,0.9932078979591915,0.8056475947231208
2019-03-22,0.5918032244897888,0.501929244897928,0.5468662346938584
2019-03-25,0.5925193673469101,0.5956997142857026,0.5941095408163064
2019-03-26,0.5429082998188051,0.6777959591836514,0.6103521295012282
2019-03-27,0.8951641020952216,0.8319314693877715,0.8635477857414966
2019-03-28,0.8211680586550806,0.922244408163288,0.8717062334091843
2019-03-29,0.4078585666093813,0.29091602039604586,0.3493872935027136
2019-04-01,0.5375646333333426,0.5838519166666474,0.560708274999995
2019-04-02,0.6343556333333151,0.7548548333328854,0.6946052333331003
2019-04-03,0.7190697333333219,0.8729983500000014,0.7960340416666616
2019-04-04,0.7238003823530524,0.5797646274202325,0.6517825048866425
2019-04-05,0.3571594533220024,0.5259557916664037,0.44155762249420305
2019-04-08,0.5745368194444456,0.6639935277777668,0.6192651736111061
2019-04-09,0.5193629211765141,0.7380206527777533,0.6286917869771337
2019-04-10,0.7434961945056446,0.8047338888888853,0.774115041697265
2019-04-11,1.053377402777758,1.0044141399103013,1.0288957713440297
2019-04-12,0.5733284444444112,0.5888915970801154,0.5811100207622633
2019-04-15,0.7932507084065816,0.6757822696858014,0.7345164890461915
2019-04-16,0.9904838890671606,0.9798805555555451,0.9851822223113529
2019-04-17,1.121756544008508,1.1137004404534376,1.117728492230973
2019-04-18,0.4758922258064192,0.4829367096774465,0.47941446774193286
2019-04-22,0.5627139999999891,0.5944414677395344,0.5785777338697617
2019-04-23,0.5328192028675643,0.597637338709653,0.5652282707886087
2019-04-24,0.6156380307201105,0.9366000483872609,0.7761190395536857
2019-04-25,1.0279700645161278,1.2208425891728767,1.1244063268445021
2019-04-26,0.43582744444423427,0.4382960158729917,0.437061730158613
2019-04-29,0.6124603015873177,0.7303853174941289,0.6714228095407233
2019-04-30,0.7393585079364992,0.7783695873019439,0.7588640476192215
2019-05-01,0.6739544906879462,0.805309841269816,0.7396321659788812
2019-05-02,0.6414235086783795,0.9420439354840324,0.791733722081206
2019-05-03,0.5108205890411047,0.4083244388349712,0.459572513938038
2019-05-06,0.644557863033407,0.6981070410958973,0.6713324520646522
2019-05-07,1.098350712328758,0.7544301232876671,0.9263904178082125
2019-05-08,0.5931944471054351,0.8423847808219052,0.7177896139636701
2019-05-09,1.5451822191782014,1.2675669999999988,1.4063746095891
2019-05-10,0.4633095306562529,0.6113458591549426,0.5373276949055977
2019-05-13,0.7445554803545156,0.7504331549279206,0.7474943176412181
2019-05-14,0.7800188732394244,0.621898095053817,0.7009584841466208
2019-05-15,0.7602899462810113,0.9553913943662005,0.8578406703236059
2019-05-16,1.188718449275374,1.0717426659032587,1.1302305575893163
2019-05-17,0.4390676661499119,0.6976930000000057,0.5683803330749588
2019-05-20,0.5973502166666483,0.7619116499996721,0.6796309333331603
2019-05-21,0.38240074957472137,0.617677633333327,0.5000391914540242
2019-05-22,0.5119142685426322,0.6663963333333377,0.589155300937985
2019-05-23,0.554885053112076,1.0258438499999667,0.7903644515560213
2019-05-24,0.3518133613398954,0.4465754915254286,0.399194426432662
2019-05-28,0.6263879152542126,0.6967248638926479,0.6615563895734302
2019-05-29,0.7397629491525719,0.9442861596734747,0.8420245544130234
2019-05-30,0.5615386900362112,0.9503729833333266,0.755955836684769
2019-05-31,0.4903253333332948,0.4242196562832089,0.45727249480825183
2019-06-03,0.5526325999999888,0.7169014833333319,0.6347670416666604
2019-06-04,0.6092237833332924,0.7464070999999941,0.6778154416666433
2019-06-05,0.6624483500000172,0.8239975901373445,0.7432229700686809
2019-06-06,0.866594983333324,1.0753926310514272,0.9709938071923756
2019-06-07,0.4589692884040571,0.46343429489673177,0.46120179165039443
2019-06-10,0.6489150684931512,0.6973681643835483,0.6731416164383497
2019-06-11,0.6758174657534285,0.7182544657533949,0.6970359657534118
2019-06-12,0.6816634880603394,0.8144866438356152,0.7480750659479773
2019-06-13,0.893056568593863,1.0164057945205438,0.9547311815572034
2019-06-14,0.7064116666666601,0.6005741832924669,0.6534929249795636
2019-06-17,0.7209250586690104,0.8982111499999932,0.8095681043345018
2019-06-18,0.45794756682644855,1.0365607666665995,0.747254166746524
2019-06-19,0.5334096714036551,1.1597286833792126,0.8465691773914339
2019-06-20,1.4030545454545211,1.2094958450604347,1.306275195257478
2019-06-21,0.365555055427692,0.36062898576456837,0.3630920205961302
2019-06-24,0.5002108260869257,0.4360242465081955,0.4681175362975606
2019-06-25,0.5574820217390918,0.44156260850046514,0.49952231511977846
2019-06-26,0.669665086956522,0.5250018709291063,0.5973334789428142
2019-06-27,0.9193049999999795,0.6269143289520664,0.7731096644760229
2019-06-28,0.5993158327182028,0.5845829090908885,0.5919493709045456
2019-07-01,0.6623937532512894,0.5923147531699309,0.6273542532106101
2019-07-02,0.8770517012986885,0.5808499356508481,0.7289508184747683
2019-07-03,0.8238424285739373,0.8540495742569351,0.8389460014154362
2019-07-05,0.37909956282667084,0.5472939599999942,0.46319676141333255
2019-07-08,0.9400912800000077,0.679011493333331,0.8095513866666694
2019-07-09,0.9208697466666506,0.9163628092688906,0.9186162779677706
2019-07-10,0.9030814293068795,0.8368567733333256,0.8699691013201025
2019-07-11,1.18588094594596,0.9569858225171747,1.0714333842315673
2019-07-12,0.5412397368420825,0.5674703289473624,0.5543550328947224
2019-07-15,0.5765905696486757,0.6762113421052721,0.6264009558769739
2019-07-16,0.8191068552631631,0.7518610536389075,0.7854839544510352
2019-07-17,0.9386400263158005,0.8983333465994857,0.9184866864576431
2019-07-18,1.0576841324539554,1.272594799320661,1.1651394658873082
2019-07-19,0.6316008205128085,0.4325369997972372,0.5320689101550229
2019-07-22,0.6199415770086675,0.5896862662492104,0.604813921628939
2019-07-23,0.806602192307669,0.5392645187583884,0.6729333555330288
2019-07-24,0.9342745898506352,0.8706552564102392,0.9024649231304371
2019-07-25,1.1244144230769173,1.1364359102564032,1.1304251666666603
2019-07-26,0.646063275075883,0.5728204624911079,0.6094418687834955
2019-07-29,0.8306189375000038,0.6624876834624962,0.7465533104812501
2019-07-30,0.7786104749987723,0.7932127875001591,0.7859116312494657
2019-07-31,1.2824267249999886,1.1452838627201718,1.2138552938600802
2019-08-01,1.432606275000004,1.5328663999999792,1.4827363374999916
2019-08-02,0.6941030215617287,0.5830135220874537,0.6385582718245912
2019-08-05,0.8921682168674633,0.8571463614517338,0.8746572891595985
2019-08-06,0.8365677006425156,0.819893308676296,0.8282305046594058
2019-08-07,1.0700468795180436,1.0188733765399334,1.0444601280289885
2019-08-08,1.0010980720443723,1.1883282891566314,1.0947131806005017
2019-08-09,0.5517968333333495,0.5177433004190607,0.5347700668762051
2019-08-12,0.5227943335176634,0.6539996944739408,0.5883970139958021
2019-08-13,0.7875140508207159,0.8185416527777795,0.8030278517992477
2019-08-14,1.0602709861110895,0.6773095661231715,0.8687902761171304
2019-08-15,1.6284436575342385,1.165374682163602,1.3969091698489202
2019-08-16,0.5332838225781927,0.6553085483870995,0.5942961854826461
2019-08-19,0.5278032258064693,0.7099512258033986,0.618877225804934
2019-08-20,0.5681232925085089,0.6278589838709735,0.5979911381897411
2019-08-21,0.5165773023144798,0.6764094032257999,0.5964933527701399
2019-08-22,0.8657795473594049,0.8905016612903199,0.8781406043248624
2019-08-23,0.5109071428565666,0.5092478888889078,0.5100775158727372
2019-08-26,0.4505178348191705,0.5942582771372835,0.522388055978227
2019-08-27,0.6026953809516041,0.6251783015872889,0.6139368412694466
2019-08-28,0.6576044127156492,0.7772750476215655,0.7174397301686073
2019-08-29,0.8792976605436278,0.8852498730158245,0.8822737667797261
2019-08-30,0.4604216562500169,0.40549193661284466,0.4329567964314308
2019-09-03,0.5475118154916772,0.6778319375000009,0.612671876495839
2019-09-04,0.7637093906250088,1.0361583593777501,0.8999338750013794
2019-09-05,1.0453011129116174,0.9683824531248351,1.0068417830182264
2019-09-06,0.49773970833331244,0.46687764020961153,0.48230867427146196
2019-09-09,0.6260105694446391,0.7310448611111101,0.6785277152778746
2019-09-10,0.7728889028938802,0.7976243055555456,0.7852566042247129
2019-09-11,0.6799168194444152,0.8938802777794144,0.7868985486119148
2019-09-12,1.0493402638888747,1.254297693352786,1.1518189786208304
2019-09-13,0.5441641971830603,0.6743353252686122,0.6092497612258363
2019-09-16,0.4742028733322822,0.6133309772716274,0.5437669253019548
2019-09-17,1.172075908045905,0.7074307386363562,0.9397533233411306
2019-09-18,0.9085671678382472,0.9789894999999366,0.9437783339190919
2019-09-19,1.0972576024096397,1.1173622530125529,1.1073099277110963
2019-09-20,0.5389724683544143,0.4096154430389605,0.4742939556966874
2019-09-23,0.5560470253164058,0.5352486329111706,0.5456478291137883
2019-09-24,0.642165632911433,0.5342020167174926,0.5881838248144629
2019-09-25,0.7153671898734281,0.634781856605112,0.6750745232392701
2019-09-26,0.876063962025318,0.7791817368819997,0.8276228494536588
2019-09-27,0.6599034984734172,0.5552452278481202,0.6075743631607687
2019-09-30,0.5550410928563789,0.5498342015815578,0.5524376472189684
2019-10-01,0.6648237096774098,0.740104467741929,0.7024640887096694
2019-10-02,0.7332615645161158,0.6773702580644847,0.7053159112903002
2019-10-03,0.5336675300705879,1.0050229838709495,0.7693452569707686
2019-10-04,0.5263263521198321,0.5716136338027686,0.5489699929613003
2019-10-07,0.6798361126761722,0.7240139859154611,0.7019250492958167
2019-10-08,0.681711154929551,0.7427938452236656,0.7122525000766083
2019-10-09,0.8062529014084564,0.8319901790790775,0.8191215402437669
2019-10-10,0.953703450704229,1.0758975352106457,1.0148004929574372
2019-10-11,0.611830385714291,0.4901482715995954,0.5509893286569432
2019-10-14,0.7366052285714298,0.5884290322909537,0.6625171304311918
2019-10-15,0.8486595428571312,0.6900399402583148,0.7693497415577231
2019-10-16,0.9585921999999891,0.8095055572216378,0.8840488786108134
2019-10-17,1.1205341194028506,0.8068402847270079,0.9636872020649292
2019-10-18,0.49114384999999666,0.5091588312903859,0.5001513406451913
2019-10-21,0.49679040010012443,0.5400213500137218,0.5184058750569231
2019-10-22,0.5808927333333358,0.6794764338226524,0.6301845835779941
2019-10-23,0.6793917002387989,0.6899737999999813,0.6846827501193902
2019-10-24,0.9365991666666394,1.0945948500259286,1.015597008346284
2019-10-25,0.4841953833333371,0.48478183084685683,0.484488607090097
2019-10-28,0.5994331333333289,0.6732440666666498,0.6363385999999893
2019-10-29,0.6262125166651867,0.826243566666667,0.7262280416659268
2019-10-30,0.5024701718589959,0.6591318666666651,0.5808010192628306
2019-10-31,0.6294352831221337,1.1165017258064591,0.8729685044642964
2019-11-01,0.533817680555543,0.5070297083333224,0.5204236944444327
2019-11-04,0.5679861250000947,0.7151701944444411,0.6415781597222678
2019-11-05,0.7265729861110773,0.7494905416666611,0.7380317638888692
2019-11-06,1.071293975336458,0.8633763055555523,0.9673351404460052
2019-11-07,1.0811874825274101,0.9729789444444378,1.027083213485924
2019-11-08,0.4561180071775759,0.5301299305555646,0.49312396886657023
2019-11-11,0.511457460368566,0.6594691805555561,0.5854633204620611
2019-11-12,0.7858361007707099,0.7888397222222117,0.7873379114964607
2019-11-13,0.984470888888827,0.9223652361110707,0.9534180624999489
2019-11-14,1.2784746179118438,1.2421693714285784,1.260321994670211
2019-11-15,0.4458281729119954,0.473889281248418,0.4598587270802067
2019-11-18,0.5469245079744313,0.5787934999999632,0.5628590039871972
2019-11-19,0.5511624209160485,0.6872467441285021,0.6192045825222753
2019-11-20,0.8545244527007122,0.865879187500023,0.8602018201003676
2019-11-21,0.8931404773356542,0.9702883906249797,0.931714433980317
2019-11-22,0.35867132257483597,0.43738369354819645,0.3980275080615162
2019-11-25,0.40244082122181984,0.5540153709677098,0.4782280960947648
2019-11-26,0.47551604980976775,0.6054701612903289,0.5404931055500484
2019-11-27,0.5221601739283116,0.7342789999999982,0.6282195869641549
2019-11-29,0.4848391428571247,0.47543022222954956,0.48013468254333713
2019-12-02,0.5648018702558101,0.5160848225806507,0.5404433464182303
2019-12-03,0.5494278095221833,0.651507632277459,0.6004677208998211
2019-12-04,0.6793664603174308,0.8448787301587314,0.762122595238081
2019-12-05,0.929753793650866,0.9406632539682548,0.9352085238095604
2019-12-06,0.5231194657534223,0.5320304657534044,0.5275749657534133
2019-12-09,0.623482808219145,0.6326142876367284,0.6280485479279367
2019-12-10,0.7199472648016461,0.7829440547945052,0.7514456597980756
2019-12-11,0.8356017808322969,0.8238783150684731,0.8297400479503849
2019-12-12,1.0023208493150255,0.9525743895520554,0.9774476194335404
2019-12-13,0.604461374503547,0.5303870085800659,0.5674241915418065
2019-12-16,0.6738189222678787,0.5739166092178379,0.6238677657428583
2019-12-17,0.8537131321016852,0.8963727282593019,0.8750429301804936
2019-12-18,0.9840530760869409,0.9221248587343644,0.9530889674106526
2019-12-19,1.0549226222875177,0.9979200786516929,1.0264213504696054
2019-12-20,0.60406063874806,0.4969129402044953,0.5504867894762777
2019-12-23,0.571796708831866,0.5763513250292456,0.5740740169305558
2019-12-24,0.687977190678525,0.6369239759035925,0.6624505832910588
2019-12-26,1.1477612426745192,0.9502145180722743,1.0489878803733967
2019-12-27,0.5718912022426237,0.6359035975601025,0.603897399901363
2019-12-30,0.9366392405063229,0.8548669872370462,0.8957531138716845
2019-12-31,0.666406199335528,0.6605166666666611,0.6634614330010946
2020-01-02,0.8295632804372112,0.952172174603169,0.8908677275201902
2020-01-03,0.4700303599999888,0.39131682009293894,0.4306735900464639
2020-01-06,0.43339076265788434,0.5831596799999961,0.5082752213289402
2020-01-07,0.7038928933333316,0.6415898945141002,0.6727413939237159
2020-01-08,0.8035636400001365,0.7874397333333195,0.7955016866667279
2020-01-09,0.9293279066667185,0.978507426667363,0.9539176666670408
2020-01-10,0.5468246447368172,0.4830951305005299,0.5149598876186736
2020-01-13,0.7993778289432016,0.6614290624359233,0.7304034456895625
2020-01-14,0.7993647105263039,0.6837896973472347,0.7415772039367693
2020-01-15,0.6644238451671726,0.9391289736841983,0.8017764094256854
2020-01-16,0.943413613020679,1.18684441643232,1.0651290147264996
2020-01-17,0.3922585000000262,0.5203164017161983,0.4562874508581123
2020-01-21,0.5918538125000016,0.7383449687554692,0.6650993906277354
2020-01-22,0.7542259843750394,0.7787070468765714,0.7664665156258055
2020-01-23,0.8952867812499916,0.8839341093749965,0.889610445312494
2020-01-24,0.450976687890077,0.4831968571428452,0.46708677251646114
2020-01-27,0.5165802539682504,0.5566671746031691,0.5366237142857098
2020-01-28,0.5660178888889109,0.6657435396825425,0.6158807142857268
2020-01-29,0.660644238095222,0.6553540158730093,0.6579991269841157
2020-01-30,0.6581466148145902,0.7755691990843567,0.7168579069494735
2020-01-31,0.41808412903227843,0.4349511357713693,0.42651763240182383
2020-02-03,0.4490087096774407,0.5024127096774199,0.47571070967743034
2020-02-04,0.5021229032257952,0.5428963064166011,0.5225096048211981
2020-02-05,0.623949161290324,0.628503483870967,0.6262263225806455
2020-02-06,0.7571895645161344,0.9661817178471255,0.8616856411816299
2020-02-07,0.48319554666666176,0.34367774937068085,0.4134366480186713
2020-02-10,0.45487822450642457,0.6056093599999924,0.5302437922532085
2020-02-11,0.626631039999994,0.6029279199999795,0.6147794799999868
2020-02-12,0.6916973866666609,0.6769291015148705,0.6843132440907658
2020-02-13,0.904114279999992,0.8349779866712832,0.8695461333356376
2020-02-14,0.559641666666666,0.5048865999999855,0.5322641333333258
2020-02-18,0.6678054934742682,0.7896168266666598,0.728711160070464
2020-02-19,0.8948003199999706,0.6259334510524657,0.7603668855262181
2020-02-20,1.223750813333215,1.2212629736739158,1.2225068935035655
2020-02-21,0.37549633870916294,0.3817984983479413,0.3786474185285521
2020-02-24,0.49069509677421436,0.5535832097148593,0.5221391532445369
2020-02-25,0.6275527258064494,0.6754559516129004,0.6515043387096748
2020-02-26,0.7785979838709725,0.8875546612687465,0.8330763225698594
2020-02-27,1.1035708507462685,0.9761514328344851,1.039861141790377
2020-02-28,0.7394006901408429,0.892190154929572,0.8157954225352074
2020-03-02,0.7480355092300118,0.8545761527777842,0.8013058310038981
2020-03-03,0.8847671111111182,0.9282329166682606,0.9065000138896894
2020-03-04,0.8455826249999933,0.8989744999999976,0.8722785624999954
2020-03-05,1.2894115833332753,1.4160689444444583,1.3527402638888668
2020-03-06,0.8295259662921091,0.8125328876404606,0.8210294269662848
2020-03-09,1.350538617977533,1.3952915056179829,1.372915061797758
2020-03-10,1.2534254044943847,1.4492709325842825,1.3513481685393336
2020-03-11,1.4803173734939805,1.6409243214285818,1.5606208474612813
2020-03-12,1.7380710131579222,1.5723985635291522,1.6552347883435372
2020-03-13,1.1224724838673883,1.329983053763432,1.2262277688154102
2020-03-16,1.7244206881720539,1.906602161276007,1.8155114247240305
2020-03-17,1.36630132432433,1.9536904545451996,1.6599958894347648
2020-03-18,1.8252171818184972,2.085183072916672,1.9552001273675845
2020-03-19,1.801030000000001,2.0779478749999956,1.9394889374999984
2020-03-20,1.3563637196261593,1.5275980841121473,1.4419809018691532
2020-03-23,1.643237093457929,1.4916397570090292,1.5674384252334792
2020-03-24,1.6266767943925233,2.001524457943918,1.8141006261682207
2020-03-25,1.8427789345794359,1.581233888876392,1.712006411727914
2020-03-26,1.544109524475536,1.4588751145058252,1.5014923194906806
2020-03-27,1.156349000000008,1.0973716037735473,1.1268603018867775
2020-03-30,1.434621962264138,1.2505477039680497,1.342584833116094
2020-03-31,1.4044159411764692,1.3153269882354293,1.3598714647059493
2020-04-01,1.8488443411764877,1.7183452470588183,1.7835947941176529
2020-04-02,1.6834850270270274,1.7322159459459647,1.707850486486496
2020-04-03,1.127904269662912,1.061038629857307,1.0944714497601096
2020-04-06,1.5298004943820278,1.5889024943820171,1.5593514943820224
2020-04-07,1.586029415730338,1.6804707303370725,1.6332500730337052
2020-04-08,1.6757619259258958,1.916571000191263,1.7961664630585794
2020-04-09,0.9757680220789724,1.0113324374999706,0.9935502297894715
2020-04-13,1.3621356489361591,1.584461140902154,1.4732983949191567
2020-04-14,1.3607344559212056,1.526024851063812,1.4433796534925087
2020-04-15,1.0814852890295892,1.8656866195652266,1.473585954297408
2020-04-16,1.6432739411764568,2.121673930019427,1.8824739355979418
2020-04-17,1.1583536190476267,1.1246243170731833,1.141488968060405
2020-04-20,1.2175541951219584,1.062614914396398,1.1400845547591782
2020-04-21,1.278287617283948,1.1054667060007437,1.1918771616423458
2020-04-22,1.3507057530864164,1.0544329530370313,1.2025693530617239
2020-04-23,1.4506867272550374,1.694217284697509,1.5724520059762732
2020-04-24,0.4976795225969927,0.8227006029411515,0.6601900627690721
2020-04-27,0.938751838235294,0.8329056566742181,0.885828747454756
2020-04-28,0.9461811641790833,0.8230965249018772,0.8846388445404803
2020-04-29,1.0134827857142508,0.8812524756661169,0.9473676306901838
2020-04-30,1.1459717164179344,1.056796115993185,1.1013839162055596
2020-05-01,0.6068018936406459,1.0470788268657565,0.8269403602532012
2020-05-04,0.7406083463816602,1.0969231599999802,0.9187657531908202
2020-05-05,1.211045959459462,1.4995910002218682,1.355318479840665
2020-05-06,1.2932849594594322,1.2293319999999992,1.2613084797297156
2020-05-07,0.9574259798061767,1.4319983243242846,1.1947121520652306
2020-05-08,0.7126970861449471,0.9003331323529399,0.8065151092489435
2020-05-11,1.0511397605633803,0.8667851944305656,0.9589624774969729
2020-05-12,1.0809565492957693,1.1213035303997232,1.1011300398477464
2020-05-13,1.124869958336735,1.2424928749999973,1.183681416668366
2020-05-14,1.6754093636399383,1.5943922771112637,1.634900820375601
2020-05-15,0.6179396718750159,0.6539899999999989,0.6359648359375074
2020-05-18,0.8472006562500024,0.961140296987495,0.9041704766187487
2020-05-19,0.9928404062499894,0.9795320323018175,0.9861862192759034
2020-05-20,0.6326336952070583,0.9763901250000159,0.8045119101035371
2020-05-21,0.9381612549131293,1.2006356406248615,1.0693984477689953
2020-05-22,0.565082936507936,0.6816097461103734,0.6233463413091547
2020-05-26,0.678661539781382,0.8436460158729983,0.7611537778271902
2020-05-27,0.5425703594794828,0.994470936507938,0.7685206479937104
2020-05-28,1.2403616507936506,1.3653158888889048,1.3028387698412778
2020-05-29,0.5729644062494329,0.5991463281249856,0.5860553671872093
2020-06-01,0.7447194218750538,0.8189995156250146,0.7818594687500342
2020-06-02,0.8849380297138387,0.8342771250000096,0.8596075773569242
2020-06-03,1.0553416093749575,1.0313998125000006,1.043370710937479
2020-06-04,0.785009332970337,1.2618859242424085,1.0234476286063727
2020-06-05,0.6804119759123514,0.8098312705882227,0.7451216232502871
2020-06-08,0.6798958463362932,0.9365272446548073,0.8082115454955503
2020-06-09,1.0074757651450859,0.975432943557401,0.9914543543512434
2020-06-10,1.1709014252873526,1.0336211990848614,1.1022613121861071
2020-06-11,1.4763626762103377,1.2849526058022138,1.3806576410062759
2020-06-12,1.1074537209302624,0.9697658023255908,1.0386097616279266
2020-06-15,0.9968200565774159,1.1773592235294033,1.0870896400534096
2020-06-16,0.858136454827551,1.1501846666673308,1.0041605607474409
2020-06-17,1.2799465254419213,1.1554399636843522,1.2176932445631368
2020-06-18,1.2239282534245144,1.2076779775469162,1.2158031154857154
2020-06-19,0.7259762040933144,0.7984094795803269,0.7621928418368207
2020-06-22,0.8943787448979759,0.7836642214645024,0.8390214831812391
2020-06-23,0.9172103163265329,0.8156123477333527,0.8664113320299428
2020-06-24,1.0848216836734554,0.8028680513645456,0.9438448675190005
2020-06-25,1.1877005875130042,1.3339166836733245,1.2608086355931643
2020-06-26,0.9161560181760393,0.8460518958331327,0.881103957004586
2020-06-29,1.5205272077232352,1.3527039670329557,1.4366155873780955
2020-06-30,1.1472055223880138,0.7830813492837684,0.965143435835891
2020-07-01,1.1416834626803218,1.1619838507443312,1.1518336567123266
2020-07-02,0.5094020606308847,0.6940515757576039,0.6017268181942443
2020-07-06,0.8630138717948648,0.8289933717396119,0.8460036217672383
2020-07-07,0.8569255256417581,0.8375016410264619,0.8472135833341099
2020-07-08,0.7885343620649576,1.0919282179487093,0.9402312900068335
2020-07-09,1.096915983313122,1.2455721794891448,1.1712440814011333
2020-07-10,0.8080032727272977,0.7205494358901897,0.7642763543087436
2020-07-13,0.7971522569402004,0.9304502467532448,0.8638012518467226
2020-07-14,1.0768840649350586,0.8199617267818117,0.9484228958584351
2020-07-15,1.184874055705432,0.8250291770076025,1.0049516163565173
2020-07-16,1.655006349585518,1.4404438924574854,1.5477251210215017
2020-07-17,0.5501298800988479,0.5826911714851741,0.566410525792011
2020-07-20,0.7229545223880277,0.8811297050802298,0.8020421137341287
2020-07-21,0.4996891069327362,0.75694029850746,0.6283147027200982
2020-07-22,0.5463275052712294,0.8753495522388105,0.71083852875502
2020-07-23,0.7262735908719614,1.1055024776119295,0.9158880342419455
2020-07-24,0.5700018860930672,0.5825220151515111,0.5762619506222892
2020-07-27,0.5350651516661858,0.7112558181817985,0.6231604849239922
2020-07-28,0.4241991092288209,0.8617423484848289,0.6429707288568249
2020-07-29,0.8530194328955262,0.919145663447632,0.886082548171579
2020-07-30,0.884474774280156,1.1780581926305493,1.0312664834553527
2020-07-31,0.44508464323416186,0.5293091807225853,0.48719691197837356
2020-08-03,0.713885650259485,0.6276739833131136,0.6707798167862993
2020-08-04,0.4050528764340657,0.7524470666666794,0.5787499715503726
2020-08-05,0.8793164166666415,1.030878899999914,0.9550976583332778
2020-08-06,0.4638065136943179,1.379542067796621,0.9216742907454695
2020-08-07,0.6578057462686475,0.555636607771881,0.6067211770202643
2020-08-10,0.6325016119399813,0.7052228656716221,0.6688622388058016
2020-08-11,0.943652190972751,0.7998198507462647,0.8717360208595079
2020-08-12,0.881441567164164,1.0550329701512036,0.9682372686576838
2020-08-13,1.1413985621840734,1.096776179104437,1.1190873706442552
2020-08-14,0.663411039079537,0.6838365571428522,0.6736237981111945
2020-08-17,0.8868398428571278,0.6471859115691793,0.7670128772131535
2020-08-18,1.1027907444941905,0.7962414178071953,0.9495160811506929
2020-08-19,1.0003920723846125,0.9011529252182813,0.9507724988014469
2020-08-20,1.1838234776113499,1.0711938706706547,1.1275086741410023
2020-08-21,0.6017506190476186,0.5979879047619017,0.5998692619047601
2020-08-24,0.5454677483019681,0.7602719523809178,0.652869850341443
2020-08-25,0.6545044606977449,0.8379942063229393,0.7462493335103422
2020-08-26,0.8453037936508108,1.019767952380867,0.9325358730158388
2020-08-27,0.9818514468239682,1.1682525578265237,1.075052002325246
2020-08-28,0.4128185401312814,0.5266371833333143,0.46972786173229786
2020-08-31,0.7742965499999724,0.7173788500048417,0.745837700002407
2020-09-01,0.5420732628051261,0.7568724499999824,0.6494728564025543
2020-09-02,0.9553851000000128,0.9932155166399361,0.9743003083199744
2020-09-03,0.8106199245534628,1.1297170158727965,0.9701684702131297
2020-09-04,0.6393496698766661,0.6947775542166466,0.6670636120466563
2020-09-08,1.055172566265046,0.8046860728440715,0.9299293195545587
2020-09-09,1.0280258929337531,0.8746833410220035,0.9513546169778784
2020-09-10,1.3109432439024429,1.1493717272413073,1.230157485571875
2020-09-11,0.8840069012345694,0.803059123457543,0.8435330123460563
2020-09-14,1.0853884124999955,0.6162095530188971,0.8507989827594463
2020-09-15,1.2897177594936722,1.0222404499999083,1.1559791047467902
2020-09-16,1.1669304311926492,1.2014995514930276,1.1842149913428384
2020-09-17,1.0086685857732496,1.3193614528301758,1.1640150193017127
2020-09-18,0.6433199438201846,0.5471959334117834,0.595257938615984
2020-09-21,0.8051982696351991,0.7476362808988731,0.7764172752670362
2020-09-22,0.7018021129622637,0.7285491967970057,0.7151756548796346
2020-09-23,0.9060407977528058,0.7249377640415863,0.8154892808971961
2020-09-24,1.0812412417582353,0.9170954763145867,0.999168359036411
2020-09-25,0.7251850326085127,0.5005498829367461,0.6128674577726294
2020-09-28,1.0642707257286979,1.0277862609328903,1.0460284933307942
2020-09-29,1.3075880222222145,0.7837590790861299,1.0456735506541721
2020-09-30,0.8919508548386836,0.7360681941645514,0.8140095245016175
2020-10-01,0.8013560822095654,0.9529140967738892,0.8771350894917274
2020-10-02,0.5321115211267454,0.516569307952297,0.5243404145395212
2020-10-05,0.5196281163000498,0.6043747866510866,0.5620014514755682
2020-10-06,0.8633474788732638,0.8538663100925759,0.8586068944829198
2020-10-07,0.9550247323943777,0.8233461690050208,0.8891854506996992
2020-10-08,0.6696838575081299,0.911468929577046,0.7905763935425879
2020-10-09,0.508214089836729,0.6383213561643382,0.5732677230005336
2020-10-12,0.599340992896062,0.7947381369862742,0.697039564941168
2020-10-13,1.101117219178083,0.7692548908310493,0.9351860550045661
2020-10-14,1.0884181643835462,0.7557787558490056,0.9220984601162758
2020-10-15,1.4269056526519621,1.174857671060406,1.300881661856184
2020-10-16,0.5323399999999577,0.5833298490243235,0.5578349245121406
2020-10-19,0.4487636774351378,0.6386871384615112,0.5437254079483245
2020-10-20,0.8029339692307713,0.9201233076953534,0.8615286384630624
2020-10-21,0.8977106461538553,0.9959119810125311,0.9468113135831933
2020-10-22,0.5235237114636008,1.0963401384615443,0.8099319249625725
2020-10-23,0.5136551111110895,0.7559782698412378,0.6348166904761636
2020-10-26,0.7110846666666496,0.7823696502365053,0.7467271584515774
2020-10-27,0.7674486190476119,0.8347716825414068,0.8011101507945093
2020-10-28,0.9778957142857028,1.1770542698607929,1.0774749920732478
2020-10-29,1.2495735079365016,1.3425735714286076,1.2960735396825545
2020-10-30,0.5869008734936239,0.61065883606557,0.5987798547795969
2020-11-02,0.6753975179549623,0.7491639016393269,0.7122807097971446
2020-11-03,0.9787929672131197,0.8140121499478867,0.8964025585805032
2020-11-04,0.7142211295025502,0.8241459344262125,0.7691835319643814
2020-11-05,1.2408807986612114,1.1275163278688742,1.184198563265043
2020-11-06,0.6930740142857378,0.6629962142856421,0.67803511428569
2020-11-09,0.8106261857184998,0.8381049999892701,0.8243655928538849
2020-11-10,0.9617312428571314,0.7985177308022904,0.8801244868297109
2020-11-11,0.9960808216222391,0.9155808714285677,0.9558308465254034
2020-11-12,1.0832864142857166,1.0711309555967339,1.0772086849412252
2020-11-13,0.6748723199999861,0.6738987199999908,0.6743855199999884
2020-11-16,0.6279177017965013,0.8665291066666566,0.747223404231579
2020-11-17,0.8191444266609801,0.9337279999999805,0.8764362133304803
2020-11-18,1.1839549444444435,0.9358841651282027,1.0599195547863232
2020-11-19,1.2867997028743934,1.1371543939349524,1.2119770484046728
2020-11-20,0.6601279565217247,0.5259818180388243,0.5930548872802746
2020-11-23,0.7016758840579274,0.7383011449567585,0.7199885145073429
2020-11-24,0.8803370171233245,0.8348191884057646,0.8575781027645446
2020-11-25,0.6086602262178076,0.9607808285713997,0.7847205273946036
2020-11-27,0.5413404507027249,0.6374676197182834,0.5894040352105041
2020-11-30,0.749082269251503,0.7726108732394301,0.7608465712454666
2020-12-01,0.9272526760563184,0.7759448450588621,0.8515987605575903
2020-12-02,0.9450379014084582,0.9158003661961586,0.9304191338023085
2020-12-03,1.20313010052968,1.2227041741035907,1.2129171373166354
2020-12-04,0.6912884846332367,0.7526880357142846,0.7219882601737606
2020-12-07,1.05447696400388,0.9051592380952405,0.9798181010495602
2020-12-08,0.9890948312638402,0.9545867142856804,0.9718407727747603
2020-12-09,1.1898873452381,1.9211598809523684,1.5555236130952341
2020-12-10,1.09139307973178,0.9970340435669106,1.0442135616493453
2020-12-11,0.810725073170772,0.7735827439024373,0.7921539085366047
2020-12-14,1.093437654320989,0.742524925802066,0.9179812900615274
2020-12-15,1.3986867869444528,1.0918737654320803,1.2452802761882666
2020-12-16,1.5345722514136468,1.1294847500000593,1.332028500706853
2020-12-17,1.082345477191207,1.215064676190461,1.1487050766908342
2020-12-18,0.803561389800466,0.6100982695852976,0.7068298296928818
2020-12-21,0.8858688465611576,0.9574598225806381,0.9216643345708979
2020-12-22,1.076938080645157,1.0433139354881764,1.0601260080666668
2020-12-23,1.437575983606551,1.3692649000000006,1.4034204418032759
2020-12-24,0.42982660714284826,0.9051945357142687,0.6675105714285585
2020-12-28,0.8955353591934712,0.9405453214285677,0.9180403403110194
2020-12-29,1.1523281249999793,1.0887933750000027,1.120560749999991
2020-12-30,1.1645246603773578,1.0029675333333234,1.0837460968553407
2020-12-31,0.5596586071428513,0.5691887500000077,0.5644236785714295
2021-01-04,0.7692265890410966,0.7051263409164864,0.7371764649787915
2021-01-05,0.8482144109589034,0.8133591095889834,0.8307867602739434
2021-01-06,1.1334656575342503,0.9132360136987108,1.0233508356164807
2021-01-07,1.0703921249999795,1.0183976743782195,1.0443948996890995
2021-01-08,0.6580455189874078,0.7312238734177093,0.6946346962025586
2021-01-11,0.8824625512820656,0.837847115384624,0.8601548333333449
2021-01-12,1.064567337662342,0.9028998832574242,0.9837336104598831
2021-01-13,1.0833526666666684,1.0776587263160757,1.0805056964913722
2021-01-14,1.0997421643835705,1.3107812837832142,1.2052617240833925
2021-01-15,0.6207409848485221,0.5222059242424235,0.5714734545454728
2021-01-19,0.736820166666658,0.7367545454555254,0.7367873560610917
2021-01-20,0.8235368787878612,0.8190756515245894,0.8213062651562253
2021-01-21,1.1239648333333085,1.1773232424242708,1.1506440378787897
2021-01-22,0.5864230153846104,0.49896824613662594,0.5426956307606181
2021-01-25,0.4615947122040568,0.5862935989760346,0.5239441555900457
2021-01-26,0.6378572461538705,0.7030738768851008,0.6704655615194857
2021-01-27,0.7675368615384458,0.6857197758275351,0.7266283186829905
2021-01-28,1.1623766769230541,1.2904713132711858,1.2264239950971199
2021-01-29,0.6213880781250014,0.4972544704153219,0.5593212742701617
2021-02-01,0.5593027656250119,0.575865531223957,0.5675841484244845
2021-02-02,0.6158370625000058,0.746022703124995,0.6809298828125003
2021-02-03,0.362402181963055,0.7116970937499912,0.5370496378565232
2021-02-04,0.3543951620093699,0.9681926093749869,0.6612938856921784
2021-02-05,0.5026138749999903,0.480708861106717,0.4916613680533537
2021-02-08,0.6006630936679087,0.6680524657534361,0.6343577797106724
2021-02-09,0.7999545402604448,0.7683314325610813,0.784142986410763
2021-02-10,0.5819466139544149,0.8229331666666568,0.7024398903105359
2021-02-11,1.0101126215688838,0.9950348000002226,1.0025737107845532
2021-02-12,0.6221870540540623,0.5899238108108661,0.6060554324324642
2021-02-16,1.0140551351351277,0.8122339094550167,0.9131445222950723
2021-02-17,1.1163101891891778,0.9309569193065828,1.0236335542478803
2021-02-18,1.1204700434781685,1.0352261027965746,1.0778480731373716
2021-02-19,0.5219872272727165,0.5353769545454445,0.5286820909090806
2021-02-22,0.616185439399581,0.6361327424242242,0.6261590909119026
2021-02-23,0.5681119667433523,0.7064111515151392,0.6372615591292458
2021-02-24,0.9463624242423965,0.8542474461538326,0.9003049351981145
2021-02-25,1.244450527927884,1.106648753623278,1.175549640775581
2021-02-26,0.813727246575308,0.6409350038336228,0.7273311252044654
2021-03-01,0.7248233249421402,0.7738254109588815,0.7493243679505108
2021-03-02,0.8583636986301266,0.6927717261968884,0.7755677124135075
2021-03-03,1.123451931506834,0.7463866125014448,0.9349192720041395
2021-03-04,1.3012888392680266,1.1296419166666518,1.2154653779673392
2021-03-05,0.857057574807368,0.6556391410242325,0.7563483579158002
2021-03-08,1.0484828884737873,0.9120559999996007,0.980269444236694
2021-03-09,1.1453576794871683,0.884659505969542,1.0150085927283552
2021-03-10,1.2893635393525622,1.0226656153846028,1.1560145773685826
2021-03-11,1.3893343933115547,1.2624940000002631,1.325914196655909
2021-03-12,0.6317507110789357,0.7515861794871382,0.691668445283037
2021-03-15,0.8256963404235647,0.8955041874999935,0.8606002639617791
2021-03-16,1.035209010839367,0.9636686749999119,0.9994388429196395
2021-03-17,1.0650602602599395,0.9986082843137353,1.0318342722868374
2021-03-18,0.934771729923054,0.8820782851166958,0.908425007519875
2021-03-19,0.8407629569892576,0.6124051827956942,0.7265840698924759
2021-03-22,0.7332294396175092,0.6904047741935164,0.7118171069055128
2021-03-23,0.8170250258585898,0.7265575268780582,0.771791276368324
2021-03-24,0.9805842795698972,0.7257051556789783,0.8531447176244378
2021-03-25,1.202463279544756,0.975494397849444,1.0889788386971
2021-03-26,0.3612950098960298,0.6632394427582772,0.5122672263271535
2021-03-29,1.0975126545866316,0.8571596516969777,0.9773361531418047
2021-03-30,1.2512025930791708,1.0750385340908954,1.163120563585033
2021-03-31,1.0056237343749987,0.7139151838509412,0.85976945911297
2021-04-01,0.49031345161291046,0.49190619354837944,0.49110982258064495
2021-04-05,0.6600415866666652,0.7205521466666699,0.6902968666666676
2021-04-06,0.7613866666666528,0.7471698000000456,0.7542782333333492
2021-04-07,0.5812244425994606,0.7590251333333445,0.6701247879664025
2021-04-08,1.0864376327288805,1.0566297466666577,1.0715336896977692
2021-04-09,0.8842523333333181,0.7047978933333078,0.7945251133333129
2021-04-12,0.9206855440249552,0.7436282133333147,0.8321568786791349
2021-04-13,0.8579574594594653,0.793002906666807,0.8254801830631362
2021-04-14,0.8843057835818164,0.9507134533333095,0.917509618457563
2021-04-15,0.9888787467635629,1.1896763972602855,1.089277572011924
2021-04-16,0.4814185645161489,0.44446932258065663,0.46294394354840274
2021-04-19,0.3721575510580657,0.502690290322578,0.4374239206903218
2021-04-20,0.5504388387096621,0.6464495645378696,0.5984442016237659
2021-04-21,0.560098596774117,0.5971148548387035,0.5786067258064103
2021-04-22,0.9320017213114498,0.8821601612260188,0.9070809412687343
2021-04-23,0.5310259682542723,0.4484860158729826,0.4897559920636274
2021-04-26,0.42357455513785053,0.48422955568054565,0.4539020554091981
2021-04-27,0.5946097777777952,0.6195063492063637,0.6070580634920795
2021-04-28,0.5981074444448232,0.6176326983846085,0.6078700714147158
2021-04-29,0.4751791771158618,0.8022418307692049,0.6387105039425334
2021-04-30,0.5493421076923153,0.41887946153825445,0.4841107846152849
2021-05-03,0.6529950615384756,0.5398238615384295,0.5964094615384525
2021-05-04,0.5743632864192153,0.5952273538461607,0.584795320132688
2021-05-05,0.734439921588261,0.6350811076923,0.6847605146402804
2021-05-06,0.9299036269840432,0.9117382089552138,0.9208209179696285
2021-05-07,0.8038354948554379,0.549584086419759,0.6767097906375985
2021-05-10,0.8266974792294346,0.638570578154871,0.7326340286921528
2021-05-11,0.8288339523432746,0.7559303414635128,0.7923821469033937
2021-05-12,0.6350254081214683,0.8214589878048736,0.728242197963171
2021-05-13,1.258489048780503,1.1539229634156325,1.2062060060980677
2021-05-14,0.7226774750000635,0.603675767053921,0.6631766210269923
2021-05-17,0.6234330663599862,0.7159157874999219,0.669674426929954
2021-05-18,1.0254245625000018,0.8090372500585051,0.9172309062792534
2021-05-19,0.8893518731099155,1.0081540374999776,0.9487529553049465
2021-05-20,1.2182965678167392,1.0828195195206094,1.1505580436686742
2021-05-21,0.40763076462472303,0.34903213963092594,0.3783314521278245
2021-05-24,0.5184272031249898,0.5488798281249488,0.5336535156249693
2021-05-25,0.5212274062499762,0.5559501096495217,0.538588757949749
2021-05-26,0.5711858437499868,0.6245042186323158,0.5978450311911513
2021-05-27,0.8363026406249959,0.8815045624999973,0.8589036015624967
2021-05-28,0.33781323817963477,0.35033036507036835,0.34407180162500156
2021-06-01,0.46819109523912966,0.5624282857143005,0.515309690476715
2021-06-02,0.5778177384614475,0.6262765717553092,0.6020471551083784
2021-06-03,0.8529000615384523,0.8277263692080863,0.8403132153732693
2021-06-04,0.5607418100847148,0.5870987249999706,0.5739202675423427
2021-06-07,0.6406695374999943,0.7135754625003032,0.6771225000001488
2021-06-08,0.8689951000000036,0.900310987499962,0.8846530437499828
2021-06-09,0.8827978835862715,0.8234593500000287,0.8531286167931501
2021-06-10,1.0426913250003262,0.9776539625000039,1.010172643750165
2021-06-11,0.8040342179487359,0.7762309999999817,0.7901326089743588
2021-06-14,0.45428408021469024,0.9621266883116893,0.7082053842631898
2021-06-15,0.8265435686516104,0.9427323026315761,0.8846379356415932
2021-06-16,0.9568083762376193,1.3162400776698806,1.1365242269537499
2021-06-17,0.9544599009900668,1.0666803956043844,1.0105701482972256
2021-06-18,0.62466488764045,0.44732441474185797,0.535994651191154
2021-06-21,0.4834139901598047,0.5172169775280757,0.5003154838439402
2021-06-22,0.6103698539325939,0.5836656512325379,0.597017752582566
2021-06-23,0.7804486741572806,0.7361591014092812,0.7583038877832808
2021-06-24,0.7639585000001403,0.7057191312495144,0.7348388156248273
2021-06-25,0.6375876006698208,0.5681846981107246,0.6028861493902726
2021-06-28,0.5269797063958555,0.7735217604955866,0.650250733445721
2021-06-29,0.7960497241346722,0.8306125280789058,0.813331126106789
2021-06-30,0.6030042539682375,0.4101994835828911,0.5066018687755643
2021-07-01,0.4750625756950178,0.7227059523901384,0.5988842640425781
2021-07-02,0.41771449333332916,0.4421204799999619,0.42991748666664553
2021-07-06,0.5818099605263347,0.5422377763165523,0.5620238684214436
2021-07-07,0.7247865131578531,0.6579948552631371,0.6913906842104951
2021-07-08,0.7763722806952174,0.9319939342105124,0.8541831074528649
2021-07-09,0.3855043014364098,0.4799052162112973,0.4327047588238535
2021-07-12,0.6673290510232127,0.7327026266720189,0.7000158388476159
2021-07-13,0.71001166666665,0.5139303123898004,0.6119709895282253
2021-07-14,0.5340132044295921,0.7737586799973807,0.6538859422134864
2021-07-15,1.0203020249822035,1.1723129208721688,1.0963074729271862
2021-07-16,0.33109825114087227,0.379563693548373,0.35533097234462263
2021-07-19,0.5063816612903058,0.561919080645166,0.534150370967736
2021-07-20,0.5181710322580416,0.7604948548386915,0.6393329435483666
2021-07-21,0.4796775268483641,0.49365537112325664,0.48666644898581035
2021-07-22,0.6292161998877518,0.5487416612905375,0.5889789305891446
2021-07-23,0.37748251612904754,0.37889538709681286,0.3781889516129302
2021-07-26,0.3400018639427194,0.45889359677422464,0.39944773035847203
2021-07-27,0.46706685483867255,0.5136598064516121,0.49036333064514237
2021-07-28,0.5079437903230527,0.5193118064515995,0.5136277983873261
2021-07-29,0.5911993833088797,0.6699112053187819,0.6305552943138308
2021-07-30,0.41850237704919246,0.36681460664447096,0.3926584918468317
2021-08-02,0.31058674277755466,0.5176648852459159,0.4141258140117353
2021-08-03,0.28568032516438435,0.5317129343757802,0.40869662977008225
2021-08-04,0.622378639344241,0.6185269672131263,0.6204528032786836
2021-08-05,0.6720078425526362,0.8922484754098168,0.7821281589812266
2021-08-06,0.27872754856955173,0.40108066663282843,0.33990410760119005
2021-08-09,0.34108144893350123,0.46033965211013933,0.40071055052182025
2021-08-10,0.6201454868207724,0.5644520131578815,0.592298749989327
2021-08-11,0.53858331215347,0.602540207783216,0.570561759968343
2021-08-12,0.6936060389624122,0.7073588319670711,0.7004824354647416
2021-08-13,0.3224507593609444,0.4259191958939067,0.37418497762742553
2021-08-16,0.7009089863013718,0.5140299831274755,0.6074694847144236
2021-08-17,0.3368455491358105,0.7240176438355918,0.5304315964857012
2021-08-18,0.873063986301368,0.6684694060177198,0.7707666961595439
2021-08-19,0.5745731216028535,1.305195301369863,0.9398842114863581
2021-08-20,0.35529275000000005,0.3271225384615156,0.34120764423075783
2021-08-23,0.34399515385677,0.38469071153848755,0.36434293269762874
2021-08-24,0.4369677592592743,0.4982998148130957,0.46763378703618497
2021-08-25,0.5377554814814786,0.679323574074074,0.6085395277777763
2021-08-26,0.6540485263157851,0.7822498425016305,0.7181491844087078
2021-08-27,0.3376173631777951,0.32309638422917497,0.33035687370348504
2021-08-30,0.351375266575425,0.40277591666651974,0.3770755916209724
2021-08-31,0.510801933333308,0.47268278333333924,0.49174235833332364
2021-09-01,0.4125310191576335,0.5353815999999917,0.47395630957881263
2021-09-02,0.3773361772494236,0.6863062333333178,0.5318212052913707
2021-09-03,0.5923655822784847,0.44512041293128385,0.5187429976048843
2021-09-07,0.7039955189873266,0.5911097115080554,0.6475526152476909
2021-09-08,0.6949060903999876,0.7267277088607274,0.7108168996303574
2021-09-09,0.8312949167364176,0.7557746464786871,0.7935347816075524
2021-09-10,0.6684468533333199,0.5768941273290857,0.6226704903312028
2021-09-13,0.3672127224617537,0.8503689066666842,0.6087908145642189
2021-09-14,0.3611306922469154,0.8931071602083631,0.6271189262276393
2021-09-15,0.884949059843914,1.0189316933318728,0.9519403765878934
2021-09-16,1.1063278712546656,1.3818461935971018,1.2440870324258837
2021-09-17,0.702525522878434,0.6424868139534999,0.672506168415967
2021-09-20,0.6540248604504695,0.8217139302325511,0.7378693953415103
2021-09-21,0.8462167191011174,0.8765907752028138,0.8614037471519655
2021-09-22,1.1078769732550475,0.9120869361699808,1.0099819547125142
2021-09-23,0.9040579684210461,0.9573847157899297,0.9307213421054878
2021-09-24,0.8459197659574491,0.7306785672047138,0.7882991665810815
2021-09-27,1.1049605177964754,1.0124539565217336,1.0587072371591044
2021-09-28,1.1282524193548518,0.9439502447428676,1.0361013320488597
2021-09-29,1.0719588888888807,1.0561743374410837,1.0640666131649823
2021-09-30,1.1646334193548256,0.7537821060767661,0.9592077627157958
2021-10-01,0.6844657200755879,0.5693907533434128,0.6269282367095004
2021-10-04,0.6361490623406131,0.5751750945945855,0.6056620784675992
2021-10-05,0.7078516486486376,0.48213496742644757,0.5949933080375426
2021-10-06,0.4571737589952889,0.6006193513511807,0.5288965551732348
2021-10-07,0.9136819324366517,0.6909774191505255,0.8023296757935886
2021-10-08,0.59031583544304,0.655169936709897,0.6227428860764685
2021-10-11,0.7805409873417511,0.6831172278481729,0.731829107594962
2021-10-12,1.0090684500798575,0.7799962999965416,0.8945323750381995
2021-10-13,0.8654618325152781,0.8810527800909634,0.8732573063031208
2021-10-14,1.11133586301148,1.1781437682926592,1.1447398156520696
2021-10-15,0.4988676197183149,0.5379178824748757,0.5183927510965953
2021-10-18,0.4996509941700094,0.5370076760557752,0.5183293351128923
2021-10-19,0.5208748411145105,0.6222143380281611,0.5715445895713358
2021-10-20,0.6751738068434243,0.6980050704225321,0.6865894386329783
2021-10-21,0.9023232857142692,0.7986202428569751,0.8504717642856221
2021-10-22,0.504197086314858,0.46356045714284916,0.48387877172885363
2021-10-25,0.44547034570734,0.5155791571433319,0.48052475142533596
2021-10-26,0.7440772285714083,0.5736934288277455,0.6588853286995769
2021-10-27,0.7017009714286001,0.6197195378417044,0.6607102546351522
2021-10-28,0.7882251000137651,0.8939945797101458,0.8411098398619554
2021-10-29,0.5510067042238977,0.47977816901413534,0.5153924366190166
2021-11-01,0.7755392679545786,0.5874242240894441,0.6814817460220113
2021-11-02,0.6818833405072995,0.6682614789623468,0.6750724097348231
2021-11-03,0.7402490704225554,0.6887435003403244,0.7144962853814398
2021-11-04,0.919736769966187,0.842856385714268,0.8812965778402275
2021-11-05,0.5392346904761764,0.5464261428571672,0.5428304166666718
2021-11-08,0.6775669958329815,0.6774077882352658,0.6774873920341237
2021-11-09,0.5040331977016941,0.7259386470588017,0.6149859223802479
2021-11-10,0.9470140352941258,0.9270712452715156,0.9370426402828207
2021-11-11,1.1435590952380787,1.0897876626505525,1.1166733789443155
2021-11-12,0.3408985476179603,0.631134452380971,0.4860164999994656
2021-11-15,0.39998808756331267,0.7923123565304907,0.5961502220469017
2021-11-16,0.9304729047815685,0.9017389047619047,0.9161059047717366
2021-11-17,1.0674196585365945,0.9613878425574766,1.0144037505470356
2021-11-18,1.027722337596584,0.9916631282047772,1.0096927329006806
2021-11-19,0.4607644782608795,0.435315681159398,0.44804007971013876
2021-11-22,0.5227658405795996,0.5267684347563284,0.524767137667964
2021-11-23,0.5694302898550683,0.5878138549682609,0.5786220724116646
2021-11-24,0.38302072364248385,0.8699316659390444,0.6264761947907641
2021-11-26,0.5096610588235554,0.5072069264705557,0.5084339926470556
2021-11-29,0.6094388823529296,0.44394105571680165,0.5266899690348656
2021-11-30,0.5955683823529166,0.5899456323496645,0.5927570073512906
2021-12-01,0.8066348823529124,1.2869995441176467,1.0468172132352795
2021-12-02,0.543312165567321,0.9614616764705749,0.752386921018948
2021-12-03,0.6471903029674764,0.726684755813961,0.6869375293907187
2021-12-06,0.6213133547071985,0.6700991725442428,0.6457062636257207
2021-12-07,0.6397106719476429,0.7237260116281478,0.6817183417878954
2021-12-08,0.8205495172413803,0.8331277126419275,0.8268386149416539
2021-12-09,1.0302182148760088,0.8593963718965881,0.9448072933862985
2021-12-10,0.41106318365040906,0.6476597955138721,0.5293614895821406
2021-12-13,0.3963490042595107,0.8357954886328475,0.6160722464461791
2021-12-14,0.5696733623169972,0.9773178181809329,0.7734955902489651
2021-12-15,1.1066587727272896,1.0503110116290004,1.0784848921781451
2021-12-16,1.1701598500000014,0.9953702745428746,1.082765062271438
2021-12-17,0.6400438918918805,0.6079193107452479,0.6239816013185642
2021-12-20,0.7435456081080936,0.6069950581438066,0.6752703331259501
2021-12-21,0.7692092300777084,0.8765574864864883,0.8228833582820984
2021-12-22,0.87618774605279,0.8643253513513437,0.8702565487020668
2021-12-23,0.771931589743582,0.9511332051281993,0.8615323974358906
2021-12-27,0.48739401856701275,0.6746137333333343,0.5810038759501736
2021-12-28,0.7763935333333016,0.7372762399999949,0.7568348866666483
2021-12-29,0.9409385733332893,0.8273574774416294,0.8841480253874594
2021-12-30,1.0698391203363742,1.039071226664693,1.0544551735005336
2021-12-31,0.4095563239395707,0.48989560567001506,0.4497259648047929
2022-01-03,0.33771677056741956,0.5574009436619833,0.44755885711470145
2022-01-04,0.7070064225351821,0.6709344193836612,0.6889704209594216
2022-01-05,0.3725535381633258,0.684322954367215,0.5284382462652704
2022-01-06,0.8579324727941006,0.838030597014925,0.8479815349045128
2022-01-07,0.7539904347825983,0.8494016826810011,0.8016960587317997
2022-01-10,0.418205355559149,0.8866464193548336,0.6524258874569913
2022-01-11,0.6121456604952991,0.9620105161290264,0.7870780883121627
2022-01-12,1.0486162127659486,1.1981944210678903,1.1234053169169194
2022-01-13,0.8334024133331545,1.2291423118279574,1.031272362580556
2022-01-14,0.7905460898930586,0.8179158539325758,0.8042309719128172
2022-01-18,0.5792841628099673,0.8731603493975788,0.726222256103773
2022-01-19,0.7358422931554144,0.9549230705883474,0.8453826818718808
2022-01-20,0.6040713753153266,1.2259597560974917,0.9150155657064092
2022-01-21,0.5039194117646851,0.5160098506211905,0.5099646311929378
2022-01-24,0.5609250000000544,0.5660981617646887,0.5635115808823716
2022-01-25,0.6280311029411791,0.6179864117646192,0.6230087573528992
2022-01-26,0.5415403676470937,0.6925408235294116,0.6170405955882526
2022-01-27,0.8783270000000014,1.0036567093105122,0.9409918546552568
2022-01-28,0.4970263571422632,0.47016605714286663,0.4835962071425649
2022-01-31,0.42638404157466075,0.5045530285714286,0.46546853507304464
2022-02-01,0.6200931571428546,0.5313795427255696,0.5757363499342121
2022-02-02,0.6850621285713708,0.6009374285745854,0.6429997785729782
2022-02-03,0.7611386408013757,0.77234630000004,0.7667424704007079
2022-02-04,0.5274594050632821,0.3613581413098353,0.4444087731865587
2022-02-07,0.4940078481299759,0.5311746456229244,0.5125912468764502
2022-02-08,0.6482072531645463,0.5328394528446309,0.5905233530045886
2022-02-09,0.9340270313587234,0.7018296075949383,0.8179283194768309
2022-02-10,0.8909392658234744,0.8061324430330332,0.8485358544282537
2022-02-11,0.5447620263157755,0.4851864592585955,0.5149742427871855
2022-02-14,0.7263279487183482,0.6780138717891406,0.7021709102537443
2022-02-15,0.5168900676209865,0.6786405256410122,0.5977652966309994
2022-02-16,0.7869195128205019,0.5617117740783228,0.6743156434494124
2022-02-17,1.1109421410256162,1.0330289229973242,1.0719855320114702
2022-02-18,0.3405901076077608,0.3985269365079327,0.3695585220578468
2022-02-22,0.3872342773135678,0.5782877499999753,0.4827610136567716
2022-02-23,0.5238621406222125,0.6441015156249903,0.5839818281236013
2022-02-24,0.7841266093750293,0.812830855560836,0.7984787324679327
2022-02-25,0.40545212903227357,0.4654732903226103,0.43546270967744194
2022-02-28,0.5164081451612659,0.5994796451612906,0.5579438951612783
2022-03-01,0.5512534856986239,0.7218800322580381,0.636566758978331
2022-03-02,0.5754184405096597,0.5959279292194393,0.5856731848645496
2022-03-03,0.5920371377941118,0.7803237566197777,0.6861804472069448
2022-03-04,0.4707098655734308,0.5940665874999965,0.5323882265367137
2022-03-07,0.7086370624999809,0.6041038168607664,0.6563704396803737
2022-03-08,0.7545225875000194,0.6327168748088626,0.693619731154441
2022-03-09,0.6109706674992534,0.7981239766681753,0.7045473220837144
2022-03-10,0.9111878124999816,0.810165650434673,0.8606767314673274
2022-03-11,0.6273436329113516,0.5218966235765391,0.5746201282439454
2022-03-14,0.6158319084540682,0.7927038101265682,0.7042678592903182
2022-03-15,0.5538883000157584,0.9307734556961772,0.7423308778559679
2022-03-16,0.8152486581566953,1.2543593670885997,1.0348040126226477
2022-03-17,0.8100285567117215,1.190466230000017,1.0002473933558693
2022-03-18,0.45379183950615276,0.40899486419749154,0.43139335185182215
2022-03-21,0.3650754230188688,0.48090701234568095,0.4229912176822749
2022-03-22,0.47120121257428077,0.5036709259259211,0.48743606925010097
2022-03-23,0.6365060457942856,0.529298753078876,0.5829023994365807
2022-03-24,0.47565913223747386,0.6718454197744265,0.5737522760059501
2022-03-25,0.47795491132444956,0.45984985185185395,0.4689023815881518
2022-03-28,0.43282250266489847,0.5919490000000038,0.5123857513324511
2022-03-29,0.5627606839614611,0.6684708271604787,0.6156157555609698
2022-03-30,0.7590245641211505,0.871880246913563,0.8154524055173568
2022-03-31,0.7096175514018674,0.5382781041200533,0.6239478277609604
2022-04-01,0.480923311688313,0.5103539610389576,0.49563863636363525
2022-04-04,0.3701513308850734,0.5409819220821125,0.4555666264835929
2022-04-05,0.6074180789473639,0.592615064941744,0.6000165719445539
2022-04-06,0.7701889090909297,0.6190901853843833,0.6946395472376565
2022-04-07,0.8434152337662251,0.7212378311693276,0.7823265324677764
2022-04-08,0.532687698792317,0.6132993012048235,0.5729934999985702
2022-04-11,0.6682403771299258,0.945892313253023,0.8070663451914744
2022-04-12,0.6470771329648881,0.9403695301204755,0.7937233315426818
2022-04-13,1.4762523076936538,1.3879649999999957,1.4321086538468246
2022-04-14,0.5444781428571548,0.6012661714286333,0.5728721571428941
2022-04-18,0.4257313884819482,0.6056411971830977,0.515686292832523
2022-04-19,0.5543554428848873,0.6667300563379858,0.6105427496114365
2022-04-20,0.7832696212601457,0.6335415469910949,0.7084055841256203
2022-04-21,0.8619142142857116,1.0358123292010777,0.9488632717433947
2022-04-22,0.5945087916666733,0.44460735148924346,0.5195580715779584
2022-04-25,0.5188934095586791,0.7558206527777735,0.6373570311682264
2022-04-26,0.7339380833333392,0.9792232389008542,0.8565806611170967
2022-04-27,0.7968875138888873,0.5983560580127812,0.6976217859508342
2022-04-28,1.0181111805826384,1.0288743472222803,1.0234927639024594
2022-04-29,0.578141571428563,0.5333980714283172,0.5557698214284401
2022-05-02,0.7164991714285657,0.8574460285714396,0.7869726000000026
2022-05-03,0.672352513579531,0.5570899247665446,0.6147212191730378
2022-05-04,0.8011745285715435,0.8015075287311523,0.8013410286513478
2022-05-05,0.896586372798905,1.0272076036927404,0.9618969882458227
2022-05-06,0.5566572439028135,0.46140339582041795,0.5090303198616157
2022-05-09,0.6454733134994854,0.7054538170731639,0.6754635652863247
2022-05-10,0.7345945487669794,0.6438187425205056,0.6892066456437425
2022-05-11,0.7401826097622309,0.5197219584104549,0.629952284086343
2022-05-12,1.380529214415983,1.2785956707316783,1.3295624425738306
2022-05-13,0.5608809950482159,0.6117381976744223,0.5863095963613191
2022-05-16,0.7517890227764084,0.6882209186047148,0.7200049706905616
2022-05-17,0.6657494573937155,0.9108795930232414,0.7883145252084784
2022-05-18,1.1868422209302412,1.0293057802739578,1.1080740006020995
2022-05-19,1.4076516395348744,1.5270881511627559,1.4673698953488152
2022-05-20,0.5445876052631795,0.6217219868420899,0.5831547960526346
2022-05-23,0.5926526052882715,0.6734102894736753,0.6330314473809734
2022-05-24,0.6321571208634867,0.737592789473705,0.6848749551685959
2022-05-25,0.7537387726997035,0.7573644468531358,0.7555516097764197
2022-05-26,0.9781214961496637,1.0763204605263041,1.027220978337984
2022-05-27,0.4191004604284665,0.44958740986069184,0.43434393514457914
2022-05-31,0.6980789350657873,0.8660039220779229,0.7820414285718551
2022-06-01,0.7347975194379751,0.9319801168372975,0.8333888181376363
2022-06-02,0.9685858707857851,0.9407760921052805,0.9546809814455328
2022-06-03,0.5485487906976734,0.41914469465647897,0.48384674267707617
2022-06-06,0.6919969302325523,0.6491256392680104,0.6705612847502813
2022-06-07,0.5954946968564226,0.6844995060714162,0.6399971014639194
2022-06-08,0.8193404883720619,0.7613755459745922,0.7903580171733271
2022-06-09,1.0628974854456523,0.7788946138756602,0.9208960496606562
2022-06-10,0.6782887261904778,0.34873688750096776,0.5135128068457228
2022-06-13,0.7704805542539599,0.8268507292294509,0.7986656417417054
2022-06-14,0.938541435294107,0.8510451764093084,0.8947933058517077
2022-06-15,1.084194388235283,0.565073166007563,0.8246337771214229
2022-06-16,1.3465936132075562,0.5797433986093926,0.9631685059084745
2022-06-17,0.5741936315789353,0.6025142736842141,0.5883539526315746
2022-06-21,0.6733208526315679,0.62234397885858,0.6478324157450739
2022-06-22,0.834484378947369,0.521006336669668,0.6777453578085185
2022-06-23,0.96026239999998,0.9242170211356919,0.942239710567836
2022-06-24,0.5453464315793346,0.5369676315778331,0.5411570315785839
2022-06-27,0.6568097266258157,0.7288908526315903,0.692850289628703
2022-06-28,0.7719068315789983,0.6993884951321346,0.7356476633555664
2022-06-29,0.9440979368420913,0.7393507210332773,0.8417243289376843
2022-06-30,0.9525212717324008,1.1867223513506218,1.0696218115415113
2022-07-01,0.54746885521882,0.5835328311688109,0.5655008431938155
2022-07-05,0.6091426717067073,0.7939991688311604,0.7015709202689339
2022-07-06,0.8136877272727385,1.0041307792476124,0.9089092532601755
2022-07-07,0.8585390727019425,0.8872486363637744,0.8728938545328584
2022-07-08,0.5930761948052012,0.5425450100565403,0.5678106024308708
2022-07-11,0.6837595379141482,0.7212600641025537,0.702509801008351
2022-07-12,0.7773820256410152,0.6142234847723901,0.6958027552067026
2022-07-13,0.9618532307692271,1.2008586410205755,1.0813559358949014
2022-07-14,1.1749459102563984,1.306016051282058,1.2404809807692283
2022-07-15,0.5044482835168747,0.5743298513513583,0.5393890674341164
2022-07-18,0.6758821757099384,0.6570445405405302,0.6664633581252343
2022-07-19,0.7433583918918993,0.657408270270259,0.7003833310810792
2022-07-20,0.5665111611820294,0.7804355270270218,0.6734733441045255
2022-07-21,0.9808463783778371,1.011007594594599,0.9959269864862181
2022-07-22,0.4553163008260964,0.503099986302679,0.47920814356438773
2022-07-25,0.4896335666612895,0.643086945205469,0.5663602559333792
2022-07-26,0.8288869726027145,0.7930858630136943,0.8109864178082045
2022-07-27,0.8023769452055183,0.733992356456485,0.7681846508310016
2022-07-28,1.2447389718633657,1.010226162162161,1.1274825670127635
2022-07-29,0.48737749999998997,0.4258364413489192,0.45660697067445455
2022-08-01,0.6250463513513452,0.5849605135135176,0.6050034324324314
2022-08-02,0.739322500000005,0.5559328453345398,0.6476276726672724
2022-08-03,0.7439273918918903,0.6259225865513999,0.6849249892216451
2022-08-04,0.9333985947543076,0.7169686616252529,0.8251836281897802
2022-08-05,0.42663826121252707,0.5161140245735029,0.471376142893015
2022-08-08,0.6268839760642343,0.6782999642857005,0.6525919701749674
2022-08-09,0.6453997176720363,0.7606451309523735,0.703022424312205
2022-08-10,0.6409646917365356,0.7690968685715015,0.7050307801540185
2022-08-11,1.064175098082568,0.969553321428422,1.016864209755495
2022-08-12,0.41424965359626015,0.6102374523809547,0.5122435529886075
2022-08-15,0.8324615714285944,0.6233505403091267,0.7279060558688606
2022-08-16,0.8266678452385473,0.8196215714285652,0.8231447083335562
2022-08-17,0.532947522890516,0.9515514047461379,0.7422494638183269
2022-08-18,0.9601563698737449,1.133908432099075,1.04703240098641
2022-08-19,0.3689104693063982,0.4854654931506671,0.42718798122853263
2022-08-22,0.5526124109916365,0.5413065974248474,0.546959504208242
2022-08-23,0.7040439178082302,0.5334348683356854,0.6187393930719578
2022-08-24,0.8169306164383321,0.7167554118069059,0.766843014122619
2022-08-25,1.069731630213231,0.9989061780821771,1.034318904147704
2022-08-26,0.529985295774637,0.4274479209987827,0.4787166083867099
2022-08-29,0.6255071549295532,0.5683652051065751,0.5969361800180641
2022-08-30,0.6410182253521018,0.6657753097598051,0.6533967675559536
2022-08-31,0.7762076901408327,0.992807197188583,0.8845074436647078
2022-09-01,0.8531967970190242,0.9703854929577312,0.9117911449883778
2022-09-02,0.5607948094298816,0.5979113879942307,0.5793530987120561
2022-09-06,0.6771229613372257,0.8213052197801964,0.749214090558711
2022-09-07,0.6626253992350012,0.8357044395604332,0.7491649193977172
2022-09-08,0.7889393186813148,0.8962590329868677,0.8425991758340913
2022-09-09,0.6948305604395664,0.6615472637362751,0.6781889120879208
2022-09-12,0.8191147582417477,0.8803814615384575,0.8497481098901026
2022-09-13,1.0133175384615285,0.6331368623532297,0.8232272004073791
2022-09-14,0.8015312925058532,1.1174846593406553,0.9595079759232543
2022-09-15,1.441926873563197,0.6889268732528835,1.06542687340804
2022-09-16,0.5765308253968444,0.5369844285712088,0.5567576269840266
2022-09-19,0.4949580959752629,0.6852796984127093,0.5901188971939861
2022-09-20,0.7323869523809473,0.8021727978659907,0.7672798751234691
2022-09-21,0.9162734761904683,1.0898009523809276,1.003037214285698
2022-09-22,1.1969661746031706,1.0999851594464942,1.1484756670248324
2022-09-23,0.594732952370173,0.6813959523809645,0.6380644523755687
2022-09-26,0.7578496666666612,0.8508941269841951,0.8043718968254281
2022-09-27,0.7803271904761837,0.7574204761429231,0.7688738333095534
2022-09-28,0.9075718095238124,1.0822752216872822,0.9949235156055474
2022-09-29,1.1208323934426117,0.7579260314546833,0.9393792124486475
2022-09-30,0.5456373279551117,0.5402080277777741,0.5429226778664429
2022-10-03,0.5604605558899973,0.6815648055555418,0.6210126807227696
2022-10-04,0.534990629591118,0.6908505416666688,0.6129205856288934
2022-10-05,0.7167721548798016,0.9081026388876017,0.8124373968837016
2022-10-06,0.9712645138888983,1.1193421388930194,1.0453033263909588
2022-10-07,0.5903700595238247,0.508405502024406,0.5493877807741154
2022-10-10,0.7562213214285665,0.6527022738336047,0.7044617976310856
2022-10-11,0.8268618889579787,0.7933015595237639,0.8100817242408713
2022-10-12,0.9319457976190283,0.6652183603612045,0.7985820789901164
2022-10-13,1.0166892380952302,0.992591999354467,1.0046406187248484
2022-10-14,0.5549154588234937,0.6606737882352963,0.607794623529395
2022-10-17,0.6767719718847771,0.8496661294117754,0.7632190506482763
2022-10-18,0.9104077011666449,0.935107623529416,0.9227576623480305
2022-10-19,0.8191750117647105,0.9866647714135242,0.9029198915891173
2022-10-20,1.3246170361445737,0.8812876782522155,1.1029523571983946
2022-10-21,0.47422405419732455,0.529971876712327,0.5020979654548258
2022-10-24,0.6054189039810833,0.6121747808219047,0.608796842401494
2022-10-25,0.7103767260273077,0.6509638630136899,0.6806702945204988
2022-10-26,0.7324928082191628,0.5994144565042251,0.6659536323616939
2022-10-27,0.952093753450312,0.9688026438356042,0.960448198642958
2022-10-28,0.4776221783815377,0.5071913750000157,0.4924067766907767
2022-10-31,0.5973786245887407,0.5385163071587891,0.5679474658737649
2022-11-01,0.7050724583333801,0.4772776083996892,0.5911750333665347
2022-11-02,0.8081772083333403,0.5456467506665501,0.6769119794999452
2022-11-03,0.5993091915788578,0.9315161944444859,0.7654126930116718
2022-11-04,0.4169740196336374,0.5203251139240396,0.4686495667788385
2022-11-07,0.4691530339623966,0.6215947088607514,0.545373871411574
2022-11-08,0.5631668603395328,0.6689108664193786,0.6160388633794557
2022-11-09,0.7093153417721568,0.7206960081584791,0.715005674965318
2022-11-10,0.8998758313701967,0.9579320506329194,0.928903941001558
2022-11-11,0.5478629999999742,0.49469338394214846,0.5212781919710614
2022-11-14,0.6118535069546432,0.6440863291139273,0.6279699180342853
2022-11-15,0.6190901832037261,0.7627729746835485,0.6909315789436373
2022-11-16,0.9033031265822626,0.7340260022873354,0.818664564434799
2022-11-17,1.2992717313474584,1.1593027721519136,1.229287251749686
2022-11-18,0.4961214449651906,0.5058765599999899,0.5009990024825903
2022-11-21,0.5650007012731331,0.5601978311688312,0.5625992662209821
2022-11-22,0.5269311371060498,0.6078807989121642,0.567405968009107
2022-11-23,1.042421402591872,0.780208454545454,0.911314928568663
2022-11-25,0.3861038797387653,0.4935694499999738,0.43983666486936956
2022-11-28,0.5605123550984892,0.6118318124999804,0.5861720837992348
2022-11-29,0.7108105000000015,0.6162812749993795,0.6635458874996905
2022-11-30,0.734139919480685,0.8128112249999726,0.7734755722403288
2022-12-01,1.190615029193783,0.8244923923226714,1.007553710758227
2022-12-02,0.4470838296542489,0.5590721348314467,0.5030779822428478
2022-12-05,0.5932078313414498,0.6964541910112321,0.6448310111763409
2022-12-06,0.6983618314606489,0.8383329887640429,0.768347410112346
2022-12-07,0.7852348908611012,0.8086752699322589,0.7969550803966801
2022-12-08,0.9189474837625796,0.9453935847703238,0.9321705342664517
2022-12-09,0.6285556206896747,0.5196738634748977,0.5741147420822863
2022-12-12,0.8135956091961972,0.7940205287369602,0.8038080689665787
2022-12-13,0.8824079999999757,0.596989060459567,0.7396985302297714
2022-12-14,1.153842354838709,0.6128640275048421,0.8833531911717756
2022-12-15,1.2900762628829772,1.247531586956498,1.2688039249197376
2022-12-16,0.6411904324324053,0.38794433042903054,0.5145673814307179
2022-12-19,0.7224969864864756,0.6641278243243564,0.693312405405416
2022-12-20,0.7363172973292174,0.8246233648648572,0.7804703310970373
2022-12-21,0.6675060533958653,0.880822432432407,0.7741642429141362
2022-12-22,1.6387310540420787,1.162138770270719,1.400434912156399
2022-12-23,0.45095733754761474,0.5224712702702552,0.486714303908935
2022-12-27,0.7254743378378335,0.795085216216226,0.7602797770270298
2022-12-28,0.894249399999992,0.8146035861516112,0.8544264930758017
2022-12-29,1.123964479999984,0.945704962991989,1.0348347214959865
2022-12-30,0.5242618181818313,0.49223481818206466,0.5082483181819479
2023-01-03,0.7373298863636234,0.681734792052943,0.7095323392082832
2023-01-04,0.7484569436873318,0.924716693181821,0.8365868184345764
2023-01-05,1.1411753750000215,1.0992027386363548,1.1201890568181883
2023-01-06,0.6100343368398485,0.5593375263157747,0.5846859315778117
2023-01-09,0.7830929270712109,0.7561073437500124,0.7696001354106117
2023-01-10,0.838586687500003,0.7585077708333335,0.7985472291666682
2023-01-11,0.717735521529053,0.95004698958333,0.8338912555561915
2023-01-12,1.414708954626424,1.2651072886494465,1.3399081216379352
2023-01-13,0.5339279129890321,0.6503635789473633,0.5921457459681977
2023-01-17,0.7287816313157963,0.9493729157894656,0.839077273552631
2023-01-18,0.9884728722312219,1.048035168421024,1.018254020326123
2023-01-19,0.7963529771730377,0.8278182721816572,0.8120856246773474
2023-01-20,0.5020856128190434,0.5282306627907166,0.51515813780488
2023-01-23,0.6156697093023051,0.6180259418582573,0.6168478255802812
2023-01-24,0.7082847286059227,0.6042259290628924,0.6562553288344075
2023-01-25,0.6269911468897796,0.879475883720935,0.7532335153053573
2023-01-26,1.0384812241081178,1.1157124767441873,1.0770968504261527
2023-01-27,0.48280635628132024,0.5038327325580311,0.4933195444196756
2023-01-30,0.6581228953336377,0.4829512091243664,0.5705370522290021
2023-01-31,0.6616569365684388,0.8050411279069835,0.7333490322377112
2023-02-01,0.974886290696792,0.9091795347501634,0.9420329127234777
2023-02-02,1.4474865999981863,1.0748353488372422,1.2611609744177144
2023-02-03,0.7734738749999771,0.561426473769613,0.667450174384795
2023-02-06,0.7299089773034274,0.7216041022727334,0.7257565397880804
2023-02-07,0.7623656376124317,0.8159558179828795,0.7891607277976556
2023-02-08,0.8673786818182482,0.7728972588778422,0.8201379703480451
2023-02-09,1.2665769186046454,0.9775355146525434,1.1220562166285943
2023-02-10,0.5764449277108518,0.5535744941687204,0.565009710939786
2023-02-13,0.5092645388810387,0.7288334137930867,0.6190489763370628
2023-02-14,0.8310980114942409,0.7359118505749628,0.7835049310346018
2023-02-15,1.122034475652299,0.8366300804597696,0.9793322780560343
2023-02-16,1.0425004216867573,1.0121244901982225,1.0273124559424898
2023-02-17,0.457324228599945,0.54340961445782,0.5003669215288825
2023-02-21,0.728224072289148,0.7334287379851132,0.7308264051371306
2023-02-22,0.92549526506023,0.8666325060240849,0.8960638855421574
2023-02-23,1.025664674522067,0.9551857590362127,0.9904252167791399
2023-02-24,0.4748328271604933,0.5548334268292567,0.514833126994875
2023-02-27,0.7918044146341418,0.476077191800827,0.6339408032174844
2023-02-28,0.7541392439024189,0.8308539547920153,0.7924965993472171
2023-03-01,0.49664108785693367,0.6470110274248524,0.571826057640893
2023-03-02,1.032769655927702,1.0283063902438734,1.0305380230857877
2023-03-03,0.37189803560394585,0.6690893510638266,0.5204936933338862
2023-03-06,0.6854677659568463,0.8471872340425347,0.7663274999996905
2023-03-07,0.7393959932984665,0.6808187107078968,0.7101073520031816
2023-03-08,0.7621169768425554,0.8570435212765605,0.8095802490595579
2023-03-09,1.1076812021294955,1.2263884158250182,1.1670348089772569
2023-03-10,0.6030633999481654,0.8224580421052756,0.7127607210267205
2023-03-13,0.9184737263161563,0.967752622478203,0.9431131743971797
2023-03-14,0.9812525900000053,0.8883687273999815,0.9348106586999934
2023-03-15,1.3325627000007807,1.3641902300000088,1.3483764650003947
2023-03-16,1.5795618816115182,1.4805586800000021,1.5300602808057602
2023-03-17,0.7250810987654693,0.7384056846359137,0.7317433917006915
2023-03-20,0.840436626506019,0.8328023614548686,0.8366194939804439
2023-03-21,0.7070711795852884,1.0599035180722929,0.8834873488287907
2023-03-22,1.1597991566265073,0.9200762234222758,1.0399376900243915
2023-03-23,1.152414928013273,0.8550282043137094,1.0037215661634913
2023-03-24,0.7498601794871699,0.7703919620378248,0.7601260707624973
2023-03-27,0.8005444000000139,0.7580034372674375,0.7792739186337256
2023-03-28,1.0675206999999904,1.0286572499999702,1.0480889749999802
2023-03-29,0.9630674124999594,1.0837567624999989,1.0234120874999793
2023-03-30,1.3479282499999958,1.5023858544966118,1.425157052248304
2023-03-31,0.45015924418610626,0.5921901511627741,0.5211746976744401
2023-04-03,0.7534559418604598,0.9075820705175264,0.8305190061889931
2023-04-04,0.654849871663075,0.91153154651162,0.7831907090873476
2023-04-05,0.8454309418603877,1.0166951860465154,0.9310630639534516
2023-04-06,0.5685351428571055,0.7136146190476319,0.6410748809523688
2023-04-10,0.5777494777818568,0.830456963414615,0.7041032205982358
2023-04-11,0.7199429999999913,0.8353264024390309,0.7776347012195111
2023-04-12,1.1108761951219441,1.0104402926829223,1.0606582439024332
2023-04-13,1.0739886582278442,1.3354439512194909,1.2047163047236675
2023-04-14,0.502551243589895,0.5040944999999718,0.5033228717949334
2023-04-17,0.527605866064345,0.7322313414634226,0.6299186037638838
2023-04-18,0.7578632439024352,0.8720003658549889,0.814931804878712
2023-04-19,0.7907915731707127,1.0011926413696153,0.895992107270164
2023-04-20,1.1186057439024155,1.2426297560975776,1.1806177499999966
2023-04-21,0.43027923376424,0.5909723506493265,0.5106257922067833
2023-04-24,0.6927703061818898,0.6511492745813245,0.6719597903816072
2023-04-25,0.6918993417721597,0.9602362405061197,0.8260677911391396
2023-04-26,0.8730402405063149,1.2931955569620772,1.083117898734196
2023-04-27,0.694086676093377,0.9513823037974648,0.822734489945421
2023-04-28,0.44586626582281913,0.580582708860748,0.5132244873417836
2023-05-01,0.5950578227847934,0.8436729999999966,0.719365411392395
2023-05-02,0.6587172784809985,0.7928091265742815,0.7257632025276399
2023-05-03,0.7070750488049904,0.7988761518987243,0.7529756003518573
2023-05-04,0.8746346772923741,1.191207820306604,1.032921248799489
2023-05-05,0.4388688721925645,0.5779807857142772,0.5084248289534209
2023-05-08,0.5691656733627768,0.6056061744063052,0.5873859238845409
2023-05-09,0.7018929529411642,0.8077078941176529,0.7548004235294086
2023-05-10,0.7966706788018231,0.767251799815306,0.7819612393085645
2023-05-11,0.939083353089119,0.8736028256785145,0.9063430893838168
2023-05-12,0.4256999210134451,0.5212209470390695,0.4734604340262573
2023-05-15,0.6218974306350867,0.692299939759022,0.6570986851970544
2023-05-16,0.6143827710843245,0.7626601204819258,0.6885214457831251
2023-05-17,0.5542148225381963,0.809284024096353,0.6817494233172747
2023-05-18,1.0771475779939697,0.9462157840421683,1.0116816810180689
2023-05-19,0.48048914666666726,0.5417859466666493,0.5111375466666582
2023-05-22,0.5864893815789425,0.8442764210526124,0.7153829013157774
2023-05-23,0.589789065789497,0.6249692763157667,0.6073791710526318
2023-05-24,0.6500455394736638,0.7857752631578986,0.7179104013157812
2023-05-25,0.905882868202141,0.9986023552631326,0.9522426117326368
2023-05-26,0.4349383057911817,0.5671293066666504,0.501033806228916
2023-05-30,0.7222364469262288,0.6786109201773948,0.7004236835518118
2023-05-31,0.8078830933333485,0.7214741200000082,0.7646786066666784
2023-06-01,1.167375106666718,1.0413458133333322,1.104360460000025
2023-06-02,0.49557234523809574,0.40985789464520034,0.45271511994164804
2023-06-05,0.7572444166666485,0.6685590001230443,0.7129017083948463
2023-06-06,0.6897854219200594,0.9132660476190131,0.8015257347695363
2023-06-07,0.8047931547619236,0.8351729701459233,0.8199830624539235
2023-06-08,0.9512199047637608,1.0127820238139502,0.9820009642888555
2023-06-09,0.6165131666666795,0.5063864209024778,0.5614497937845786
2023-06-12,0.69442315495339,0.460292860780966,0.5773580078671781
2023-06-13,0.7851444761892685,0.6237385705776491,0.7044415233834589
2023-06-14,0.9618170072160607,0.9421983893440571,0.9520076982800589
2023-06-15,0.9374599718335578,0.8919529155225114,0.9147064436780346
2023-06-16,0.5548185970149011,0.5612212205881262,0.5580199088015136
2023-06-20,0.7951978823529489,0.7251482208494551,0.760173051601202
2023-06-21,0.8285635618565778,0.6888160043404796,0.7586897830985286
2023-06-22,1.1154970881029298,1.148045852941167,1.1317714705220485
2023-06-23,0.5850447878787662,0.4943416217969123,0.5396932048378393
2023-06-26,0.7296623484848773,0.7330844393928103,0.7313733939388438
2023-06-27,0.6954972575751177,0.7914617424242394,0.7434794999996786
2023-06-28,0.5144349045226365,0.980234348484824,0.7473346265037303
2023-06-29,1.1680323939330763,1.2128165909091086,1.1904244924210925
2023-06-30,0.44081239436617076,0.35479941799766557,0.39780590618191813
2023-07-03,0.3755130577842147,0.4920596760563593,0.433786366920287
2023-07-05,0.6930955211267518,0.9046445070422429,0.7988700140844973
2023-07-06,0.8336696481219755,1.133503183098572,0.9835864156102738
2023-07-07,0.31135786359604156,0.4258013177875418,0.3685795906917917
2023-07-10,0.42709796016502144,0.6284954050632547,0.527796682614138
2023-07-11,0.605811240280919,0.5990512500450348,0.602431245162977
2023-07-12,0.5571424461474067,0.7713580759493508,0.6642502610483787
2023-07-13,0.9306224303841577,0.7123098802149148,0.8214661552995363
2023-07-14,0.3224014740851675,0.48843085940094966,0.4054161667430586
2023-07-17,0.667282012820492,0.5571235802376822,0.612202796529087
2023-07-18,0.6172497564084595,0.7453629102563957,0.6813063333324276
2023-07-19,0.9699901666666639,0.811773514727684,0.8908818406971739
2023-07-20,0.9276195013379029,1.1444672207792101,1.0360433610585567
2023-07-21,0.6086324787565167,0.7342958843748195,0.6714641815656681
2023-07-24,0.5542320731157518,0.5690490142517319,0.5616405436837419
2023-07-25,0.7115626142856739,0.5360253687301164,0.6237939915078952
2023-07-26,0.7866243070911766,0.7945938142857141,0.7906090606884453
2023-07-27,0.7485645527445207,0.796428414026512,0.7724964833855164
2023-07-28,0.40801308571426614,0.4506265857142385,0.42931983571425236
2023-07-31,0.4037509891028682,0.571639828571403,0.48769540883713564
2023-08-01,0.5959617024883538,0.6428820694950922,0.619421885991723
2023-08-02,0.6734596117521436,0.6585683777326742,0.6660139947424089
2023-08-03,0.9115273552411759,1.0885014428562294,1.0000143990487027
2023-08-04,0.6443579727447344,0.5557928181818002,0.6000753954632673
2023-08-07,0.4760588904757475,0.6711338961038975,0.5735963932898225
2023-08-08,0.6371206500613568,0.6958284758266123,0.6664745629439845
2023-08-09,0.839268792207783,0.8445941305761732,0.8419314613919782
2023-08-10,1.067938087176677,1.0285252108651597,1.0482316490209183
2023-08-11,0.7295036589746982,0.5810251025640765,0.6552643807693873
2023-08-14,0.6941874954639176,0.6589076089536524,0.6765475522087849
2023-08-15,0.8577652987012723,0.6414374529604389,0.7496013758308555
2023-08-16,0.9728554512133146,0.7459440802750972,0.8593997657442058
2023-08-17,1.0830913553479844,1.0987660573231788,1.0909287063355815
2023-08-18,0.4359741249999878,0.4146254305544552,0.4252997777772215
2023-08-21,0.5053050972222098,0.5124836010209679,0.5088943491215889
2023-08-22,0.5489722213511034,0.4691151407464756,0.5090436810487895
2023-08-23,0.39916342121484844,0.7427651388888952,0.5709642800518718
2023-08-24,0.9552159718309936,1.2255104166666753,1.0903631942488343
2023-08-25,0.3930329342725702,0.4305062324491091,0.4117695833608397
2023-08-28,0.5011315616438413,0.5349897397260442,0.5180606506849428
2023-08-29,0.5252296986301043,0.6314505479452065,0.5783401232876554
2023-08-30,0.6637314018743741,0.761039849182925,0.7123856255286496
2023-08-31,0.8818944794520628,1.299092410958877,1.09049344520547
