date,Call IV,Put IV,Average IV
2000-01-10,0.14345400000000239,0.188172,0.1658130000000012
2000-01-11,0.12705800000001016,0.17231599999999916,0.14968700000000468
2000-01-12,0.16325799999992366,0.15022599999981198,0.15674199999986782
2000-01-13,0.1669659999999994,0.10704599999999921,0.1370059999999993
2000-01-14,0.156192,0.15615699999999907,0.15617449999999955
2000-01-18,0.16022000000000072,0.0999860000000001,0.1301030000000004
2000-01-19,0.18015800000000226,0.810795999999516,0.49547699999975914
2000-01-20,0.22985700000000442,0.08287099999993817,0.1563639999999713
2000-01-21,0.19316200000000222,0.20056700000000363,0.19686450000000294
2000-02-07,0.16972299999999937,0.1467089999999994,0.15821599999999938
2000-02-08,0.1934730000000012,0.13324100000021222,0.16335700000010672
2000-02-09,0.1330650000003202,0.1745360000000007,0.15380050000016043
2000-02-10,0.17776199999998418,0.1281139999999994,0.1529379999999918
2000-02-11,0.1872650000001041,0.4623039999999976,0.3247845000000509
2000-02-14,0.23282600000000112,0.5784249999999999,0.40562550000000047
2000-02-15,0.2763710000004011,0.6631149999999991,0.4697430000002001
2000-02-16,0.35018499999999925,0.36834100000002107,0.35926300000001016
2000-02-17,0.4814789999996637,0.7870529999999852,0.6342659999998245
2000-02-18,1.103038999999985,0.8440010000000033,0.9735199999999942
2000-03-06,0.22318200000000002,0.23415399999999698,0.22866799999999848
2000-03-07,0.19615899999999944,0.40286699999999853,0.299512999999999
2000-03-08,0.17649400000000245,0.3718549999998027,0.27417449999990257
2000-03-09,0.20537499999999914,0.24549699999999994,0.22543599999999953
2000-03-10,0.21826899999999935,0.25925799999999627,0.2387634999999978
2000-03-13,0.24931100000000214,0.2971929999998794,0.27325199999994076
2000-03-14,0.25482100000000163,0.5190199999999365,0.3869204999999691
2000-03-15,0.24761899999999992,0.3010309999999985,0.2743249999999992
2000-03-16,0.15381599999999765,0.20774599999991317,0.1807809999999554
2000-03-17,0.33809699999999915,0.49377199999999805,0.4159344999999986
2000-05-08,0.19922300000001916,0.1616190000000018,0.1804210000000105
2000-05-09,0.19610700000000006,0.1698549999999466,0.18298099999997333
2000-05-10,0.1645290000000016,0.19060800000000044,0.17756850000000102
2000-05-11,0.4311059999999898,0.20364900000000016,0.317377499999995
2000-05-12,0.15994700000000017,0.16461099999999915,0.16227899999999967
2000-05-15,0.36984299999999853,0.22160600000002065,0.2957245000000096
2000-05-16,0.16585500000000356,0.21885599999999586,0.1923554999999997
2000-05-17,0.15774400000010033,0.1896009999999988,0.17367250000004958
2000-05-18,0.8472090000003523,0.23815100000000042,0.5426800000001764
2000-05-19,0.21210700000000224,0.1579409999999547,0.18502399999997848
2000-06-05,0.303904999999993,0.14231999999999903,0.223112499999996
2000-06-06,0.19694000000000064,0.23684399999996975,0.2168919999999852
2000-06-07,0.20249699999999807,0.305553000000196,0.25402500000009703
2000-06-08,0.19337499999999974,0.26383999999999974,0.22860749999999974
2000-06-09,0.1980449999999986,0.2599780000000107,0.22901150000000464
2000-06-12,0.2716139999999998,0.22804599999999947,0.24982999999999964
2000-06-13,0.159097000000001,0.3081070000000018,0.2336020000000014
2000-06-14,0.22862599999999883,0.23297499999999757,0.2308004999999982
2000-06-15,0.6213499999999964,0.24599600000000246,0.4336729999999994
2000-06-16,0.2046469999999984,1.7642459999998683,0.9844464999999334
2000-07-10,0.4812939999999955,0.48129399999999284,0.48129399999999417
2000-07-11,0.5301320000000006,0.5301319999999983,0.5301319999999994
2000-07-12,0.5432470000000003,0.5432470000000019,0.5432470000000011
2000-07-13,0.5592079999999964,0.7729899999999913,0.6660989999999938
2000-07-14,0.6401679999999984,0.665822000000335,0.6529950000001667
2000-07-17,0.8473280000000014,0.8473279999999993,0.8473280000000003
2000-07-18,0.9666369999999992,0.8473280000002045,0.9069825000001018
2000-07-19,1.0623719999999959,1.0623720000000108,1.0623720000000034
2000-07-20,1.4104579999999953,1.288213000000008,1.3493355000000018
2000-07-21,1.9013139999999995,1.927231000000015,1.9142725000000071
2000-08-07,0.18725300000000036,0.19199200000000058,0.18962250000000047
2000-08-08,0.20090100000000438,0.196215999999999,0.1985585000000017
2000-08-09,0.16199399999999645,0.2086130000000003,0.18530349999999837
2000-08-10,0.17004599999999878,0.18462799999999888,0.17733699999999883
2000-08-11,0.2621549999999978,0.155438,0.20879649999999889
2000-08-14,0.08932499999999884,0.23612100000000136,0.1627230000000001
2000-08-15,0.2114100000000023,0.19879300000001304,0.20510150000000765
2000-08-16,0.2806849999996882,0.15862999999998018,0.2196574999998342
2000-08-17,0.13400899999999688,0.1458280000001179,0.1399185000000574
2000-08-18,0.1809189999999989,0.13526800000000946,0.15809350000000416
2000-09-05,,0.20713400000000032,0.20713400000000032
2000-09-06,0.19004899999999855,0.21711799999990386,0.2035834999999512
2000-09-07,0.1976309999999993,0.1957260000000002,0.19667849999999976
2000-09-08,0.2099000000004912,0.18132499999995302,0.19561250000022212
2000-09-11,0.3850309999999944,0.25642900000003843,0.3207300000000164
2000-09-12,0.36669199999999863,0.27063099999995893,0.3186614999999788
2000-09-13,0.33635000000000553,0.26089400000000507,0.29862200000000527
2000-09-14,0.8012630000000011,0.1900809999997978,0.4956719999998994
2000-09-15,0.5645420000000059,0.38251599999999314,0.47352899999999953
2000-10-09,0.20927500000005847,0.15554299999999907,0.18240900000002877
2000-10-10,0.1507030000001727,0.20727600000000035,0.1789895000000865
2000-10-11,0.16088399999959158,0.23121499999999812,0.19604949999979485
2000-10-12,0.18935600000000083,0.18193999999999874,0.18564799999999979
2000-10-13,0.1396540000000007,0.26424299999999745,0.2019484999999991
2000-10-16,0.2076430000000009,0.1615960000002019,0.1846195000001014
2000-10-17,0.14745000000000055,0.1802859999999991,0.16386799999999985
2000-10-18,0.20838199999999865,0.16856999999999883,0.18847599999999876
2000-10-19,0.20002199999999815,0.17675899999995673,0.18839049999997742
2000-10-20,0.26997900000000585,0.24864400000000692,0.25931150000000636
2000-11-06,0.23719700000001054,0.23693300000001058,0.23706500000001057
2000-11-07,0.24571200000000049,0.2512709999999997,0.2484915000000001
2000-11-08,0.21119299999984062,0.254814999999983,0.23300399999991184
2000-11-09,0.2189249999999996,0.2206929999999998,0.2198089999999997
2000-11-10,0.23503300000000046,0.22518599999999975,0.2301095000000001
2000-11-13,0.20074099999999923,0.2416560000000012,0.22119850000000021
2000-11-14,0.24317499999999173,0.21257300000000284,0.2278739999999973
2000-11-15,0.29273299999980623,0.22374700000000064,0.25823999999990344
2000-11-16,0.24934799999999732,0.24552900000000105,0.24743849999999917
2000-11-17,0.5802679999999988,0.7180859999998864,0.6491769999999426
2000-12-04,0.2286449999995904,0.20842899999999845,0.21853699999979442
2000-12-05,0.22474399999999814,0.2293520000000005,0.2270479999999993
2000-12-06,0.21379600000004048,0.2410170000000041,0.22740650000002227
2000-12-07,0.20556700000005113,0.24410900000000083,0.22483800000002596
2000-12-08,0.2864790000000005,0.1963560000000024,0.24141750000000145
2000-12-11,0.15834900000000096,0.2581039999999994,0.20822650000000018
2000-12-12,0.2890120000000005,1.1632329999999975,0.726122499999999
2000-12-13,0.1900439999999996,0.2031530000000014,0.1965985000000005
2000-12-14,0.11434400000000006,0.21168200000000276,0.1630130000000014
2000-12-15,0.2740980000000009,0.28398999999999747,0.2790439999999992
2001-01-08,,0.2940150000000004,0.2940150000000004
2001-01-09,,0.30642299999987793,0.30642299999987793
2001-01-10,,0.31153500000000045,0.31153500000000045
2001-01-11,0.2943929999999984,0.31803199999999926,0.30621249999999883
2001-01-12,0.25245300000028886,0.3154470000000041,0.2839500000001465
2001-01-16,0.1988610000000009,0.4334240000000018,0.3161425000000013
2001-01-17,0.19533299999999723,0.4762069999999262,0.3357699999999617
2001-01-18,0.13674000000000616,0.363981000000001,0.2503605000000036
2001-01-19,0.7205940000004316,0.35439400000000065,0.5374940000002162
2001-02-05,0.21242900000000026,0.22094399999999886,0.21668649999999956
2001-02-06,0.2007209999997083,0.22960299999994124,0.21516199999982477
2001-02-07,0.2311059999996755,0.21967300000042958,0.22538950000005253
2001-02-08,0.20977800000000074,0.23582200000000092,0.22280000000000083
2001-02-09,0.1822460000002551,0.23910999999995927,0.21067800000010717
2001-02-12,0.1913659999999983,0.2071199999999996,0.19924299999999895
2001-02-13,0.24383599999999964,0.19351700000000088,0.21867650000000027
2001-02-14,0.21938300000000413,0.17042800000000213,0.19490550000000312
2001-02-15,0.07590900000000017,0.28455399999999903,0.1802314999999996
2001-02-16,0.17562699999982373,0.19765599999993677,0.18664149999988025
2001-03-05,0.2052509999999684,0.2083989999999746,0.2068249999999715
2001-03-06,0.22514500000000026,0.1822499999999999,0.2036975000000001
2001-03-07,0.18911600000000175,0.2562770000000195,0.22269650000001062
2001-03-08,0.14958200000000177,0.15187000000000012,0.15072600000000094
2001-03-09,0.27153500000001296,0.12650099999999947,0.19901800000000622
2001-03-12,0.09370200000000095,0.34478999999999965,0.2192460000000003
2001-03-13,0.22758700000000118,0.21151200000000042,0.21954950000000079
2001-03-14,0.27099000000042633,0.10960200000000117,0.19029600000021374
2001-03-15,0.2201780000000032,0.23487999999999812,0.22752900000000065
2001-03-16,0.2673790000000062,0.2740740000000031,0.27072650000000464
2001-04-09,0.17176499999999967,0.21325499999965863,0.19250999999982915
2001-04-10,0.23960299999991372,0.2332379999998773,0.2364204999998955
2001-04-11,0.22050700000000004,0.22176500000000268,0.22113600000000136
2001-04-12,0.1845679999999996,0.2293559999999992,0.2069619999999994
2001-04-16,0.22152899999984743,0.28002299999998626,0.25077599999991684
2001-04-17,0.2785409999999987,0.27616999999999775,0.2773554999999982
2001-04-18,0.33978200000000036,0.2211900000000002,0.2804860000000003
2001-04-19,0.2797210000000061,0.29859199999999847,0.28915650000000226
2001-04-20,0.5831170000000006,0.47674299999999564,0.5299299999999981
2001-05-07,0.20048499999999977,0.2136200000000005,0.20705250000000014
2001-05-08,0.2408500000000003,0.19011399999999992,0.21548200000000012
2001-05-09,0.10836799999997378,0.2571900000000004,0.1827789999999871
2001-05-10,0.19383499999999898,0.19509199999999932,0.19446349999999915
2001-05-11,0.13885499999999829,0.2384779999998448,0.18866649999992152
2001-05-14,0.13199400000000083,0.27897199999999905,0.20548299999999994
2001-05-15,0.20134700000015687,0.21255200000000538,0.2069495000000811
2001-05-16,0.08488199999996829,0.20868900000000157,0.14678549999998491
2001-05-17,0.11601599999964904,0.17747199999999924,0.14674399999982413
2001-05-18,0.8016530000004453,0.35791300000000764,0.5797830000002264
2001-06-04,0.1694390000000092,0.1897540000000024,0.1795965000000058
2001-06-05,0.2776170000000972,0.1471680000000002,0.2123925000000487
2001-06-06,0.21898899999993254,0.13800799999999896,0.17849849999996575
2001-06-07,0.21391800000000097,0.16532899999998518,0.18962349999999306
2001-06-08,0.1793869999999994,0.18307999999999935,0.18123349999999938
2001-06-11,0.0733370000000018,0.21003799999999961,0.14168750000000072
2001-06-12,0.2598410000000158,0.21191799999996158,0.2358794999999887
2001-06-13,0.29971300000023926,0.04072700000000092,0.17022000000012008
2001-06-14,0.3795649999999996,1.3795299999997017,0.8795474999998507
2001-06-15,0.3879970000000009,0.15030400000024982,0.26915050000012536
2001-07-09,0.15620999999999977,0.1839979999999986,0.1701039999999992
2001-07-10,0.18553599999999967,0.17403000000000216,0.17978300000000091
2001-07-11,0.13555200000000134,0.21725099999958955,0.17640149999979543
2001-07-12,0.16997399999999996,0.1632439999999983,0.16660899999999912
2001-07-13,0.16942699999999972,0.17050700000000274,0.16996700000000123
2001-07-16,0.19231600000001453,0.13408399999999657,0.16320000000000556
2001-07-17,0.16149800000000247,0.17103500000000038,0.16626650000000143
2001-07-18,0.2500879999999993,0.29942700000000266,0.274757500000001
2001-07-19,0.23230300000000217,0.29942699999999844,0.2658650000000003
2001-07-20,0.09202799999999232,0.2647030000000003,0.17836549999999632
2001-08-06,0.23731400000000033,0.1743930000000193,0.20585350000000982
2001-08-07,0.10424600000000092,0.20830500000012586,0.1562755000000634
2001-08-08,0.17331100000000502,0.1989230000000001,0.18611700000000256
2001-08-09,0.19494800000012505,0.1661899999999989,0.18056900000006199
2001-08-10,0.11805800000000108,0.19499299999999697,0.15652549999999904
2001-08-13,0.21951700000013066,0.20730799999999994,0.21341250000006529
2001-08-14,0.14497099999999846,0.23099600000000178,0.18798350000000014
2001-08-15,0.1836400000000019,0.13624799999999965,0.15994400000000078
2001-08-16,0.38909300000000085,0.30591800000005637,0.3475055000000286
2001-08-17,0.19712200000000304,0.20169400000000073,0.1994080000000019
2001-09-10,0.036139000000003654,0.20095400000000094,0.1185465000000023
2001-09-20,1.6012120000000774,0.41772900000015295,1.0094705000001152
2001-09-21,1.5365239999997053,1.7550489999999934,1.6457864999998493
2001-10-08,0.03219400000000212,0.17089200000037663,0.10154300000018937
2001-10-09,0.04313800000000123,0.17061000000016177,0.1068740000000815
2001-10-10,0.017973999999993828,0.16694399999999857,0.0924589999999962
2001-10-11,0.1358559999999983,0.18130199999950786,0.15857899999975308
2001-10-12,0.14647700000000524,0.18079599999999957,0.1636365000000024
2001-10-15,0.0727850000000065,0.21079399999999848,0.14178950000000248
2001-10-16,0.21512300000001375,0.20341699999953028,0.20926999999977203
2001-10-17,0.25861200000027934,0.26479600000006853,0.2617040000001739
2001-10-18,0.12496900000000105,0.16483399999999915,0.1449015000000001
2001-10-19,0.4879159999999968,0.3446870000000073,0.41630150000000204
2001-11-05,0.09977199999971492,0.1294310000000011,0.11460149999985801
2001-11-06,0.30740100000000053,0.15510000000000077,0.23125050000000064
2001-11-07,0.06528199999999697,0.1729019999999991,0.11909199999999803
2001-11-08,0.17873600000000112,0.17256699999999894,0.17565150000000002
2001-11-09,0.15438100000000288,0.15556700000000054,0.15497400000000172
2001-11-12,0.221818000000003,0.17191700000000015,0.19686750000000158
2001-11-13,0.25396599999999925,0.17173900000000164,0.21285250000000044
2001-11-14,0.3848119999999946,0.21562300000000087,0.30021749999999775
2001-11-15,0.2748939999999965,0.24079499999997567,0.25784449999998604
2001-11-16,0.17408100000000454,0.5163780000000032,0.34522950000000385
2001-12-10,0.298590999999997,1.37705700000001,0.8378240000000035
2001-12-11,0.37430499999999883,0.7034350000000185,0.5388700000000086
2001-12-12,0.3503809999999983,0.37430499999999967,0.36234299999999897
2001-12-13,0.3748010000000022,0.7904350000000013,0.5826180000000017
2001-12-14,0.4290970000000411,0.8377919999999974,0.6334445000000193
2001-12-17,0.5265779999999998,0.4290970000000186,0.4778375000000092
2001-12-18,0.5351520000003758,1.1431260000000025,0.8391390000001892
2001-12-19,0.45980300000000446,1.0805739999999964,0.7701885000000004
2001-12-20,0.6249319999999928,1.2993599999999248,0.9621459999999589
2001-12-21,0.9863379999999927,0.6249320000001933,0.805635000000093
2002-01-07,0.24931200000000042,0.2620100000000021,0.25566100000000125
2002-01-08,0.25571900000049136,0.25524100000045863,0.255480000000475
2002-01-09,0.20638499999999976,0.3149780000000001,0.2606814999999999
2002-01-10,0.17872099999999913,0.26710900000000093,0.22291500000000003
2002-01-11,0.2403670000000007,0.21018399999988865,0.22527549999994467
2002-01-14,0.24361199999998276,0.30753299999999906,0.2755724999999909
2002-01-15,0.2700119999999929,0.19023800000000268,0.2301249999999978
2002-01-16,0.3495359999999975,0.47771100000001027,0.4136235000000039
2002-01-17,0.260286000000014,0.46624799999999905,0.36326700000000656
2002-01-18,1.3487270000000047,0.6327059999999962,0.9907165000000004
2002-02-04,0.10472299999994941,0.21890500000000007,0.16181399999997476
2002-02-05,0.22478299999999993,0.16446900000000222,0.19462600000000108
2002-02-06,0.15758599999999975,0.16026400000000102,0.15892500000000037
2002-02-07,0.11929599999999713,0.18212500000000978,0.15071050000000347
2002-02-08,0.11974099999999854,0.1878910000000021,0.15381600000000034
2002-02-11,0.22262200000021332,0.2737430000000033,0.2481825000001083
2002-02-12,0.24930800000025286,0.1352399999999737,0.19227400000011327
2002-02-13,0.22979900000000025,0.12525399999999945,0.17752649999999986
2002-02-14,0.2533549999999503,0.14467200000000116,0.19901349999997575
2002-02-15,0.3931709999999944,0.23108600000000318,0.3121284999999988
2002-03-04,0.1409819999999996,0.07975700000000203,0.11036950000000081
2002-03-05,0.09799100000000166,0.3434289999999726,0.22070999999998714
2002-03-06,0.18066000000002938,0.12109100000026712,0.15087550000014827
2002-03-07,0.22171500000000166,0.11807000000008622,0.16989250000004394
2002-03-08,0.2504010000000648,0.1018049999999981,0.17610300000003146
2002-03-11,0.3041149999999992,0.1212290000000016,0.2126720000000004
2002-03-12,0.1205380000000011,0.5977890000000023,0.35916350000000175
2002-03-13,0.1464899999999994,0.6899200000000018,0.4182050000000006
2002-03-14,0.26283900000000915,0.14648999999999973,0.20466450000000444
2002-03-15,0.283567000000326,0.21531699999999795,0.24944200000016198
2002-04-08,0.11211400000000042,0.2835670000000027,0.19784050000000156
2002-04-09,0.15193200000045964,0.13247000000000012,0.1422010000002299
2002-04-10,0.12737900000000105,0.17594799999999364,0.15166349999999734
2002-04-11,0.16059300000000107,0.13144600000000164,0.14601950000000136
2002-04-12,0.11377400000000024,0.1647599999999996,0.13926699999999992
2002-04-15,0.20883600000000033,0.167109999999979,0.18797299999998968
2002-04-16,0.09844400000000605,0.21901800000000116,0.15873100000000362
2002-04-17,0.33054400000002426,0.3000840000000012,0.31531400000001275
2002-04-18,0.7170620000000008,0.3383520000000358,0.5277070000000182
2002-04-19,0.7393290000000032,0.32417799999999836,0.5317535000000008
2002-05-06,0.07822899999999919,0.18261599999999842,0.1304224999999988
2002-05-07,0.14136100000000082,0.15960199999999894,0.15048149999999988
2002-05-08,0.13618299999999464,0.15902200000004849,0.14760250000002156
2002-05-09,0.0784509999999995,0.21403200000000794,0.14624150000000372
2002-05-10,0.19313000000000008,0.1596499999999989,0.1763899999999995
2002-05-13,0.1520319999999996,0.16586100000000148,0.15894650000000055
2002-05-14,0.7857730000000012,0.21115599999999868,0.4984644999999999
2002-05-15,0.050880999999992675,0.1867989999999991,0.1188399999999959
2002-05-16,1.1244339999999966,0.27852599999999794,0.7014799999999972
2002-05-17,0.07650399999977066,0.192532999999998,0.13451849999988433
2002-06-10,0.23821000000000103,0.2478579999999986,0.2430339999999998
2002-06-11,0.2668069999999995,0.23950199999999802,0.2531544999999988
2002-06-12,0.227160000000002,0.2654959999999931,0.24632799999999755
2002-06-13,0.2190439999999983,0.270867,0.24495549999999916
2002-06-14,0.2613249999999183,0.20684300000000147,0.23408399999995988
2002-06-17,0.31150799999999923,0.23190600000000644,0.2717070000000028
2002-06-18,0.2862779999999973,0.2576719999999853,0.2719749999999913
2002-06-19,0.19437800000000266,0.24560900000000074,0.2199935000000017
2002-06-20,0.385203999999961,0.194377999999995,0.28979099999997804
2002-06-21,0.5415260000002448,0.2834060000000025,0.4124660000001236
2002-07-08,0.2559199999999988,0.2518969999999998,0.2539084999999993
2002-07-09,0.24803600000000217,0.24650100000000127,0.24726850000000172
2002-07-10,0.4614450000000027,0.3212140000000054,0.39132950000000405
2002-07-11,0.3389939999999972,0.33763499999999974,0.33831449999999846
2002-07-12,0.5328369999999983,0.4149669999998059,0.4739019999999021
2002-07-15,0.5882369999999987,0.5094160000000016,0.5488265000000001
2002-07-16,0.8415360000000195,0.6523410000000042,0.7469385000000118
2002-07-17,1.1012049999999718,1.2903349999999925,1.1957699999999822
2002-07-18,1.542945000000008,1.3596290000000282,1.451287000000018
2002-07-19,2.8254840000000074,1.1429429999991807,1.9842134999995942
2002-08-05,0.366758,0.36745400000000034,0.36710600000000015
2002-08-06,0.36464999999997455,0.3896869999999979,0.37716849999998625
2002-08-07,0.3030130000002829,0.3019250000001962,0.3024690000002396
2002-08-08,0.27808900000000014,0.31904099999972624,0.2985649999998632
2002-08-09,0.23019999999999655,0.3737320000000003,0.3019659999999984
2002-08-12,0.20366000000000217,0.36410099999999834,0.28388050000000026
2002-08-13,0.27384799999997855,0.3266910000000009,0.30026949999998975
2002-08-14,1.1151940000000307,0.4142000000000032,0.764697000000017
2002-08-15,0.5551200000000001,0.527967000000067,0.5415435000000335
2002-08-16,1.0277550000000057,0.4657849999999991,0.7467700000000024
2002-09-09,0.2713850000000002,0.268501999999998,0.2699434999999991
2002-09-10,0.24769299999999903,0.2847720000003087,0.26623250000015386
2002-09-11,0.29086599999999835,0.26784600000000097,0.27935599999999966
2002-09-12,0.2868429999999983,0.28077299999999766,0.28380799999999795
2002-09-13,0.28614400000000206,0.29021100000000133,0.2881775000000017
2002-09-16,0.29177199999999187,0.28106899999998186,0.28642049999998687
2002-09-17,0.31630300000000156,0.3501769999999992,0.33324000000000037
2002-09-18,0.4496779999999992,0.5055239999999687,0.47760099999998396
2002-09-19,2.3176219999999903,0.3456850000000911,1.3316535000000407
2002-09-20,0.7973820000000016,0.3282119999998083,0.562796999999905
2002-10-07,0.3021039999999968,0.2677479999998146,0.2849259999999057
2002-10-08,0.4087489999999988,0.2560889999999993,0.332418999999999
2002-10-09,0.7744820000000081,0.4450290000000067,0.6097555000000074
2002-10-10,0.5993949999999993,0.4802459999998794,0.5398204999999394
2002-10-11,0.4241670000000013,0.42216800000000204,0.4231675000000017
2002-10-14,0.461277000000002,0.6086980000000015,0.5349875000000017
2002-10-15,0.4898129999997068,0.4950240000003652,0.492418500000036
2002-10-16,0.49746099999999843,0.696496,0.5969784999999992
2002-10-17,0.48549299999999806,0.8306789999999983,0.6580859999999982
2002-10-18,0.5937929999999958,0.9113109999999948,0.7525519999999952
2002-11-04,0.20913500000000076,0.22082200000000143,0.2149785000000011
2002-11-05,0.17638300000000007,0.20256300000000038,0.18947300000000022
2002-11-06,0.061315999999668726,0.2880250000000015,0.1746704999998351
2002-11-07,0.09577800000000758,0.2995679999995913,0.19767299999979943
2002-11-08,0.2694119999999983,0.24584200000000014,0.2576269999999992
2002-11-11,0.32013399999999953,0.28038599999999947,0.3002599999999995
2002-11-12,0.3586030000000033,0.4278220000000008,0.3932125000000021
2002-11-13,0.6243339999999985,0.1263000000000753,0.37531700000003687
2002-11-14,0.47289100000000395,0.2620759999999996,0.36748350000000174
2002-11-15,0.28723400000010385,0.7117559999998038,0.49949499999995384
2002-12-09,0.15913099999999777,0.24690800000001917,0.20301950000000846
2002-12-10,0.2964989999999999,0.26115799999999845,0.27882849999999915
2002-12-11,0.25796200000000014,0.24964699999999884,0.2538044999999995
2002-12-12,0.2750989999995316,0.2552760000000004,0.265187499999766
2002-12-13,0.23403900000000025,0.1984949999999998,0.21626700000000004
2002-12-16,0.1450930000000086,0.26554200000000244,0.20531750000000554
2002-12-17,0.18678999999999718,0.3076240000000045,0.24720700000000084
2002-12-18,0.2783040000000244,0.3152909999999972,0.2967975000000108
2002-12-19,2.705808000000004,0.40214800000000156,1.553978000000003
2002-12-20,3.4122210000000055,0.5032029999999962,1.9577120000000008
2003-01-06,0.2768330000000004,0.27712900000000085,0.2769810000000006
2003-01-07,0.24150400000000044,0.295759999999999,0.26863199999999976
2003-01-08,0.08748999999995964,0.25007999999999814,0.1687849999999789
2003-01-09,0.20343399999999826,0.2561549999999678,0.22979449999998303
2003-01-10,0.19277199999999997,0.2937409999999982,0.2432564999999991
2003-01-13,0.2607339999999999,0.2654269999999998,0.26308049999999983
2003-01-14,0.23887400000028308,0.32167400000000146,0.28027400000014224
2003-01-15,0.2744489999999875,0.2847949999999994,0.2796219999999935
2003-01-16,0.3564510000002285,0.2653050000000016,0.31087800000011506
2003-01-17,0.2819089999999997,0.3212349999999986,0.3015719999999992
2003-02-10,0.29752100000000015,0.30678699999999925,0.3021539999999997
2003-02-11,0.30223299999995795,0.3022179999999596,0.30222549999995874
2003-02-12,0.35257899999988,0.3132900000004506,0.33293450000016533
2003-02-13,0.333388999999997,0.3288769999999963,0.3311329999999967
2003-02-14,0.319359,0.31603099999999784,0.31769499999999895
2003-02-18,0.33101799999974896,0.32733599999963975,0.32917699999969435
2003-02-19,0.3350670000000016,0.42865899999999896,0.3818630000000003
2003-02-20,0.4179749999999984,0.17901599999999665,0.2984954999999975
2003-02-21,0.33167300000001193,0.39986700000004327,0.3657700000000276
2003-03-10,0.2905889999999978,0.24817199999966494,0.2693804999998314
2003-03-11,0.2980010000000076,0.3369909999999995,0.31749600000000355
2003-03-12,0.3216279999999999,0.20226000000000477,0.26194400000000234
2003-03-13,0.24582900000044028,0.23263600000000118,0.23923250000022073
2003-03-14,0.22373099999999804,0.2163340000000029,0.22003250000000046
2003-03-17,0.8069680000000082,0.27099700000001825,0.5389825000000132
2003-03-18,0.42971800000021304,0.3844020000000037,0.40706000000010834
2003-03-19,0.2837119999997971,0.3349950000000033,0.30935349999990025
2003-03-20,0.3930339999998599,0.5090370000000083,0.4510354999999341
2003-03-21,0.3655170000000059,0.41529200000000444,0.39040450000000515
2003-04-07,0.22118700000025654,0.22135800000027725,0.22127250000026688
2003-04-08,0.2414200000000013,0.22963700000003315,0.23552850000001724
2003-04-09,0.2646800000000355,0.21197900000021314,0.23832950000012432
2003-04-10,0.20693600000000179,0.23563100000000053,0.22128350000000116
2003-04-11,0.23884000000000474,0.2593590000000003,0.24909950000000253
2003-04-14,0.2295329999999308,0.2100080000000006,0.2197704999999657
2003-04-15,0.16263199999952285,0.2257419999999985,0.1941869999997607
2003-04-16,0.16972499999997293,0.13372700000000345,0.1517259999999882
2003-04-17,0.20570000000000246,0.3324810000000017,0.26909050000000206
2003-05-05,0.1489839999998054,0.15594199999988417,0.1524629999998448
2003-05-06,0.14588999999999885,0.15166300000000174,0.1487765000000003
2003-05-07,0.15375100000000563,0.1622330000000042,0.1579920000000049
2003-05-08,0.16498999999999844,0.16930499999994716,0.1671474999999728
2003-05-09,0.14765300000012893,0.16307600000000075,0.15536450000006485
2003-05-12,0.0791529999998071,0.20488500000000062,0.14201899999990386
2003-05-13,0.3889969999999957,0.2469849999996953,0.3179909999998455
2003-05-14,0.14103900000000527,0.3296909999999995,0.23536500000000238
2003-05-15,0.46198599999961343,1.3095600000000411,0.8857729999998273
2003-05-16,0.2605650000000068,0.07833100000000223,0.16944800000000454
2003-06-09,0.18137200000000042,0.201767,0.19156950000000023
2003-06-10,0.13099699999985503,0.19532799999999928,0.16316249999992716
2003-06-11,0.2045770000000009,0.25825699999969237,0.23141699999984663
2003-06-12,0.20155200000000145,0.24282599999999813,0.2221889999999998
2003-06-13,0.1835110000000084,0.23936599999999758,0.21143850000000297
2003-06-16,0.2336480000000012,0.259861999999927,0.2467549999999641
2003-06-17,0.31006499999999887,0.2376449999999999,0.2738549999999994
2003-06-18,0.31673100000031285,0.25419000000000225,0.28546050000015755
2003-06-19,0.368317000000001,0.31847499999999446,0.3433959999999977
2003-06-20,0.6459109999999968,0.6889879999999148,0.6674494999999558
2003-07-07,0.17284400000026448,0.20289799999988398,0.18787100000007423
2003-07-08,0.16896500000001521,0.15345200000009523,0.1612085000000552
2003-07-09,0.10483799999999945,0.17908600000000055,0.141962
2003-07-10,0.17026100000042205,0.19271800000000122,0.18148950000021163
2003-07-11,0.2555600000001918,0.2140719999998345,0.23481600000001315
2003-07-14,0.15573000000000872,0.2608109999999874,0.20827049999999808
2003-07-15,0.22658000000000314,0.14384500000009523,0.18521250000004919
2003-07-16,0.3495330000000009,1.1128879999999997,0.7312105000000003
2003-07-17,0.45656700000029243,0.5710730000000063,0.5138200000001494
2003-07-18,0.36919900000007205,0.18051600000000295,0.2748575000000375
2003-08-04,0.19627399999999867,0.18148099999999617,0.18887749999999742
2003-08-05,0.20927699999999722,0.19905299999999318,0.2041649999999952
2003-08-06,0.19442500000002227,0.19958900000000346,0.19700700000001287
2003-08-07,0.22969200000000106,0.20124199999999962,0.21546700000000035
2003-08-08,0.23913199999999943,0.1613329999999998,0.20023249999999962
2003-08-11,0.30316300000000085,0.1670779999999943,0.23512049999999757
2003-08-12,0.15446699999977678,0.2096850000000033,0.18207599999989005
2003-08-13,0.3164230000000022,0.5192649999999978,0.417844
2003-08-14,0.3395010000002119,0.15201099999999315,0.2457560000001025
2003-08-15,0.5153269999999981,0.17926500000001389,0.347296000000006
2003-09-08,0.11276400000000315,0.072125999999998,0.09244500000000058
2003-09-09,0.12902399999972117,0.1313220000000866,0.1301729999999039
2003-09-10,0.1429069999999998,1.0019459999999987,0.5724264999999993
2003-09-11,0.24493700000000337,0.16728800000016167,0.20611250000008252
2003-09-12,0.13742799999999822,0.9420189999999996,0.5397234999999989
2003-09-15,0.21785500000038985,0.8083120000004196,0.5130835000004047
2003-09-16,0.18221899999999608,0.2178550000000088,0.20003700000000244
2003-09-17,0.24399999999954972,0.3584600000000018,0.30122999999977573
2003-09-18,0.2310439999999993,0.5605679999999957,0.39580599999999755
2003-09-19,0.30860699999999736,0.23447499999998989,0.2715409999999936
2003-10-06,0.1611319999999979,0.14014799999999927,0.15063999999999858
2003-10-07,0.1626490000000001,0.12744000000001832,0.1450445000000092
2003-10-08,0.14905099999999794,0.14309099999999944,0.14607099999999867
2003-10-09,0.16010199999999855,0.12781799999999985,0.1439599999999992
2003-10-10,0.15958400000000045,0.14807499999999826,0.15382949999999934
2003-10-13,0.12753599999974014,0.14810199999999724,0.13781899999986869
2003-10-14,0.1518959999999984,0.19125299999999792,0.17157449999999816
2003-10-15,0.18103499999999642,0.11676100000000182,0.14889799999999911
2003-10-16,0.11441099999998612,0.15484400000000104,0.13462749999999357
2003-10-17,0.23002000000000208,0.11441100000000054,0.1722155000000013
2003-11-10,0.15733599999980818,0.1348770000000015,0.14610649999990483
2003-11-11,0.12538699999999797,0.14705399999956661,0.1362204999997823
2003-11-12,0.15355400000000133,0.14350600000000008,0.14853000000000072
2003-11-13,0.11505199999999298,0.1459349999999985,0.13049349999999574
2003-11-14,0.15179999999999175,0.11840900000000101,0.13510449999999638
2003-11-17,0.1668130000001668,0.17066900000001,0.1687410000000884
2003-11-18,0.14526000000025036,0.19939000000000026,0.1723250000001253
2003-11-19,0.2593020000000016,0.562507,0.4109045000000008
2003-11-20,0.24224099999999363,0.38849700000000115,0.3153689999999974
2003-11-21,0.26962399999998193,0.5227869999999988,0.39620549999999033
2003-12-08,0.12152100000006803,0.14471299999975706,0.13311699999991256
2003-12-09,0.15865999999999336,0.1133180000000001,0.13598899999999672
2003-12-10,0.10817599999999811,0.1330240000000019,0.1206
2003-12-11,0.22931400000000085,0.15008400000000077,0.1896990000000008
2003-12-12,0.19997500000000037,0.15184999999999643,0.17591249999999842
2003-12-15,0.259941000000059,0.16347799999998341,0.2117095000000212
2003-12-16,0.19833300000000098,0.5093800000000003,0.35385650000000063
2003-12-17,0.20545000000000022,0.19833300000000742,0.20189150000000383
2003-12-18,0.12934199999999896,0.21440600000000165,0.1718740000000003
2003-12-19,0.22806300000000126,2.1297389999999985,1.178901
2004-01-05,0.05135899999992424,0.15092100000000072,0.10113999999996248
2004-01-06,0.13439299999999937,0.14657000000000103,0.1404815000000002
2004-01-07,0.1304409999999977,0.14060899999999807,0.1355249999999979
2004-01-08,1.609373999999815,0.1459889999999997,0.8776814999999073
2004-01-09,0.1177330000000002,0.1365289999999989,0.12713099999999955
2004-01-12,0.43158199999999647,0.1691599999999999,0.30037099999999817
2004-01-13,0.12370299999973004,0.1506809999999986,0.1371919999998643
2004-01-14,1.4998780000000034,0.2798009999999986,0.889839500000001
2004-01-15,1.9861120000000017,0.30762499999999554,1.1468684999999985
2004-01-16,0.24292099999999892,0.26388499999999143,0.25340299999999516
2004-02-09,0.12665400000003052,0.14169099999999907,0.1341725000000148
2004-02-10,0.1340970000000048,0.13244500000001055,0.1332710000000077
2004-02-11,0.14633800000011774,0.09823999999999981,0.12228900000005877
2004-02-12,0.1386639999997708,0.10628100000000024,0.12247249999988552
2004-02-13,0.1358549999999996,0.15548000000000214,0.14566750000000087
2004-02-17,0.14719699999999944,0.09933700000001656,0.12326700000000801
2004-02-18,0.12454399999999624,0.1616510000000007,0.1430974999999985
2004-02-19,0.18283700000000414,0.09438000000000099,0.13860850000000258
2004-02-20,0.5369830000000085,3.005922000000005,1.7714525000000068
2004-03-08,0.15363199999999966,0.09055900000000151,0.12209550000000058
2004-03-09,0.10223400000000396,0.1136749999999981,0.10795450000000104
2004-03-10,0.11544200000000106,0.10574699999999725,0.11059449999999915
2004-03-11,0.17117299999999588,1.1859949999999932,0.6785839999999945
2004-03-12,0.1255289999999992,0.07789699999992589,0.10171299999996254
2004-03-15,0.19773200000000085,0.8163010000000004,0.5070165000000006
2004-03-16,0.4365649999999987,0.13647500000000298,0.28652000000000083
2004-03-17,0.3728910000000058,0.23657700000001303,0.3047340000000094
2004-03-18,2.3692859999999967,0.27830599999998695,1.3237959999999918
2004-03-19,0.18100999999999667,0.28833700000000134,0.234673499999999
2004-04-05,0.15161099999999872,0.1338620000000001,0.1427364999999994
2004-04-06,0.13601899999999917,0.14161999999999889,0.13881949999999904
2004-04-07,0.15281500000000142,0.1090000000000007,0.13090750000000106
2004-04-08,0.1185110000000098,0.10916100000005376,0.11383600000003177
2004-04-12,0.1679579999999977,0.050954000000007695,0.10945600000000269
2004-04-13,0.21860000000000276,0.21588900000000488,0.21724450000000384
2004-04-14,0.3990179999998581,0.2255069999999974,0.3122624999999277
2004-04-15,0.26521899999999793,0.42488000000000004,0.345049499999999
2004-04-16,0.6253490000000008,1.8319650000000498,1.2286570000000254
2004-05-10,0.17840599999999981,0.1805530000000012,0.1794795000000005
2004-05-11,0.16244100000000022,0.1755870000000128,0.1690140000000065
2004-05-12,0.18211599999999845,0.17941900000000094,0.1807674999999997
2004-05-13,0.1281880000000052,0.21034299999999914,0.16926550000000218
2004-05-14,0.21978899999999596,0.25173700000000465,0.2357630000000003
2004-05-17,0.22816800000000512,0.24276600000000254,0.2354670000000038
2004-05-18,0.3292029999999962,0.33842199999999767,0.33381249999999696
2004-05-19,0.2239069999999997,0.32566100000000403,0.27478400000000186
2004-05-20,0.3389380000000032,0.33893800000000235,0.33893800000000274
2004-05-21,0.49889000000000266,0.3389379999999865,0.41891399999999457
2004-06-07,0.1313270000004099,0.11611700000000587,0.12372200000020789
2004-06-08,0.13004800000000308,0.1271669999999988,0.12860750000000093
2004-06-09,0.12647300000000294,0.12529999999999972,0.12588650000000134
2004-06-10,0.06875899999999459,0.14278799999999928,0.10577349999999694
2004-06-14,0.16186000000001205,0.12900399999985837,0.14543199999993522
2004-06-15,0.8377289999999968,0.21286199999999217,0.5252954999999945
2004-06-16,0.34440499999999824,0.276265000000003,0.3103350000000006
2004-06-17,0.46205499999999705,0.42263300000000287,0.44234399999999996
2004-06-18,0.6053349999999984,0.5825010000000079,0.5939180000000032
2004-07-06,0.15151400000000206,0.05769699999999387,0.10460549999999796
2004-07-07,0.14763300000000087,0.101817999999996,0.12472549999999843
2004-07-08,0.17734900000000367,0.2510189999996554,0.2141839999998295
2004-07-09,0.20056000000035779,0.09713100000000441,0.1488455000001811
2004-07-12,0.23902500000000884,0.10929899999995149,0.17416199999998017
2004-07-13,0.28481499999959925,0.4473629999998091,0.3660889999997042
2004-07-14,0.24180600000041785,0.24180600000041677,0.2418060000004173
2004-07-15,0.23379000000026065,0.10221499999999702,0.16800250000012884
2004-07-16,0.15532300000000765,0.3231510000000842,0.2392370000000459
2004-08-09,0.1400500000000019,0.15740599999999913,0.14872800000000053
2004-08-10,0.11772600000000252,0.14514500000000086,0.1314355000000017
2004-08-11,0.1376120000000005,0.16037999999999913,0.14899599999999982
2004-08-12,0.16787999999997327,0.1625149999996328,0.16519749999980304
2004-08-13,0.11011000000000182,0.16957300000000028,0.13984150000000106
2004-08-16,0.16356399999999569,0.1425669999999962,0.15306549999999594
2004-08-17,0.27960900000000216,0.14327199999999352,0.21144049999999784
2004-08-18,0.2609330000000016,0.2609329999999987,0.26093300000000014
2004-08-19,0.37785200000013913,0.38565600000003947,0.3817540000000893
2004-08-20,0.46740200000000237,0.46740199999998583,0.4674019999999941
2004-09-07,0.10198900000000839,0.12316499999999063,0.11257699999999951
2004-09-08,0.10492999999999952,0.1349030000000248,0.11991650000001217
2004-09-09,0.07217899999999852,0.13097800000000148,0.1015785
2004-09-10,0.12050099999999768,0.1205009999999982,0.12050099999999794
2004-09-13,0.1338010000000042,0.07214299999999892,0.10297200000000156
2004-09-14,0.096746000000001,0.06993500000000165,0.08334050000000132
2004-09-15,0.07653000000000246,0.06451399999999718,0.07052199999999982
2004-09-16,0.19221100000000982,0.1102389999999929,0.15122500000000136
2004-09-17,2.5548719999999965,0.3725179999999925,1.4636949999999944
2004-10-04,0.1214189999999903,0.14760300000000715,0.13451099999999871
2004-10-05,0.11869300000000058,0.138115,0.1284040000000003
2004-10-06,0.15246499999998145,0.08152600000007139,0.11699550000002643
2004-10-07,0.11672999999999933,0.16510499999997924,0.1409174999999893
2004-10-08,0.15593700000000163,0.14561700000000485,0.15077700000000324
2004-10-11,0.11760800000000035,0.135726,0.1266670000000002
2004-10-12,0.23652799999999932,0.15089400000001688,0.1937110000000081
2004-10-13,0.6217999999999982,0.14108999999999214,0.3814449999999952
2004-10-14,0.7566830000000022,0.1892630000000036,0.4729730000000029
2004-10-15,0.4179249999999993,1.4898460000000582,0.9538855000000288
2004-11-08,0.12787399999999086,0.12413399999996026,0.12600399999997555
2004-11-09,0.11605599999999702,0.1023709999999996,0.10921349999999831
2004-11-10,0.12631799999967072,0.12039199999999906,0.12335499999983489
2004-11-11,0.10876399999999785,0.14427300000015494,0.1265185000000764
2004-11-12,0.11977499999999247,0.10778899999974607,0.11378199999986927
2004-11-15,0.19288900000000309,0.1349400000000027,0.1639145000000029
2004-11-16,0.17926300000000223,1.1971519999999995,0.6882075000000009
2004-11-17,0.13968399999995426,0.2244069999999967,0.1820454999999755
2004-11-18,0.3088599999999853,0.313560999999998,0.3112104999999916
2004-11-19,0.2072659999999781,0.33276299999999415,0.2700144999999861
2004-12-06,0.11907100000008869,0.13140999999999942,0.12524050000004405
2004-12-07,0.11893500000007255,0.1317700000000108,0.12535250000004167
2004-12-08,0.11175699999998567,0.11215799999998566,0.11195749999998567
2004-12-09,0.14621299999999943,0.0865049999999979,0.11635899999999866
2004-12-10,0.12068500000000273,0.107265000000014,0.11397500000000838
2004-12-13,0.13946900000000229,0.14903300000000097,0.14425100000000163
2004-12-14,0.2204329999999591,0.4543899999999973,0.3374114999999782
2004-12-15,0.22049900000000647,0.8255079999999982,0.5230035000000024
2004-12-16,0.32804099999999836,2.295949999999956,1.3119954999999772
2004-12-17,0.3569160000000015,2.953838000000001,1.6553770000000012
2005-01-10,0.14388699999999952,0.1360889999999997,0.1399879999999996
2005-01-11,0.1225210000002397,0.13812300000002412,0.13032200000013192
2005-01-12,0.11439500000000154,0.1336359999999908,0.12401549999999617
2005-01-13,0.1276040000000009,0.11709499999990393,0.12234949999995243
2005-01-14,0.09384599999965682,0.14994099999999827,0.12189349999982754
2005-01-18,0.15783999999999865,0.13018900000000594,0.1440145000000023
2005-01-19,0.224714999999644,0.37248299999997414,0.2985989999998091
2005-01-20,0.3489060000000053,0.13161899999999538,0.24026250000000035
2005-01-21,0.3693119999999575,0.5354119999999924,0.45236199999997495
2005-02-07,0.11489999999999957,0.1214099999999992,0.11815499999999939
2005-02-08,0.1060189999999989,0.13653499999999508,0.121276999999997
2005-02-09,0.11392000000000001,0.11900600000000046,0.11646300000000023
2005-02-10,0.11142500000000556,0.10455900000000519,0.10799200000000538
2005-02-11,0.126871000000021,0.10048700000000016,0.11367900000001058
2005-02-14,0.1423179999999966,0.19617700000001378,0.16924750000000519
2005-02-15,0.08798199999998771,0.156625999999993,0.12230399999999035
2005-02-16,0.15597099999999217,0.23334999999999778,0.19466049999999496
2005-02-17,0.19114600000000004,0.2960039999999963,0.24357499999999818
2005-02-18,0.19624999999997592,0.13340300000009903,0.16482650000003746
2005-03-07,0.11527799999999955,0.12517199999999795,0.12022499999999875
2005-03-08,0.1308929999997497,0.09719399999999744,0.11404349999987357
2005-03-09,0.1120380000001157,0.15364499999999917,0.13284150000005743
2005-03-10,0.12995799999991672,0.13916399999999896,0.13456099999995785
2005-03-11,0.09763799999999993,0.14387400000000147,0.1207560000000007
2005-03-14,0.16887999999999964,0.14130999999999924,0.15509499999999943
2005-03-15,0.23114499999999694,0.11639799999999548,0.1737714999999962
2005-03-16,0.3561879999999948,0.155936000000004,0.2560619999999994
2005-03-17,0.257164000000009,0.20081899999999472,0.22899150000000185
2005-03-18,0.9362930000000078,0.23308300000000334,0.5846880000000055
2005-04-04,0.1222850000000244,0.17836399999970246,0.15032449999986341
2005-04-05,0.14317899999999806,0.14295899999999948,0.14306899999999878
2005-04-06,0.16186500000003437,0.16622100000000767,0.16404300000002103
2005-04-07,0.1316879999999989,0.13065799999999897,0.13117299999999893
2005-04-08,0.1306579999999275,0.15768500000043667,0.14417150000018208
2005-04-11,0.1434939999999998,0.14375400000000227,0.14362400000000103
2005-04-12,0.1275549999999983,0.11069599999999634,0.11912549999999733
2005-04-13,0.13770299999999827,0.15452500000000005,0.14611399999999916
2005-04-14,0.23136900000000904,0.32202899999997675,0.2766989999999929
2005-04-15,0.15475299999971717,0.21619999999998743,0.1854764999998523
2005-05-09,0.10175300000000048,0.13630000000000056,0.11902650000000052
2005-05-10,0.13910600000000078,0.14525400000000052,0.14218000000000064
2005-05-11,0.12592300000000087,0.13896700000000076,0.1324450000000008
2005-05-12,0.13705599999999987,0.14908100000000313,0.1430685000000015
2005-05-13,0.18708499999987455,0.1350399999999993,0.16106249999993694
2005-05-16,0.13296300000033082,0.17740900000000095,0.15518600000016589
2005-05-17,0.14833799999999986,0.10369600000026066,0.12601700000013027
2005-05-18,0.1690129999999956,1.2153869999999956,0.6921999999999956
2005-05-19,0.14033999999970606,0.15194899999998926,0.14614449999984766
2005-05-20,0.20607700000000212,0.1569680000000061,0.1815225000000041
2005-06-06,0.11400999999999893,0.12631200000010462,0.12016100000005178
2005-06-07,0.14692100000048525,1.0294619999998718,0.5881915000001785
2005-06-08,0.15977799999999787,0.6448879999999976,0.4023329999999977
2005-06-09,0.14900599999999953,0.33354499999967824,0.24127549999983888
2005-06-10,0.15145199999969255,0.17390699999999218,0.16267949999984238
2005-06-13,0.16325199999995968,0.3447050000000001,0.2539784999999799
2005-06-14,0.1590460000000005,1.7665769999999967,0.9628114999999986
2005-06-15,0.22566699999998716,2.0132320000000026,1.1194494999999949
2005-06-16,0.1622669999999962,0.346012999999993,0.2541399999999946
2005-06-17,0.11038400000000378,0.19503400000000426,0.15270900000000404
2005-07-05,0.10290799999999961,0.08665800000000022,0.09478299999999992
2005-07-06,0.15106100000000047,0.14983899999999986,0.15045000000000017
2005-07-07,0.11837100000000103,0.09693400000000196,0.1076525000000015
2005-07-08,0.10255899999999935,0.1083309999999985,0.10544499999999893
2005-07-11,0.11121500000000033,0.15366899999999786,0.1324419999999991
2005-07-12,0.13630600000000642,0.1759940000000021,0.15615000000000426
2005-07-13,0.10142999999999303,0.22923400000001182,0.16533200000000242
2005-07-14,0.13886100000000076,0.1501549999999992,0.14450799999999997
2005-07-15,0.16928999999999844,0.20352700000000054,0.18640849999999948
2005-08-08,0.13497000000038717,0.14476299999993592,0.13986650000016154
2005-08-09,0.13125800000000026,0.14494899999999944,0.13810349999999985
2005-08-10,0.14570999999999928,0.12121899999999967,0.1334644999999995
2005-08-11,0.11884099999999184,0.11613899999998534,0.11748999999998859
2005-08-12,0.13287499999970262,0.125462,0.1291684999998513
2005-08-15,0.13832400000000192,0.1378650000000025,0.13809450000000223
2005-08-16,0.21099300000001756,0.1856039999999986,0.1982985000000081
2005-08-17,0.13068099999998367,0.2306610000000001,0.18067099999999187
2005-08-18,0.15886799999999218,0.32460899999999965,0.24173849999999591
2005-08-19,0.20217899999979036,0.9878860000003108,0.5950325000000506
2005-09-06,0.09637800000000277,0.12868499999999947,0.11253150000000112
2005-09-07,0.05665399999990428,0.1499530000000021,0.1033034999999532
2005-09-08,0.11042599999999969,0.14533999999999903,0.12788299999999936
2005-09-09,0.503175000000008,0.13544499999958348,0.31930999999979576
2005-09-12,0.6959439999999981,0.16103399999993928,0.4284889999999687
2005-09-13,0.1519629999999804,0.11036400000000043,0.1311634999999904
2005-09-14,0.12361099999999532,0.09969100000003256,0.11165100000001393
2005-09-15,0.359428999999998,0.203834999999878,0.281631999999938
2005-09-16,0.31368899999999894,0.18748000000000248,0.2505845000000007
2005-10-10,0.19225200000000095,0.14074299999999743,0.1664974999999992
2005-10-11,0.17611500000003177,0.16637000000009622,0.171242500000064
2005-10-12,0.1776670000002263,0.15339400000000014,0.1655305000001132
2005-10-13,0.215621999999999,0.14619899999998393,0.18091049999999148
2005-10-14,0.15529000000000148,0.16810400000000145,0.16169700000000148
2005-10-17,0.19184299999999616,0.1670159999999352,0.17942949999996566
2005-10-18,0.2149459999999989,0.18581099999999656,0.20037849999999774
2005-10-19,0.1981580000000007,0.1921020000000003,0.1951300000000005
2005-10-20,0.1930680000000007,0.19995899999999622,0.19651349999999845
2005-10-21,0.20245599999999883,0.2727250000001943,0.23759050000009657
2005-11-07,0.18791800000000045,0.17586499999999886,0.18189149999999965
2005-11-08,0.1991130000000017,0.18024599999999855,0.1896795000000001
2005-11-09,0.19296100000000013,0.1822299999999998,0.18759549999999997
2005-11-10,0.192813999999894,0.17947899999976918,0.18614649999983157
2005-11-11,0.1871790000000001,0.180988000000001,0.18408350000000057
2005-11-14,0.20649999999999996,0.233111000000069,0.2198055000000345
2005-11-15,0.21654100000000048,0.25151699999999483,0.23402899999999766
2005-11-16,0.2151789999999684,0.2051149999997895,0.21014699999987896
2005-11-17,0.08993299999999546,0.24338700000000008,0.16665999999999775
2005-11-18,0.2269059999999912,0.30780099999996813,0.26735349999997965
2005-12-05,0.12861200000002534,0.06176200000000217,0.09518700000001376
2005-12-06,0.16744000000002007,0.12401800000000192,0.145729000000011
2005-12-07,0.12374400000000739,0.13538100000000083,0.1295625000000041
2005-12-08,0.15154299999999998,0.1072080000000011,0.12937550000000053
2005-12-09,0.12013099999997824,0.14510299999999754,0.13261699999998788
2005-12-12,0.19947800000032492,0.37522200000008954,0.2873500000002072
2005-12-13,0.12132100000000312,0.16395399999999194,0.14263749999999753
2005-12-14,0.20149700000000298,0.8722080000000073,0.5368525000000052
2005-12-15,0.2434809999999201,0.20149700000003407,0.22248899999997707
2005-12-16,0.38372099999999915,0.2867529999999951,0.3352369999999971
2006-01-09,0.14561199999981556,0.13387800000000025,0.13974499999990792
2006-01-10,0.1410129999999991,0.14994799999999914,0.14548049999999912
2006-01-11,0.10441299999999926,0.14335100000012188,0.12388200000006057
2006-01-12,0.12214500000012364,0.1388979999999997,0.13052150000006166
2006-01-13,0.127902999999668,0.15837599999999816,0.14313949999983308
2006-01-17,0.17007099999999706,0.14682099999995227,0.15844599999997466
2006-01-18,0.17931199999999953,0.10612400000001693,0.14271800000000823
2006-01-19,0.1184110000000001,0.1529480000000061,0.13567950000000312
2006-01-20,0.3107340000000117,0.29133399999963067,0.30103399999982117
2006-02-06,0.14270100000000216,0.15678999999999882,0.14974550000000048
2006-02-07,0.16033199999999498,0.1352530000000002,0.1477924999999976
2006-02-08,0.13275199999999884,0.1365179999999976,0.13463499999999823
2006-02-09,0.1455469999999994,0.11471099999995336,0.13012899999997637
2006-02-10,0.15086200000000125,0.1278669999999979,0.13936449999999956
2006-02-13,0.151131999999999,0.11869400000002321,0.1349130000000111
2006-02-14,0.13510099999999878,0.10939000000000268,0.12224550000000073
2006-02-15,0.1912159999999984,0.1107699999999969,0.15099299999999766
2006-02-16,0.09593200000000074,0.16766099999993603,0.1317964999999684
2006-02-17,0.22639800000001498,0.28213499999999286,0.25426650000000395
2006-03-06,0.14925700000002737,0.1160250000000012,0.13264100000001428
2006-03-07,0.13529799999999823,0.125519000000001,0.1304084999999996
2006-03-08,0.1490570000000002,0.23645799999999811,0.19275749999999914
2006-03-09,0.1431929999999989,0.17973000000000017,0.16146149999999954
2006-03-10,0.115393000000001,0.1114529999999998,0.1134230000000004
2006-03-13,0.16521099999966998,0.12049500000000231,0.14285299999983614
2006-03-14,0.2543060000000018,0.14879700000015234,0.20155150000007707
2006-03-15,0.25473300000000754,0.15734599999951646,0.206039499999762
2006-03-16,0.3250670000000026,0.14405799999997804,0.23456249999999032
2006-03-17,0.36519300000000143,0.11839899999999906,0.24179600000000023
2006-04-10,0.14567599999994274,0.13493700000031655,0.14030650000012965
2006-04-11,0.16494400000000042,0.15329400000000148,0.15911900000000095
2006-04-12,0.14716400000020885,0.1583540000000026,0.15275900000010573
2006-04-13,0.15450399999973363,0.1543889999997275,0.15444649999973056
2006-04-17,0.17279899999958406,0.1569629999999989,0.1648809999997915
2006-04-18,0.1398949999999977,0.09894100000000126,0.11941799999999947
2006-04-19,0.15132499999994847,0.15253499999981476,0.1519299999998816
2006-04-20,0.11499499999999939,0.13642099999956556,0.12570799999978247
2006-04-21,0.48166900000000185,0.266410000000002,0.3740395000000019
2006-05-08,0.12394800000049157,0.14487999999999968,0.13441400000024561
2006-05-09,0.1353779999999995,0.13627600000014634,0.13582700000007292
2006-05-10,0.11866200000000093,0.15189199999972958,0.13527699999986526
2006-05-11,0.14771000000000142,0.15606000000000214,0.15188500000000177
2006-05-12,0.1362940000000001,0.1324700000000012,0.13438200000000067
2006-05-15,0.17167600000000408,0.18948400000000026,0.18058000000000218
2006-05-16,0.14157599999999787,0.17681200000000047,0.15919399999999917
2006-05-17,0.21589799999999923,0.1473579999999123,0.18162799999995577
2006-05-18,0.1845900000000026,0.10658599999993025,0.14558799999996644
2006-05-19,0.14731099999999728,0.21918199999999732,0.18324649999999731
2006-06-05,0.16463500000006318,0.1363090000000004,0.1504720000000318
2006-06-06,0.15718600000000135,0.17789700000000006,0.1675415000000007
2006-06-07,0.17667199999999844,0.15512700000000026,0.16589949999999937
2006-06-08,0.1817130000000015,0.16685499999999975,0.17428400000000063
2006-06-09,0.19065200000004973,0.17363799999999954,0.18214500000002465
2006-06-12,0.21077100000001694,1.418047000000025,0.8144090000000209
2006-06-13,0.1777249999999945,0.16455800000000007,0.17114149999999728
2006-06-14,0.19329899999999867,0.11682499999963025,0.15506199999981446
2006-06-15,0.19750099999999174,0.2241969999999967,0.21084899999999424
2006-06-16,1.1721720000000027,0.14423400000000064,0.6582030000000016
2006-07-10,0.11927699999994289,0.10265400000000292,0.1109654999999729
2006-07-11,0.10080599999999991,0.13849300000000037,0.11964950000000013
2006-07-12,0.10396599999999927,0.11441600000000315,0.1091910000000012
2006-07-13,0.13337599999999872,0.14390899999999965,0.13864249999999917
2006-07-14,0.12834500000000015,0.15075100000000302,0.1395480000000016
2006-07-17,0.1431370000000021,0.14033299999999999,0.14173500000000105
2006-07-18,0.1474899999999178,0.16085799999999323,0.1541739999999555
2006-07-19,0.2477740000000007,0.18560600000020716,0.2166900000001039
2006-07-20,0.20070999999999597,0.22049800000000155,0.21060399999999876
2006-07-21,0.2586039999999692,0.23206900000008307,0.24533650000002613
2006-08-07,0.15097299999999997,0.13914699999999977,0.14505999999999986
2006-08-08,0.12901899999994496,0.1453369999999873,0.13717799999996613
2006-08-09,0.12274700000027843,0.14265199999984904,0.13269950000006372
2006-08-10,0.13044100000000178,0.12642899999999846,0.12843500000000013
2006-08-11,0.10834100000000091,0.1112760000000018,0.10980850000000136
2006-08-14,0.12990900000000064,0.16137500000002122,0.14564200000001093
2006-08-15,0.12727499999999864,0.16183799999999748,0.14455649999999806
2006-08-16,0.15647600000000111,0.12725099999999592,0.14186349999999853
2006-08-17,0.11398800000000103,0.13330799999999784,0.12364799999999944
2006-08-18,0.28412699999956936,0.18396899999997257,0.23404799999977097
2006-09-05,0.10471400000000008,0.11313600000000014,0.1089250000000001
2006-09-06,0.11187100000001077,0.1048509999998193,0.10836099999991503
2006-09-07,0.07965199999999849,0.10785599999985723,0.09375399999992787
2006-09-08,0.06403700000000205,0.07493500000000057,0.06948600000000131
2006-09-11,0.09839700000000356,0.10396700000000139,0.10118200000000248
2006-09-12,0.09312300000005146,0.12657799999999855,0.109850500000025
2006-09-13,0.0655649999999725,0.0954100000000015,0.080487499999987
2006-09-14,0.04537499999999829,0.17177600000000245,0.10857550000000038
2006-09-15,0.15997100000000253,1.211125,0.6855480000000013
2006-10-09,0.09275299999999959,0.10264499999960801,0.0976989999998038
2006-10-10,0.07507200000000121,0.11791200000000004,0.09649200000000063
2006-10-11,0.08422599999972011,0.11893299999999789,0.10157949999985899
2006-10-12,0.09072400000000226,0.09072400000000694,0.0907240000000046
2006-10-13,0.07177800000004109,0.09404100000000012,0.0829095000000206
2006-10-16,0.06609600000000389,0.0995059999999953,0.0828009999999996
2006-10-17,0.10168499999999907,0.05415900000008111,0.07792200000004008
2006-10-18,0.0983180000000006,0.11458800000000166,0.10645300000000113
2006-10-19,0.8571470000000078,0.13963099999999745,0.49838900000000264
2006-10-20,0.24194700000000546,1.064580000000025,0.6532635000000152
2006-11-06,0.1070950000000021,0.1313230000001953,0.11920900000009871
2006-11-07,0.11802000000000161,0.12021800000000044,0.11911900000000103
2006-11-08,0.10382900000000102,0.10039000000000214,0.10210950000000157
2006-11-09,0.09904400000017471,0.08617199999999305,0.09260800000008387
2006-11-10,0.09324299999999852,0.09232299999999793,0.09278299999999823
2006-11-13,0.12497599999999993,0.09396700000001251,0.10947150000000622
2006-11-14,0.11267899999999943,0.10249099999999807,0.10758499999999875
2006-11-15,0.11559499999999807,0.08152900000000954,0.09856200000000381
2006-11-16,0.11253499999999791,0.09834199999999121,0.10543849999999456
2006-11-17,0.35674099999999803,0.05822499999999969,0.20748299999999886
2006-12-04,0.1214549999999988,0.0708029999999987,0.09612899999999874
2006-12-05,0.10874300000016385,0.05547699999999973,0.08211000000008178
2006-12-06,0.1152719999999948,0.06204500000000072,0.08865849999999775
2006-12-07,0.08584099999999863,0.08991799999999964,0.08787949999999914
2006-12-08,0.08832600000000025,0.12825800000000226,0.10829200000000125
2006-12-11,0.06775800000000196,0.1402829999998781,0.10402049999994002
2006-12-12,0.07417999999999879,0.09646799999998387,0.08532399999999132
2006-12-13,0.08225199999999727,0.08233500000000549,0.08229350000000138
2006-12-14,0.17486299999991306,0.08357300000046741,0.12921800000019024
2006-12-15,0.06135600000000489,0.0890450000000076,0.07520050000000625
2007-01-08,0.10217900000017319,0.12169900000000439,0.11193900000008879
2007-01-09,0.10050799999999847,0.11094900000000044,0.10572849999999945
2007-01-10,0.11504999999999978,0.10644700000000074,0.11074850000000025
2007-01-11,0.07495600000000008,0.10680099999996744,0.09087849999998376
2007-01-12,0.0900060000000076,0.12946700000000216,0.10973650000000487
2007-01-16,0.1326960000003065,0.1325290000003047,0.1326125000003056
2007-01-17,0.08276000000000296,0.14175600000000343,0.11225800000000319
2007-01-18,0.06758899999999575,0.186875,0.12723199999999787
2007-01-19,0.09152499999999707,0.06307899999999658,0.07730199999999682
2007-02-05,0.10457500000000607,0.08498800000001229,0.09478150000000918
2007-02-06,0.08566199999999985,0.04130399999974211,0.06348299999987098
2007-02-07,0.07902800000009998,0.09495700000000717,0.08699250000005357
2007-02-08,0.11336699999952296,0.0731080000000003,0.09323749999976164
2007-02-09,0.09127699999999854,0.08303800000000341,0.08715750000000097
2007-02-12,0.13224899999999815,0.05986400000000303,0.09605650000000059
2007-02-13,0.0872370000000019,0.08879399999999756,0.08801549999999972
2007-02-14,0.40026899999961885,0.1253079999999953,0.2627884999998071
2007-02-15,0.0994389999999931,0.07738299999999643,0.08841099999999477
2007-02-16,0.7567330000000032,0.1320719999999962,0.4444024999999997
2007-03-05,0.1488469999999386,0.16958800000000004,0.15921749999996931
2007-03-06,0.13763200000004744,0.14941700000001118,0.1435245000000293
2007-03-07,0.1446010000000014,0.1476109999999988,0.1461060000000001
2007-03-08,0.09880299999999928,0.17548100000000158,0.13714200000000043
2007-03-09,0.12325299999998238,0.14103399999999955,0.13214349999999098
2007-03-12,0.12411700000000155,0.17856400000000122,0.15134050000000138
2007-03-13,0.14856200000000078,0.16137300000000177,0.15496750000000126
2007-03-14,0.139236000000059,0.14694099999999993,0.14308850000002948
2007-03-15,0.12283300000000037,0.11957199999999345,0.12120249999999691
2007-03-16,1.2203500000000052,0.18366199999999833,0.7020060000000017
2007-04-09,0.11400199999999938,0.11961999999999906,0.11681099999999922
2007-04-10,0.11816900000000181,0.09925699999999933,0.10871300000000057
2007-04-11,0.11638399999999481,0.11270499999999115,0.11454449999999297
2007-04-12,0.09486399999993624,0.09528899999994266,0.09507649999993945
2007-04-13,0.09220900000000144,0.13019299999999773,0.11120099999999958
2007-04-16,0.09401600000000274,0.12696500000000116,0.11049050000000195
2007-04-17,0.14777300000000507,0.10053300000000054,0.1241530000000028
2007-04-18,0.9219919999999965,0.16063799999999978,0.5413149999999981
2007-04-19,1.147677999999995,0.1445649999999996,0.6461214999999974
2007-04-20,0.25971599999999356,0.22008499999997225,0.23990049999998292
2007-05-07,0.09378800000000033,0.12784999999999452,0.11081899999999742
2007-05-08,0.11763100000000523,0.13803500000000066,0.12783300000000294
2007-05-09,0.10627799999998999,0.13141100000000164,0.11884449999999581
2007-05-10,0.12221399999968731,0.11332600000033191,0.11777000000000962
2007-05-11,0.15593500000000032,0.10197399999954516,0.12895449999977274
2007-05-14,0.1853770000000009,0.15701099999999815,0.1711939999999995
2007-05-15,0.11843299999999729,0.09414600000037993,0.10628950000018861
2007-05-16,0.13646900000001208,0.05083000000000095,0.09364950000000652
2007-05-17,0.17054700000000525,0.1550939999999926,0.16282049999999892
2007-05-18,0.09170000000003567,0.140410000000012,0.11605500000002383
2007-06-04,0.17013700000000015,0.17812800000041534,0.17413250000020775
2007-06-05,0.15172500000000072,0.18840399999999774,0.17006449999999923
2007-06-06,0.18490399999999824,0.2018070000003908,0.19335550000019452
2007-06-07,0.20473399999999886,0.21595899999999857,0.21034649999999872
2007-06-08,0.23922799999982586,0.21643300000000176,0.2278304999999138
2007-06-11,0.19599700000002276,0.2196400000000036,0.20781850000001317
2007-06-12,0.22896600000000833,0.2586300000000013,0.24379800000000482
2007-06-13,0.18628799999999923,0.17410099999999998,0.1801944999999996
2007-06-14,0.12442000000000093,0.17334799999971715,0.14888399999985905
2007-06-15,0.28418899999999886,0.18623500000008641,0.23521200000004264
2007-07-09,0.19203500000000012,0.1783290000000007,0.1851820000000004
2007-07-10,0.18948699999999913,0.18736999999999887,0.188428499999999
2007-07-11,0.1937919999997738,0.1807690000000015,0.18728049999988766
2007-07-12,0.20612400000000175,0.17591700000000288,0.1910205000000023
2007-07-13,0.1632320000000953,0.17005000000004444,0.16664100000006987
2007-07-16,0.1991750000000529,0.1790350000004136,0.18910500000023325
2007-07-17,0.16354500000000108,0.17777600000000032,0.17066050000000071
2007-07-18,0.15719200000024786,0.19746999999999965,0.17733100000012375
2007-07-19,0.2151859999999994,0.11636700000000072,0.16577650000000005
2007-07-20,0.13846999999976806,0.2936429999999899,0.21605649999987897
2007-08-06,0.2958390000000003,0.21663199999999902,0.25623549999999967
2007-08-07,0.29567199999999466,0.2177249999996847,0.2566984999998397
2007-08-08,0.25440700000000194,0.25506100000000054,0.25473400000000124
2007-08-09,0.29808499999999866,0.31530799999999987,0.30669649999999926
2007-08-10,0.30128700000000014,0.26158500000000057,0.28143600000000035
2007-08-13,0.2851030000000096,0.2795940000000126,0.2823485000000111
2007-08-14,0.26548699999999914,0.31287899999998464,0.28918299999999186
2007-08-15,0.2551969999998504,0.32545699999998556,0.29032699999991796
2007-08-16,0.09018499999998186,0.4575759999999993,0.2738804999999906
2007-08-17,0.16802500000000029,0.2515440000000063,0.20978450000000332
2007-09-10,0.27497299999999314,0.268176999999993,0.27157499999999307
2007-09-11,0.26916800000001384,0.25510100000003705,0.26213450000002547
2007-09-12,0.23106800000016756,0.23306500000014274,0.23206650000015516
2007-09-13,0.22176800000000665,0.21023700000001555,0.2160025000000111
2007-09-14,0.23247200000002566,0.1815769999999999,0.20702450000001277
2007-09-17,0.23502899999967938,0.29145100000001156,0.2632399999998455
2007-09-18,0.13255000000000045,0.33333399999999785,0.23294199999999915
2007-09-19,0.13229899999971848,0.2426109999999972,0.18745499999985782
2007-09-20,0.24334599999999754,1.2374699999999996,0.7404079999999986
2007-09-21,0.3701669999999998,0.23400699999995947,0.3020869999999796
2007-10-08,0.16725299999999904,0.16800899999999927,0.16763099999999914
2007-10-09,0.1952249999999984,0.1494879999999999,0.17235649999999914
2007-10-10,0.18718300000000093,0.13457900000000134,0.16088100000000113
2007-10-11,0.1658280000000003,0.18174299999971283,0.17378549999985657
2007-10-12,0.19076299999999913,0.150997999999953,0.17088049999997607
2007-10-15,0.19121700000000236,0.17358599999999882,0.1824015000000006
2007-10-16,0.1558909999999981,0.17694999999999927,0.1664204999999987
2007-10-17,0.09542099999999772,0.24103900000000103,0.16822999999999938
2007-10-18,0.16896500000000209,0.10660599999998999,0.13778549999999604
2007-10-19,0.20825299999999264,0.16268999999999695,0.1854714999999948
2007-11-05,0.22749499999999861,0.22927799999999973,0.22838649999999916
2007-11-06,0.2194270000000001,0.2152229999999984,0.21732499999999924
2007-11-07,0.274554000000002,0.23650000000000018,0.2555270000000011
2007-11-08,0.2377930000000116,0.23052700000002127,0.23416000000001644
2007-11-09,0.24162699999999881,0.25221499999999886,0.24692099999999884
2007-11-12,0.3098830000000021,0.2835660000000009,0.2967245000000015
2007-11-13,0.19956400000000074,0.24339799999999592,0.22148099999999832
2007-11-14,0.3541989999999965,0.24238799999997837,0.29829349999998744
2007-11-15,0.181615999999757,0.209286999999994,0.1954514999998755
2007-11-16,0.22069299999997777,0.3638149999999998,0.2922539999999888
2007-12-10,0.1956059999999991,0.18277999999999853,0.1891929999999988
2007-12-11,0.26208300000002976,0.2060689999999997,0.23407600000001472
2007-12-12,0.21082199999999696,0.18141500000000013,0.19611849999999853
2007-12-13,0.17671100000000034,0.19568800000000047,0.1861995000000004
2007-12-14,0.20099800000000334,0.15540100000008125,0.1781995000000423
2007-12-17,0.20307200000004852,0.21659900000001253,0.20983550000003054
2007-12-18,0.2966980000000005,0.30563299999999927,0.30116549999999986
2007-12-19,0.18545500000000012,0.15868199999999877,0.17206849999999946
2007-12-20,1.1999159999999995,0.2638280000000018,0.7318720000000006
2007-12-21,0.1357989999999959,0.08646599999999932,0.11113249999999761
2008-01-07,0.1735700000000367,0.186639000000009,0.18010450000002284
2008-01-08,0.20603700000000458,0.19566500000001583,0.20085100000001022
2008-01-09,0.18491600000001035,0.1789850000000217,0.18195050000001603
2008-01-10,0.2413700000000008,0.1964539999999487,0.21891199999997474
2008-01-11,0.19843699999990191,0.22124999999999548,0.2098434999999487
2008-01-14,0.15039099999990618,0.22814300000000035,0.18926699999995328
2008-01-15,0.23621299999997566,0.2498359999999836,0.24302449999997963
2008-01-16,0.22659299999999932,0.2605499999999998,0.24357149999999955
2008-01-17,0.26861399999999963,0.3702129999999934,0.3194134999999965
2008-01-18,0.03519899999999438,0.6187490000000013,0.3269739999999979
2008-02-04,0.2336659999999993,0.22026400000000096,0.22696500000000014
2008-02-05,0.23354500000000117,0.21522799999999748,0.22438649999999932
2008-02-06,0.25879400000000063,0.2397209999999979,0.24925749999999927
2008-02-07,0.24934900000019852,0.25220100000015927,0.2507750000001789
2008-02-08,0.23301700000000106,0.23308999999999944,0.23305350000000025
2008-02-11,0.26707999999999593,0.2592580000000018,0.2631689999999989
2008-02-12,0.17848500000018774,0.2701530000002715,0.2243190000002296
2008-02-13,0.17939200000000025,0.22212699999999805,0.20075949999999915
2008-02-14,0.34877500000000106,0.215149000000004,0.28196200000000254
2008-02-15,0.09248900000000418,0.47653800000000357,0.28451350000000386
2008-03-10,0.241839000000038,0.24244500000003472,0.24214200000003636
2008-03-11,0.3311269999999985,0.16331299999999874,0.2472199999999986
2008-03-12,0.2288840000002219,0.21449099999980398,0.22168750000001294
2008-03-13,0.23627900000000274,0.20662200000000172,0.22145050000000222
2008-03-14,0.3090059999999018,0.30715699999989277,0.3080814999998973
2008-03-17,0.3263439999998222,0.2904300000004045,0.3083870000001133
2008-03-18,0.23251000000000063,0.2689449999996344,0.2507274999998175
2008-03-19,0.22016499999953626,0.20595599999999864,0.21306049999976745
2008-03-20,0.4201509999999909,0.14445099999951763,0.2823009999997543
2008-04-07,0.21842299999960776,0.20023999999999972,0.20933149999980374
2008-04-08,0.1793089999999998,0.18663300000000055,0.18297100000000016
2008-04-09,0.19961499999999868,0.20146699999999873,0.2005409999999987
2008-04-10,0.2007090000000123,0.16768400000039205,0.18419650000020216
2008-04-11,0.20052499999999973,0.19736299999999954,0.19894399999999962
2008-04-14,0.24855900000002498,0.19197600000000056,0.22026750000001277
2008-04-15,0.20839,0.17583300000000132,0.19211150000000066
2008-04-16,0.24809300000000556,0.2107870000000023,0.22944000000000392
2008-04-17,0.1639549999999957,0.17033800000000598,0.16714650000000084
2008-04-18,0.14548800000000547,0.30645100000000014,0.22596950000000282
2008-05-05,0.19275699999999774,0.18715099999999762,0.18995399999999768
2008-05-06,0.19723599999999883,0.18003999999998205,0.18863799999999042
2008-05-07,0.19045899999999993,0.1852050000000021,0.187832000000001
2008-05-08,0.18257700000021027,0.16584499999999774,0.174211000000104
2008-05-09,0.18768899999995428,0.17091999999987226,0.17930449999991327
2008-05-12,0.22174500000000022,0.18800100000000347,0.20487300000000186
2008-05-13,0.17677500000000038,0.19714100000000054,0.18695800000000046
2008-05-14,0.20658700000000338,1.208902000000004,0.7077445000000037
2008-05-15,0.24930099999998623,0.17568100000000264,0.21249099999999443
2008-05-16,0.1141179999995709,0.37891800000000464,0.24651799999978777
2008-06-09,0.19817099999999915,0.17608099999999957,0.18712599999999935
2008-06-10,0.2077529999999992,0.1401539999999995,0.17395349999999934
2008-06-11,0.16455899999999893,0.19657999999999953,0.18056949999999922
2008-06-12,0.1719409999998844,0.17624499999991286,0.17409299999989863
2008-06-13,0.2080720000000007,0.11457399999999991,0.1613230000000003
2008-06-16,0.23068500000000014,0.1661320000000028,0.1984085000000015
2008-06-17,0.14882699999995305,0.19353200000000148,0.17117949999997728
2008-06-18,0.17151999999999237,0.20091900000002025,0.1862195000000063
2008-06-19,0.4357789999999824,0.1571279999999947,0.29645349999998855
2008-06-20,0.19260700000001427,1.015578000000002,0.6040925000000081
2008-07-07,0.23119399999999973,0.1831120000000009,0.2071530000000003
2008-07-08,0.20104600000000225,0.19877200000000103,0.19990900000000164
2008-07-09,0.20371700000040283,0.1829419999999997,0.19332950000020127
2008-07-10,0.20354900000000206,0.18094100000000504,0.19224500000000355
2008-07-11,0.23202699999998583,0.22342299999993814,0.22772499999996199
2008-07-14,0.22271300000001049,0.23152800000000243,0.22712050000000644
2008-07-15,0.19042499999999765,0.25671600000000067,0.22357049999999917
2008-07-16,0.16741200000003142,0.28736600000000245,0.22738900000001694
2008-07-17,0.5253169999999944,0.27622000000000163,0.400768499999998
2008-07-18,0.2519529999999973,0.5706170000000031,0.41128500000000023
2008-08-04,0.2272140000000002,0.2300560000000009,0.22863500000000053
2008-08-05,0.2406129999997944,0.18797699999999823,0.21429499999989632
2008-08-06,0.2307910000000009,0.20428799999999928,0.2175395000000001
2008-08-07,0.21642199999964862,0.19356499999999996,0.2049934999998243
2008-08-08,0.2626550000000005,0.1882170000000055,0.22543600000000302
2008-08-11,0.2243230000000024,0.15449200000000304,0.18940750000000273
2008-08-12,0.18993600000005922,0.2878309999999999,0.23888350000002956
2008-08-13,0.2961040000000055,0.1800060000000015,0.23805500000000349
2008-08-14,0.18394499999994246,0.15881199999999726,0.17137849999996985
2008-08-15,0.058040999999999114,0.36538299999999935,0.21171199999999923
2008-09-08,0.22162900000006372,0.19348499999993082,0.20755699999999727
2008-09-09,0.2524380000000003,0.1876430000000004,0.22004050000000033
2008-09-10,0.20225599999958704,0.19969100000037696,0.20097349999998199
2008-09-11,0.22597699999999987,0.1641660000000121,0.195071500000006
2008-09-12,0.23274799999999626,0.21596200000000004,0.22435499999999814
2008-09-15,0.3030570000000013,0.23536000000048496,0.2692085000002431
2008-09-16,0.40676300000028426,0.18545299999999554,0.2961080000001399
2008-09-17,1.0117420000000037,0.6496440000000024,0.830693000000003
2008-09-18,0.7090440000000006,0.8058520000000005,0.7574480000000006
2008-09-19,0.03159300000000216,0.4127920000000775,0.22219250000003982
2008-10-06,0.4798890000000017,0.4551940000000435,0.4675415000000226
2008-10-07,0.6070560000000019,0.4370500000000008,0.5220530000000014
2008-10-08,0.6479219999997679,0.4632179999999998,0.5555699999998838
2008-10-09,0.7615919999999983,0.4821980000000015,0.6218949999999999
2008-10-10,0.7540579999999996,0.7541179999999992,0.7540879999999994
2008-10-13,0.6962849999998689,0.742789999999974,0.7195374999999214
2008-10-14,0.5725680000002723,0.43758199999999947,0.5050750000001358
2008-10-15,0.8106139999999996,0.7920939999999977,0.8013539999999987
2008-10-16,0.6246000000003858,0.8786219999999958,0.7516110000001908
2008-10-17,1.0954689999999956,0.3927749999999989,0.7441219999999973
2008-11-10,0.4702720000000005,0.5160089999999997,0.4931405000000001
2008-11-11,0.5269820000000004,0.49020199999999886,0.5085919999999996
2008-11-12,0.6820319999999996,0.5137130000000056,0.5978725000000027
2008-11-13,0.49755400000019717,0.4840840000003459,0.49081900000027157
2008-11-14,0.5384300000000002,0.5271110000000008,0.5327705000000005
2008-11-17,0.6262969999999999,0.5889029999999988,0.6075999999999994
2008-11-18,0.7303040000000953,0.5933850000000027,0.661844500000049
2008-11-19,0.6493749999999989,0.6314889999999992,0.640431999999999
2008-11-20,0.8287170000000004,0.6467630000000018,0.7377400000000011
2008-11-21,0.2385870000000008,0.6788090000000021,0.45869800000000144
2008-12-08,0.46229100000000106,0.45463500000006485,0.4584630000000329
2008-12-09,0.4532770000001313,0.45614300000011654,0.45471000000012396
2008-12-10,0.41324900000000114,0.42073200000000005,0.4169905000000006
2008-12-11,0.393563000000001,0.3885859999999994,0.3910745000000002
2008-12-12,0.39832499999965953,0.3642990000000015,0.3813119999998305
2008-12-15,0.459410000000002,0.4449369999999991,0.45217350000000056
2008-12-16,0.39546199999997317,0.48070399999999935,0.43808299999998623
2008-12-17,0.3694490000000015,0.23537999999999762,0.3024144999999996
2008-12-18,0.33892400000000045,0.3823049999999977,0.36061449999999906
2008-12-19,0.24961700000000034,0.4385059999999963,0.3440614999999983
2009-01-05,0.3073810000000005,0.2781710000000001,0.2927760000000003
2009-01-06,0.2967250000000226,0.2967850000000224,0.29675500000002253
2009-01-07,0.31397199999999975,0.3384910000000004,0.32623150000000006
2009-01-08,0.30767300000034276,0.3358880000000597,0.3217805000002012
2009-01-09,0.36930199999993496,0.2855209999999999,0.32741149999996744
2009-01-12,0.4080240000000005,0.3458890000000015,0.376956500000001
2009-01-13,0.3221500000000011,0.33669999999999817,0.32942499999999963
2009-01-14,0.41622100000000845,0.38168800000005304,0.39895450000003074
2009-01-15,0.3600869999999972,0.34721400000000463,0.3536505000000009
2009-01-16,0.10365499999999625,1.5531099999999964,0.8283824999999964
2009-02-09,0.28380500000000414,0.2839350000000053,0.28387000000000473
2009-02-10,0.3170949999999994,0.31719700000000023,0.3171459999999998
2009-02-11,0.2905320000000007,0.2984209999999983,0.2944764999999995
2009-02-12,0.2739479999997866,0.28170299999991133,0.27782549999984896
2009-02-13,0.2953549999999997,0.26195899999998806,0.2786569999999939
2009-02-17,0.39891699999999974,0.4800059999999989,0.4394614999999993
2009-02-18,0.3529360000000018,0.4394269999999956,0.39618149999999874
2009-02-19,0.3059570000000019,0.30404500000000256,0.30500100000000224
2009-02-20,1.6484589999999981,0.25329899999999655,0.9508789999999974
2009-03-09,0.43486399999999986,0.43342400000000025,0.4341440000000001
2009-03-10,0.44251200000000057,0.39806699999973827,0.4202894999998694
2009-03-11,0.4303719999999995,0.38455599999999973,0.4074639999999996
2009-03-12,0.42608200000002877,0.3621739999997404,0.39412799999988457
2009-03-13,0.3694150000000004,0.26551999999999865,0.3174674999999995
2009-03-16,0.4461670000001404,0.3569740000000004,0.40157050000007044
2009-03-17,0.38051299999982374,0.2285409999999955,0.3045269999999096
2009-03-18,0.4308000000000012,0.37463800000000136,0.40271900000000127
2009-03-19,0.30535599999999596,0.36565800000000026,0.3355069999999981
2009-03-20,0.3245910000000909,0.32532200000006944,0.32495650000008014
2009-04-06,0.29987799999999026,0.30817299999999287,0.30402549999999157
2009-04-07,0.2863629999999992,0.28691300000000053,0.28663799999999984
2009-04-08,0.2868009999999696,0.2796799999999549,0.28324049999996226
2009-04-09,0.28382000000047536,0.2668559999999998,0.27533800000023756
2009-04-13,0.3151869999999996,0.3157040000000008,0.3154455000000002
2009-04-14,0.34682700000000366,0.3478460000000014,0.3473365000000025
2009-04-15,0.3164799999999966,0.24246399999999632,0.27947199999999645
2009-04-16,0.22912699999999814,0.2579489999998035,0.2435379999999008
2009-04-17,0.18150099999969782,0.4412549999996887,0.3113779999996933
2009-05-04,0.22130299999962172,0.22315799999965927,0.2222304999996405
2009-05-05,0.21645599999999995,0.21812299999999807,0.21728949999999903
2009-05-06,0.21479099999999973,0.21502499999999802,0.21490799999999888
2009-05-07,0.21624299999999977,0.20848100000000147,0.2123620000000006
2009-05-08,0.257108999999999,0.22600100000000017,0.24155499999999958
2009-05-11,0.2814010000000007,0.2462200000000025,0.2638105000000016
2009-05-12,0.27664400000000067,0.2484830000000018,0.2625635000000012
2009-05-13,0.2619939999999971,0.24994999999976164,0.2559719999998794
2009-05-14,0.24462499999996368,0.2808859999999978,0.2627554999999807
2009-05-15,0.14050000000000099,0.8195960000002739,0.4800480000001374
2009-06-08,0.205206999999989,0.20431399999998645,0.20476049999998774
2009-06-09,0.18612899999999938,0.1818239999999993,0.18397649999999932
2009-06-10,0.21321400000000212,0.2094599999999991,0.2113370000000006
2009-06-11,0.20662900000000894,0.20374200000001205,0.2051855000000105
2009-06-12,0.22435500000002484,0.24111600000000735,0.23273550000001608
2009-06-15,0.26665100000000064,0.25864600000000026,0.26264850000000045
2009-06-16,0.3447319999999976,0.23328899999999678,0.2890104999999972
2009-06-17,2.741774999999997,0.24883300000008654,1.4953040000000417
2009-06-18,0.0657099999999165,0.2578369999997769,0.1617734999998467
2009-06-19,3.9449579999999975,0.2854949999999991,2.115226499999998
2009-07-06,0.22219099999996766,0.2222569999999688,0.22222399999996822
2009-07-07,0.24666199999999552,0.24687199999999448,0.24676699999999502
2009-07-08,0.24512600000045354,0.2310259999999989,0.23807600000022622
2009-07-09,0.2239500000004463,0.2042540000000013,0.21410200000022378
2009-07-10,0.21506900000000012,0.19077300000000072,0.2029210000000004
2009-07-13,0.2106530000003285,0.23880500000000288,0.22472900000016569
2009-07-14,0.16177799999999928,0.20879699999978876,0.18528749999989402
2009-07-15,0.21932500000000338,0.23515500000000047,0.22724000000000194
2009-07-16,0.19771899999977532,0.1655880000000024,0.18165349999988886
2009-07-17,0.02112399999999144,0.0583879999996819,0.03975599999983667
2009-08-10,0.19662899999999972,0.18469400000000075,0.19066150000000023
2009-08-11,0.1848270000000012,0.18672700000000003,0.18577700000000064
2009-08-12,0.18200199999999986,0.17780800000000055,0.1799050000000002
2009-08-13,0.18076999999995438,0.17626999999993923,0.1785199999999468
2009-08-14,0.177193999999864,0.18690599999992388,0.18204999999989394
2009-08-17,0.21955199999999986,0.19059000000013002,0.20507100000006495
2009-08-18,0.20435300000000034,0.15672199999999906,0.18053749999999968
2009-08-19,0.18274500000001578,0.16872100000007523,0.1757330000000455
2009-08-20,1.7866599999999961,0.1270680000000485,0.9568640000000224
2009-08-21,0.18343100000000567,0.2819470000000094,0.23268900000000753
2009-09-08,0.17145000000000102,0.1557190000000004,0.16358450000000072
2009-09-09,0.1512750000000507,0.1474060000000002,0.14934050000002547
2009-09-10,0.159847000000001,0.12241699999999808,0.14113199999999954
2009-09-11,0.14431799999999975,0.13171899999999884,0.1380184999999993
2009-09-14,0.12970800000018806,0.16331499999999674,0.1465115000000924
2009-09-15,0.13947799999999774,0.15666799999999248,0.14807299999999513
2009-09-16,0.11031300000000065,0.173561999999999,0.14193749999999983
2009-09-17,0.1244880000000236,0.21933699999999612,0.17191250000000985
2009-09-18,0.20035699999999795,0.21390700000001311,0.20713200000000553
2009-10-05,0.2049500000000009,0.18419800000000044,0.1945740000000007
2009-10-06,0.1982019999999684,0.18675799999993395,0.1924799999999512
2009-10-07,0.18797099999999875,0.17541100000000043,0.1816909999999996
2009-10-08,0.1857999999999992,0.17015300000000036,0.17797649999999976
2009-10-09,0.16368799999995493,0.16458899999995952,0.16413849999995722
2009-10-12,0.1934079999999131,0.18945699999953983,0.19143249999972645
2009-10-13,0.1484159999999992,0.2140100000000004,0.1812129999999998
2009-10-14,0.21348500000000117,0.1964079999999998,0.20494650000000048
2009-10-15,0.16769599999998824,0.47434199999999865,0.32101899999999345
2009-10-16,0.1961639999999969,0.16748399999992597,0.18182399999996143
2009-11-09,0.20412399999999703,0.1883020000000006,0.1962129999999988
2009-11-10,0.18649400000000038,0.1618939999999978,0.17419399999999907
2009-11-11,0.17087799999989253,0.17823600000006676,0.17455699999997965
2009-11-12,0.17399000000000045,0.17484299999999986,0.17441650000000014
2009-11-13,0.19758999999999924,0.1531160000000205,0.17535300000000986
2009-11-16,0.18795599999997134,0.171126000000202,0.17954100000008666
2009-11-17,0.1938839999999941,0.18455099999969335,0.18921749999984372
2009-11-18,0.20262999999981304,0.18885900000000255,0.19574449999990778
2009-11-19,0.17136099999999582,0.16562299999999414,0.16849199999999498
2009-11-20,2.7403799999999965,0.130833000000477,1.4356065000002367
2009-12-07,0.17835099999999998,0.16066300000000042,0.16950700000000019
2009-12-08,0.18460700000026511,0.1736649999998771,0.17913600000007113
2009-12-09,0.16351100000000002,0.15225200000000155,0.15788150000000079
2009-12-10,0.16377199999997824,0.14774600000021387,0.15575900000009607
2009-12-11,0.14793899999999996,0.13411599999999868,0.1410274999999993
2009-12-14,0.15665699999987917,0.14074699999967313,0.14870199999977615
2009-12-15,0.15641499999999778,0.16797000000000367,0.16219250000000074
2009-12-16,0.1443179999998527,0.12933400000041564,0.13682600000013417
2009-12-17,0.3717079999999987,0.11530699999999712,0.2435074999999979
2009-12-18,1.3959680000000028,0.15661100000000286,0.7762895000000029
2010-01-04,0.14574500000000168,0.1400069999999995,0.14287600000000059
2010-01-05,0.14403399999977629,0.12982099999999788,0.13692749999988707
2010-01-06,0.14024100000000028,0.1304320000000002,0.13533650000000025
2010-01-07,0.13749199999975867,0.12999099999999822,0.13374149999987844
2010-01-08,0.12126499999999836,0.12899599999999892,0.12513049999999865
2010-01-11,0.14077699999999901,0.1379110000000022,0.1393440000000006
2010-01-12,0.14012600000003844,0.13276600000010383,0.13644600000007112
2010-01-13,0.12493700000000299,0.13671499999999057,0.13082599999999678
2010-01-14,0.12714399999955672,0.1275539999995949,0.12734899999957583
2010-01-15,0.06154300000000025,0.06190200000000763,0.06172250000000394
2010-02-08,0.17961799999999936,0.17799099999999748,0.17880449999999842
2010-02-09,0.17726000000000064,0.17467899999999928,0.17596949999999995
2010-02-10,0.16484199999999988,0.16488000000000078,0.1648610000000003
2010-02-11,0.1612689999999992,0.15376199999999837,0.15751549999999878
2010-02-12,0.15133999999999975,0.15275499999999695,0.15204749999999834
2010-02-16,0.1617110000000024,0.18673100000002396,0.17422100000001317
2010-02-17,0.1699410000000028,0.16000299999999962,0.16497200000000123
2010-02-18,0.20599000000001097,0.131830999999996,0.1689105000000035
2010-02-19,0.15339399999999528,0.6106620000000087,0.382028000000002
2010-03-08,0.1410519999999822,0.1306009999999554,0.1358264999999688
2010-03-09,0.13507799999999962,0.13302900000000087,0.13405350000000024
2010-03-10,0.1378009999999992,0.13428000000000193,0.13604050000000056
2010-03-11,0.11798699999987433,0.13645299999997276,0.12721999999992356
2010-03-12,0.12237399999999929,0.11227900000000188,0.11732650000000058
2010-03-15,0.12989799999999724,0.12538100000000055,0.1276394999999989
2010-03-16,0.12285100000000627,0.14482099999997167,0.13383599999998896
2010-03-17,0.8598810000000052,0.14044099999997342,0.5001609999999893
2010-03-18,1.5993489999999961,0.12062800000000788,0.859988500000002
2010-03-19,0.03997800000000063,0.08420100000000302,0.062089500000001824
2010-04-05,0.12262099999979471,0.12058499999964832,0.12160299999972152
2010-04-06,0.11799400000005479,0.11754600000009009,0.11777000000007244
2010-04-07,0.12341799999999888,0.1206219999999961,0.12201999999999749
2010-04-08,0.12177700000000023,0.11204599999999743,0.11691149999999884
2010-04-09,0.10376700000000173,0.12365899999999992,0.11371300000000083
2010-04-12,0.11922500000000036,0.13393999999968845,0.1265824999998444
2010-04-13,0.14182599999990683,0.10784299999999769,0.12483449999995226
2010-04-14,0.13866899999999954,0.1179800000000031,0.1283245000000013
2010-04-15,0.11965899999968516,0.1272019999999962,0.12343049999984068
2010-04-16,0.09683000000012768,0.3243579999999874,0.2105940000000575
2010-05-10,0.21542299999999928,0.20848600000000078,0.21195450000000005
2010-05-11,0.19438099999972294,0.19925599999979135,0.19681849999975715
2010-05-12,0.18999299999999616,0.1753899999999541,0.18269149999997514
2010-05-13,0.19179800000003797,0.1767800000001876,0.18428900000011278
2010-05-14,0.19658299999999898,0.19488699999999917,0.19573499999999908
2010-05-17,0.2028209999996693,0.20015299999962718,0.20148699999964825
2010-05-18,0.19677000000001119,0.18834900000015517,0.19255950000008318
2010-05-19,0.28301000000000637,0.256726000000034,0.2698680000000202
2010-05-20,0.3933319999999951,0.37962800000000213,0.3864799999999986
2010-05-21,0.2173400000000093,0.21805499999950947,0.2176974999997594
2010-06-07,0.2393940000000007,0.24607599999968766,0.24273499999984416
2010-06-08,0.19750299999998988,0.17041800000000026,0.1839604999999951
2010-06-09,0.18706300000009843,0.1830940000003674,0.1850785000002329
2010-06-10,0.19551300000040617,0.17348499999999864,0.18449900000020242
2010-06-11,0.1827170000000007,0.1662760000000008,0.17449650000000078
2010-06-14,0.17715299999999187,0.19334300000000093,0.18524799999999642
2010-06-15,0.16383099999999864,0.19882500000000106,0.18132799999999985
2010-06-16,0.14633499999954333,0.20544700000000182,0.1758909999997726
2010-06-17,0.16627200000045017,0.1582309999999504,0.16225150000020028
2010-06-18,1.1046769999999126,0.07007899999999724,0.587377999999955
2010-07-06,0.22535399999999908,0.22468900000000203,0.22502150000000054
2010-07-07,0.18122900000000286,0.1812500000000003,0.18123950000000158
2010-07-08,0.16388000000000005,0.15108900000014522,0.15748450000007264
2010-07-09,0.18275300000000005,0.1523189999999999,0.16753599999999996
2010-07-12,0.17796500000000062,0.15951800000000618,0.1687415000000034
2010-07-13,0.17915599999988316,0.16000999999968918,0.16958299999978615
2010-07-14,0.1608369999999969,0.1707560000000002,0.16579649999999857
2010-07-15,0.16452499999973397,0.14488499999998067,0.15470499999985732
2010-07-16,0.14930200000003477,0.0676659999992271,0.10848399999963093
2010-08-09,0.15185500000000096,0.14865400000000037,0.15025450000000068
2010-08-10,0.14735799999997704,0.1477149999999785,0.14753649999997775
2010-08-11,0.1621859999999998,0.15795800000000235,0.16007200000000107
2010-08-12,0.15904000000000248,0.1511460000000831,0.15509300000004278
2010-08-13,0.15318999999999874,0.14816700000000296,0.15067850000000085
2010-08-16,0.16694400000000126,0.15986300000000123,0.16340350000000126
2010-08-17,0.1425429999995774,0.15478999999969853,0.14866649999963796
2010-08-18,0.15340400000000162,0.1393980000000054,0.1464010000000035
2010-08-19,0.19577199999983905,0.16993899999999873,0.1828554999999189
2010-08-20,0.2565080000000956,0.20197499999999613,0.22924150000004587
2010-09-07,0.16163500000000186,0.16398099999999863,0.16280800000000023
2010-09-08,0.16686699999992133,0.15265300000000045,0.15975999999996088
2010-09-09,0.13065799999980107,0.11340299999992891,0.12203049999986498
2010-09-10,0.14303899999993638,0.15060199999999865,0.14682049999996752
2010-09-13,0.1437370000000018,0.13561599999981083,0.13967649999990633
2010-09-14,0.15350699999999853,0.12280399999999991,0.1381554999999992
2010-09-15,0.1698370000000027,0.16644200000000117,0.16813950000000194
2010-09-16,0.09291599999998981,0.16603299999995388,0.12947449999997185
2010-09-17,0.08596299999999617,0.033364000000160675,0.05966350000007842
2010-10-04,0.14282900000000465,0.1467279999999983,0.14477850000000148
2010-10-05,0.12328399999951832,0.12332899999951476,0.12330649999951654
2010-10-06,0.12157299999999867,0.12161400000000006,0.12159349999999935
2010-10-07,0.12071399999999989,0.12061800000000149,0.12066600000000069
2010-10-08,0.11433400000000016,0.11456899999999856,0.11445149999999936
2010-10-11,0.12664799999999965,0.12676099999999924,0.12670449999999944
2010-10-12,0.12933800000000328,0.12082599999989331,0.1250819999999483
2010-10-13,0.11378500000000094,0.13327900000000337,0.12353200000000215
2010-10-14,0.0981689999999981,0.13996799999999557,0.11906849999999683
2010-10-15,0.05252499999999826,0.02361300000003768,0.03806900000001797
2010-11-08,0.11704200000000856,0.10977500000002852,0.11340850000001854
2010-11-09,0.11902899999993367,0.11905099999993835,0.119039999999936
2010-11-10,0.11660900000000007,0.11177599999999746,0.11419249999999877
2010-11-11,0.11323300000000058,0.11237800000000286,0.11280550000000172
2010-11-12,0.15612200000000095,0.14797900000000008,0.15205050000000053
2010-11-15,0.18124099999958487,0.16455199999999745,0.17289649999979118
2010-11-16,0.18312500000000126,0.16428499999999907,0.17370500000000016
2010-11-17,0.1606250000000023,0.15217600000000106,0.15640050000000166
2010-11-18,0.13875700000000024,0.1466490000000032,0.14270300000000172
2010-11-19,0.08956900000042253,0.07789199999999381,0.08373050000020818
2010-12-06,0.11585099999999864,0.10291999999999787,0.10938549999999825
2010-12-07,0.12147899999999956,0.09296599999999995,0.10722249999999975
2010-12-08,0.11823800000008942,0.08479700000000237,0.10151750000004589
2010-12-09,0.10325299999999803,0.10114800000000003,0.10220049999999903
2010-12-10,0.10265899999999999,0.0889859999999987,0.09582249999999934
2010-12-13,0.1110479999999029,0.09442300000000006,0.10273549999995149
2010-12-14,0.0757290000000111,0.11586300000000291,0.09579600000000701
2010-12-15,0.10285100000000207,0.11207200000000285,0.10746150000000246
2010-12-16,0.20381400000000646,0.10223500000000524,0.15302450000000584
2010-12-17,0.3078620000000064,0.08571300000000406,0.19678750000000522
2011-01-10,0.12226200000000119,0.1210100000000006,0.1216360000000009
2011-01-11,0.11519800000000069,0.11218599999999997,0.11369200000000032
2011-01-12,0.10835299999996849,0.10819499999996213,0.10827399999996531
2011-01-13,0.10837400000000112,0.10826200000000326,0.10831800000000219
2011-01-14,0.09482799999960978,0.09442799999978034,0.09462799999969507
2011-01-18,0.11629000000000023,0.10852800000000418,0.1124090000000022
2011-01-19,0.13594899999995447,0.10810900000000256,0.12202899999997852
2011-01-20,0.11059900000000002,0.12166799999999237,0.1161334999999962
2011-01-21,0.0513609999997819,0.06868700000000111,0.060023999999891504
2011-02-07,0.10198700000000135,0.10745100000000099,0.10471900000000117
2011-02-08,0.10489299999999932,0.10259899999999929,0.10374599999999931
2011-02-09,0.10594100000000024,0.09986699999999994,0.10290400000000009
2011-02-10,0.08078799999999949,0.09938599999999867,0.09008699999999908
2011-02-11,0.10533999999999973,0.09566999999999913,0.10050499999999943
2011-02-14,0.12225300000000142,0.10753900000039601,0.11489600000019871
2011-02-15,0.10109300000041162,0.0812449999999985,0.09116900000020506
2011-02-16,0.09770500000000222,0.11958699999988018,0.1086459999999412
2011-02-17,0.11784000000000064,0.0998939999999984,0.10886699999999952
2011-02-18,0.047114000000011244,0.15584199999996515,0.10147799999998819
2011-03-07,0.12301100000000306,0.09342599999983883,0.10821849999992095
2011-03-08,0.12000199999999933,0.10975200000001328,0.11487700000000631
2011-03-09,0.11655400000000044,0.07496799999999951,0.09576099999999997
2011-03-10,0.13466399999997228,0.1283110000000003,0.1314874999999863
2011-03-11,0.1221390000000736,0.11194799999995779,0.1170435000000157
2011-03-14,0.14978799999999984,0.1264720000000161,0.13813000000000797
2011-03-15,0.23110599999999704,0.15841700000000114,0.1947614999999991
2011-03-16,0.1959959999999987,0.15595199999999892,0.1759739999999988
2011-03-17,0.13634400000000346,0.17338400000000093,0.1548640000000022
2011-03-18,0.05968700000001167,0.17849200000000448,0.11908950000000808
2011-04-04,0.10443600000000065,0.12188999999999921,0.11316299999999993
2011-04-05,0.10201399999997167,0.10244299999997294,0.1022284999999723
2011-04-06,0.13293199999999758,0.09616800000017517,0.11455000000008637
2011-04-07,0.16398100000000065,1.28387000000001,0.7239255000000053
2011-04-08,0.10804899999999931,0.10347599999999772,0.10576249999999851
2011-04-11,0.1372939999999971,0.13731999999999425,0.13730699999999568
2011-04-12,0.158313999999993,0.14691700000000082,0.1526154999999969
2011-04-13,0.1347649999995507,1.105239999999999,0.6200024999997747
2011-04-14,0.10440500000000226,0.4316710000000008,0.26803800000000155
2011-04-15,0.08414000000000528,0.12004399999999878,0.10209200000000203
2011-05-09,0.12495399999999948,0.12352700000000189,0.12424050000000068
2011-05-10,0.10382899999999917,0.10404799999999968,0.10393849999999943
2011-05-11,0.11745400000000082,0.10593799999999892,0.11169599999999988
2011-05-12,0.1114240000000011,0.10972900000000173,0.11057650000000141
2011-05-13,0.11299399999999862,0.11108500000000254,0.11203950000000058
2011-05-16,0.12994199999999956,0.13008400000000175,0.13001300000000066
2011-05-17,0.124196999999998,0.14384599999999875,0.13402149999999838
2011-05-18,0.11800600000000123,0.11419999999999969,0.11610300000000046
2011-05-19,0.09634000000000356,0.12086300000012455,0.10860150000006405
2011-05-20,0.1669260000000067,0.07101199999998996,0.11896899999999833
2011-06-06,0.14850999999999498,0.14430299999999166,0.14640649999999333
2011-06-07,0.14504400000000114,0.1461860000000002,0.14561500000000066
2011-06-08,0.14654700000002893,0.13821900000009316,0.14238300000006104
2011-06-09,0.12904800000000077,0.13899999999999815,0.13402399999999948
2011-06-10,0.135327999999984,0.13454599999998756,0.13493699999998576
2011-06-13,0.13499899999968426,0.1549660000000497,0.14498249999986698
2011-06-14,0.12290799999999776,0.15832699999999902,0.1406174999999984
2011-06-15,0.1587559999999884,0.18066999999999786,0.16971299999999312
2011-06-16,0.09064199999999636,0.1414109999999989,0.11602649999999763
2011-06-17,0.05766599999999946,0.07972099999999625,0.06869349999999785
2011-07-05,0.1113170000000004,0.11131899999999946,0.11131799999999993
2011-07-06,0.11030599999999745,0.11032499999999888,0.11031549999999817
2011-07-07,0.10949800000000755,0.10958100000000864,0.10953950000000809
2011-07-08,0.10391800000000054,0.10176300000000013,0.10284050000000033
2011-07-11,0.1592209999999943,0.16347900000000018,0.16134999999999725
2011-07-12,0.13006200000001852,0.12483799999999824,0.1274500000000084
2011-07-13,0.1675410000000051,0.1616999999999985,0.1646205000000018
2011-07-14,0.15532000000020013,0.14852399999999852,0.1519220000000993
2011-07-15,0.3871720000000092,0.1672259999999558,0.2771989999999825
2011-08-08,0.37443100000000223,0.3614240000000009,0.3679275000000016
2011-08-09,0.3354440000000017,0.20840200000000178,0.27192300000000175
2011-08-10,0.3303280000000012,0.3259560000000039,0.32814200000000254
2011-08-11,0.2636140000000002,0.2492610000000008,0.2564375000000005
2011-08-12,0.22652899999999948,0.22796400000000125,0.22724650000000035
2011-08-15,0.2329300000000003,0.17178799999999744,0.20235899999999887
2011-08-16,0.1689799999999982,0.1854189999999984,0.1771994999999983
2011-08-17,0.1756649999999868,0.17187099999998615,0.1737679999999865
2011-08-18,0.20147699999999863,0.24983299999969105,0.22565499999984484
2011-08-19,2.1272340000000014,0.16450800000000101,1.1458710000000012
2011-09-06,0.2968780000000002,0.11625900000001553,0.20656850000000787
2011-09-07,0.23407400000006418,0.1963270000000006,0.21520050000003238
2011-09-08,0.21405699999999855,0.21760200000000146,0.2158295
2011-09-09,0.23727800000000435,0.21998600000001184,0.2286320000000081
2011-09-12,0.2282360000000006,0.22557400000000094,0.22690500000000077
2011-09-13,0.191122999999997,0.21636800000000053,0.20374549999999875
2011-09-14,0.18732799999999833,0.2708079999999964,0.22906799999999736
2011-09-15,0.10050100000000019,0.18207200000000306,0.14128650000000162
2011-09-16,0.01759399999999816,0.05535000000003815,0.03647200000001816
2011-10-10,0.17589699999999178,0.18039499999999478,0.17814599999999328
2011-10-11,0.1739469999999998,0.17517799999999908,0.17456249999999945
2011-10-12,0.15659400000025708,0.15789700000043427,0.15724550000034568
2011-10-13,0.149144,0.149160000000001,0.1491520000000005
2011-10-14,0.1411569999999984,0.14427099999999993,0.14271399999999917
2011-10-17,0.16582400000000047,0.17056800000000122,0.16819600000000084
2011-10-18,0.15282700000000066,0.17817599999999936,0.16550150000000002
2011-10-19,0.18716100000002647,0.17931800000005493,0.1832395000000407
2011-10-20,0.18627299999999697,0.1680809999999995,0.17717699999999825
2011-10-21,0.06555300000000042,0.06591700000000286,0.06573500000000164
2011-11-07,0.17634799999999856,0.17838500000000035,0.17736649999999946
2011-11-08,0.16857600000022513,0.1646959999999993,0.1666360000001122
2011-11-09,0.20275799999999874,0.19900999999999938,0.20088399999999906
2011-11-10,0.1763649999999994,0.17412900000000034,0.17524699999999988
2011-11-11,0.16052500000000106,0.16870899999999958,0.16461700000000032
2011-11-14,0.18313600000000108,0.18315799999999563,0.18314699999999834
2011-11-15,0.1844510000000367,0.16099800000003525,0.17272450000003597
2011-11-16,0.173760000000003,0.16892600000000574,0.17134300000000435
2011-11-17,0.18831000000000347,0.22375000000000075,0.2060300000000021
2011-11-18,0.14309999999999132,0.24885600000000593,0.19597799999999863
2011-12-05,0.15020200000000009,0.15480799999999953,0.1525049999999998
2011-12-06,0.1533969999999997,0.1432470000000002,0.14832199999999995
2011-12-07,0.15540699999999855,0.16162800000000152,0.15851750000000003
2011-12-08,0.1678239999999984,0.15717900000000196,0.1625015000000002
2011-12-09,0.15406700000035467,0.11899500000028325,0.13653100000031895
2011-12-12,0.14536299999999894,0.1419969999999992,0.1436799999999991
2011-12-13,0.14782399999999943,0.167141000000004,0.15748250000000172
2011-12-14,0.14563599999999602,0.1422969999999911,0.14396649999999356
2011-12-15,0.0667110000000046,0.2385659999998271,0.15263849999991586
2011-12-16,0.14893400000000692,0.19836400000001173,0.17364900000000932
2012-01-09,0.1271670000000004,0.12033100000000073,0.12374900000000055
2012-01-10,0.11927499999999823,0.12031000000000082,0.11979249999999952
2012-01-11,0.11841399999984555,0.11062399999968646,0.114518999999766
2012-01-12,0.10798600000000107,0.10187299999999962,0.10492950000000034
2012-01-13,0.10907300000001684,0.10951100000001426,0.10929200000001554
2012-01-17,0.1313570000000004,0.11750999999999558,0.12443349999999798
2012-01-18,0.1213250000000007,0.10887100000000118,0.11509800000000094
2012-01-19,0.13045200000000465,0.14428199999972632,0.13736699999986549
2012-01-20,0.1688220000000712,0.21792500000001536,0.19337350000004327
2012-02-06,0.11078099999999995,0.11026800000000041,0.11052450000000018
2012-02-07,0.11253199999999955,0.1030789999999998,0.10780549999999967
2012-02-08,0.1106959999999901,0.11078499999999421,0.11074049999999215
2012-02-09,0.1093830000001174,0.10941400000011707,0.10939850000011724
2012-02-10,0.11224299999999039,0.11226999999999085,0.11225649999999063
2012-02-13,0.11518500000000152,0.11505900000000102,0.11512200000000128
2012-02-14,0.11716500000000937,0.09305199999978708,0.10510849999989823
2012-02-15,0.10717899999988924,0.15446199999999743,0.13082049999994333
2012-02-16,0.0925250000000009,0.08783399999999879,0.09017949999999984
2012-02-17,2.0623929999999944,0.038676000000002424,1.0505344999999984
2012-03-05,0.09793099999962279,0.0906140000001503,0.09427249999988654
2012-03-06,0.1004620000000009,0.09852299999999986,0.09949250000000037
2012-03-07,0.09767999999999943,0.09272499999999997,0.0952024999999997
2012-03-08,0.08908099999966154,0.09813599999987091,0.09360849999976623
2012-03-09,0.09072899999993342,0.08460000000039018,0.0876645000001618
2012-03-12,0.10117700000000367,0.09353999999999575,0.09735849999999971
2012-03-13,0.09396899999996364,0.14647200000020505,0.12022050000008434
2012-03-14,0.07813999999999674,0.0926330000000207,0.08538650000000872
2012-03-15,0.21927600000000075,0.10506200000000446,0.16216900000000262
2012-03-16,0.09951900000000571,0.18960700000000108,0.14456300000000338
2012-04-09,0.10000400000000118,0.09790900000000051,0.09895650000000084
2012-04-10,0.1362479999999989,0.1237729999999634,0.13001049999998116
2012-04-11,0.12762099999999707,0.12537200000000104,0.12649649999999907
2012-04-12,0.1138919999999967,0.11998500000000051,0.11693849999999861
2012-04-13,0.12109500000001036,0.12476900000000177,0.12293200000000606
2012-04-16,0.11240699999999859,0.10895900000000737,0.11068300000000297
2012-04-17,0.11016499999999997,0.079700999999996,0.09493299999999799
2012-04-18,0.09419800000000285,0.10481299999999763,0.09950550000000025
2012-04-19,0.10339400000000126,0.11333800000000291,0.10836600000000209
2012-04-20,0.024823999999995617,0.0250989999999971,0.024961499999996358
2012-05-07,0.1292269999999988,0.13523399999958838,0.13223049999979358
2012-05-08,0.10356999999971968,0.0968760000000006,0.10022299999986015
2012-05-09,0.10620499999995883,0.10574699999993796,0.10597599999994839
2012-05-10,0.10533999999999973,0.10537200000000137,0.10535600000000055
2012-05-11,0.11188799999999861,0.10547100000000122,0.10867949999999992
2012-05-14,0.12907900000005001,0.12971400000004363,0.12939650000004682
2012-05-15,0.13401100000000016,0.12130400000000359,0.12765750000000187
2012-05-16,0.13289900000000016,0.1125380000000002,0.12271850000000017
2012-05-17,0.20871300000043344,0.18660100000000046,0.19765700000021696
2012-05-18,0.190470999999811,0.19098099999993,0.1907259999998705
2012-06-04,0.11275200000036911,0.10783999999988245,0.11029600000012578
2012-06-05,0.11283799999992965,0.10568499999985434,0.10926149999989199
2012-06-06,0.12139999999999976,0.10744899999999978,0.11442449999999976
2012-06-07,0.08942600000000037,0.056897000000003604,0.07316150000000199
2012-06-08,0.08288899999999787,0.062112000000000736,0.0725004999999993
2012-06-11,0.11544099999999946,0.09585999999999842,0.10565049999999894
2012-06-12,0.09925099999999855,0.07114400000000322,0.08519750000000088
2012-06-13,0.09166500000000184,0.16969800000000165,0.13068150000000175
2012-06-14,0.060974000000010575,0.08749499999967134,0.07423449999984096
2012-06-15,0.044215000000492104,0.3321480000000031,0.1881815000002476
2012-07-09,0.09597200000000142,0.09596499999999807,0.09596849999999973
2012-07-10,0.10097299999997246,0.08935299999999906,0.09516299999998576
2012-07-11,0.10175199999968618,0.08617499999999738,0.09396349999984177
2012-07-12,0.09230899999996328,0.09093899999999688,0.09162399999998008
2012-07-13,0.10742899999951702,0.0917289999998556,0.09957899999968631
2012-07-16,0.07590100000000635,0.11586399999999777,0.09588250000000206
2012-07-17,0.10890000000000002,0.10972000000000337,0.1093100000000017
2012-07-18,0.0947680000000037,0.13669899999999394,0.11573349999999882
2012-07-19,0.08829500000000134,0.1381320000000042,0.11321350000000277
2012-07-20,0.10502599999999182,0.4582699999997845,0.28164799999988815
2012-08-06,0.10035699999999859,0.10041099999999695,0.10038399999999777
2012-08-07,0.13207299999999828,0.11788400000000111,0.12497849999999969
2012-08-08,0.11518500000000148,0.1138990000000002,0.11454200000000084
2012-08-09,0.10358399999999485,0.10635299999999945,0.10496849999999715
2012-08-10,0.0868739999999997,0.05754000000008131,0.0722070000000405
2012-08-13,0.10058900000015893,0.11700100000004117,0.10879500000010005
2012-08-14,0.11373599999997035,0.12504399999999707,0.1193899999999837
2012-08-15,0.1481800000001797,0.10192300000040318,0.12505150000029144
2012-08-16,0.0879300000000081,0.09448999999999845,0.09121000000000327
2012-08-17,0.106189000000003,0.06068099999999964,0.08343500000000131
2012-09-10,0.09341399999992855,0.07464899999999935,0.08403149999996395
2012-09-11,0.10322699999999789,0.0969120000000328,0.10006950000001535
2012-09-12,0.10046200000000197,0.09342400000000144,0.0969430000000017
2012-09-13,0.08446599999999985,0.07925799999999952,0.08186199999999969
2012-09-14,0.10354000000017477,0.08604200000003506,0.09479100000010492
2012-09-17,0.09572700000000066,0.08763099999999917,0.09167899999999991
2012-09-18,0.05833799999999856,0.11313200000000098,0.08573499999999977
2012-09-19,0.11042099999993152,0.062264999999999474,0.0863429999999655
2012-09-20,0.17022499999999077,0.08416699999999658,0.12719599999999368
2012-09-21,0.262931999999999,0.018843000000003517,0.14088750000000125
2012-10-08,0.0827089999999662,0.08272399999996873,0.08271649999996747
2012-10-09,0.08769599999999993,0.07743000000001099,0.08256300000000547
2012-10-10,0.0850939999999985,0.0843759999999979,0.0847349999999982
2012-10-11,0.0850690000000008,0.08328500000000132,0.08417700000000106
2012-10-12,0.1029540000000043,0.10297100000000461,0.10296250000000445
2012-10-15,0.09514500000000414,0.07776399999984923,0.08645449999992669
2012-10-16,0.0873069999999995,0.09173100000000459,0.08951900000000204
2012-10-17,0.08642499999999635,0.0935549999999966,0.08998999999999648
2012-10-18,0.10364999999989327,0.10458999999997524,0.10411999999993427
2012-10-19,0.10806000000000412,0.05852900000000434,0.08329450000000424
2012-11-05,0.13076000000044852,0.12329199999999943,0.12702600000022396
2012-11-06,0.13018499999963398,0.13025999999963933,0.13022249999963664
2012-11-07,0.13782100000000097,0.12988699999999934,0.13385400000000014
2012-11-08,0.13919500000000087,0.11998200000000472,0.1295885000000028
2012-11-09,0.12613199999999997,0.12595100000000092,0.12604150000000044
2012-11-12,0.13398300000000135,0.13611800000000074,0.13505050000000104
2012-11-13,0.12160799999999916,0.10872400000008874,0.11516600000004396
2012-11-14,0.1280030000004098,0.15764800000007692,0.14282550000024336
2012-11-15,0.1209899999997655,0.13152300000015768,0.12625649999996158
2012-11-16,0.243276999999771,0.12463999999999735,0.18395849999988417
2012-12-10,0.11353599999999228,0.11626199999999826,0.11489899999999527
2012-12-11,0.12036599999999958,0.09514999999999824,0.10775799999999891
2012-12-12,0.11906300000000175,0.11384999999999892,0.11645650000000034
2012-12-13,0.11306400000009859,0.11178200000019191,0.11242300000014524
2012-12-14,0.10949599999985506,0.10816199999978637,0.10882899999982071
2012-12-17,0.11892500000000017,0.0940470000000005,0.10648600000000033
2012-12-18,0.10739600000013863,0.09758000000011043,0.10248800000012454
2012-12-19,0.11215200000000222,0.14313000000000156,0.1276410000000019
2012-12-20,0.08941899999983173,0.17545999999998085,0.13243949999990628
2012-12-21,0.20207799999999757,0.10771399999999777,0.15489599999999767
2013-01-07,0.10218599999999997,0.1054089999995967,0.10379749999979834
2013-01-08,0.09669800000000064,0.09674999999999871,0.09672399999999967
2013-01-09,0.09665699999981828,0.09908599999991596,0.09787149999986712
2013-01-10,0.09779599999995092,0.09807499999995933,0.09793549999995513
2013-01-11,0.09496500000008547,0.09508000000007297,0.09502250000007922
2013-01-14,0.09353900000000029,0.10264600000000128,0.09809250000000078
2013-01-15,0.11504299999999393,0.11003300000000191,0.11253799999999792
2013-01-16,0.09136500000046159,0.09768199999999853,0.09452350000023006
2013-01-17,0.14766399999998175,0.12034899999999386,0.13400649999998782
2013-01-18,0.10822600000000313,0.20153199999999039,0.15487899999999677
2013-02-04,0.1080130000000036,0.10438399999999907,0.10619850000000133
2013-02-05,0.08015600000000107,0.07818000000000551,0.07916800000000329
2013-02-06,0.08445100000000007,0.08399899999999984,0.08422499999999995
2013-02-07,0.0826899999999948,0.08079099999997535,0.08174049999998508
2013-02-08,0.07595199999999973,0.0749200000000053,0.07543600000000251
2013-02-11,0.08693500000000176,0.08402900000000024,0.085482000000001
2013-02-12,0.08255100000000985,0.0928570000000007,0.08770400000000528
2013-02-13,0.06856800000000128,0.08814000000004404,0.07835400000002266
2013-02-14,0.08172099999999465,0.11629800000001164,0.09900950000000314
2013-02-15,0.09478300000000567,0.11261599999985616,0.10369949999993092
2013-03-04,0.08659400000001477,0.0806440000000641,0.08361900000003944
2013-03-05,0.08036800000000044,0.0941940000000003,0.08728100000000037
2013-03-06,0.08360099999999779,0.09069399999999964,0.08714749999999871
2013-03-07,0.08527000000008957,0.07096400000000097,0.07811700000004526
2013-03-08,0.0852219999997178,0.07584200000013988,0.08053199999992884
2013-03-11,0.09279499999999812,0.06002300000025674,0.07640900000012743
2013-03-12,0.08640000000000009,0.06966100000000353,0.0780305000000018
2013-03-13,0.06427000000000183,0.0738750000000031,0.06907250000000247
2013-03-14,0.6417369999999977,0.07732200000000204,0.35952949999999984
2013-03-15,1.2537259999997477,0.05152299999998136,0.6526244999998645
2013-04-08,0.09487600000000529,0.09216600000000795,0.09352100000000663
2013-04-09,0.09426999999968919,0.08527300000000082,0.089771499999845
2013-04-10,0.09547300000000078,0.09429000000000118,0.09488150000000098
2013-04-11,0.10607899999999805,0.0840580000000008,0.09506849999999942
2013-04-12,0.0827319999998998,0.09632999999951497,0.08953099999970739
2013-04-15,0.13718700000000156,0.11119000000000381,0.12418850000000269
2013-04-16,0.10850900000000334,0.11907799999999846,0.11379350000000091
2013-04-17,0.13457800000007553,0.10731800000004678,0.12094800000006115
2013-04-18,0.14094399999999263,0.12340999999993169,0.13217699999996216
2013-04-19,0.08310399999961725,0.9746439999999934,0.5288739999998053
2013-05-06,0.12047699999992319,0.11867999999987086,0.11957849999989703
2013-05-07,0.09684200000000055,0.09845100000000045,0.0976465000000005
2013-05-08,0.11279899999999826,0.11500900000000121,0.11390399999999973
2013-05-09,0.10111000000000142,0.09923199999999968,0.10017100000000055
2013-05-10,0.09512899999999995,0.09352599999999821,0.09432749999999908
2013-05-13,0.11110300000000277,0.10452500000000027,0.10781400000000152
2013-05-14,0.10751799999999774,0.11410799999963847,0.11081299999981811
2013-05-15,0.1267129999999958,0.11466899999999446,0.12069099999999514
2013-05-16,0.09947300000006301,0.09977300000005526,0.09962300000005914
2013-05-17,1.5996920000000012,0.0966679999999974,0.8481799999999993
2013-06-10,0.1387339999999985,0.1390210000000011,0.1388774999999998
2013-06-11,0.13769899999999957,0.13489199999999646,0.13629549999999802
2013-06-12,0.15655799999996434,0.15370099999993594,0.15512949999995013
2013-06-13,0.1372309999996732,0.13624999999964846,0.13674049999966081
2013-06-14,0.13812999999999928,0.13774900000000126,0.13793950000000027
2013-06-17,0.15417900000000587,0.1392340000000234,0.14670650000001462
2013-06-18,0.12905600000000364,0.1732810000000422,0.1511685000000229
2013-06-19,0.15108699999999586,0.1362749999999971,0.14368099999999648
2013-06-20,0.2123050000000005,0.19076599999999277,0.20153549999999665
2013-06-21,0.163256000000095,0.07569599999955227,0.11947599999982364
2013-07-08,0.14558200000000066,0.14599799999999932,0.14578999999999998
2013-07-09,0.12526799999992383,0.12533599999992995,0.1253019999999269
2013-07-10,0.1221989999999992,0.12342300000000163,0.12281100000000042
2013-07-11,0.1163319999998115,0.11636999999981168,0.11635099999981159
2013-07-12,0.11386400000002928,0.11196600000008135,0.1129150000000553
2013-07-15,0.13341800000000043,0.13061399999999984,0.13201600000000013
2013-07-16,0.12019299999999565,0.13294200000000012,0.1265674999999979
2013-07-17,0.10548500000000063,0.12719899999999898,0.1163419999999998
2013-07-18,0.11252199999997463,0.11309999999999289,0.11281099999998376
2013-07-19,1.720596999999993,0.11582900000000503,0.9182129999999991
2013-08-05,0.13002799999999834,0.12636500000000095,0.12819649999999966
2013-08-06,0.12145099999999937,0.13451399999999933,0.12798249999999933
2013-08-07,0.12884400000000076,0.12545299999999893,0.12714849999999983
2013-08-08,0.1270490000000006,0.12305600000001253,0.12505250000000656
2013-08-09,0.1258150000000154,0.12122300000003391,0.12351900000002465
2013-08-12,0.12605000000000063,0.12751100000000137,0.12678050000000102
2013-08-13,0.11553099999999997,0.11962099999963514,0.11757599999981755
2013-08-14,0.1783180000000003,0.13667900000043348,0.1574985000002169
2013-08-15,0.11552100000007078,0.11579000000008809,0.11565550000007943
2013-08-16,0.13711299999999818,0.42922700000002506,0.28317000000001163
2013-08-22,0.1373480000000241,0.12403600000017427,0.13069200000009917
2013-08-23,0.133437999999619,0.12652800000000153,0.12998299999981028
2013-08-26,0.15673800000003224,0.14406500000015662,0.15040150000009445
2013-08-27,0.16080400000000103,0.1649530000000039,0.16287850000000248
2013-08-28,0.15785900000000125,0.14909600000000003,0.15347750000000066
2013-08-29,0.16465400000000063,0.08071899999997528,0.12268649999998796
2013-08-30,0.13480799999999968,0.13347399999999704,0.13414099999999834
2013-09-03,0.1713989999996685,0.1832290000001899,0.1773139999999292
2013-09-04,0.16260399999999892,0.16287799999999925,0.16274099999999908
2013-09-05,0.20380800000028473,0.19632399999999955,0.20006600000014213
2013-09-06,0.1334120000000002,0.13242399999999993,0.13291800000000006
2013-09-09,0.15551200000000548,0.1493270000000181,0.1524195000000118
2013-09-10,0.1256229999999989,0.1523820000000312,0.13900250000001504
2013-09-11,0.15713299999999875,0.17116199999999843,0.1641474999999986
2013-09-12,0.15107200000000515,0.14459000000000072,0.14783100000000293
2013-09-13,0.11837200000000013,0.12455499999999832,0.12146349999999922
2013-09-16,0.15932500000000088,0.15858700000000236,0.15895600000000162
2013-09-17,0.1532469999998805,0.17329099999996414,0.16326899999992234
2013-09-18,0.11927699999991037,0.16306700000000077,0.14117199999995556
2013-09-19,0.04171399999999841,0.12559599999999763,0.08365499999999802
2013-09-20,0.034875999999997895,0.020003000000005752,0.027439500000001824
2013-09-23,0.16205300000000167,0.15925999999999635,0.160656499999999
2013-09-24,0.1453240000000009,0.163156000000004,0.15424000000000243
2013-09-25,0.154519999999997,0.1598050000000013,0.15716249999999915
2013-09-26,0.12362200000000281,0.16781599999999933,0.14571900000000107
2013-09-27,0.14127899999999904,0.1368809999999961,0.13907999999999757
2013-09-30,0.15978900000010676,0.1888160000000071,0.17430250000005693
2013-10-01,0.13984199999997582,0.1696659999999915,0.15475399999998365
2013-10-02,0.15316099999990024,0.15341099999990299,0.1532859999999016
2013-10-03,0.1627649999999967,0.1895300000003817,0.1761475000001892
2013-10-04,0.1498590000000235,0.1473690000000325,0.148614000000028
2013-10-07,0.18740699999998048,0.1521159999998604,0.16976149999992043
2013-10-08,0.20057399999998365,0.18502899999971922,0.19280149999985144
2013-10-09,0.19405999999957702,0.15701800000000105,0.17553899999978903
2013-10-10,0.1482050000000882,0.19961299999999738,0.17390900000004278
2013-10-11,0.13461300000000015,0.12734100000000312,0.13097700000000162
2013-10-14,0.14836100000000127,0.14763999999999672,0.14800049999999898
2013-10-15,0.17950600000000244,0.17662000000000277,0.1780630000000026
2013-10-16,0.14763300000000176,0.14392599999999908,0.14577950000000042
2013-10-17,0.11722400000000412,0.08025299999999684,0.09873850000000048
2013-10-18,0.05074000000047571,0.05856200000000054,0.05465100000023812
2013-10-21,0.13171000000000035,0.13853999999999972,0.13512500000000005
2013-10-22,0.1381369999999957,0.1309349999999828,0.13453599999998925
2013-10-23,0.13599399999999676,0.15451000000000162,0.1452519999999992
2013-10-24,0.15064900000005224,0.15854199999999102,0.15459550000002165
2013-10-25,0.12375400000000103,0.11791799999999997,0.1208360000000005
2013-10-28,0.13766700000017298,0.14742000000004493,0.14254350000010896
2013-10-29,0.14158799999999017,0.15313899999999836,0.14736349999999426
2013-10-30,0.15384800000000987,0.13194600000014003,0.14289700000007494
2013-10-31,0.13831100000000443,0.11161400000000533,0.12496250000000489
2013-11-01,0.12214600000000136,0.12026399999999911,0.12120500000000023
2013-11-04,0.14872299999980412,0.13708499999999854,0.14290399999990133
2013-11-05,0.13989099999999954,0.13278600000000296,0.13633850000000125
2013-11-06,0.1363860000000032,0.14551699999999798,0.1409515000000006
2013-11-07,0.17149100000021839,0.17780300000042285,0.17464700000032063
2013-11-08,0.12418300000000053,0.12482399999999923,0.12450349999999988
2013-11-11,0.13399399999999903,0.13400899999999866,0.13400149999999883
2013-11-12,0.13683600000004645,0.1466610000000158,0.14174850000003114
2013-11-13,0.12199999999999953,0.13793199999999933,0.12996599999999942
2013-11-14,0.09129800000000472,0.11576900000000065,0.10353350000000269
2013-11-15,0.05103300000000029,0.11923400000000513,0.08513350000000271
2013-11-18,0.11959199999987602,0.1360409999999968,0.1278164999999364
2013-11-19,0.14487100000031258,0.1380579999999979,0.14146450000015526
2013-11-20,0.1630030000002625,0.16324300000025221,0.16312300000025737
2013-11-21,0.1806749999999945,0.15915799999999808,0.1699164999999963
2013-11-22,0.10332299999999894,0.09887899999999969,0.10110099999999932
2013-11-25,0.10861699999999923,0.09650399999999867,0.10256049999999894
2013-11-26,0.11346299999999036,0.09828400000034702,0.1058735000001687
2013-11-27,0.09164600000001787,0.09642500000000638,0.09403550000001212
2013-11-29,0.12580699999997694,0.12593599999997523,0.1258714999999761
2013-12-02,0.13802000000000036,0.1577500000000994,0.1478850000000499
2013-12-03,0.1624920000000013,0.1444839999999993,0.1534880000000003
2013-12-04,0.15679500000000107,0.17213299999999698,0.16446399999999903
2013-12-05,0.18479400000037635,0.19785500000010173,0.19132450000023904
2013-12-06,0.11275200000000188,0.11222299999999955,0.11248750000000071
2013-12-09,0.15093399999996288,0.16457700000000194,0.1577554999999824
2013-12-10,0.15620299999999923,0.16032399999999866,0.15826349999999895
2013-12-11,0.1847929999999756,0.18051099999997963,0.1826519999999776
2013-12-12,0.17490300000009484,0.18157800000004914,0.178240500000072
2013-12-13,0.160565000000171,0.14942400000000206,0.15499450000008652
2013-12-16,0.18086900000000047,0.1720680000000008,0.17646850000000064
2013-12-17,0.188971000000017,0.17662000000006722,0.1827955000000421
2013-12-18,0.15115399999999787,0.15312099999999923,0.15213749999999854
2013-12-19,0.11750200000000602,0.17746099999999768,0.14748150000000185
2013-12-20,0.0873410000000783,0.1148180000000024,0.10107950000004035
2013-12-23,0.11500599999999876,0.10494799999999956,0.10997699999999916
2013-12-24,0.10515799999999662,0.10547200000000069,0.10531499999999866
2013-12-26,0.16500399999999613,0.14321000000043804,0.1541070000002171
2013-12-27,0.09580499999973827,0.09548399999970635,0.0956444999997223
2013-12-30,0.10733899999983745,0.11737400000015658,0.11235649999999701
2013-12-31,0.09773700000000073,0.10898000000000146,0.1033585000000011
2014-01-02,0.16979099999999453,0.14954999999953783,0.15967049999976618
2014-01-03,0.12260199999991887,0.11785899999971136,0.12023049999981511
2014-01-06,0.1303099999999941,0.1272499999999882,0.12877999999999115
2014-01-07,0.12735699999978614,0.12371500000045565,0.12553600000012088
2014-01-08,0.12555799999999898,0.1348680000000029,0.13021300000000094
2014-01-09,0.11929200000000556,0.15918399999990196,0.13923799999995376
2014-01-10,0.09717400000000262,0.10794099999992798,0.1025574999999653
2014-01-13,0.12093600000000115,0.11236699999999122,0.11665149999999619
2014-01-14,0.10932299999999703,0.10637000000000162,0.10784649999999932
2014-01-15,0.10619600000000501,0.10229400000001372,0.10424500000000936
2014-01-16,0.06648199999977056,0.09015800000000224,0.0783199999998864
2014-01-17,3.5102240000000005,0.039406000000000586,1.7748150000000005
2014-01-21,0.1002709999996488,0.10053199999965519,0.10040149999965199
2014-01-22,0.09635099999999991,0.0965660000000002,0.09645850000000006
2014-01-23,0.12263499999983814,0.1360199999999914,0.12932749999991477
2014-01-24,0.16412299999999944,0.1430750000000002,0.15359899999999982
2014-01-27,0.17838699999999746,0.16286800000000343,0.17062750000000043
2014-01-28,0.1743559999999711,0.17078499999991778,0.17257049999994445
2014-01-29,0.16879100000000272,0.18813999999988984,0.17846549999994626
2014-01-30,0.13831300000000127,0.1921380000002515,0.16522550000012637
2014-01-31,0.1328840000000016,0.12865000000000087,0.13076700000000124
2014-02-03,0.18352199999999894,0.19342499999999704,0.188473499999998
2014-02-04,0.19643999999999978,0.19670899999999947,0.19657449999999962
2014-02-05,0.20771100000001697,0.22582800000000133,0.21676950000000916
2014-02-06,0.21308299999999905,0.22660899999958056,0.21984599999978982
2014-02-07,0.1518730000000004,0.1282590000000031,0.14006600000000174
2014-02-10,0.1535059999999999,0.14746100000000104,0.15048350000000046
2014-02-11,0.11826000000000192,0.1290649999999974,0.12366249999999966
2014-02-12,0.10231599999999781,0.12917099999999923,0.11574349999999853
2014-02-13,0.12522599999999479,0.12538199999999908,0.12530399999999692
2014-02-14,0.0792280000000015,0.07281099999999867,0.07601950000000009
2014-02-18,0.09263800000004581,0.10499400000000549,0.09881600000002565
2014-02-19,0.08818999999999978,0.12366299999999945,0.10592649999999962
2014-02-20,0.10857500000000989,0.07953000000000174,0.09405250000000581
2014-02-21,0.09751800000000631,0.025187000000004924,0.06135250000000562
2014-02-24,0.13540199999999766,0.12085999999999976,0.12813099999999872
2014-02-25,0.11982999999955352,0.1306020000001077,0.1252159999998306
2014-02-26,0.12849799999999936,0.10801400000000068,0.11825600000000003
2014-02-27,0.11605800000000585,0.15904600000000227,0.13755200000000406
2014-02-28,0.11255900000000146,0.10735499999999824,0.10995699999999986
2014-03-03,0.15191500000000038,0.15522100000000055,0.15356800000000048
2014-03-04,0.14380500000000007,0.11510199999952063,0.12945349999976036
2014-03-05,0.17164600000000213,0.14192100000000699,0.15678350000000457
2014-03-06,0.1620260000000033,0.17502399999991375,0.1685249999999585
2014-03-07,0.11540899999961696,0.10968599999994592,0.11254749999978145
2014-03-10,0.13212800000004107,0.12018800000023998,0.12615800000014052
2014-03-11,0.1277860000000008,0.124192,0.1259890000000004
2014-03-12,0.09972900000000148,0.19157100000000044,0.14565000000000095
2014-03-13,0.12535000000000074,0.17598700000000617,0.15066850000000345
2014-03-14,0.1277670000000006,0.12764300000000092,0.12770500000000076
2014-03-17,0.11562999999999768,0.11021099999999742,0.11292049999999755
2014-03-18,0.09756499999999865,0.10810100000017533,0.102833000000087
2014-03-19,0.1352230000000002,0.09102600000000187,0.11312450000000104
2014-03-20,0.029564000000003126,0.19609900000000202,0.11283150000000257
2014-03-21,0.04696999999999915,0.023230000000017105,0.035100000000008125
2014-03-24,0.1356120000001096,0.13291000000016098,0.1342610000001353
2014-03-25,0.11846099999999689,0.12999100000000063,0.12422599999999875
2014-03-26,0.17052599999999626,0.13619099999999737,0.15335849999999682
2014-03-27,0.12039600000002997,0.12650400000000983,0.1234500000000199
2014-03-28,0.11012099999994678,0.10611299999957154,0.10811699999975916
2014-03-31,0.12072199999999765,0.13549400000000064,0.12810799999999914
2014-04-01,0.14053499999999666,0.15142000000000133,0.14597749999999898
2014-04-02,0.14379900000000118,0.15676499999999935,0.15028200000000025
2014-04-03,0.19611100000048087,0.19629900000046993,0.19620500000047542
2014-04-04,0.12833199999986888,0.1134449999995677,0.12088849999971829
2014-04-07,0.1566960000000019,0.1482140000000051,0.1524550000000035
2014-04-08,0.147920999999996,0.14818299999999818,0.14805199999999707
2014-04-09,0.14910900000000046,0.15347599999995995,0.1512924999999802
2014-04-10,0.2607260000000039,0.19677600000001497,0.22875100000000942
2014-04-11,0.13243699999972738,0.13391199999958797,0.1331744999996577
2014-04-14,0.1298680000000015,0.12216800000000207,0.1260180000000018
2014-04-15,0.10111799999997027,0.12397699999999538,0.11254749999998283
2014-04-16,0.06662699999998428,0.07852200000006988,0.07257450000002708
2014-04-17,0.09012500000000365,2.2707039999999976,1.1804145000000006
2014-04-21,0.1625529999999786,0.162873999999977,0.1627134999999778
2014-04-22,0.14821699999999274,0.15536799999999593,0.15179249999999433
2014-04-23,0.1626319999999935,0.15439699999994852,0.15851449999997103
2014-04-24,0.15967899999998855,0.17170999999999867,0.1656944999999936
2014-04-25,0.14672699999999922,0.1305299999999991,0.13862849999999916
2014-04-28,0.16616400000000017,0.1693169999999989,0.16774049999999954
2014-04-29,0.1759430000000849,0.19584300000001068,0.18589300000004777
2014-04-30,0.18463899999990943,0.18905799999996817,0.1868484999999388
2014-05-01,0.18660199999999458,0.20381000000000435,0.19520599999999946
2014-05-02,0.1637509999996559,0.14711999999956804,0.15543549999961198
2014-05-05,0.15651600000000274,0.16812800000000439,0.16232200000000357
2014-05-06,0.17615199999999978,0.16972799999999938,0.1729399999999996
2014-05-07,0.14140700000000045,0.14978299999999947,0.14559499999999997
2014-05-08,0.1302409999995523,0.14820299999999698,0.13922199999977464
2014-05-09,0.12721999999999964,0.1282999999999993,0.12775999999999949
2014-05-12,0.13790500000001957,0.13791800000001822,0.1379115000000189
2014-05-13,0.12512499999976537,0.13685499999989562,0.1309899999998305
2014-05-14,0.12573599999962684,0.12249200000014471,0.12411399999988577
2014-05-15,0.11672700000000003,0.1008149999999983,0.10877099999999916
2014-05-16,0.06937699999999533,0.04919699999998624,0.059286999999990785
2014-05-19,0.15562199999999982,0.15303900000000167,0.15433050000000076
2014-05-20,0.15308800000000036,0.14668399999999568,0.14988599999999802
2014-05-21,0.1384069999999056,0.14270599999992983,0.1405564999999177
2014-05-22,0.1334620000000013,0.12719700000000106,0.13032950000000118
2014-05-23,0.10659000000027415,0.10660700000027554,0.10659850000027485
2014-05-27,0.1325520000000077,0.13950200000000118,0.13602700000000445
2014-05-28,0.13831299999977337,0.12129599999999931,0.12980449999988633
2014-05-29,0.11121100000000028,0.13984200000000513,0.1255265000000027
2014-05-30,0.11835999999998832,0.11158899999989669,0.1149744999999425
2014-06-02,0.12713100000000144,0.1395869999997754,0.13335899999988843
2014-06-03,0.1221799999997783,0.14220600000004918,0.13219299999991374
2014-06-04,0.13988399999999823,0.12771400000000135,0.13379899999999978
2014-06-05,0.17017799999999603,0.1703650000000007,0.17027149999999835
2014-06-06,0.11789600000000079,0.10983099999999982,0.11386350000000031
2014-06-09,0.1252169999997124,0.12255100000043546,0.12388400000007393
2014-06-10,0.12668699999999664,0.1374269999999098,0.1320569999999532
2014-06-11,0.14483399999999064,0.14081199999998775,0.1428229999999892
2014-06-12,0.14886699999989395,0.15602299999999622,0.1524449999999451
2014-06-13,0.11252299999999944,0.11527199999999828,0.11389749999999886
2014-06-16,0.13135400000000144,0.13449799999999734,0.13292599999999938
2014-06-17,0.12536500000000053,0.15608299999999836,0.14072399999999946
2014-06-18,0.09851499999999641,0.20780399999999632,0.15315949999999637
2014-06-19,0.4683069999999974,0.13281299999999763,0.3005599999999975
2014-06-20,0.03610499999993945,0.030313999999991705,0.03320949999996558
2014-06-23,0.1433670000000013,0.13219400000000187,0.13778050000000158
2014-06-24,0.1360110000000005,0.13628499999999852,0.1361479999999995
2014-06-25,0.15153099999959388,0.1196500000000038,0.13559049999979883
2014-06-26,0.09536199999999613,0.13731300000000307,0.1163374999999996
2014-06-27,0.10761399999999965,0.10350300000000164,0.10555850000000064
2014-06-30,0.10488600000032258,0.12305299999999943,0.11396950000016101
2014-07-01,0.1436009999999987,0.10986499999999959,0.12673299999999915
2014-07-02,0.13294600000000736,0.1610710000000009,0.14700850000000415
2014-07-03,0.1261370000003059,0.1265020000003071,0.1263195000003065
2014-07-07,0.14466299999999538,0.15968000000000082,0.1521714999999981
2014-07-08,0.13808899999999943,0.15443900000000174,0.1462640000000006
2014-07-09,0.14399399999999812,0.1277150000000021,0.1358545000000001
2014-07-10,0.16249499999999634,0.19278699999970347,0.1776409999998499
2014-07-11,0.1332410000000348,0.12361600000014991,0.12842850000009237
2014-07-14,0.13485999999999865,0.12741400000000136,0.131137
2014-07-15,0.10593599999999888,0.13458799999999807,0.12026199999999848
2014-07-16,0.11488999999999942,0.13291099999999975,0.12390049999999958
2014-07-17,0.12979999999999872,0.059700000000010335,0.09475000000000453
2014-07-18,0.17930699999999897,0.0979059999999864,0.1386064999999927
2014-07-21,0.14761099999999952,0.14204699999999867,0.1448289999999991
2014-07-22,0.15972900000000737,0.12686200000047962,0.1432955000002435
2014-07-23,0.12618499999951976,0.13915999999998602,0.1326724999997529
2014-07-24,0.14712899999988774,0.14731599999991685,0.14722249999990228
2014-07-25,0.1238019999999993,0.12177299999999947,0.12278749999999938
2014-07-28,0.14440399999994524,0.13635799999990936,0.14038099999992731
2014-07-29,0.14534699999995657,0.15894400000017983,0.1521455000000682
2014-07-30,0.1709790000000038,0.17120400000000532,0.17109150000000456
2014-07-31,0.22569300000000023,0.20015899999999626,0.21292599999999823
2014-08-01,0.1605930000000001,0.139056,0.14982450000000005
2014-08-04,0.1916679999999639,0.19497699999969692,0.19332249999983042
2014-08-05,0.19745099999999965,0.22929799999971975,0.2133744999998597
2014-08-06,0.23798900000000014,0.2295090000000045,0.23374900000000232
2014-08-07,0.21557100000000173,0.2157369999999969,0.21565399999999932
2014-08-08,0.15687700000044494,0.15689400000044593,0.15688550000044543
2014-08-11,0.16825699999999716,0.16963099999999984,0.16894399999999848
2014-08-12,0.15807899999995806,0.15840199999995816,0.1582404999999581
2014-08-13,0.12248000000000014,0.1428470000000012,0.13266350000000066
2014-08-14,0.0937459999999831,0.09894499999999741,0.09634549999999026
2014-08-15,0.049389999999998345,0.02497700000001908,0.03718350000000871
2014-08-18,0.14484300000031444,0.14223400000044442,0.14353850000037943
2014-08-19,0.13029700000029212,0.13390400000017813,0.13210050000023513
2014-08-20,0.1312289999998936,0.13543699999992434,0.13333299999990897
2014-08-21,0.1358970000000056,0.13606399999999647,0.13598050000000103
2014-08-22,0.11667899999999944,0.11281499999999978,0.1147469999999996
2014-08-25,0.1199419999999999,0.13564299999999657,0.12779249999999823
2014-08-26,0.14144800000000177,0.13453200000000182,0.13799000000000178
2014-08-27,0.11566200000000901,0.12493400000000413,0.12029800000000657
2014-08-28,0.0945750000000022,0.13928000000000512,0.11692750000000365
2014-08-29,0.11058899999999655,0.059728999999999755,0.08515899999999815
2014-09-02,0.11555600000000253,0.15204600000001045,0.1338010000000065
2014-09-03,0.13789599999969385,0.1259849999999997,0.13194049999984678
2014-09-04,0.1572459999996939,0.15169699999999853,0.15447149999984622
2014-09-05,0.11227600000000423,0.11268600000000156,0.1124810000000029
2014-09-08,0.12568299999999905,0.15423600000004886,0.13995950000002394
2014-09-09,0.13688200000000122,0.14048299999999514,0.13868249999999818
2014-09-10,0.14499299999967388,0.1366710000000019,0.1408319999998379
2014-09-11,0.13843600000000028,0.14418399999999887,0.14130999999999957
2014-09-12,0.13451700000000033,0.11980299999999369,0.127159999999997
2014-09-15,0.16130699999999912,0.14825299999999947,0.1547799999999993
2014-09-16,0.1924469999999999,0.1830469999999997,0.1877469999999998
2014-09-17,0.1359330000000026,0.1927700000000619,0.16435150000003224
2014-09-18,0.047734999999995274,0.1503489999999991,0.09904199999999719
2014-09-19,0.04719499999967754,0.020902000000004663,0.0340484999998411
2014-09-22,0.16875300000000126,0.1571569999999986,0.16295499999999993
2014-09-23,0.1521039999999998,0.1523760000000047,0.15224000000000226
2014-09-24,0.1360920000000034,0.15254599999999838,0.1443190000000009
2014-09-25,0.2662449999999815,0.14446299999999532,0.20535399999998843
2014-09-26,0.13396900000000006,0.11611599999995383,0.12504249999997694
2014-09-29,0.1478439999999449,0.1453069999999386,0.14657549999994174
2014-09-30,0.16918099999999803,0.14616800000000296,0.1576745000000005
2014-10-01,0.15840799999998795,0.1286090000000059,0.14350849999999693
2014-10-02,0.15947799999998524,0.15261900000049183,0.15604850000023854
2014-10-03,0.1379629999999476,0.12344599999984136,0.13070449999989447
2014-10-06,0.15442900000044657,0.14345799999999978,0.14894350000022316
2014-10-07,0.1526889999999936,0.14318599999999246,0.14793749999999303
2014-10-08,0.13100599999999968,0.14301199999999528,0.1370089999999975
2014-10-09,0.22999700000000586,0.14454700000000453,0.1872720000000052
2014-10-10,0.1530819999999999,0.14166100000000062,0.14737150000000027
2014-10-13,0.1654629999999989,0.1632909999999965,0.1643769999999977
2014-10-14,0.1696020000000002,0.16416099999999553,0.16688149999999785
2014-10-15,0.17987600000000045,0.20044400000000054,0.1901600000000005
2014-10-16,0.1309460000000021,0.12643599999999597,0.12869099999999903
2014-10-17,0.06673700000000347,0.016777999999999373,0.041757500000001425
2014-10-20,0.20207399999999895,0.20515100000000122,0.20361250000000009
2014-10-21,0.171239999999787,0.20263899999999774,0.18693949999989237
2014-10-22,0.22677399999999595,0.16155799999998588,0.1941659999999909
2014-10-23,0.24061900000000463,0.2130910000001116,0.22685500000005812
2014-10-24,0.21501099999999873,0.12067899999999498,0.16784499999999686
2014-10-27,0.19312600000000105,0.1745260000000007,0.18382600000000088
2014-10-28,0.14592799999999725,0.1891589999999974,0.16754349999999735
2014-10-29,0.18625799999999448,0.17886199999999625,0.18255999999999536
2014-10-30,0.1357749999999987,0.17829300000000703,0.15703400000000287
2014-10-31,0.15560200000000163,0.15459399999999957,0.1550980000000006
2014-11-03,0.173342,0.1682299999999967,0.17078599999999833
2014-11-04,0.18802599999998404,0.2004469999999921,0.19423649999998807
2014-11-05,0.22845799999999838,0.214079999999999,0.2212689999999987
2014-11-06,0.21940900000000008,0.2309980000000079,0.225203500000004
2014-11-07,0.17946400000024823,0.1746030000004292,0.1770335000003387
2014-11-10,0.1620240000000005,0.18293700000000035,0.17248050000000043
2014-11-11,0.16968199999999833,0.18534199999999568,0.177511999999997
2014-11-12,0.223143000000013,0.25685400000001707,0.23999850000001505
2014-11-13,0.2597440000002705,0.29243100000002836,0.2760875000001494
2014-11-14,0.16519199999986034,0.16532999999986409,0.1652609999998622
2014-11-17,0.16913399999999884,0.1549819999999952,0.16205799999999704
2014-11-18,0.17522700000002414,0.1487059999995271,0.16196649999977564
2014-11-19,0.14253300000007307,0.14590900000005103,0.14422100000006205
2014-11-20,0.1076009999996693,0.11155299999975446,0.10957699999971188
2014-11-21,0.11843800000000942,0.13816600000000334,0.12830200000000638
2014-11-24,0.11775599999999609,0.118082999999997,0.11791949999999654
2014-11-25,0.11005099999999911,0.09025099999999794,0.10015099999999852
2014-11-26,0.08523500000000062,0.08546399999999992,0.08534950000000027
2014-11-28,0.12766800000045525,0.13183400000048118,0.12975100000046821
2014-12-01,0.18086699999999858,0.15240900000000132,0.16663799999999995
2014-12-02,0.13468600000000513,0.14403700000000405,0.13936150000000458
2014-12-03,0.1534230000000001,0.15368100000000157,0.15355200000000083
2014-12-04,0.15908100000000444,0.18947100000000056,0.17427600000000248
2014-12-05,0.12325100000000018,0.12537100000000145,0.12431100000000081
2014-12-08,0.13337799999970895,0.16670300000000055,0.15004049999985475
2014-12-09,0.12454899999957822,0.16355699999996443,0.14405299999977134
2014-12-10,0.185012000000001,0.14392199999954142,0.1644669999997712
2014-12-11,0.1582439999999923,0.1749999999999269,0.1666219999999596
2014-12-12,0.1618559999999995,0.1276360000000012,0.14474600000000035
2014-12-15,0.18457099999999824,0.1896790000000024,0.18712500000000032
2014-12-16,0.16790299999999933,0.1696299999999966,0.16876649999999796
2014-12-17,0.11851600000000076,0.26177400000002804,0.19014500000001439
2014-12-18,0.9723100000001514,0.15101500000032822,0.5616625000002399
2014-12-19,0.05407500000000532,0.4019919999999958,0.22803350000000056
2014-12-22,0.09910499999998941,0.12748999999999858,0.113297499999994
2014-12-23,0.12096200000002395,0.0880989999999997,0.10453050000001182
2014-12-24,0.08414399999999941,0.1445380000002893,0.11434100000014435
2014-12-26,0.14831499999993292,0.13761899999985797,0.14296699999989543
2014-12-29,0.19878800000000052,0.1721010000000022,0.18544450000000134
2014-12-30,0.17412699999999598,0.17733100000000038,0.1757289999999982
2014-12-31,0.17550199999987304,0.1834179999999804,0.17945999999992673
2015-01-02,0.19974499999997453,0.17156999999986755,0.18565749999992104
2015-01-05,0.24051199999999948,0.22286500000000098,0.23168850000000024
2015-01-06,0.266589000000001,0.21060200000000442,0.23859550000000274
2015-01-07,0.249724000000005,0.2282030000000214,0.2389635000000132
2015-01-08,0.17098899999999892,0.20372399999991014,0.18735649999995452
2015-01-09,0.17560399999999876,0.1509779999999986,0.1632909999999987
2015-01-12,0.18553100000046602,0.18572800000045825,0.18562950000046213
2015-01-13,0.18799900000000058,0.17564900000000316,0.18182400000000187
2015-01-14,0.194082999999657,0.1884629999999954,0.19127299999982622
2015-01-15,0.19318700000000077,0.1787669999999948,0.18597699999999778
2015-01-16,0.03772999999995332,0.08602900000004543,0.06187949999999938
2015-01-20,0.20001400000000094,0.2472110000004879,0.2236125000002444
2015-01-21,0.2055580000000044,0.20581699999999928,0.20568750000000185
2015-01-22,0.14649900000000574,0.18576400000000115,0.16613150000000343
2015-01-23,0.151424,0.14629800000000115,0.14886100000000058
2015-01-26,0.14464999999999884,0.16226199999999835,0.1534559999999986
2015-01-27,0.21569600000001588,0.15540600000000057,0.18555100000000824
2015-01-28,0.18930399999994382,0.18956099999994663,0.18943249999994521
2015-01-29,0.11071699999999264,0.16592500000015817,0.1383210000000754
2015-01-30,0.1835709999999999,0.17989900000000064,0.18173500000000026
2015-02-02,0.2045450000000006,0.22958200000000012,0.21706350000000035
2015-02-03,0.201845000000004,0.2138389999995655,0.20784199999978475
2015-02-04,0.25125399999999853,0.24083600000000238,0.24604500000000046
2015-02-05,0.20577399999999943,0.21588200000000368,0.21082800000000157
2015-02-06,0.21307999999998065,0.21530199999998353,0.2141909999999821
2015-02-09,0.23682600000000262,0.24765800000000046,0.24224200000000154
2015-02-10,0.1952880000000023,0.18967300000000029,0.19248050000000128
2015-02-11,0.3041929999999969,0.2749279999999954,0.2895604999999961
2015-02-12,0.24950900000041057,0.29223100000002233,0.27087000000021644
2015-02-13,0.19842199999999843,0.2057730000000012,0.20209749999999982
2015-02-17,0.20907599999999862,0.24966300000000063,0.22936949999999962
2015-02-18,0.21978600000000262,0.2390270000000002,0.2294065000000014
2015-02-19,0.2676949999999995,0.2569380000000003,0.2623164999999999
2015-02-20,0.20132800000000103,0.17775400000000088,0.18954100000000096
2015-02-23,0.19760600000012205,0.25002000000011415,0.2238130000001181
2015-02-24,0.18356400000012127,0.2383710000000007,0.21096750000006098
2015-02-25,0.2179259999999989,0.21069900000000089,0.2143124999999999
2015-02-26,0.19460099999999847,0.1768780000000071,0.18573950000000278
2015-02-27,0.1752860000001198,0.16672200000030588,0.17100400000021282
2015-03-02,0.19695000000000068,0.18639099999999953,0.1916705000000001
2015-03-03,0.20828299999999678,0.1928840000000022,0.20058349999999947
2015-03-04,0.1945950000000224,0.19097000000002506,0.19278250000002373
2015-03-05,0.24316800000000222,0.23166700000000076,0.2374175000000015
2015-03-06,0.18507100000000118,0.18527500000000036,0.18517300000000075
2015-03-09,0.20344299999999754,0.2093069999999985,0.20637499999999803
2015-03-10,0.21763199999999927,0.1954609999999976,0.20654649999999844
2015-03-11,0.2292799999999983,0.21361199999999894,0.22144599999999862
2015-03-12,0.18808300000000328,0.18274300000000265,0.18541300000000296
2015-03-13,0.21934700000005222,0.2197820000000674,0.2195645000000598
2015-03-16,0.24719900000008005,0.27389700000001016,0.2605480000000451
2015-03-17,0.2380749999999992,0.2887619999999991,0.2634184999999991
2015-03-18,0.18098399999999928,0.22040100000009685,0.20069250000004807
2015-03-19,0.11341599999999862,0.23312800000000278,0.1732720000000007
2015-03-20,0.1709430000000023,0.16291399999999956,0.16692850000000092
2015-03-23,0.20994600000002317,0.1810470000003496,0.19549650000018637
2015-03-24,0.20482399999999815,0.21445500000000012,0.20963949999999915
2015-03-25,0.2576849999999987,0.2579400000000028,0.2578125000000008
2015-03-26,0.2696140000000606,0.2641950000000865,0.26690450000007354
2015-03-27,0.19237000000000265,0.19238799999999925,0.19237900000000097
2015-03-30,0.21659800000000018,0.1856720000000062,0.20113500000000317
2015-03-31,0.22352800000000025,0.22760699999999576,0.225567499999998
2015-04-01,0.1878540000000011,0.2096149999999956,0.19873449999999837
2015-04-02,0.18779499999999422,0.1654849999999788,0.1766399999999865
2015-04-06,0.2010360000000062,0.20950900000000108,0.20527250000000363
2015-04-07,0.20739400000000968,0.21087000000000547,0.2091320000000076
2015-04-08,0.20898199999999978,0.23587599999999792,0.22242899999999885
2015-04-09,0.1851359999999964,0.19693799999961242,0.1910369999998044
2015-04-10,0.15522000000000258,0.15554600000000104,0.15538300000000183
2015-04-13,0.16953700000000144,0.1840100000000031,0.17677350000000225
2015-04-14,0.17017199999999974,0.17673599999999873,0.17345399999999922
2015-04-15,0.16266299999999767,0.18964299999999618,0.17615299999999692
2015-04-16,0.18176600000047588,0.17560200000000226,0.17868400000023907
2015-04-17,0.1769740000000014,0.16670500000000002,0.1718395000000007
2015-04-20,0.17101099999999866,0.16020999999999735,0.165610499999998
2015-04-21,0.15784400000035914,0.18042300000002975,0.16913350000019445
2015-04-22,0.1743290000000036,0.1745949999999991,0.17446200000000134
2015-04-23,0.24259699999991002,0.1785289999999995,0.21056299999995476
2015-04-24,0.16461899999999935,0.15699300000000127,0.1608060000000003
2015-04-27,0.18368700000000004,0.20031199999999924,0.19199949999999966
2015-04-28,0.18041899999999975,0.21778100000000283,0.19910000000000128
2015-04-29,0.29448499999999606,0.21965599999999355,0.2570704999999948
2015-04-30,0.18171400000000199,0.2243969999999988,0.2030555000000004
2015-05-01,0.16722299999999984,0.1606959999999986,0.1639594999999992
2015-05-04,0.18700399999972242,0.19558400000030446,0.19129400000001345
2015-05-05,0.23058500000037477,0.24058300000017208,0.2355840000002734
2015-05-06,0.22077500000000028,0.2366519999999988,0.22871349999999954
2015-05-07,0.4452160000004714,0.4116250000000011,0.42842050000023624
2015-05-08,0.172375999999997,0.16053599999999965,0.16645599999999833
2015-05-11,0.2584020000000423,0.19403400000000207,0.22621800000002218
2015-05-12,0.21055200000031143,0.2076460000004119,0.20909900000036166
2015-05-13,0.19958899999999863,0.20094700000000207,0.20026800000000033
2015-05-14,0.21395299999999548,0.17463999999999855,0.194296499999997
2015-05-15,0.14344900000005623,0.1447600000000472,0.1441045000000517
2015-05-18,0.15584199999999862,0.16698600000000166,0.16141400000000014
2015-05-19,0.16277299999999997,0.16624000000000064,0.1645065000000003
2015-05-20,0.1754820000000005,0.1599170000000036,0.16769950000000206
2015-05-21,0.15492699999999726,0.1666589999998673,0.1607929999999323
2015-05-22,0.12111999999999926,0.12366599999999979,0.12239299999999953
2015-05-26,0.1595719999999958,0.1989089999999967,0.17924049999999625
2015-05-27,0.15945900000037788,0.1406609999999969,0.15006000000018738
2015-05-28,0.17473800000000533,0.1530610000000446,0.16389950000002496
2015-05-29,0.14615900000022453,0.1364990000002116,0.14132900000021806
2015-06-01,0.17677000000000043,0.16366899999999757,0.170219499999999
2015-06-02,0.18511199999997724,0.18543899999997676,0.185275499999977
2015-06-03,0.23105499999999723,0.20714500000000083,0.21909999999999902
2015-06-04,0.27813900000007774,0.3427279999999991,0.31043350000003844
2015-06-05,0.1763100000001351,0.1746540000001633,0.17548200000014919
2015-06-08,0.20540599999999787,0.18886499999999756,0.19713549999999772
2015-06-09,0.19897400000000393,0.1528350000003815,0.1759045000001927
2015-06-10,0.21727599999999994,0.1693550000000001,0.19331550000000003
2015-06-11,0.15755499999968967,0.16345700000034735,0.16050600000001852
2015-06-12,0.16366899999999135,0.15781699999998736,0.16074299999998937
2015-06-15,0.1794069999999933,0.20722399999999852,0.19331549999999592
2015-06-16,0.15314999999999826,0.21667900000009477,0.1849145000000465
2015-06-17,0.16860500000046913,0.16706200000041818,0.16783350000044367
2015-06-18,0.062171999999998964,0.15893099999999935,0.11055149999999916
2015-06-19,0.145314,0.1392939999999992,0.1423039999999996
2015-06-22,0.15712699999999488,0.16640199999999886,0.16176449999999687
2015-06-23,0.1422479999999998,0.15959299999999893,0.15092049999999935
2015-06-24,0.16342099999992277,0.1636959999999269,0.16355849999992483
2015-06-25,0.17191999999999816,0.09636200000001685,0.1341410000000075
2015-06-26,0.16095999999999938,0.13615200000000072,0.14855600000000005
2015-06-29,0.18861999999999787,0.19898300000000052,0.19380149999999918
2015-06-30,0.21580599999999833,0.17107399999999365,0.193439999999996
2015-07-01,0.2016930000000069,0.23366000000000062,0.21767650000000377
2015-07-02,0.1453840000000001,0.13731899999999897,0.14135149999999952
2015-07-06,0.16469099999999964,0.18213500000000088,0.17341300000000026
2015-07-07,0.1519419999999985,0.17778600000000072,0.16486399999999962
2015-07-08,0.2126109999999941,0.20043799999997564,0.20652449999998487
2015-07-09,0.28303600000006035,0.20247400000000554,0.24275500000003294
2015-07-10,0.17231199999999963,0.1664949999999986,0.1694034999999991
2015-07-13,0.1724239999999981,0.16723699999999722,0.16983049999999766
2015-07-14,0.16295300000000054,0.15680700000000422,0.15988000000000238
2015-07-15,0.15481999999999693,0.175472999999999,0.16514649999999798
2015-07-16,0.15712300000000065,0.2667949999998607,0.21195899999993068
2015-07-17,0.13291100000001016,0.1291730000000158,0.13104200000001298
2015-07-20,0.14990700000002213,0.15596400000000857,0.15293550000001535
2015-07-21,0.16673599999964883,0.16709699999967373,0.1669164999996613
2015-07-22,0.144005999999999,0.15224299999999563,0.14812449999999733
2015-07-23,0.16565399999962138,0.1523899999999904,0.15902199999980587
2015-07-24,0.15302600000001096,0.15087800000001644,0.1519520000000137
2015-07-27,0.1815670000000004,0.1876000000000011,0.18458350000000073
2015-07-28,0.16265600000000202,0.16622500000000107,0.16444050000000154
2015-07-29,0.17782799999999396,0.165253999999999,0.1715409999999965
2015-07-30,0.1412200000000079,0.12468200000000589,0.1329510000000069
2015-07-31,0.13633599999999993,0.13522199999999882,0.13577899999999937
2015-08-03,0.15535799999999828,0.17839299999999977,0.166875499999999
2015-08-04,0.1650350000000036,0.1939689999999966,0.1795020000000001
2015-08-05,0.23399200000000395,0.22639000000000173,0.23019100000000284
2015-08-06,0.22493299999999553,0.19652899999999301,0.21073099999999428
2015-08-07,0.14610999999999857,0.12753399999999937,0.13682199999999897
2015-08-10,0.19815899999994366,0.17056400000000088,0.18436149999997226
2015-08-11,0.163702000000004,0.18590599999999916,0.17480400000000157
2015-08-12,0.18327099999987057,0.17955699999975727,0.18141399999981392
2015-08-13,0.19945399999999863,0.18763000000000596,0.1935420000000023
2015-08-14,0.16376199999999944,0.0956410000000007,0.12970150000000008
2015-08-17,0.13362899999999855,0.1422619999999994,0.13794549999999897
2015-08-18,0.1353529999999987,0.15159999999999973,0.14347649999999923
2015-08-19,0.1498429999999982,0.11553299999999353,0.13268799999999586
2015-08-20,0.18976199999951224,0.18457499999987526,0.18716849999969376
2015-08-21,0.20659999999999445,0.19303599999998944,0.19981799999999195
2015-08-24,0.33764799999999834,0.26050099999999915,0.29907449999999874
2015-08-25,0.3221709999999977,0.29946999999999946,0.3108204999999986
2015-08-26,0.2835890000000027,0.30011000000000543,0.2918495000000041
2015-08-27,0.23999700000000435,0.5377430000000076,0.388870000000006
2015-08-28,0.21656299999999806,0.23643999999999957,0.2265014999999988
2015-08-31,0.2617449999999979,0.2423999999999954,0.25207249999999665
2015-09-01,0.343369999999998,0.2692310000000185,0.30630050000000825
2015-09-02,0.24366200000029367,0.3188269999999961,0.2812445000001449
2015-09-03,0.34566699999995587,0.2534850000003448,0.29957600000015033
2015-09-04,0.23593400000000045,0.19004899999999852,0.2129914999999995
2015-09-08,0.2162190000001273,0.27693200000000123,0.24657550000006428
2015-09-09,0.22871299999999822,0.2290020000000027,0.22885750000000046
2015-09-10,0.21630299999999317,0.2683709999999968,0.24233699999999497
2015-09-11,0.24581600000000073,0.22438399999999512,0.23509999999999792
2015-09-14,0.26894799999999935,0.28330399999999933,0.2761259999999993
2015-09-15,0.2653409999999995,0.27699000000000046,0.27116549999999995
2015-09-16,0.2756010000000053,0.29044300000000234,0.2830220000000038
2015-09-17,0.16217699999990756,0.17067799999998948,0.16642749999994852
2015-09-18,0.20040000000003694,0.1902720000000909,0.1953360000000639
2015-09-21,0.17606200000000016,0.20202400000000117,0.18904300000000068
2015-09-22,0.20802400000000096,0.2016890000000031,0.20485650000000202
2015-09-23,0.2053909999999923,0.19357000000000002,0.19948049999999617
2015-09-24,0.2103150000000032,0.2044310000000076,0.20737300000000541
2015-09-25,0.1845990000001317,0.17426500000039663,0.17943200000026416
2015-09-28,0.2222250000000018,0.22262900000000066,0.22242700000000123
2015-09-29,0.22403899999999677,0.20811299999999197,0.21607599999999438
2015-09-30,0.19587299999998675,0.2410609999999988,0.21846699999999278
2015-10-01,0.19335100000000688,0.21856800000000032,0.2059595000000036
2015-10-02,0.1690880000000016,0.15725700000000278,0.1631725000000022
2015-10-05,0.17302899999999927,0.16246300000000258,0.16774600000000092
2015-10-06,0.16890099999999725,0.17247300000000154,0.1706869999999994
2015-10-07,0.17074599999999984,0.1710279999999992,0.1708869999999995
2015-10-08,0.13049400000000425,0.1633430000000018,0.146918500000003
2015-10-09,0.13134499999999688,0.10824399999999595,0.11979449999999642
2015-10-12,0.1438460000000026,0.14426399999999814,0.14405500000000038
2015-10-13,0.14913300000000365,0.14314699999999883,0.14614000000000124
2015-10-14,0.14046300000000084,0.14852399999999816,0.1444934999999995
2015-10-15,0.17347900000002744,0.14156799999990405,0.15752349999996573
2015-10-16,0.10734899999999592,0.09610299999987872,0.10172599999993731
2015-10-19,0.1267619999999991,0.13277000000000133,0.12976600000000021
2015-10-20,0.13162199999999885,0.13196800000000194,0.13179500000000038
2015-10-21,0.14928399999999864,0.129981,0.13963249999999933
2015-10-22,0.13987599999999595,0.12890099999990173,0.13438849999994884
2015-10-23,0.16567000000000262,0.158037000000001,0.16185350000000182
2015-10-26,0.19308600000000004,0.18807600000000163,0.19058100000000083
2015-10-27,0.19396000000000163,0.1746989999999917,0.18432949999999665
2015-10-28,0.15356499999999826,0.1827369999999953,0.16815099999999678
2015-10-29,0.18009400000000125,0.18029900000000104,0.18019650000000115
2015-10-30,0.15970499999999926,0.11103899999984469,0.13537199999992197
2015-11-02,0.1912599999997105,0.1607320000000007,0.1759959999998556
2015-11-03,0.18452199999999713,0.18170499999999953,0.18311349999999832
2015-11-04,0.1854329999999959,0.20159400000000247,0.19351349999999917
2015-11-05,0.2253759999999957,0.18293500000000043,0.20415549999999805
2015-11-06,0.1836019999999993,0.16713400000000186,0.17536800000000058
2015-11-09,0.20336400000000002,0.19233500000000076,0.1978495000000004
2015-11-10,0.18056599999997863,0.1980639999999992,0.1893149999999889
2015-11-11,0.19338500000000783,0.16964400000009552,0.18151450000005168
2015-11-12,0.21770399999999526,0.211794000000002,0.21474899999999864
2015-11-13,0.17651999999999293,0.18079999999999596,0.17865999999999443
2015-11-16,0.16824399999999706,0.18021499999999907,0.17422949999999807
2015-11-17,0.21123099999999984,0.20507000000000056,0.20815050000000018
2015-11-18,0.1933600000000025,0.1631839999999985,0.17827200000000049
2015-11-19,0.18210700000000268,0.1948900000000001,0.1884985000000014
2015-11-20,0.12492199999999998,0.12820600000000087,0.12656400000000043
2015-11-23,0.13342699999999977,0.15053799999999848,0.14198249999999912
2015-11-24,0.11426500000000171,0.1308740000000018,0.12256950000000175
2015-11-25,0.09172500000000193,0.10592299999999967,0.0988240000000008
2015-11-27,0.15670100000000028,0.1646490000000001,0.16067500000000018
2015-11-30,0.19949200000005976,0.17992700000041062,0.18970950000023518
2015-12-01,0.20428500000007505,0.18823900000035554,0.1962620000002153
2015-12-02,0.24898899999999968,0.2409640000000004,0.24497650000000004
2015-12-03,0.30909400000001064,0.34404200000000584,0.32656800000000824
2015-12-04,0.1514460000000004,0.14618900000000085,0.14881750000000063
2015-12-07,0.1703040000001796,0.17361100000012356,0.1719575000001516
2015-12-08,0.17987299999999967,0.17038099999999967,0.17512699999999967
2015-12-09,0.18754500000001995,0.20000600000000693,0.19377550000001342
2015-12-10,0.21528100000002473,0.20974100000004048,0.2125110000000326
2015-12-11,0.22141100000000238,0.226578999999999,0.2239950000000007
2015-12-14,0.22333200000000208,0.28647500000000065,0.2549035000000014
2015-12-15,0.22348100000005297,0.282729000000003,0.253105000000028
2015-12-16,0.15642000000005143,0.18957800000000255,0.172999000000027
2015-12-17,0.06567599999999649,0.759544000000002,0.41260999999999926
2015-12-18,0.1419359999998696,0.1523419999999832,0.1471389999999264
2015-12-21,0.16214999999999902,0.15975799999999704,0.16095399999999804
2015-12-22,0.13650799999978014,0.14145099999993105,0.1389794999998556
2015-12-23,0.11532700000000498,0.08830500000000659,0.10181600000000579
2015-12-24,0.12410699999999641,0.11708599999999462,0.12059649999999553
2015-12-28,0.14507399999999993,0.15550600000000067,0.1502900000000003
2015-12-29,0.14785300000000276,0.11821600000003564,0.1330345000000192
2015-12-30,0.16829099999999067,0.1620899999996388,0.16519049999981472
2015-12-31,0.14362399999999798,0.12693399999999783,0.1352789999999979
2016-01-04,0.18064099999999664,0.2157830000000434,0.19821200000002004
2016-01-05,0.19022700000044246,0.18790400000043064,0.18906550000043654
2016-01-06,0.2046459999999983,0.20142000000000096,0.20303299999999963
2016-01-07,0.27160400000029994,0.23215200000000277,0.25187800000015137
2016-01-08,0.18612900000000024,0.18832299999999888,0.18722599999999956
2016-01-11,0.2033200000000018,0.16500300000016574,0.18416150000008377
2016-01-12,0.18695200000000062,0.194427999999628,0.1906899999998143
2016-01-13,0.22260300000023645,0.21527900000043912,0.21894100000033778
2016-01-14,0.21121299999999907,0.2057860000000021,0.2084995000000006
2016-01-15,0.18137699999999918,0.18303999999999823,0.18220849999999872
2016-01-19,0.23138499999999845,0.21021800000000365,0.22080150000000104
2016-01-20,0.29781499999999744,0.24720299999999773,0.27250899999999756
2016-01-21,0.28887799999983904,0.21690800000000213,0.2528929999999206
2016-01-22,0.17339800000001163,0.16015200000005572,0.16677500000003367
2016-01-25,0.20828900000000014,0.21203899999999856,0.21016399999999935
2016-01-26,0.20687200000000314,0.21765700000000024,0.2122645000000017
2016-01-27,0.1931620000000004,0.20584999999999581,0.1995059999999981
2016-01-28,0.2198809999999985,0.18265900000000007,0.20126999999999928
2016-01-29,0.14400599999999933,0.14788500000000113,0.14594550000000023
2016-02-01,0.17933300000000424,0.16708700000000867,0.17321000000000647
2016-02-02,0.19439400000000182,0.18021700000000088,0.18730550000000135
2016-02-03,0.16315000000024915,0.2340880000000012,0.19861900000012517
2016-02-04,0.3538490000000033,0.33881399999999506,0.3463314999999992
2016-02-05,0.20321099999976536,0.19478199999964058,0.19899649999970298
2016-02-08,0.24623100000000103,0.280811999999999,0.2635215
2016-02-09,0.2753019999999976,0.2613039999999992,0.2683029999999984
2016-02-10,0.2616540000000048,0.23687899999999945,0.24926650000000214
2016-02-11,0.34127099999999494,0.2763919999999963,0.3088314999999956
2016-02-12,0.19952999999992746,0.19957499999992873,0.19955249999992808
2016-02-16,0.21636600000000117,0.23552400000000084,0.225945000000001
2016-02-17,0.2054239999999818,0.2178610000000001,0.21164249999999096
2016-02-18,0.2107850000000038,0.20613699999999366,0.20846099999999873
2016-02-19,0.1702780000000091,0.16248100000002652,0.1663795000000178
2016-02-22,0.1641079999999978,0.1865530000000006,0.17533049999999922
2016-02-23,0.1717670000000023,0.1509309999999883,0.1613489999999953
2016-02-24,0.19775100000013573,0.1696460000000879,0.18369850000011181
2016-02-25,0.13564200000026097,0.19671499999996983,0.16617850000011541
2016-02-26,0.18982199999999846,0.17529900000000065,0.18256049999999957
2016-02-29,0.20968700000003604,0.16045899999999855,0.1850730000000173
2016-03-01,0.2060460000000009,0.18582299999999954,0.19593450000000023
2016-03-02,0.1695619999999952,0.19702699999999496,0.1832944999999951
2016-03-03,0.1863840000000632,0.2391570000000038,0.2127705000000335
2016-03-04,0.15701499999999916,0.1451550000000004,0.15108499999999978
2016-03-07,0.16403399999999924,0.1624990000000007,0.16326649999999998
2016-03-08,0.16279999999955042,0.1843350000000494,0.17356749999979992
2016-03-09,0.16441699999999926,0.21115899999999865,0.18778799999999896
2016-03-10,0.16994299999999823,0.19007700000019062,0.18001000000009443
2016-03-11,0.15981700000000046,0.15029900000000118,0.1550580000000008
2016-03-14,0.17880299999999724,0.16003799999999907,0.16942049999999814
2016-03-15,0.16814900000000077,0.16334399999999905,0.1657464999999999
2016-03-16,0.06780900000000152,0.27443899999996096,0.17112399999998124
2016-03-17,0.10673500000000209,0.16293600000000547,0.13483550000000377
2016-03-18,0.15081799999999956,0.13172300000000067,0.14127050000000013
2016-03-21,0.16940900000000422,0.15310800000000271,0.16125850000000347
2016-03-22,0.15529700000000038,0.17364299999999863,0.1644699999999995
2016-03-23,0.1639120000000031,0.14736000000001015,0.15563600000000663
2016-03-24,0.13188700000000056,0.11940900000000002,0.1256480000000003
2016-03-28,0.17583699999999763,0.16413100000000086,0.16998399999999925
2016-03-29,0.15565000000000237,0.13970600000000163,0.147678000000002
2016-03-30,0.1537860000000001,0.14011899999999636,0.1469524999999982
2016-03-31,0.22690200000012237,0.22742400000011662,0.2271630000001195
2016-04-01,0.12146200000031412,0.11162900000000099,0.11654550000015756
2016-04-04,0.1430959999999978,0.1489999999999986,0.1460479999999982
2016-04-05,0.1773920000003475,0.18993700000009658,0.18366450000022205
2016-04-06,0.16410700000001804,0.16838700000000764,0.16624700000001286
2016-04-07,0.17366000000010523,0.16409800000031308,0.16887900000020917
2016-04-08,0.13335199999999936,0.13012600000000168,0.13173900000000052
2016-04-11,0.16472900000000334,0.16075800000000331,0.16274350000000332
2016-04-12,0.15186199999999786,0.13297699999999724,0.14241949999999753
2016-04-13,0.1330779999995101,0.15974799999999614,0.1464129999997531
2016-04-14,0.13968899999998793,0.17635900000000143,0.15802399999999467
2016-04-15,0.1296359999999996,0.1198029999999976,0.12471949999999861
2016-04-18,0.13299600000000047,0.1483809999999972,0.14068849999999883
2016-04-19,0.13261500000000284,0.15390699999999857,0.1432610000000007
2016-04-20,0.1856989999999995,0.1864209999999956,0.18605999999999756
2016-04-21,0.18623400000000076,0.20220600000000657,0.19422000000000367
2016-04-22,0.18367700000000087,0.1837249999999988,0.18370099999999984
2016-04-25,0.20847600000048624,0.2271739999997716,0.21782500000012892
2016-04-26,0.21777099999999947,0.22447799999999687,0.22112449999999817
2016-04-27,0.18096800000000443,0.2037909999999973,0.19237950000000087
2016-04-28,0.17648300000000083,0.20803200000000371,0.19225750000000227
2016-04-29,0.16127500000000106,0.16149300000000308,0.16138400000000208
2016-05-02,0.18931800000003393,0.2028190000000067,0.1960685000000203
2016-05-03,0.19935599999999828,0.19148500000000104,0.19542049999999966
2016-05-04,0.19347399999970424,0.1942129999996581,0.19384349999968117
2016-05-05,0.22133700000000026,0.23197400000000395,0.22665550000000212
2016-05-06,0.16513100000000083,0.1631660000000031,0.16414850000000197
2016-05-09,0.17873800000000153,0.1822430000000003,0.18049050000000091
2016-05-10,0.17319300000013974,0.17699300000009607,0.1750930000001179
2016-05-11,0.15814400000000522,0.16244200000000186,0.16029300000000354
2016-05-12,0.14057299999990835,0.18174199999999485,0.1611574999999516
2016-05-13,0.14580699999999946,0.14579499999999743,0.14580099999999846
2016-05-16,0.16375199999952647,0.16720599999960853,0.1654789999995675
2016-05-17,0.19121200000000127,0.17821200000000353,0.1847120000000024
2016-05-18,0.23093000000000222,0.2059300000000021,0.21843000000000218
2016-05-19,0.18516499999999855,0.1964239999997741,0.19079449999988635
2016-05-20,0.15625700000003243,0.15499900000003913,0.1556280000000358
2016-05-23,0.1670659999999979,0.1883290000000012,0.17769749999999956
2016-05-24,0.17279700000014186,0.16786300000024637,0.1703300000001941
2016-05-25,0.1735539999999951,0.16689999999998903,0.17022699999999208
2016-05-26,0.17294200000048895,0.1677819999999993,0.17036200000024412
2016-05-27,0.12795000000001625,0.12383100000003056,0.1258905000000234
2016-05-31,0.15928200000020323,0.1573350000002567,0.15830850000022995
2016-06-01,0.15625500000006692,0.14962299999999737,0.15293900000003213
2016-06-02,0.1444070000000116,0.18821499999999564,0.16631100000000362
2016-06-03,0.11618300000000006,0.11787199999999927,0.11702749999999967
2016-06-06,0.14308600000000044,0.1393370000000017,0.14121150000000107
2016-06-07,0.13766999999994023,0.14964299999996844,0.14365649999995433
2016-06-08,0.13362400000000668,0.13813099999999437,0.13587750000000054
2016-06-09,0.1778509999999988,0.14134100000000765,0.15959600000000324
2016-06-10,0.13744500000000165,0.13034399999999982,0.13389450000000075
2016-06-13,0.15733699999999767,0.19163099999978597,0.17448399999989184
2016-06-14,0.14701699999999665,0.21535300000044813,0.1811850000002224
2016-06-15,0.11030200000000118,0.2242959999998778,0.16729899999993947
2016-06-16,0.07729899999998954,0.18697900000000015,0.13213899999999484
2016-06-17,0.1678059999999806,0.16382199999997465,0.16581399999997765
2016-06-20,0.19236299999999848,0.20778500000000052,0.2000739999999995
2016-06-21,0.20992599999999695,0.2053519999999999,0.2076389999999984
2016-06-22,0.27533300000002164,0.27265700000002857,0.2739950000000251
2016-06-23,0.257740000000006,0.26806999999999714,0.2629050000000016
2016-06-24,0.1726790000000004,0.19179799999999758,0.18223849999999897
2016-06-27,0.19646000000000016,0.19052099999999983,0.1934905
2016-06-28,0.17418800000000212,0.18361199999999878,0.17890000000000045
2016-06-29,0.17018000000025818,0.16086499999975426,0.16552250000000623
2016-06-30,0.1361509999999966,0.1687269999999966,0.1524389999999966
2016-07-01,0.12189900000000083,0.12021099999999915,0.121055
2016-07-05,0.15388600000000707,0.16015100000000013,0.1570185000000036
2016-07-06,0.1624659999999973,0.1600600000000005,0.1612629999999989
2016-07-07,0.22993100000001396,0.23049100000001185,0.2302110000000129
2016-07-08,0.14212699999999423,0.13842399999998845,0.14027549999999134
2016-07-11,0.16132300000000172,0.16471700000000056,0.16302000000000114
2016-07-12,0.1717820000000001,0.17552500000000296,0.17365350000000151
2016-07-13,0.1644259999999994,0.19228600000000026,0.17835599999999985
2016-07-14,0.18047400000000177,0.16161699999998475,0.17104549999999324
2016-07-15,0.1293980000000007,0.13139299999999998,0.13039550000000033
2016-07-18,0.14150200000003937,0.15669200000000494,0.14909700000002216
2016-07-19,0.1397010000000008,0.15401900000000254,0.14686000000000166
2016-07-20,0.15006399999999862,0.1256010000000009,0.13783249999999975
2016-07-21,0.13996300000001566,0.14521500000000778,0.14258900000001173
2016-07-22,0.11138799999999932,0.10923499999999917,0.11031149999999924
2016-07-25,0.13232900000000572,0.14982500000011284,0.1410770000000593
2016-07-26,0.17142699999999605,0.15315200000000334,0.1622894999999997
2016-07-27,0.17450200000000327,0.18196999999999955,0.1782360000000014
2016-07-28,0.17013999999999874,0.17574700000000282,0.17294350000000078
2016-07-29,0.1372120000000009,0.11240599999999995,0.12480900000000042
2016-08-01,0.13914400000004637,0.15903600000000345,0.14909000000002492
2016-08-02,0.15138699999999974,0.1440959999999979,0.1477414999999988
2016-08-03,0.1508050000000604,0.1548940000000728,0.15284950000006658
2016-08-04,0.15278900000000462,0.16268000000000224,0.15773450000000344
2016-08-05,0.13456500000000007,0.1305860000000012,0.13257550000000062
2016-08-08,0.16977099999999895,0.1636430000000004,0.16670699999999966
2016-08-09,0.16298100000000298,0.15833799999999879,0.1606595000000009
2016-08-10,0.14967699999953415,0.15055099999961374,0.15011399999957395
2016-08-11,0.11413300000012316,0.12021200000000144,0.1171725000000623
2016-08-12,0.11745699999999983,0.10820600000000087,0.11283150000000035
2016-08-15,0.16034800000000182,0.1469759999999976,0.15366199999999972
2016-08-16,0.17523699999998266,0.15665499999995647,0.16594599999996956
2016-08-17,0.16650899999972424,0.1709299999998824,0.16871949999980332
2016-08-18,0.13450399999999973,0.1643740000000001,0.14943899999999993
2016-08-19,0.13426999999999842,0.13432699999999914,0.13429849999999877
2016-08-22,0.15732799999999922,0.16324100000000052,0.16028449999999989
2016-08-23,0.1799700000004619,0.1809860000004138,0.18047800000043784
2016-08-24,0.2011330000003125,0.21923000000006074,0.21018150000018662
2016-08-25,0.2321929999999982,0.24281299999999723,0.23750299999999772
2016-08-26,0.17294099999999676,0.16887499999999891,0.17090799999999784
2016-08-29,0.17075000000038373,0.1743040000004881,0.17252700000043591
2016-08-30,0.19113999999999315,0.1808339999999869,0.18598699999999002
2016-08-31,0.18527099999998417,0.20431499999999628,0.19479299999999022
2016-09-01,0.28307300000000085,0.25919399999999126,0.27113349999999603
2016-09-02,0.12383700000000043,0.12912399999999963,0.12648050000000002
2016-09-06,0.16350399999994297,0.1616859999999988,0.1625949999999709
2016-09-07,0.13625399999990756,0.15500499999999798,0.14562949999995278
2016-09-08,0.15572499999982478,0.1461250000000063,0.15092499999991554
2016-09-09,0.17096899999999898,0.16991799999999893,0.17044349999999897
2016-09-12,0.15560700000036856,0.19366300000000233,0.17463500000018545
2016-09-13,0.1846180000000036,0.21125500000000175,0.19793650000000268
2016-09-14,0.16318799999999847,0.20821399999967516,0.1857009999998368
2016-09-15,0.07429800000005371,0.1731169999999997,0.1237075000000267
2016-09-16,0.21460300000000107,0.21467500000000048,0.21463900000000077
2016-09-19,0.2676240000000103,0.2712670000000084,0.26944550000000933
2016-09-20,0.2956450000000013,0.2910520000000022,0.2933485000000018
2016-09-21,0.19849800000000264,0.18213399999999913,0.19031600000000087
2016-09-22,0.14978499999982325,0.15506799999987228,0.15242649999984775
2016-09-23,0.14103299999966984,0.14077699999966228,0.14090499999966605
2016-09-26,0.17461300000007202,0.17097400000010746,0.17279350000008975
2016-09-27,0.1897920000000069,0.1908190000000065,0.1903055000000067
2016-09-28,0.19459300000000362,0.19881999999999878,0.1967065000000012
2016-09-29,0.22778900000000374,0.20299999999999058,0.21539449999999716
2016-09-30,0.17282700000000012,0.16328099999999873,0.16805399999999943
2016-10-03,0.21603400000000883,0.18697100000014044,0.20150250000007464
2016-10-04,0.21872799999953157,0.22871100000022837,0.22371949999987997
2016-10-05,0.2671970000001344,0.275386000000071,0.2712915000001027
2016-10-06,0.33233799999963287,0.3225170000000008,0.3274274999998168
2016-10-07,0.2156849999999994,0.18439100000000036,0.20003799999999988
2016-10-10,0.20351099999981107,0.18954999999999878,0.1965304999999049
2016-10-11,0.20532199999999798,0.21221899999999652,0.20877049999999725
2016-10-12,0.1983660000000007,0.1704909999999991,0.18442849999999988
2016-10-13,0.1740539999998844,0.20459399999997138,0.18932399999992788
2016-10-14,0.17356800000031203,0.15510299999999896,0.1643355000001555
2016-10-17,0.18391899999999897,0.1726219999999994,0.17827049999999917
2016-10-18,0.16971000000000225,0.16785099999999947,0.16878050000000086
2016-10-19,0.16249899999999615,0.1596599999999951,0.16107949999999563
2016-10-20,0.17122599999999888,0.14894100000001,0.16008350000000443
2016-10-21,0.15380100000000163,0.1345959999999994,0.1441985000000005
2016-10-24,0.17744800000007907,0.15826499999968474,0.1678564999998819
2016-10-25,0.14481199999999764,0.16292699999999896,0.1538694999999983
2016-10-26,0.13972600000006027,0.1689440000000012,0.15433500000003075
2016-10-27,0.17163900000000154,0.1557979999999884,0.16371849999999497
2016-10-28,0.17832499999999946,0.16866400000000006,0.17349449999999977
2016-10-31,0.20228099999999805,0.19617600000000276,0.19922850000000042
2016-11-01,0.2301619999999996,0.23402999999999954,0.23209599999999958
2016-11-02,0.2386009999999979,0.19684500000000119,0.21772299999999956
2016-11-03,0.23044400000000417,0.23104500000000103,0.2307445000000026
2016-11-04,0.23609900000000048,0.23714600000000094,0.2366225000000007
2016-11-07,0.22095400000001525,0.23954499999999945,0.23024950000000735
2016-11-08,0.23856999999999945,0.2510160000000019,0.24479300000000068
2016-11-09,0.24267199999999964,0.27961899999999695,0.2611454999999983
2016-11-10,0.324453000000007,0.2706129999999892,0.2975329999999981
2016-11-11,0.22728100000000148,0.22489600000000043,0.22608850000000097
2016-11-14,0.23622599999999971,0.24260400000000074,0.2394150000000002
2016-11-15,0.2387820000000031,0.22761899999999796,0.23320050000000053
2016-11-16,0.22068700000000138,0.21418199999999518,0.21743449999999828
2016-11-17,0.20903299999999853,0.20441999999999935,0.20672649999999893
2016-11-18,0.13838899999970267,0.1388549999996622,0.13862199999968244
2016-11-21,0.12976499999998548,0.14442899999999648,0.13709699999999098
2016-11-22,0.11978399999999893,0.11193799999999827,0.1158609999999986
2016-11-23,0.09421100000000175,0.08774699999999754,0.09097899999999964
2016-11-25,0.16131199999999937,0.1563739999999987,0.15884299999999904
2016-11-28,0.19326500000000127,0.17444299999999985,0.18385400000000057
2016-11-29,0.1806110000000002,0.1935309999999981,0.18707099999999915
2016-11-30,0.24295500000000186,0.18921400000031544,0.21608450000015866
2016-12-01,0.22640600000039499,0.2690730000000149,0.24773950000020495
2016-12-02,0.18456600000000042,0.1849580000000009,0.18476200000000065
2016-12-05,0.1938059999999996,0.2001419999999988,0.1969739999999992
2016-12-06,0.18023699999999726,0.19359400000000113,0.18691549999999918
2016-12-07,0.1783610000000221,0.21187199999999817,0.19511650000001013
2016-12-08,0.2057820000000013,0.2115620000000039,0.2086720000000026
2016-12-09,0.18158300000000133,0.17292100000000046,0.1772520000000009
2016-12-12,0.1984139999999958,0.23282300000000164,0.21561849999999871
2016-12-13,0.18209499999991383,0.24736799999999426,0.21473149999995406
2016-12-14,0.18963600000000064,0.280186999999793,0.23491149999989683
2016-12-15,0.12126700000038847,0.2775939999999958,0.19943050000019213
2016-12-16,0.16788200000000175,0.16805200000000187,0.1679670000000018
2016-12-19,0.17071200000000142,0.17748300000000047,0.17409750000000096
2016-12-20,0.15760600000033095,0.17376100000005226,0.1656835000001916
2016-12-21,0.15944099999999808,0.16071499999999794,0.160077999999998
2016-12-22,0.13416999999993237,0.1455999999999886,0.13988499999996049
2016-12-23,0.12001499999999894,0.11820700000000066,0.1191109999999998
2016-12-27,0.13122900000000098,0.14461900000000188,0.13792400000000143
2016-12-28,0.15179399999993662,0.14189600000042216,0.1468450000001794
2016-12-29,0.13745300000000077,0.15450600000000178,0.14597950000000126
2016-12-30,0.14825999999999823,0.12448700000000146,0.13637349999999984
2017-01-03,0.16708399999999723,0.18296300000010338,0.1750235000000503
2017-01-04,0.16968900000026885,0.18527500000004715,0.177482000000158
2017-01-05,0.16690500000000305,0.19981399999990684,0.18335949999995493
2017-01-06,0.13746500000000267,0.1375360000000029,0.1375005000000028
2017-01-09,0.16893599999962008,0.15804200000000124,0.16348899999981065
2017-01-10,0.17450399999957888,0.1530279999999997,0.1637659999997893
2017-01-11,0.1489189999999986,0.15722100000000006,0.15306999999999932
2017-01-12,0.1641580000000347,0.13989199999970237,0.15202499999986852
2017-01-13,0.11056300000000088,0.10935500000000035,0.10995900000000061
2017-01-17,0.14832399999999663,0.12730600000000272,0.1378149999999997
2017-01-18,0.1409259999999943,0.1353109999999929,0.1381184999999936
2017-01-19,0.1958720000000013,0.16701899999999792,0.1814454999999996
2017-01-20,0.1330230000000021,0.13252000000000025,0.13277150000000118
2017-01-23,0.14582500000000082,0.14516299999999824,0.1454939999999995
2017-01-24,0.14803200000000816,0.12635800000015648,0.13719500000008233
2017-01-25,0.14591999999966956,0.14005699999999818,0.14298849999983387
2017-01-26,0.13732799999999937,0.1587380000000085,0.14803300000000394
2017-01-27,0.1212899999999996,0.12134299999999916,0.12131649999999938
2017-01-30,0.1417229999999997,0.143555000000003,0.14263900000000135
2017-01-31,0.1571660000000024,0.15008299999999924,0.15362450000000083
2017-02-01,0.20377900000000143,0.14704999999999563,0.17541449999999853
2017-02-02,0.16935499999974735,0.19109699999999394,0.18022599999987066
2017-02-03,0.13137599999999902,0.12925899999999918,0.1303174999999991
2017-02-06,0.1458400000000009,0.12988299999999697,0.13786149999999894
2017-02-07,0.13642700000000182,0.12661700000000026,0.13152200000000103
2017-02-08,0.1370970000000361,0.1209050000004057,0.1290010000002209
2017-02-09,0.14106599999965677,0.13218800000040687,0.1366270000000318
2017-02-10,0.12156299999999919,0.11641500000000103,0.11898900000000011
2017-02-13,0.14397399999996796,0.12643199999989377,0.13520299999993085
2017-02-14,0.1373610000000052,0.12726799999999752,0.13231450000000136
2017-02-15,0.13672299999999643,0.15191299999999724,0.14431799999999684
2017-02-16,0.12910899999999872,0.13004099999999952,0.1295749999999991
2017-02-17,0.10779100000000187,0.10469999999999959,0.10624550000000073
2017-02-21,0.13016599999999856,0.1429479999999982,0.13655699999999837
2017-02-22,0.15493599999998636,0.12002799999999905,0.13748199999999272
2017-02-23,0.14927499999999977,0.12910700000000958,0.13919100000000467
2017-02-24,0.12473499999999935,0.12072499999999914,0.12272999999999924
2017-02-27,0.1411290000000005,0.16214099999958148,0.151634999999791
2017-02-28,0.17371199999999848,0.1558359999999988,0.16477399999999864
2017-03-01,0.17693200000000042,0.19869800000000107,0.18781500000000073
2017-03-02,0.19709399999998278,0.20787800000000312,0.20248599999999295
2017-03-03,0.13567699999999963,0.133733000000001,0.1347050000000003
2017-03-06,0.14728500000000072,0.142072000000002,0.14467850000000138
2017-03-07,0.13700099999999993,0.12766200000000089,0.1323315000000004
2017-03-08,0.17884599999977463,0.15609500000000157,0.1674704999998881
2017-03-09,0.18364300000000364,0.18469400000000122,0.18416850000000243
2017-03-10,0.11710199999999599,0.11354699999999569,0.11532449999999583
2017-03-13,0.13325199999999984,0.13572799999999793,0.1344899999999989
2017-03-14,0.13698299999999825,0.14351300000000175,0.14024799999999998
2017-03-15,0.11602700000000007,0.2133350000000035,0.1646810000000018
2017-03-16,0.09594100000000111,0.11738899999998617,0.10666499999999364
2017-03-17,0.1182969999999981,0.1184820000000005,0.1183894999999993
2017-03-20,0.13541899999999985,0.1348770000000026,0.1351480000000012
2017-03-21,0.15792500000000323,0.15462300000000004,0.15627400000000163
2017-03-22,0.14806800000000117,0.15983199999957368,0.15394999999978742
2017-03-23,0.15328899999999043,0.16501499999999983,0.15915199999999513
2017-03-24,0.12587300000000015,0.12497500000000149,0.1254240000000008
2017-03-27,0.1403040000000023,0.15714599999973555,0.14872499999986893
2017-03-28,0.16176200000007326,0.12538400000000055,0.14357300000003692
2017-03-29,0.12397799999999949,0.1487009999999991,0.1363394999999993
2017-03-30,0.13853500000000105,0.12007399999996925,0.12930449999998514
2017-03-31,0.11888100000015124,0.11304800000039238,0.11596450000027181
2017-04-03,0.1312140000000019,0.13607599999999911,0.1336450000000005
2017-04-04,0.13026500000021937,0.14041499999959653,0.13533999999990795
2017-04-05,0.16297299999999743,0.13962600000000056,0.15129949999999898
2017-04-06,0.19863999999980703,0.1518879999999986,0.17526399999990283
2017-04-07,0.10950900000000151,0.10890999999999976,0.10920950000000063
2017-04-10,0.11970700000000117,0.11104400000000132,0.11537550000000124
2017-04-11,0.11727899999999937,0.12885999999952974,0.12306949999976455
2017-04-12,0.11062999999999648,0.1013930000000232,0.10601150000000983
2017-04-13,0.11212300000021086,0.10655699999956052,0.1093399999998857
2017-04-17,0.12451599999999861,0.12226600000000026,0.12339099999999945
2017-04-18,0.12893799999968303,0.13901299999983754,0.13397549999976027
2017-04-19,0.11505700000000431,0.1379119999999995,0.12648450000000191
2017-04-20,0.12915600000000324,0.14435099999999937,0.1367535000000013
2017-04-21,0.16683900000003862,0.1521870000002298,0.15951300000013421
2017-04-24,0.13227500000005463,0.15539300000045347,0.14383400000025404
2017-04-25,0.13653800000000124,0.14930499999999924,0.14292150000000026
2017-04-26,0.14016899999999766,0.1560920000003387,0.1481305000001682
2017-04-27,0.11779700000000061,0.17472199999999788,0.14625949999999924
2017-04-28,0.11606799999999606,0.11942499999999968,0.11774649999999787
2017-05-01,0.13465000000000077,0.1299949999999976,0.13232249999999918
2017-05-02,0.12474900000000043,0.12682600000000174,0.12578750000000108
2017-05-03,0.1306550000000013,0.12880299999999978,0.12972900000000054
2017-05-04,0.1377400000000017,0.10601400000000616,0.12187700000000393
2017-05-05,0.12176799999999817,0.10866599999999876,0.11521699999999846
2017-05-08,0.13439900000000357,0.11004499999990343,0.1222219999999535
2017-05-09,0.1144130000000001,0.1249669999999997,0.11968999999999991
2017-05-10,0.11529800000004001,0.12370900000001257,0.1195035000000263
2017-05-11,0.11542000000008198,0.12593599999956592,0.12067799999982395
2017-05-12,0.10255699999999401,0.09967699999999761,0.10111699999999582
2017-05-15,0.10207199999999954,0.09983799999999984,0.10095499999999968
2017-05-16,0.09687300000000153,0.11798000000000138,0.10742650000000145
2017-05-17,0.1610759999999947,0.1349129999999989,0.1479944999999968
2017-05-18,0.15939799999999532,0.10699900000000168,0.1331984999999985
2017-05-19,0.10947100000000054,0.10301900000000073,0.10624500000000064
2017-05-22,0.1125439999996568,0.11038899999958746,0.11146649999962213
2017-05-23,0.10849299999999502,0.12178799999999862,0.11514049999999681
2017-05-24,0.12673599999963947,0.09641699999999746,0.11157649999981847
2017-05-25,0.11496499999999739,0.0727819999999976,0.0938734999999975
2017-05-26,0.0872939999999997,0.08834499999999969,0.08781949999999969
2017-05-30,0.1166950000000023,0.1031760000000004,0.10993550000000135
2017-05-31,0.10819999999986758,0.10996199999991431,0.10908099999989095
2017-06-01,0.12098299999999107,0.13318399999999408,0.12708349999999258
2017-06-02,0.09291700000000173,0.09300000000000141,0.09295850000000158
2017-06-05,0.09170800000028878,0.12576400000000218,0.10873600000014548
2017-06-06,0.10642499999999942,0.1136369999999976,0.11003099999999852
2017-06-07,0.09596099999999956,0.11828899999984094,0.10712499999992026
2017-06-08,0.1049309999999969,0.1344579999999989,0.1196944999999979
2017-06-09,0.11834800000005546,0.10303999999977463,0.11069399999991505
2017-06-12,0.11903899999999962,0.15376800000000213,0.13640350000000087
2017-06-13,0.08939399999999849,0.16873300000000113,0.1290634999999998
2017-06-14,0.10188399999999904,0.1459689999999977,0.12392649999999839
2017-06-15,0.06743499999995177,0.12402800000020463,0.0957315000000782
2017-06-16,0.11394700000000207,0.10275700000000133,0.1083520000000017
2017-06-19,0.11323700000000136,0.12293000000000096,0.11808350000000116
2017-06-20,0.1110879999999977,0.1085600000000041,0.1098240000000009
2017-06-21,0.08964599999999864,0.1254590000000024,0.10755250000000052
2017-06-22,0.08953600000000349,0.11994099999998922,0.10473849999999635
2017-06-23,0.10217099999999975,0.09567399999999895,0.09892249999999936
2017-06-26,0.1228969999999997,0.10115699999999918,0.11202699999999943
2017-06-27,0.11853899999995628,0.13680899999999027,0.12767399999997328
2017-06-28,0.1372900000000006,0.132949000000001,0.1351195000000008
2017-06-29,0.15495300000000203,0.1564860000000012,0.15571950000000162
2017-06-30,0.1197280000000004,0.09928399999999253,0.10950599999999647
2017-07-03,0.1358219999999999,0.13660200000000017,0.13621200000000003
2017-07-05,0.15986699999994194,0.12578099999953218,0.14282399999973705
2017-07-06,0.1610219999999972,0.15317199999999767,0.15709699999999743
2017-07-07,0.10802900000029395,0.10279700000027028,0.10541300000028211
2017-07-10,0.1121040000000017,0.12209500000000108,0.11709950000000138
2017-07-11,0.11301299999999535,0.12103899999999645,0.11702599999999591
2017-07-12,0.11402900000000053,0.1264220000000007,0.12022550000000062
2017-07-13,0.11460500000001053,0.13781499999999886,0.1262100000000047
2017-07-14,0.09673800000000043,0.09191599999999779,0.0943269999999991
2017-07-17,0.09950000000000478,0.1098970000000022,0.1046985000000035
2017-07-18,0.0906519999999989,0.10195200000038525,0.09630200000019207
2017-07-19,0.08874100000000401,0.09736799999999939,0.0930545000000017
2017-07-20,0.10283999999999655,0.12787800000000113,0.11535899999999884
2017-07-21,0.08601800000000069,0.0818170000000015,0.08391750000000109
2017-07-24,0.10526299999997277,0.09868699999977906,0.10197499999987591
2017-07-25,0.1197579999998514,0.10656800000038481,0.11316300000011811
2017-07-26,0.08831599999999737,0.11601500000000438,0.10216550000000088
2017-07-27,0.07736300000023585,0.12394799999994216,0.10065550000008901
2017-07-28,0.10365199999999714,0.09733700000000221,0.10049449999999968
2017-07-31,0.13191299999999984,0.12329699999999755,0.1276049999999987
2017-08-01,0.12251899999998157,0.12256399999998055,0.12254149999998107
2017-08-02,0.12137200000000448,0.12389800000000452,0.12263500000000449
2017-08-03,0.09198199999999959,0.13794699999952442,0.11496449999976201
2017-08-04,0.09811000000000208,0.08629599999999868,0.09220300000000038
2017-08-07,0.10460799999999822,0.10317000000000043,0.10388899999999932
2017-08-08,0.10235099999996962,0.10789399999999622,0.10512249999998291
2017-08-09,0.10213399999999948,0.1042970000000031,0.10321550000000129
2017-08-10,0.11682300000001057,0.13638000000000183,0.1266015000000062
2017-08-11,0.11970099999999992,0.11338600000000096,0.11654350000000044
2017-08-14,0.09761400000000144,0.11180299999999972,0.10470850000000058
2017-08-15,0.09577999999999982,0.1063899999999998,0.10108499999999981
2017-08-16,0.08064900000032992,0.11132400000000053,0.09598650000016523
2017-08-17,0.1445309999999932,0.1264649999999984,0.1354979999999958
2017-08-18,0.10914200000000161,0.09984800000006044,0.10449500000003104
2017-08-21,0.1201670000000021,0.10958299999999556,0.11487499999999884
2017-08-22,0.09277799999955305,0.1115110000000007,0.10214449999977687
2017-08-23,0.09429999999969303,0.09951699999980626,0.09690849999974965
2017-08-24,0.09848200000000071,0.09999700000000164,0.09923950000000117
2017-08-25,0.08745900000029361,0.0846449999995478,0.0860519999999207
2017-08-28,0.09296299999999975,0.09878500000000384,0.09587400000000179
2017-08-29,0.10871199999963248,0.09594199999999864,0.10232699999981557
2017-08-30,0.08462900000000224,0.10224400000000083,0.09343650000000153
2017-08-31,0.08135299999999912,0.11789199999999528,0.0996224999999972
2017-09-01,0.07373599999999378,0.0727129999999934,0.07322449999999359
2017-09-05,0.10367500000000149,0.09616100000000025,0.09991800000000087
2017-09-06,0.0956739999999938,0.11191500000000255,0.10379449999999818
2017-09-07,0.11563999999999512,0.08955999999999595,0.10259999999999553
2017-09-08,0.07467100000024453,0.05965000000000071,0.06716050000012262
2017-09-11,0.07656999999990462,0.07869399999996382,0.07763199999993423
2017-09-12,0.08205899999969087,0.12591199999999933,0.1039854999998451
2017-09-13,0.06175299999999512,0.10758999999999998,0.08467149999999754
2017-09-14,0.6623339999997433,0.08338900000048433,0.3728615000001138
2017-09-15,0.08180799999953638,0.08865100000029935,0.08522949999991786
2017-09-18,0.11722799999999922,0.12043999999999838,0.1188339999999988
2017-09-19,0.13565300000000013,0.1202509999999997,0.12795199999999993
2017-09-20,0.1161550000000089,0.13205599999996234,0.12410549999998563
2017-09-21,0.10200700000000403,0.13944699999999902,0.12072700000000153
2017-09-22,0.11417399999999736,0.09876899999999715,0.10647149999999725
2017-09-25,0.11176599999991257,0.12215499999999467,0.11696049999995362
2017-09-26,0.12502900000007863,0.11189199999963417,0.1184604999998564
2017-09-27,0.13086600000001977,0.13302000000000935,0.13194300000001458
2017-09-28,0.12111399999999395,0.10861800000000431,0.11486599999999914
2017-09-29,0.10812999999999627,0.10433399999999955,0.10623199999999791
2017-10-02,0.11493699999955982,0.12041500000023149,0.11767599999989566
2017-10-03,0.11077800000011599,0.11863099999957169,0.11470449999984383
2017-10-04,0.12529199999992888,0.11161499999979994,0.1184534999998644
2017-10-05,0.11515899999999567,0.12117700000000026,0.11816799999999797
2017-10-06,0.10073999999999969,0.10118300000000263,0.10096150000000116
2017-10-09,0.11028199999996348,0.12451499999999299,0.11739849999997823
2017-10-10,0.12136199999998469,0.1291349999999883,0.1252484999999865
2017-10-11,0.12735500000000013,0.12276400000000463,0.12505950000000238
2017-10-12,0.10401800000000039,0.10556699999999886,0.10479249999999962
2017-10-13,0.1001740000001207,0.09393400000040895,0.09705400000026482
2017-10-16,0.10236200000016013,0.10542400000035315,0.10389300000025664
2017-10-17,0.10108400000000184,0.10110800000000615,0.10109600000000399
2017-10-18,0.11661500000001808,0.1082189999999929,0.11241700000000548
2017-10-19,0.08130500000000637,0.11009700000024325,0.09570100000012481
2017-10-20,0.09652300000000137,0.09966500000000021,0.09809400000000079
2017-10-23,0.1257020000000021,0.09781100000000874,0.11175650000000542
2017-10-24,0.12388299999999891,0.11135100000000002,0.11761699999999947
2017-10-25,0.1518419999999911,0.13437999999961803,0.14311099999980456
2017-10-26,0.1720290000000037,0.1493870000000043,0.16070800000000401
2017-10-27,0.12770200000032877,0.12608400000024148,0.12689300000028514
2017-10-30,0.16115100000000196,0.15113500000000038,0.15614300000000117
2017-10-31,0.1573030000000005,0.17017599999999916,0.16373949999999982
2017-11-01,0.16524199999999942,0.18976499999999805,0.17750349999999873
2017-11-02,0.17762300000000195,0.1704489999999983,0.17403600000000014
2017-11-03,0.11051300000000228,0.10889500000000103,0.10970400000000166
2017-11-06,0.10722900000045549,0.11027199999964106,0.10875050000004827
2017-11-07,0.12103900000000166,0.1160789999999986,0.11855900000000014
2017-11-08,0.10290799999999925,0.11213599999999954,0.1075219999999994
2017-11-09,0.10969699999999794,0.10021600000000495,0.10495650000000145
2017-11-10,0.10709100000000003,0.09642199999999942,0.10175649999999972
2017-11-13,0.12058600000000472,0.10609499999999855,0.11334050000000163
2017-11-14,0.13487500000000266,0.11772900000006974,0.1263020000000362
2017-11-15,0.14622500000002217,0.15754700000000582,0.151886000000014
2017-11-16,0.13094599999999723,0.1613240000000023,0.14613499999999977
2017-11-17,0.09167100000000046,0.08920200000000239,0.09043650000000142
2017-11-20,0.09635299999999625,0.0995480000000029,0.09795049999999958
2017-11-21,0.07452400000001334,0.07159300000014193,0.07305850000007763
2017-11-22,0.047622000000305885,0.05057900000021429,0.04910050000026009
2017-11-24,0.09198300000000091,0.09103299999999975,0.09150800000000034
2017-11-27,0.11380300000001682,0.09511900000049248,0.10446100000025466
2017-11-28,0.08129499999999953,0.10914400000006763,0.09521950000003358
2017-11-29,0.10175100000005621,0.11613100000000329,0.10894100000002975
2017-11-30,0.16498900000015496,0.15357899999959268,0.1592839999998738
2017-12-01,0.12121500000000003,0.11982899999999892,0.12052199999999948
2017-12-04,0.14484199999999864,0.14150500000000032,0.14317349999999948
2017-12-05,0.14393100000000122,0.1491219999999991,0.14652650000000017
2017-12-06,0.15260899999999902,0.14869300000000096,0.15065099999999998
2017-12-07,0.12413700000000732,0.15965299999999685,0.1418950000000021
2017-12-08,0.11616999999999941,0.09328499999999874,0.10472749999999909
2017-12-11,0.136361000000007,0.1638619999996146,0.1501114999998108
2017-12-12,0.15021399999998342,0.20625099999999674,0.17823249999999008
2017-12-13,0.1278450000000129,0.1850059999999979,0.15642550000000538
2017-12-14,0.06607299999996087,0.14417299999999705,0.10512299999997896
2017-12-15,0.11885899999999652,0.11152099999999633,0.11518999999999643
2017-12-18,0.12699099999999933,0.11736300000000172,0.12217700000000052
2017-12-19,0.1449359999999991,0.12468600000000081,0.13481099999999996
2017-12-20,0.15834999999998436,0.13220999999971964,0.145279999999852
2017-12-21,0.1421489999999971,0.16321199999999578,0.15268049999999644
2017-12-22,0.12147999999999227,0.114319999999988,0.11789999999999014
2017-12-26,0.15990600000003008,0.15244100000007305,0.15617350000005156
2017-12-27,0.146223000000001,0.1389280000000004,0.1425755000000007
2017-12-28,0.14821599999963075,0.12558999999999704,0.1369029999998139
2017-12-29,0.11476499999961266,0.10396500000000038,0.10936499999980652
2018-01-02,0.1435879999999989,0.1552939999999972,0.14944099999999805
2018-01-03,0.15495199999984854,0.12221800000000038,0.13858499999992446
2018-01-04,0.14718999999959337,0.17871400000000176,0.16295199999979756
2018-01-05,0.11505900000001185,0.11455900000001487,0.11480900000001336
2018-01-08,0.14412799999991616,0.12883499999999867,0.1364814999999574
2018-01-09,0.14853600000000114,0.14618899999999974,0.14736250000000045
2018-01-10,0.14844900000000366,0.1587049999999974,0.15357700000000052
2018-01-11,0.13023999999999664,0.1751499999999984,0.15269499999999753
2018-01-12,0.12334900000000054,0.12265299999999847,0.1230009999999995
2018-01-16,0.16311500000015516,0.1777110000000301,0.17041300000009263
2018-01-17,0.16605000000023729,0.16867200000033425,0.16736100000028575
2018-01-18,0.16726800000000192,0.16926599999999994,0.16826700000000094
2018-01-19,0.1440589999999972,0.13808000000000026,0.14106949999999874
2018-01-22,0.1650610000000006,0.15679600000000057,0.16092850000000058
2018-01-23,0.17589500000043023,0.1462270000000012,0.16106100000021573
2018-01-24,0.18744199999998323,0.165074000000176,0.17625800000007963
2018-01-25,0.17265600000000705,0.18861299999999886,0.18063450000000297
2018-01-26,0.14510699999989823,0.14137899999986744,0.14324299999988283
2018-01-29,0.18932400000000074,0.16436999999999885,0.1768469999999998
2018-01-30,0.195425000000001,0.1603020000000022,0.1778635000000016
2018-01-31,0.18741299999999883,0.16013400000000122,0.17377350000000003
2018-02-01,0.20294199999999663,0.19976199999999675,0.2013519999999967
2018-02-02,0.1652680000000005,0.15922700000000173,0.1622475000000011
2018-02-05,0.2761149999998901,0.2113789999999981,0.2437469999999441
2018-02-06,0.22652900000000248,0.2586699999999999,0.2425995000000012
2018-02-07,0.26837000000000283,0.24621999999999705,0.25729499999999994
2018-02-08,0.3255299999999997,0.3072070000000003,0.3163685
2018-02-09,0.2204569999999171,0.21933699999991507,0.21989699999991608
2018-02-12,0.23736899999982977,0.24598599999987555,0.24167749999985266
2018-02-13,0.24370299999999814,0.22421100000000185,0.233957
2018-02-14,0.2690949999999981,0.22964400000000113,0.2493694999999996
2018-02-15,0.1941159999998387,0.2064139999999844,0.20026499999991154
2018-02-16,0.16989299999999863,0.13842999999999986,0.15416149999999923
2018-02-20,0.21614499999999914,0.18304099999999612,0.19959299999999763
2018-02-21,0.23241600000017726,0.18884399999999643,0.21063000000008686
2018-02-22,0.16759200000000918,0.20408299999999782,0.18583750000000349
2018-02-23,0.14690900000000076,0.14636900000000305,0.1466390000000019
2018-02-26,0.17028700000000108,0.1888550000001693,0.1795710000000852
2018-02-27,0.21816399999999955,0.18484899999999982,0.2015064999999997
2018-02-28,0.22930599999999743,0.19040099999999924,0.20985349999999833
2018-03-01,0.23663699999999954,0.2139409999999989,0.22528899999999924
2018-03-02,0.18312999999999802,0.18238499999999794,0.18275749999999796
2018-03-05,0.18465899999976937,0.19079199999983174,0.18772549999980054
2018-03-06,0.17891599999999944,0.2082649999999975,0.19359049999999847
2018-03-07,0.21837999999999766,0.20360799999999876,0.2109939999999982
2018-03-08,0.17958000000000232,0.22993800000000533,0.20475900000000383
2018-03-09,0.13266800000000073,0.1220399999999985,0.1273539999999996
2018-03-12,0.1660300000000031,0.17461500000000044,0.17032250000000176
2018-03-13,0.14264199999993776,0.1552080000000013,0.14892499999996953
2018-03-14,0.12150800000000628,0.18100499999995293,0.1512564999999796
2018-03-15,0.09247399999999749,0.15475699999999976,0.12361549999999863
2018-03-16,0.1549529999999993,0.12127899999999904,0.13811599999999918
2018-03-19,0.18920599999983606,0.1742369999996526,0.18172149999974432
2018-03-20,0.18981400000000148,0.1851109999999995,0.18746250000000048
2018-03-21,0.19630300000000153,0.16515899999999786,0.1807309999999997
2018-03-22,0.19923100000000005,0.1520870000000107,0.1756590000000054
2018-03-23,0.17623599999999628,0.15764799999999995,0.16694199999999812
2018-03-26,0.18700199999999917,0.17402700000000237,0.18051450000000077
2018-03-27,0.19486899999999738,0.1697529999999888,0.1823109999999931
2018-03-28,0.20250499999999683,0.1728470000000094,0.18767600000000312
2018-03-29,0.14573299999998582,0.14190799999998008,0.14382049999998295
2018-04-02,0.19889299999999754,0.20582299999999867,0.2023579999999981
2018-04-03,0.1941170000001142,0.17547999999978228,0.18479849999994824
2018-04-04,0.19193000000000177,0.17141099999999837,0.18167050000000007
2018-04-05,0.1894869999999294,0.1817379999997494,0.18561249999983942
2018-04-06,0.16530499999980627,0.14772500000041996,0.15651500000011312
2018-04-09,0.1730039999999977,0.17503699999999833,0.17402049999999802
2018-04-10,0.18329100000000054,0.17319300000000606,0.1782420000000033
2018-04-11,0.1802720000000022,0.16641900000000276,0.17334550000000248
2018-04-12,0.1838330000001236,0.1909990000000574,0.1874160000000905
2018-04-13,0.13784600000005034,0.13491500000007564,0.136380500000063
2018-04-16,0.1494129999999993,0.15854999999999742,0.15398149999999836
2018-04-17,0.15251000000000142,0.15089200000000014,0.15170100000000078
2018-04-18,0.15525099999995018,0.14423600000048506,0.14974350000021763
2018-04-19,0.14664999999999734,0.19242399999999577,0.16953699999999655
2018-04-20,0.13857200000001066,0.13937000000000746,0.13897100000000906
2018-04-23,0.1465400000000941,0.16064000000001932,0.1535900000000567
2018-04-24,0.1628790000000039,0.17806700000031184,0.17047300000015786
2018-04-25,0.1403729999999506,0.1788539999999992,0.1596134999999749
2018-04-26,0.16626200000000813,0.15322000000000527,0.15974100000000668
2018-04-27,0.14067400000044245,0.1287270000000007,0.13470050000022157
2018-04-30,0.15746399999999902,0.15725800000000056,0.1573609999999998
2018-05-01,0.1498389999999976,0.16179299999999947,0.15581599999999854
2018-05-02,0.14141999999999996,0.16834999999969094,0.15488499999984545
2018-05-03,0.16061900000000348,0.1630200000000078,0.16181950000000564
2018-05-04,0.1322699999999992,0.13118899999999906,0.1317294999999991
2018-05-07,0.1570770000000034,0.1568999999999995,0.15698850000000147
2018-05-08,0.16101599999995123,0.19807599999999298,0.17954599999997212
2018-05-09,0.18014700000000633,0.17643700000000695,0.17829200000000664
2018-05-10,0.14304000000000144,0.1922619999996728,0.16765099999983712
2018-05-11,0.12988800000000086,0.1282049999999988,0.12904649999999984
2018-05-14,0.13577099999999917,0.16264799999999902,0.1492094999999991
2018-05-15,0.17397000000000104,0.16630400000000115,0.1701370000000011
2018-05-16,0.13863399999962372,0.15580100000006575,0.14721749999984474
2018-05-17,0.15019199999992094,0.1426229999998746,0.14640749999989777
2018-05-18,0.12991100000048544,0.12836700000025533,0.12913900000037037
2018-05-21,0.148246999999997,0.14786199999999616,0.1480544999999966
2018-05-22,0.15084900000000062,0.10956099999999801,0.13020499999999932
2018-05-23,0.15401400000035947,0.12923699999999916,0.14162550000017932
2018-05-24,0.12454099999994225,0.16081699999999974,0.142678999999971
2018-05-25,0.10374599999999955,0.10759500000000012,0.10567049999999983
2018-05-29,0.16222300000000112,0.141422000000002,0.15182250000000155
2018-05-30,0.12930900000000467,0.13918000000000325,0.13424450000000396
2018-05-31,0.16314499999999404,0.1324909999999956,0.14781799999999484
2018-06-01,0.12795100000000023,0.12599099999999844,0.12697099999999933
2018-06-04,0.13482999999999945,0.12435300000000388,0.12959150000000166
2018-06-05,0.12855600000000214,0.12681900000000276,0.12768750000000245
2018-06-06,0.1659640000001612,0.1548289999996022,0.1603964999998817
2018-06-07,0.17091200000001008,0.20614899999999756,0.18853050000000382
2018-06-08,0.1434070000001628,0.13356399999963497,0.1384854999998989
2018-06-11,0.14958099999999752,0.21128899999999742,0.18043499999999746
2018-06-12,0.15719399999957712,0.17376800000008755,0.16548099999983235
2018-06-13,0.12543799999963198,0.21227099999999668,0.16885449999981433
2018-06-14,0.5426950000000021,0.16322499999999643,0.3529599999999993
2018-06-15,0.13991999999953542,0.13755700000045223,0.13873849999999383
2018-06-18,0.16376900000000036,0.16897600000000054,0.16637250000000045
2018-06-19,0.17444900000000202,0.16186699999999907,0.16815800000000053
2018-06-20,0.18322299999997657,0.1870449999999859,0.18513399999998123
2018-06-21,0.17032800000031717,0.17285900000024365,0.1715935000002804
2018-06-22,0.13015500000000071,0.12954599999999822,0.12985049999999948
2018-06-25,0.18689699999999945,0.17796499999999882,0.18243099999999912
2018-06-26,0.16034200000015655,0.1839670000000103,0.17215450000008342
2018-06-27,0.18884699999999738,0.13962200000000338,0.1642345000000004
2018-06-28,0.1588400000000017,0.194637999999554,0.17673899999977785
2018-06-29,0.11434999999999801,0.11165499999999953,0.11300249999999877
2018-07-02,0.1265789999996116,0.11745799999999738,0.12201849999980449
2018-07-03,0.12149200000000028,0.14950599999999653,0.1354989999999984
2018-07-05,0.1517260000003083,0.1752539999999949,0.16349000000015163
2018-07-06,0.14305100000000412,0.12436100000007068,0.1337060000000374
2018-07-09,0.18782199999998395,0.19046199999998528,0.1891419999999846
2018-07-10,0.16508999999999152,0.1747159999999972,0.16990299999999436
2018-07-11,0.1852230000000217,0.1500159999997432,0.16761949999988246
2018-07-12,0.13953099999999677,0.1786200000000013,0.15907549999999904
2018-07-13,0.14279799999973042,0.13209300000042887,0.13744550000007966
2018-07-16,0.1661739999999979,0.157420999999907,0.16179749999995247
2018-07-17,0.15031000000040573,0.1492800000003697,0.1497950000003877
2018-07-18,0.16340700000000172,0.15351799999999338,0.15846249999999756
2018-07-19,0.18515100000000495,0.1490219999999998,0.16708650000000236
2018-07-20,0.13041600000003953,0.12982900000004358,0.13012250000004155
2018-07-23,0.16976299999999805,0.1469140000000005,0.15833849999999927
2018-07-24,0.18224399999999905,0.16783400000000026,0.17503899999999967
2018-07-25,0.14644999999999803,0.19179599999997698,0.1691229999999875
2018-07-26,0.17108300000000193,0.13880499999999818,0.15494400000000005
2018-07-27,0.13898600000000025,0.13916999999999832,0.13907799999999929
2018-07-30,0.16590000000001195,0.15220200000005657,0.15905100000003425
2018-07-31,0.1837719999998376,0.11162399999963922,0.1476979999997384
2018-08-01,0.18496400000000093,0.14314600000000266,0.16405500000000178
2018-08-02,0.18784700000000298,0.17064399999999766,0.17924550000000034
2018-08-03,0.12447700000002074,0.12428300000002275,0.12438000000002175
2018-08-06,0.12916800000007345,0.13407900000003717,0.1316235000000553
2018-08-07,0.1316069999998714,0.1332109999999106,0.132408999999891
2018-08-08,0.13870599999999983,0.1357930000000018,0.1372495000000008
2018-08-09,0.13841899999999807,0.1621630000000053,0.15029100000000167
2018-08-10,0.1331950000000002,0.12771799999999928,0.13045649999999975
2018-08-13,0.14131999999999978,0.14175799999999894,0.14153899999999936
2018-08-14,0.14674700000000646,0.13506399999999583,0.14090550000000113
2018-08-15,0.1536860000000018,0.140938000000003,0.14731200000000239
2018-08-16,0.14162500000000638,0.1393809999999966,0.1405030000000015
2018-08-17,0.11633299999997668,0.1158859999999745,0.11610949999997558
2018-08-20,0.13088400000014064,0.1448040000000202,0.1378440000000804
2018-08-21,0.13567699999999902,0.13735799999999834,0.13651749999999868
2018-08-22,0.13052999999999804,0.14991800000000072,0.14022399999999938
2018-08-23,0.13743399999999986,0.14438899999999902,0.14091149999999944
2018-08-24,0.11609499999999864,0.11586000000000031,0.11597749999999948
2018-08-27,0.12633400000000075,0.13350499999999896,0.12991949999999985
2018-08-28,0.13101799999999775,0.12991000000000127,0.13046399999999952
2018-08-29,0.10475899999999698,0.12242400000022848,0.11359150000011273
2018-08-30,0.12589999999982307,0.1289030000002003,0.12740150000001169
2018-08-31,0.10297399999999961,0.10674799999999739,0.1048609999999985
2018-09-04,0.14558999999999145,0.13934599999999847,0.14246799999999496
2018-09-05,0.1439860000003242,0.12877900000000334,0.13638250000016378
2018-09-06,0.12236599999998919,0.1509760000000092,0.13667099999999918
2018-09-07,0.1362830000000007,0.12433099999999972,0.13030700000000023
2018-09-10,0.1499299999999988,0.13483500000000215,0.14238250000000047
2018-09-11,0.15628999999999457,0.15820000000000106,0.1572449999999978
2018-09-12,0.14084299999999636,0.15445400000000079,0.14764849999999857
2018-09-13,0.13074799999998868,0.13787299999999728,0.13431049999999298
2018-09-14,0.10211599999952913,0.09586699999999845,0.09899149999976378
2018-09-17,0.10463100000000064,0.1423959999999931,0.12351349999999688
2018-09-18,0.10457300000015662,0.12757200000000038,0.1160725000000785
2018-09-19,0.11693300000000328,0.12982699999999653,0.1233799999999999
2018-09-20,0.0660549999999968,0.1590789999999914,0.11256699999999409
2018-09-21,0.13349700000000211,0.13382499999999956,0.13366100000000083
2018-09-24,0.16704499999999997,0.16330799999999845,0.16517649999999923
2018-09-25,0.17128699999999922,0.15984299999999954,0.16556499999999938
2018-09-26,0.17553000000006866,0.1693230000001298,0.17242650000009924
2018-09-27,0.15967899999999938,0.13380400000000267,0.14674150000000102
2018-09-28,0.1343070000000037,0.13348100000000304,0.13389400000000337
2018-10-01,0.16356300000000035,0.137162999999998,0.1503629999999992
2018-10-02,0.17800100000043736,0.14009700000000164,0.1590490000002195
2018-10-03,0.18452399999999983,0.20464800000009867,0.19458600000004925
2018-10-04,0.20119799999999788,0.20406000000000066,0.20262899999999928
2018-10-05,0.17743899999999985,0.1695739999999992,0.1735064999999995
2018-10-08,0.1868900000000013,0.20807600000000104,0.19748300000000119
2018-10-09,0.17884000000026384,0.17849500000026883,0.17866750000026632
2018-10-10,0.26443600000017514,0.2495730000002022,0.25700450000018865
2018-10-11,0.2514540000000006,0.263300000000001,0.2573770000000008
2018-10-12,0.20113200000000134,0.17255099999999934,0.18684150000000033
2018-10-15,0.21004100000000833,0.19285300000005176,0.20144700000003005
2018-10-16,0.17270200000000066,0.18027399999999688,0.17648799999999876
2018-10-17,0.1930100000001145,0.16798399999999755,0.18049700000005603
2018-10-18,0.21487800000000065,0.21796500000002608,0.21642150000001337
2018-10-19,0.16161900000000026,0.15571300000000113,0.1586660000000007
2018-10-22,0.20086400000010496,0.18401399999953713,0.19243899999982106
2018-10-23,0.1864990000000002,0.18619200000000116,0.18634550000000066
2018-10-24,0.2555729999999672,0.26284099999956806,0.2592069999997676
2018-10-25,0.2273280000000541,0.21669400000013486,0.2220110000000945
2018-10-26,0.19045500000000054,0.19388600000000292,0.19217050000000174
2018-10-29,0.2261690000000015,0.21181400000000117,0.21899150000000134
2018-10-30,0.2031930000000032,0.20292300000000377,0.20305800000000349
2018-10-31,0.23277600000026477,0.2207129999997213,0.22674449999999302
2018-11-01,0.17235200000000078,0.26499600000000084,0.2186740000000008
2018-11-02,0.1766570000000012,0.18460499999999824,0.1806309999999997
2018-11-05,0.17615700000000042,0.21735699999999947,0.19675699999999996
2018-11-06,0.20052599999999923,0.1686240000000049,0.18457500000000207
2018-11-07,0.1806900000000039,0.13136900000015406,0.15602950000007898
2018-11-08,0.13712100000000538,0.17888400000000257,0.158002500000004
2018-11-09,0.1420599999999986,0.13446200000000164,0.13826100000000013
2018-11-12,0.15631200000000117,0.18174300000000063,0.16902750000000089
2018-11-13,0.1700280000000009,0.1547320000000006,0.16238000000000075
2018-11-14,0.18742100000000525,0.19448400000027108,0.19095250000013816
2018-11-15,0.1614240000000013,0.1865570000000015,0.17399050000000138
2018-11-16,0.12829500000000077,0.13520299999999985,0.1317490000000003
2018-11-19,0.1452630000000023,0.15317599999999917,0.14921950000000073
2018-11-20,0.14451700000000064,0.12897399999999942,0.13674550000000002
2018-11-21,0.0892940000000044,0.09342799999978232,0.09136099999989336
2018-11-23,0.17437099999999794,0.16332699999999922,0.16884899999999858
2018-11-26,0.16602800000034396,0.18702199999978153,0.17652500000006274
2018-11-27,0.1658850000000069,0.14767500000007575,0.15678000000004133
2018-11-28,0.15085199999999666,0.16458299999999446,0.15771749999999557
2018-11-29,0.15010499999999427,0.1381350000000315,0.1441200000000129
2018-11-30,0.13707800000000023,0.13634799999999997,0.13671300000000008
2018-12-03,0.11100800000000388,0.13652900000007603,0.12376850000003996
2018-12-04,0.15003600000000228,0.1576910000000009,0.1538635000000016
2018-12-06,0.13894499999999135,0.20072799999999874,0.16983649999999506
2018-12-07,0.15657700000024405,0.1572760000003045,0.15692650000027428
2018-12-10,0.19563099999999883,0.17363599999999912,0.18463349999999898
2018-12-11,0.18082900000007987,0.18070200000007514,0.18076550000007752
2018-12-12,0.20741300000000013,0.15726000000000065,0.1823365000000004
2018-12-13,0.18631399999999687,0.14676700000000723,0.16654050000000203
2018-12-14,0.13644200000000167,0.1346970000000023,0.13556950000000198
2018-12-17,0.23072800000000132,0.2763410000000002,0.2535345000000008
2018-12-18,0.28062699999999857,0.26991299999999735,0.27526999999999796
2018-12-19,0.21417399999994663,0.2243159999999701,0.21924499999995836
2018-12-20,0.1118669999999978,0.3449000000000855,0.22838350000004165
2018-12-21,0.18587999999999963,0.15488200000000182,0.17038100000000073
2018-12-24,0.28225899999988197,0.2721119999998302,0.2771854999998561
2018-12-26,0.2921990000001465,0.24016700000000102,0.2661830000000738
2018-12-27,0.26114299999999796,0.2738470000000032,0.2674950000000006
2018-12-28,0.21036900000000097,0.20806499999999845,0.2092169999999997
2018-12-31,0.18406500000000015,0.2512809999999045,0.21767299999995232
2019-01-02,0.2125629999999994,0.25271300000000113,0.23263800000000026
2019-01-03,0.32992400000010325,0.20405299999987234,0.2669884999999878
2019-01-04,0.18288599999999933,0.183594000000002,0.18324000000000068
2019-01-07,0.23378900000013428,0.2169700000000024,0.22537950000006834
2019-01-08,0.2209490000000015,0.19489300000000043,0.20792100000000097
2019-01-09,0.206906000000002,0.23162600000000033,0.21926600000000118
2019-01-10,0.20754099999999756,0.15636400000000047,0.18195249999999902
2019-01-11,0.1776130000000275,0.1802470000000185,0.17893000000002302
2019-01-14,0.2107379999999906,0.21680099999999414,0.21376949999999237
2019-01-15,0.2307710000000025,0.20145700000001934,0.2161140000000109
2019-01-16,0.18659800000000562,0.19090600000001004,0.18875200000000783
2019-01-17,0.15806700000002766,0.19327299999999756,0.1756700000000126
2019-01-18,0.13504699999999858,0.13717299999999988,0.13610999999999923
2019-01-22,0.16613299999999914,0.20958100000000082,0.187857
2019-01-23,0.16513799999999595,0.16953599999999563,0.1673369999999958
2019-01-24,0.19208400000000408,0.16839100000000048,0.18023750000000227
2019-01-25,0.1462999999999997,0.14988300000000118,0.14809150000000043
2019-01-28,0.16996999999999943,0.18515199999999876,0.17756099999999908
2019-01-29,0.15928700000000082,0.18112299999999937,0.1702050000000001
2019-01-30,0.15834200000033202,0.1757300000000467,0.16703600000018937
2019-01-31,0.2187040000003744,0.07143299999999635,0.14506850000018537
2019-02-01,0.1278089999999996,0.12756499999999982,0.12768699999999972
2019-02-04,0.1479280000000051,0.1541620000000047,0.15104500000000493
2019-02-05,0.1446569999998595,0.1557619999999911,0.1502094999999253
2019-02-06,0.14174900000000862,0.15647199999989356,0.14911049999995107
2019-02-07,0.122045999999999,0.1773560000000072,0.1497010000000031
2019-02-08,0.12862400000007476,0.12969000000006134,0.12915700000006805
2019-02-11,0.1466910000000747,0.1485640000000627,0.1476275000000687
2019-02-12,0.13759699999999844,0.14549200000000168,0.14154450000000007
2019-02-13,0.14316200000000145,0.14766199999962845,0.14541199999981497
2019-02-14,0.14424899999999588,0.13867099999999977,0.1414599999999978
2019-02-15,0.11411999999999872,0.11593799999999731,0.11502899999999802
2019-02-19,0.14000200000000312,0.1279699999999994,0.13398600000000127
2019-02-20,0.13630199999992307,0.1375209999999434,0.13691149999993324
2019-02-21,0.14765099999999912,0.14168500000000592,0.14466800000000252
2019-02-22,0.11722399999999983,0.11420299999999918,0.1157134999999995
2019-02-25,0.14325699999973637,0.12999600000000083,0.1366264999998686
2019-02-26,0.13945300000000185,0.12996700000000755,0.13471000000000471
2019-02-27,0.15279500000000162,0.13226199999998858,0.14252849999999512
2019-02-28,0.14953899999999348,0.11476299999997439,0.13215099999998392
2019-03-01,0.10473700000001027,0.10578700000000886,0.10526200000000957
2019-03-04,0.12205599999999665,0.13736300000000004,0.12970949999999834
2019-03-05,0.14855600000044172,0.1191149999999987,0.1338355000002202
2019-03-06,0.15280000000000438,0.11709499999999164,0.134947499999998
2019-03-07,0.13571599999989328,0.1432799999999841,0.13949799999993867
2019-03-08,0.11290900000000167,0.10268099999999969,0.10779500000000068
2019-03-11,0.1081579999999959,0.11651399999999784,0.11233599999999687
2019-03-12,0.09139800000000171,0.14663900000000069,0.11901850000000119
2019-03-13,0.09474400000000116,0.13927799999999868,0.11701099999999992
2019-03-14,0.03723500000000341,0.20728900000000317,0.12226200000000328
2019-03-15,0.11244900000000015,0.1183300000004366,0.11538950000021837
2019-03-18,0.13718600000000103,0.13290100000000246,0.13504350000000176
2019-03-19,0.14986099999976346,0.1477159999999985,0.14878849999988097
2019-03-20,0.16250999999990726,0.1255000000000934,0.14400500000000033
2019-03-21,0.14071299999999454,0.1354620000000055,0.13808750000000003
2019-03-22,0.12577299999987152,0.1259269999998821,0.1258499999998768
2019-03-25,0.1520190000003265,0.1417220000000006,0.14687050000016355
2019-03-26,0.13307799999998576,0.13830999999999355,0.13569399999998966
2019-03-27,0.14176500000000095,0.16063200000000058,0.15119850000000076
2019-03-28,0.15737900000000277,0.19039299999999593,0.17388599999999935
2019-03-29,0.1258280000000175,0.1182300000000614,0.12202900000003945
2019-04-01,0.15619899999962203,0.12596699999999572,0.1410829999998089
2019-04-02,0.11595899999957049,0.11632599999953738,0.11614249999955394
2019-04-03,0.11703700000000258,0.12478199999999351,0.12090949999999805
2019-04-04,0.18029100000000198,0.17920199999999994,0.17974650000000097
2019-04-05,0.1036850000000004,0.10241800000000006,0.10305150000000024
2019-04-08,0.12308499999999985,0.11653499999999868,0.11980999999999926
2019-04-09,0.11008799999999778,0.11784000000000001,0.1139639999999989
2019-04-10,0.10603399999996622,0.15354399999999815,0.1297889999999822
2019-04-11,0.11672300000000352,0.11557500000000316,0.11614900000000333
2019-04-12,0.10474600000000409,0.10545300000000109,0.1050995000000026
2019-04-15,0.10632299999960025,0.11965599999999015,0.1129894999997952
2019-04-16,0.1272839999999988,0.158096999999997,0.1426904999999979
2019-04-17,0.15401799999999863,0.11775099999987214,0.13588449999993538
2019-04-18,0.11149200000001051,0.10640500000002732,0.10894850000001892
2019-04-22,0.14352500000000082,0.1346340000000001,0.13907950000000047
2019-04-23,0.12602600000000064,0.11910800000000378,0.1225670000000022
2019-04-24,0.12455100000000009,0.10305100000000028,0.11380100000000018
2019-04-25,0.14279699999998968,0.10454899999995743,0.12367299999997355
2019-04-26,0.106831,0.10715600000000058,0.1069935000000003
2019-04-29,0.13229200000000124,0.11895900000000151,0.1256255000000014
2019-04-30,0.12725399999999423,0.12048799999997999,0.1238709999999871
2019-05-01,0.1438610000000235,0.13941700000003782,0.14163900000003066
2019-05-02,0.13869099999998424,0.16650999999999494,0.1526004999999896
2019-05-03,0.10361400000005876,0.09243499999951307,0.09802449999978591
2019-05-06,0.12480300000001791,0.13291600000010767,0.1288595000000628
2019-05-07,0.13578399999999838,0.14845900000000192,0.14212150000000015
2019-05-08,0.1610530000000026,0.16533799999999965,0.16319550000000113
2019-05-09,0.19504700000000208,0.16425299999999893,0.1796500000000005
2019-05-10,0.11809700000023772,0.12371400000000153,0.12090550000011963
2019-05-13,0.17818599999999668,0.14110399999999876,0.1596449999999977
2019-05-14,0.14206200000000402,0.15246700000000105,0.14726450000000252
2019-05-15,0.13588700000000173,0.11950800000001856,0.12769750000001015
2019-05-16,0.10881899999988145,0.10362099999982008,0.10621999999985077
2019-05-17,0.11479200000006332,0.1085080000001844,0.11165000000012386
2019-05-20,0.14372799999999933,0.106429000000014,0.12507850000000667
2019-05-21,0.12610599999999733,0.12661999999999765,0.1263629999999975
2019-05-22,0.12450800000000141,0.09985600000001366,0.11218200000000753
2019-05-23,0.09929899999999793,0.1227950000000388,0.11104700000001837
2019-05-24,0.09276200000000635,0.09937299999999989,0.09606750000000312
2019-05-28,0.15700999999999898,0.11436499999953734,0.13568749999976815
2019-05-29,0.1571869999999941,0.14976299999999873,0.15347499999999642
2019-05-30,0.13868999999998452,0.17064299999999658,0.15466649999999055
2019-05-31,0.1298620000000029,0.12533800000000073,0.12760000000000182
2019-06-03,0.1553720000000017,0.13036100000002357,0.14286650000001264
2019-06-04,0.15071500000000163,0.13691800000000204,0.14381650000000185
2019-06-05,0.17214300000002983,0.14773999999955628,0.15994149999979307
2019-06-06,0.15269099999999847,0.16362600000000344,0.15815850000000095
2019-06-07,0.14471999999999938,0.14207299999999906,0.1433964999999992
2019-06-10,0.1736919999999969,0.15947000000000167,0.16658099999999929
2019-06-11,0.15348100000000212,0.17063900000028298,0.16206000000014253
2019-06-12,0.15780399999999986,0.17342400000000063,0.16561400000000026
2019-06-13,0.10159299999969731,0.18352099999999422,0.14255699999984578
2019-06-14,0.1294500000000012,0.13052000000000075,0.12998500000000096
2019-06-17,0.1411520000000036,0.20177400000000031,0.17146300000000197
2019-06-18,0.15211599999999859,0.17401299999999958,0.16306449999999909
2019-06-19,0.1388539999997217,0.08395199999964185,0.11140299999968178
2019-06-20,0.09971599999999324,0.1316150000000031,0.11566549999999817
2019-06-21,0.14273400000000272,0.132771999999999,0.13775300000000085
2019-06-24,0.14790800000000037,0.15782300000000113,0.15286550000000076
2019-06-25,0.1592200000000003,0.14830800000001218,0.15376400000000623
2019-06-26,0.17289799999981206,0.15959399999999638,0.16624599999990422
2019-06-27,0.15649400000005118,0.1553990000000652,0.1559465000000582
2019-06-28,0.12814899999999735,0.12080900000000035,0.12447899999999884
2019-07-01,0.12563799999996123,0.12758799999996637,0.12661299999996378
2019-07-02,0.09579899999953836,0.130069999999998,0.11293449999976818
2019-07-03,0.14620300000000244,0.13898799999996178,0.1425954999999821
2019-07-05,0.1157700000000946,0.12300800000003076,0.11938900000006268
2019-07-08,0.13628599999999697,0.15239200000037734,0.14433900000018715
2019-07-09,0.1471840000000043,0.1592710000000013,0.1532275000000028
2019-07-10,0.1476530000000029,0.14635399999999688,0.1470034999999999
2019-07-11,0.12394099999999648,0.17407399999999879,0.14900749999999763
2019-07-12,0.11724099999999915,0.11017899999999976,0.11370999999999945
2019-07-15,0.11680500000000632,0.13272200000000073,0.12476350000000352
2019-07-16,0.11834999999999934,0.1212480000000001,0.11979899999999973
2019-07-17,0.16532800000000186,0.10965300000000291,0.1374905000000024
2019-07-18,0.13496000000003602,0.13823100000001345,0.13659550000002474
2019-07-19,0.1270530000000022,0.1152499999999985,0.12115150000000036
2019-07-22,0.12156299999999585,0.1258989999999993,0.12373099999999757
2019-07-23,0.13594600000000492,0.1081620000003089,0.12205400000015691
2019-07-24,0.10345400000000349,0.12194800000000201,0.11270100000000274
2019-07-25,0.09364800000010357,0.16864100000000268,0.13114450000005312
2019-07-26,0.12446099999999997,0.12728900000000082,0.1258750000000004
2019-07-29,0.14036000000034332,0.14801400000012824,0.14418700000023577
2019-07-30,0.1492070000000414,0.17278500000000122,0.1609960000000213
2019-07-31,0.18808799999999765,0.1806050000000001,0.18434649999999886
2019-08-01,0.19077200000000236,0.17711900000000094,0.18394550000000165
2019-08-02,0.12289700000000306,0.1249660000000011,0.12393150000000208
2019-08-05,0.1777890000000029,0.1647770000000244,0.17128300000001365
2019-08-06,0.1747339999999736,0.15178799999989873,0.16326099999993615
2019-08-07,0.2394420000000096,0.15690000000000162,0.1981710000000056
2019-08-08,0.12968599999999297,0.13257500000000436,0.13113049999999865
2019-08-09,0.12037699999999948,0.11995200000000027,0.12016449999999987
2019-08-12,0.14591299999999985,0.1370779999999957,0.14149549999999778
2019-08-13,0.13344999999999807,0.13345000000000187,0.13344999999999996
2019-08-14,0.19457900000000017,0.16659499999999433,0.18058699999999725
2019-08-15,0.21706199999999778,0.15654599999999544,0.1868039999999966
2019-08-16,0.13468300000000138,0.13651299999999983,0.1355980000000006
2019-08-19,0.13233100000000042,0.13168599999999844,0.13200849999999942
2019-08-20,0.13510899999999962,0.15606600000009974,0.14558750000004966
2019-08-21,0.1441150000000002,0.15625799999999918,0.15018649999999967
2019-08-22,0.15833799999999398,0.16918300000000094,0.16376049999999748
2019-08-23,0.14109599999999953,0.15078399999999828,0.1459399999999989
2019-08-26,0.13821399999953382,0.1575990000000445,0.14790649999978916
2019-08-27,0.14662899999976048,0.1399229999999975,0.143275999999879
2019-08-28,0.15053800000004605,0.14055700000016552,0.1455475000001058
2019-08-29,0.14276700000000542,0.13780199999999843,0.14028450000000192
2019-08-30,0.11864100000000344,0.11853299999999845,0.11858700000000094
2019-09-03,0.14555399999999843,0.16823900000010444,0.15689650000005145
2019-09-04,0.1730609999999945,0.1603129999999863,0.1666869999999904
2019-09-05,0.17608099999999888,0.19791199999999828,0.18699649999999857
2019-09-06,0.1243330000000003,0.11092200000000169,0.117627500000001
2019-09-09,0.14465199999999773,0.1346929999999996,0.13967249999999864
2019-09-10,0.13142100000000195,0.15393299999999815,0.14267700000000005
2019-09-11,0.09218499999999881,0.16497099999999892,0.12857799999999886
2019-09-12,0.12582699999958527,0.16043999999999206,0.14313349999978867
2019-09-13,0.11882499999999947,0.12403799999999911,0.12143149999999929
2019-09-16,0.12017700000024328,0.1437619999996818,0.13196949999996255
2019-09-17,0.11264899999999879,0.13568099999999989,0.12416499999999933
2019-09-18,0.09042699999999648,0.13757400000000747,0.11400050000000198
2019-09-19,0.04153700000028596,0.08367499999999896,0.06260600000014246
2019-09-20,0.10633600000000017,0.09417100000000099,0.10025350000000058
2019-09-23,0.12563999999999878,0.10398000000000053,0.11480999999999966
2019-09-24,0.1392059999999991,0.13698500000000347,0.1380955000000013
2019-09-25,0.12772799999999884,0.1259730000000035,0.12685050000000117
2019-09-26,0.12993599999999605,0.13610599999999584,0.13302099999999595
2019-09-27,0.11799500000008686,0.11935500000007089,0.11867500000007888
2019-09-30,0.13303300000000184,0.12849399999999958,0.1307635000000007
2019-10-01,0.11868300000000022,0.14233700000000118,0.1305100000000007
2019-10-02,0.17747199999999833,0.1865829999999995,0.1820274999999989
2019-10-03,0.13276100000000132,0.2003080000000113,0.1665345000000063
2019-10-04,0.1328160000000022,0.1120300000000695,0.12242300000003586
2019-10-07,0.1774559999999996,0.1395029999999969,0.15847949999999825
2019-10-08,0.1768460000000016,0.15273699999999651,0.16479149999999906
2019-10-09,0.16782400000000125,0.1631179999999981,0.16547099999999967
2019-10-10,0.15562300000000104,0.1659709999999971,0.16079699999999908
2019-10-11,0.1267529999998871,0.12583499999987824,0.12629399999988267
2019-10-14,0.1162419999999984,0.12471999999999933,0.12048099999999887
2019-10-15,0.12477500000000065,0.11075900000000152,0.11776700000000109
2019-10-16,0.1313069999999996,0.11319700000000088,0.12225200000000024
2019-10-17,0.13775100000000906,0.11679600000000188,0.12727350000000548
2019-10-18,0.10860600000000122,0.09597500000000801,0.10229050000000461
2019-10-21,0.09961900000000357,0.10432900000000059,0.10197400000000208
2019-10-22,0.09974200000000082,0.08816699999999839,0.09395449999999961
2019-10-23,0.08995500000000158,0.10414200000014304,0.09704850000007231
2019-10-24,0.09990699999999997,0.0610020000000099,0.08045450000000494
2019-10-25,0.11079300000000607,0.10252500000002411,0.10665900000001509
2019-10-28,0.12991399999999761,0.11873900000000012,0.12432649999999887
2019-10-29,0.12164200000022615,0.1119660000000029,0.11680400000011452
2019-10-30,0.10779600000001079,0.11079600000000417,0.10929600000000747
2019-10-31,0.12195699999999222,0.15902700000000614,0.14049199999999917
2019-11-01,0.09941900000000067,0.09748500000000125,0.09845200000000096
2019-11-04,0.12382000000000067,0.12011200000000012,0.1219660000000004
2019-11-05,0.15114200000000463,0.13462300000000016,0.1428825000000024
2019-11-06,0.11876400000000313,0.12719999999962703,0.12298199999981507
2019-11-07,0.1340240000000008,0.13221099999999844,0.1331174999999996
2019-11-08,0.09668799999999987,0.09638899999999809,0.09653849999999897
2019-11-11,0.11920999999999966,0.13507499999999958,0.12714249999999963
2019-11-12,0.11492099999997112,0.1139239999999674,0.11442249999996926
2019-11-13,0.114203999999997,0.10885400000000355,0.11152900000000027
2019-11-14,0.12422299999957703,0.10986899999999465,0.11704599999978585
2019-11-15,0.08890300000000084,0.09076099999999976,0.0898320000000003
2019-11-18,0.09671199999999901,0.12352800000040061,0.11012000000019981
2019-11-19,0.11739900000000121,0.102628999999999,0.11001400000000011
2019-11-20,0.13354399999999922,0.11663599999956845,0.12508999999978382
2019-11-21,0.11286299999992257,0.10725399999987806,0.1100584999999003
2019-11-22,0.08624700000000146,0.0800180000000012,0.08313250000000133
2019-11-25,0.08386599999992721,0.10600600000000007,0.09493599999996363
2019-11-26,0.09031000000000008,0.06964500000000146,0.07997750000000077
2019-11-27,0.06644699999981235,0.060887999999998506,0.06366749999990542
2019-11-29,0.08963600000000067,0.0880320000000002,0.08883400000000044
2019-12-02,0.09856199999976514,0.12612400000000615,0.11234299999988565
2019-12-03,0.11694299999999853,0.09042399999995838,0.10368349999997846
2019-12-04,0.10729400000000082,0.10734100000000098,0.1073175000000009
2019-12-05,0.09643599999999979,0.10633500000000178,0.10138550000000078
2019-12-06,0.11324199999954358,0.0980520000000011,0.10564699999977234
2019-12-09,0.11002700000014652,0.11401300000015932,0.11202000000015291
2019-12-10,0.10789600000000199,0.11134199999999948,0.10961900000000074
2019-12-11,0.12009799999999707,0.1147050000000032,0.11740150000000013
2019-12-12,0.13898999999999484,0.1410069999999985,0.13999849999999667
2019-12-13,0.09205999999999982,0.07977000000000026,0.08591500000000005
2019-12-16,0.0878859999999983,0.1027709999999997,0.095328499999999
2019-12-17,0.09684400000016638,0.08755799999999976,0.09220100000008308
2019-12-18,0.0887659999999944,0.09565900000000302,0.09221249999999871
2019-12-19,1.026210999999931,0.16681499999999738,0.5965129999999641
2019-12-20,0.09459899999999892,0.08293599999999987,0.08876749999999939
2019-12-23,0.08954000000015064,0.09918200000020157,0.09436100000017611
2019-12-24,0.09406099999999953,0.09547200000000144,0.09476650000000049
2019-12-26,0.06994599999998545,0.12223800000000566,0.09609199999999556
2019-12-27,0.08463899999999983,0.08685199999999842,0.08574549999999911
2019-12-30,0.09283200000001275,0.10252699999999844,0.0976795000000056
2019-12-31,0.1072290000000618,0.09777900000034995,0.10250400000020587
2020-01-02,0.12112699999999708,0.1437510000000038,0.13243900000000045
2020-01-03,0.10486899999998354,0.10895799999999095,0.10691349999998725
2020-01-06,0.1213560000000018,0.11785299999999879,0.1196045000000003
2020-01-07,0.11403900000000122,0.11531400000000082,0.11467650000000101
2020-01-08,0.12056200000005388,0.10984400000031327,0.11520300000018358
2020-01-09,0.1127160000000028,0.11962100000000324,0.11616850000000302
2020-01-10,0.08313299999999997,0.0849660000000012,0.08404950000000058
2020-01-13,0.09491799999999899,0.08527399999998854,0.09009599999999376
2020-01-14,0.07687499999999875,0.09943900000000036,0.08815699999999956
2020-01-15,0.09367499999953871,0.10435400000006398,0.09901449999980134
2020-01-16,0.09417099999999877,0.09636899999999894,0.09526999999999886
2020-01-17,0.08322199999999987,0.08275099999999931,0.08298649999999959
2020-01-21,0.10917000000000837,0.11464300000000384,0.1119065000000061
2020-01-22,0.11508899999999851,0.1153930000000007,0.11524099999999961
2020-01-23,0.1142130000000102,0.1203119999999995,0.11726250000000485
2020-01-24,0.10797300000000043,0.10843500000000156,0.108204000000001
2020-01-27,0.14461800000003025,0.1415230000000466,0.14307050000003843
2020-01-28,0.13744500000000306,0.1287379999999971,0.13309150000000008
2020-01-29,0.13073599999999794,0.12095099999999682,0.1258434999999974
2020-01-30,0.12411500000000147,0.11071300000001014,0.1174140000000058
2020-01-31,0.1270850000001598,0.11793300000014716,0.12250900000015347
2020-02-03,0.14747300000004063,0.13745100000016025,0.14246200000010045
2020-02-04,0.14545600000000106,0.13278299999999932,0.13911950000000017
2020-02-05,0.11708399999998557,0.15593000000000537,0.13650699999999547
2020-02-06,0.1275540000000056,0.10270100000000247,0.11512750000000405
2020-02-07,0.10485299999999984,0.10220100000000068,0.10352700000000026
2020-02-10,0.10030500000001595,0.12720900000000052,0.11375700000000824
2020-02-11,0.10079000000000757,0.12459400000000115,0.11269200000000436
2020-02-12,0.1171180000000022,0.1048409999999991,0.11097950000000065
2020-02-13,0.0959130000002668,0.11886400000000706,0.10738850000013693
2020-02-14,0.09443199999999989,0.08801700000000086,0.09122450000000037
2020-02-18,0.10916400000000023,0.1418400000000016,0.12550200000000092
2020-02-19,0.14220300000000077,0.11468299999987246,0.1284429999999366
2020-02-20,0.13447100000000503,0.11602099999999972,0.12524600000000238
2020-02-21,0.11125200000000005,0.1123769999999994,0.11181449999999972
2020-02-24,0.1683849999999999,0.14829399999999862,0.15833949999999924
2020-02-25,0.21949399999995514,0.192456999999856,0.20597549999990555
2020-02-26,0.24311399999999767,0.22573199999999033,0.234422999999994
2020-02-27,0.44225400000000176,0.36186099999998367,0.40205749999999274
2020-02-28,0.38644899999953486,0.4004989999996993,0.3934739999996171
2020-03-02,0.30594799999999883,0.34449699999999417,0.32522249999999653
2020-03-03,0.4489959999999974,0.4608930000000013,0.4549444999999993
2020-03-04,0.3291310000000001,0.3112969999999995,0.3202139999999998
2020-03-05,0.5287659999999981,0.5728669999999996,0.5508164999999988
2020-03-06,0.40150700000000206,0.3659510000000008,0.38372900000000143
2020-03-09,0.6059419999999978,0.6011190000000034,0.6035305000000006
2020-03-10,0.47804099999999944,0.5646590000000032,0.5213500000000013
2020-03-11,0.6010859999999995,0.5583949999999984,0.5797404999999989
2020-03-12,1.0242469999999988,1.0253810000000014,1.0248140000000001
2020-03-13,0.646204000000001,0.6451899999999992,0.6456970000000001
2020-03-16,1.1297040000000027,1.1430859999999998,1.1363950000000012
2020-03-17,0.8006680000000014,1.0690460000000008,0.9348570000000012
2020-03-18,0.7146399999996824,1.1963310000000018,0.9554854999998421
2020-03-19,0.9714540000000034,1.0738549999999947,1.022654499999999
2020-03-20,0.9229129999999983,0.8266310000000006,0.8747719999999994
2020-03-23,1.1792289999999965,1.0876329999999992,1.1334309999999979
2020-03-24,0.9570119999998392,0.8862940000003321,0.9216530000000857
2020-03-25,0.9055339999999958,0.9631560000000007,0.9343449999999982
2020-03-26,0.9230570000000013,0.9195049999999974,0.9212809999999994
2020-03-27,0.7422029999999853,0.7343229999999786,0.7382629999999819
2020-03-30,0.7574849999997203,0.7942439999998856,0.775864499999803
2020-03-31,0.7639429999999954,0.7952979999999984,0.7796204999999969
2020-04-01,0.7281320000000033,0.7907739999999982,0.7594530000000008
2020-04-02,0.6586949999999994,0.6637150000000026,0.6612050000000009
2020-04-03,0.53632099999956,0.5350189999995429,0.5356699999995514
2020-04-06,0.5819600000000005,0.5032159999999992,0.5425879999999998
2020-04-07,0.6884040000000037,0.5965879999999928,0.6424959999999982
2020-04-08,0.593112999999584,0.5521230000001764,0.5726179999998802
2020-04-09,0.4508759999999984,0.4406809999999977,0.4457784999999981
2020-04-13,0.5641120000000003,0.5159329999999994,0.5400224999999998
2020-04-14,0.4899339999998386,0.5338589999999406,0.5118964999998896
2020-04-15,0.519326000000004,0.5370920000000885,0.5282090000000462
2020-04-16,0.5006279999999964,0.468044999999998,0.48433649999999717
2020-04-17,0.3896270000000022,0.39431900000000086,0.39197300000000157
2020-04-20,0.5029209999999996,0.46412999999999927,0.48352549999999944
2020-04-21,0.5426180000000019,0.4946469999999993,0.5186325000000006
2020-04-22,0.4131240000000008,0.4162389999999977,0.41468149999999926
2020-04-23,0.4374509999999951,0.3839189999999899,0.41068499999999253
2020-04-24,0.312680999999999,0.3128690000000007,0.3127749999999998
2020-04-27,0.3122609999999951,0.3025259999999969,0.307393499999996
2020-04-28,0.26748699999999764,0.2842619999999995,0.2758744999999986
2020-04-29,0.2559419999999985,0.2968679999999992,0.27640499999999885
2020-04-30,0.39668400000011594,0.2678600000000021,0.332272000000059
2020-05-01,0.3130819999999383,0.314011999999938,0.3135469999999382
2020-05-04,0.2780289999999981,0.316753000000001,0.2973909999999995
2020-05-05,0.3074739999999996,0.2633900000000091,0.28543200000000435
2020-05-06,0.30537800000000337,0.3086820000000024,0.3070300000000029
2020-05-07,0.273514999999998,0.3390339999995487,0.30627449999977335
2020-05-08,0.2543209999999998,0.25660499999999964,0.2554629999999997
2020-05-11,0.3140769999999638,0.273626999999849,0.2938519999999064
2020-05-12,0.2786919999998116,0.21400799999999856,0.2463499999999051
2020-05-13,0.3015319999999949,0.27706499999999107,0.289298499999993
2020-05-14,0.2408009999999952,0.34893199999967967,0.29486649999983744
2020-05-15,0.3061210000000005,0.2586589999999983,0.28238999999999936
2020-05-18,0.2830849999999914,0.2875439999999974,0.2853144999999944
2020-05-19,0.39127799999999835,0.32969800000000227,0.3604880000000003
2020-05-20,0.35934499999986413,0.33850299999975886,0.3489239999998115
2020-05-21,0.2914300000000003,0.2567740000000292,0.2741020000000147
2020-05-22,0.20311100000000118,0.20503099999999932,0.20407100000000025
2020-05-26,0.23121999999999973,0.23632599999999876,0.23377299999999923
2020-05-27,0.20290599999999356,0.24429899999999968,0.22360249999999662
2020-05-28,0.25234200000000384,0.21838799999997935,0.2353649999999916
2020-05-29,0.25392399999999793,0.21150000000000094,0.23271199999999942
2020-06-01,0.272730000000324,0.2590940000000023,0.26591200000016313
2020-06-02,0.23061000000000328,0.2492090000000014,0.23990950000000233
2020-06-03,0.23933999999999792,0.24225500000000116,0.24079749999999955
2020-06-04,0.2123019999999975,0.3079340000000062,0.26011800000000185
2020-06-05,0.2299230000000012,0.23174200000000045,0.23083250000000083
2020-06-08,0.25739299999999976,0.27485099999999696,0.26612199999999836
2020-06-09,0.31639099999997533,0.3076299999999699,0.31201049999997266
2020-06-10,0.31233000000000866,0.29570000000000024,0.3040150000000045
2020-06-11,0.5169270000000018,0.4925090000000007,0.5047180000000012
2020-06-12,0.31890000000000307,0.33630699999999986,0.3276035000000015
2020-06-15,0.35862599999999945,0.3670289999999993,0.36282749999999936
2020-06-16,0.3125639999999999,0.368866999999999,0.34071549999999945
2020-06-17,0.3245369999999997,0.31320499999999935,0.3188709999999995
2020-06-18,0.2876660000000021,0.30014300000000216,0.2939045000000021
2020-06-19,0.2929279999999989,0.2754679999999983,0.2841979999999986
2020-06-22,0.2971889999999848,0.2995439999999879,0.2983664999999863
2020-06-23,0.2982000000003332,0.2887390000002062,0.2934695000002697
2020-06-24,0.34452700000000125,0.3387210000000028,0.34162400000000204
2020-06-25,0.3466860000000007,0.3819100000001673,0.364298000000084
2020-06-26,0.3682240000000016,0.3700130000000005,0.369118500000001
2020-06-29,0.31474000000000285,0.35970100000000155,0.3372205000000022
2020-06-30,0.31430999999953285,0.3144849999995395,0.31439749999953615
2020-07-01,0.26002299999999884,0.28302499999999964,0.2715239999999992
2020-07-02,0.17299599999999918,0.17903300000016423,0.1760145000000817
2020-07-06,0.2070899999999995,0.2349350000000014,0.22101250000000044
2020-07-07,0.23022299999999754,0.21833399999999456,0.22427849999999605
2020-07-08,0.22656899999999702,0.24445100000000075,0.2355099999999989
2020-07-09,0.24448099999999,0.24902199999999788,0.24675149999999396
2020-07-10,0.21999000000000113,0.21719099999999703,0.21859049999999908
2020-07-13,0.26506099999999944,0.24871200000000235,0.2568865000000009
2020-07-14,0.2779630000000006,0.24018999999999915,0.2590764999999999
2020-07-15,0.24261399999999836,0.2369459999999993,0.23977999999999883
2020-07-16,0.23643000000000244,0.178675000000348,0.20755250000017522
2020-07-17,0.20907100000000292,0.20946300000000023,0.2092670000000016
2020-07-20,0.23104999999959222,0.20511800000000172,0.21808399999979697
2020-07-21,0.20327500000000198,0.2293910000000026,0.21633300000000227
2020-07-22,0.2362689999999966,0.22242899999999985,0.22934899999999822
2020-07-23,0.21372299999999894,0.22613499999999945,0.2199289999999992
2020-07-24,0.19643099999999972,0.196579,0.19650499999999987
2020-07-27,0.22697999999999002,0.2393349999999991,0.23315749999999458
2020-07-28,0.2351469999999861,0.26970399999999917,0.25242549999999264
2020-07-29,0.18267500000000592,0.24044300000027938,0.21155900000014266
2020-07-30,0.221201999999996,0.270883000000002,0.246042499999999
2020-07-31,0.17547099999999988,0.17602299999999746,0.17574699999999865
2020-08-03,0.19925700000000318,0.18344600000000086,0.191351500000002
2020-08-04,0.1672760000000109,0.18135199999999801,0.17431400000000447
2020-08-05,0.19136399999999817,0.16612999999999928,0.1787469999999987
2020-08-06,0.1914220000000016,0.15935600000005024,0.1753890000000259
2020-08-07,0.17095000000000077,0.1665309999999985,0.16874049999999963
2020-08-10,0.176982999999999,0.19868599999999836,0.18783449999999868
2020-08-11,0.19609799999999852,0.22185900000000033,0.20897849999999943
2020-08-12,0.1969190000000004,0.1888040000000016,0.19286150000000102
2020-08-13,0.19826800000000094,0.2380330000000027,0.2181505000000018
2020-08-14,0.18084399999999964,0.18210499999999932,0.18147449999999948
2020-08-17,0.17944700000000305,0.17571700000000193,0.1775820000000025
2020-08-18,0.17021799999999582,0.19122899999999932,0.18072349999999757
2020-08-19,0.18901800000000624,0.1777320000000198,0.183375000000013
2020-08-20,0.2054540000000023,0.17605199999999982,0.19075300000000106
2020-08-21,0.18220799999987453,0.17647199999982854,0.17933999999985153
2020-08-24,0.1592880000003407,0.19154299999987795,0.17541550000010933
2020-08-25,0.1703020000000031,0.16114900000000124,0.16572550000000216
2020-08-26,0.20211700000000254,0.2023309999999982,0.20222400000000038
2020-08-27,0.24147199999999894,0.20878299999999872,0.22512749999999881
2020-08-28,0.18510399999996005,0.18467099999996398,0.184887499999962
2020-08-31,0.18787400000025237,0.19023200000019852,0.18905300000022546
2020-09-01,0.19307999999999995,0.19095099999999834,0.19201549999999915
2020-09-02,0.2057300000000016,0.1606879999999978,0.1832089999999997
2020-09-03,0.1541590000000064,0.2688579999999998,0.2115085000000031
2020-09-04,0.20800999999999906,0.19733400000000162,0.20267200000000035
2020-09-08,0.2574089999999976,0.1990629999999873,0.22823599999999244
2020-09-09,0.21079900000002996,0.23399499999999893,0.22239700000001444
2020-09-10,0.24251000000000353,0.22142899999998944,0.2319694999999965
2020-09-11,0.19942199999998628,0.18141199999996974,0.19041699999997802
2020-09-14,0.2050850000000171,0.18488900000013075,0.1949870000000739
2020-09-15,0.20306699999999867,0.187052999999999,0.19505999999999885
2020-09-16,0.20534500000000158,0.214012999999999,0.20967900000000028
2020-09-17,0.1916630000000042,0.24032600000000076,0.21599450000000248
2020-09-18,0.18047799999954875,0.18871099999969873,0.18459449999962374
2020-09-21,0.2604819999999971,0.25658900000000046,0.2585354999999988
2020-09-22,0.23576899999999934,0.23122499999999815,0.23349699999999873
2020-09-23,0.23824100000000012,0.24142199999999947,0.2398314999999998
2020-09-24,0.24039199999999988,0.23181900000000197,0.2361055000000009
2020-09-25,0.18155799999999858,0.16069800000000176,0.17112800000000017
2020-09-28,0.18352799999999922,0.17766400000000118,0.1805960000000002
2020-09-29,0.20679600000000004,0.17381900000000367,0.19030750000000185
2020-09-30,0.22041599999999847,0.1572500000000007,0.18883299999999958
2020-10-01,0.21137499999999546,0.19951900000000145,0.20544699999999844
2020-10-02,0.17459900000000025,0.17039799999999994,0.1724985000000001
2020-10-05,0.17497299999996566,0.19081399999998386,0.18289349999997476
2020-10-06,0.24514900000000023,0.1762119999999969,0.21068049999999855
2020-10-07,0.20346700000000043,0.15400100000015773,0.17873400000007908
2020-10-08,0.11302300000000276,0.15463700000000072,0.13383000000000173
2020-10-09,0.17844700000039196,0.1804269999996776,0.17943700000003476
2020-10-12,0.19190500000000124,0.18463099999999882,0.18826800000000005
2020-10-13,0.21308599999986827,0.18058500000039965,0.19683550000013394
2020-10-14,0.21944699999999734,0.20075500000000093,0.21010099999999915
2020-10-15,0.1846250000000006,0.20047400000000468,0.19254950000000265
2020-10-16,0.17940600000000026,0.17409099999999872,0.17674849999999948
2020-10-19,0.19967799999999794,0.19617799999999966,0.1979279999999988
2020-10-20,0.2296540000000017,0.2102660000000019,0.2199600000000018
2020-10-21,0.2367899999999988,0.21270900000000192,0.22474950000000038
2020-10-22,0.184278000000002,0.1619880000000015,0.17313300000000176
2020-10-23,0.17355200000000034,0.17395100000000233,0.17375150000000134
2020-10-26,0.22331699999999924,0.23295500000000124,0.22813600000000023
2020-10-27,0.2548760000000008,0.24861700000000028,0.25174650000000054
2020-10-28,0.2928740000000008,0.30121600000000337,0.2970450000000021
2020-10-29,0.3571499999999982,0.23938599999998483,0.29826799999999154
2020-10-30,0.3267879999999904,0.3286569999999921,0.32772249999999126
2020-11-02,0.2936549999999982,0.3354550000000044,0.3145550000000013
2020-11-03,0.40339800000000264,0.38001600000000024,0.39170700000000147
2020-11-04,0.340676999999999,0.343548000000001,0.34211250000000004
2020-11-05,0.32376200000025956,0.2972280000000002,0.31049500000012986
2020-11-06,0.21686899999999995,0.21721800000000083,0.2170435000000004
2020-11-09,0.2842019999999999,0.22373199999999918,0.25396699999999955
2020-11-10,0.2191150000000102,0.2193550000000136,0.2192350000000119
2020-11-11,0.21373500000000442,0.23174099999966216,0.2227379999998333
2020-11-12,0.28099699999999905,0.325088000000339,0.303042500000169
2020-11-13,0.1721849999996622,0.13409000000000004,0.15313749999983112
2020-11-16,0.15544400000033098,0.16303400000013335,0.15923900000023217
2020-11-17,0.1833799999999354,0.18149099999992868,0.18243549999993203
2020-11-18,0.22157100000000085,0.2003140000000074,0.21094250000000414
2020-11-19,0.2032949999999182,0.24869999999998915,0.22599749999995367
2020-11-20,0.16730400000000145,0.16736600000000226,0.16733500000000184
2020-11-23,0.1693069999999551,0.16579499999994787,0.1675509999999515
2020-11-24,0.13197400000000437,0.14119499999999982,0.1365845000000021
2020-11-25,0.10555700000003468,0.11642900000000451,0.1109930000000196
2020-11-27,0.16597900000000232,0.16575200000000453,0.16586550000000344
2020-11-30,0.17516599999999954,0.1984400000000028,0.18680300000000116
2020-12-01,0.20792900000001274,0.22145000000000623,0.21468950000000947
2020-12-02,0.20310700000017542,0.20874000000010196,0.2059235000001387
2020-12-03,0.16666099999999706,0.2124820000000771,0.18957150000003709
2020-12-04,0.17707299999964557,0.17324399999955908,0.1751584999996023
2020-12-07,0.19643500000001438,0.19087300000002694,0.19365400000002064
2020-12-08,0.19844400000000223,0.18095999999999907,0.18970200000000065
2020-12-09,0.18125399999988337,0.116297999999996,0.14877599999993968
2020-12-10,0.2076330000001677,0.10722400000000175,0.15742850000008474
2020-12-11,0.16596800000000192,0.16603199999999946,0.1660000000000007
2020-12-14,0.22173899999959,0.19489300000000095,0.20831599999979547
2020-12-15,0.18677500000000175,0.21571500000000196,0.20124500000000184
2020-12-16,0.2077460000000017,0.2052060000000015,0.2064760000000016
2020-12-17,0.15508599999999456,0.19105000000000483,0.1730679999999997
2020-12-18,0.1349980000000201,0.10546300000000013,0.12023050000001012
2020-12-21,0.18791400000000022,0.21079099999999656,0.19935249999999838
2020-12-22,0.18470699999999973,0.1960779999999976,0.19039249999999866
2020-12-23,0.17102499999999418,0.06472899999998998,0.11787699999999207
2020-12-24,0.15781999999999932,0.14765000000000247,0.1527350000000009
2020-12-28,0.16845900000000077,0.15968199999999896,0.16407049999999987
2020-12-29,0.15121199999995807,0.16242199999997725,0.15681699999996768
2020-12-30,0.15559200000000245,0.1471690000000004,0.15138050000000142
2020-12-31,0.16492700000000154,0.1622130000000021,0.16357000000000183
2021-01-04,0.2697960000000008,0.2602179999999997,0.26500700000000027
2021-01-05,0.2799380000000026,0.2733579999999991,0.27664800000000084
2021-01-06,0.27449699999999566,0.24201799999999768,0.2582574999999967
2021-01-07,0.26421799999965706,0.2405110000000006,0.25236449999982885
2021-01-08,0.1343089999999994,0.13510900000000184,0.13470900000000063
2021-01-11,0.18353400000014694,0.18648200000012696,0.18500800000013695
2021-01-12,0.1770049999999978,0.15917099999999948,0.16808799999999863
2021-01-13,0.1684120000000062,0.16037099999999713,0.16439150000000166
2021-01-14,0.16459699999954253,0.15291100000000024,0.15875399999977138
2021-01-15,0.18945099999999904,0.18548300000000065,0.18746699999999983
2021-01-19,0.21083300000013733,0.21330100000011182,0.21206700000012457
2021-01-20,0.2158520000000026,0.17540500000000164,0.19562850000000212
2021-01-21,0.21517299999992057,0.16576399999999858,0.19046849999995957
2021-01-22,0.16278600000000093,0.12686700000000015,0.14482650000000052
2021-01-25,0.21617800000000142,0.2108059999999992,0.2134920000000003
2021-01-26,0.18268999999999067,0.19596699999999165,0.18932849999999116
2021-01-27,0.26243100000016867,0.23177100000000223,0.24710100000008545
2021-01-28,0.2566109999999981,0.19159299999999416,0.22410199999999614
2021-01-29,0.24414499999999958,0.22838199999999956,0.23626349999999957
2021-02-01,0.22204799999999777,0.18390899999998064,0.2029784999999892
2021-02-02,0.18414799999998793,0.1733539999999818,0.17875099999998487
2021-02-03,0.18393100000000095,0.147341999999959,0.16563649999997998
2021-02-04,0.09172799999999068,0.1776069999999951,0.1346674999999929
2021-02-05,0.13843400000000167,0.12285300000000172,0.1306435000000017
2021-02-08,0.15675799999999832,0.17222500000000118,0.16449149999999974
2021-02-09,0.16750400000005164,0.16546400000006323,0.16648400000005742
2021-02-10,0.1434030000000003,0.15962800000000138,0.15151550000000086
2021-02-11,0.1691239999999932,0.1884070000000012,0.1787654999999972
2021-02-12,0.15271400000000024,0.15708199999999928,0.15489799999999976
2021-02-16,0.20243600000000125,0.20040100000000158,0.20141850000000142
2021-02-17,0.2074029999999992,0.1802319999999937,0.19381749999999645
2021-02-18,0.2051180000000023,0.1493849999999958,0.17725149999999906
2021-02-19,0.14963300000000093,0.15272200000000086,0.1511775000000009
2021-02-22,0.20834100000000258,0.19645900000000088,0.20240000000000175
2021-02-23,0.2524800000000014,0.2318940000000018,0.2421870000000016
2021-02-24,0.2200070000000234,0.1947800000000171,0.20739350000002027
2021-02-25,0.26128799999974595,0.245272999999556,0.25328049999965097
2021-02-26,0.2672590000000005,0.18677600000000005,0.2270175000000003
2021-03-01,0.2256860000000003,0.23601400000000047,0.2308500000000004
2021-03-02,0.2368780000000013,0.21149500000000118,0.22418650000000123
2021-03-03,0.2883970000000158,0.2710010000000447,0.27969900000003023
2021-03-04,0.29353500000000166,0.3481140000001765,0.3208245000000891
2021-03-05,0.24186000000000127,0.21011499999999955,0.2259875000000004
2021-03-08,0.2907089999996533,0.24145900000025686,0.2660839999999551
2021-03-09,0.24541500000000047,0.22060799999999825,0.23301149999999937
2021-03-10,0.24148700000042084,0.2557010000001384,0.24859400000027962
2021-03-11,0.24380100000000185,0.24000099999999863,0.24190100000000025
2021-03-12,0.1971199999998694,0.19788199999987782,0.1975009999998736
2021-03-15,0.19073800000000163,0.19674200000000114,0.19374000000000138
2021-03-16,0.18605900000004322,0.172893000000172,0.1794760000001076
2021-03-17,0.20509399999999942,0.1770910000000028,0.1910925000000011
2021-03-18,0.23914199999998026,0.20446899999990376,0.221805499999942
2021-03-19,0.10278700000034871,0.12959800000000332,0.11619250000017602
2021-03-22,0.14973600000000045,0.15191200000000105,0.15082400000000074
2021-03-23,0.1608039999999965,0.1654189999999982,0.16311149999999736
2021-03-24,0.1883999999999978,0.16132800000000064,0.17486399999999921
2021-03-25,0.1615909999999978,0.1361910000000076,0.14889100000000272
2021-03-26,0.129238,0.12614100000000156,0.1276895000000008
2021-03-29,0.17054600000000467,0.179458,0.17500200000000232
2021-03-30,0.15910999999999934,0.20205199999999862,0.180580999999999
2021-03-31,0.18281199999999717,0.17168099999999653,0.17724649999999686
2021-04-01,0.126972,0.12659100000000115,0.12678150000000057
2021-04-05,0.1362960000000264,0.14784000000000647,0.14206800000001643
2021-04-06,0.12105600000000025,0.15527899999999645,0.13816749999999833
2021-04-07,0.13224300000000236,0.1768469999999988,0.1545450000000006
2021-04-08,0.13243499999999836,0.15146500000022584,0.1419500000001121
2021-04-09,0.1304040000000006,0.1205909999999997,0.12549750000000015
2021-04-12,0.15189999999999948,0.16137800000000047,0.15663899999999997
2021-04-13,0.14313700000000698,0.1347510000000135,0.13894400000001023
2021-04-14,0.11218000000000045,0.1587280000000019,0.13545400000000118
2021-04-15,0.09970299999999072,0.15799000000000163,0.12884649999999617
2021-04-16,0.13140500000000305,0.12211500000000614,0.1267600000000046
2021-04-19,0.14719400000000074,0.17261300000000193,0.15990350000000134
2021-04-20,0.17114400000000066,0.15439199999999628,0.16276799999999847
2021-04-21,0.1688600000000084,0.17158300000000515,0.17022150000000677
2021-04-22,0.17663999999999844,0.1466309999999899,0.16163549999999416
2021-04-23,0.13762000000025618,0.12940999999999925,0.13351500000012773
2021-04-26,0.14737800000003698,0.16234600000000615,0.15486200000002157
2021-04-27,0.16326200000003802,0.15055000000017238,0.15690600000010518
2021-04-28,0.15090500000000384,0.1510570000000011,0.15098100000000247
2021-04-29,0.12840299999999957,0.1599529999998498,0.1441779999999247
2021-04-30,0.1391370000000023,0.13559300000000082,0.13736500000000157
2021-05-03,0.16063900000001435,0.1827520000000016,0.171695500000008
2021-05-04,0.1702909999999862,0.18295499999999393,0.17662299999999007
2021-05-05,0.15693600000016208,0.1650040000000609,0.1609700000001115
2021-05-06,0.16795700000000066,0.20551699999980932,0.186736999999905
2021-05-07,0.12590899999999838,0.11791599999999747,0.12191249999999793
2021-05-10,0.19348399999999807,0.17727600000000238,0.1853800000000002
2021-05-11,0.19612000000000154,0.22153100000000567,0.2088255000000036
2021-05-12,0.2555600000000004,0.22653400000000135,0.24104700000000087
2021-05-13,0.26900700000000116,0.21764799999999934,0.24332750000000025
2021-05-14,0.16975099999966056,0.1534800000000932,0.1616154999998769
2021-05-17,0.18373400000000212,0.1912650000000016,0.18749950000000187
2021-05-18,0.19286900000000276,0.1589119999999976,0.17589050000000017
2021-05-19,0.20663700000000162,0.19601600000000005,0.20132650000000085
2021-05-20,0.1624060000000002,0.1928430000000065,0.17762450000000335
2021-05-21,0.1510120000000011,0.1468819999999988,0.14894699999999994
2021-05-24,0.15575499999999284,0.1522869999999932,0.15402099999999302
2021-05-25,0.18221699999952617,0.17145899999999906,0.17683799999976263
2021-05-26,0.13802199999961606,0.15524399999999416,0.1466329999998051
2021-05-27,0.14419800000000127,0.07144500000000617,0.10782150000000372
2021-05-28,0.11955499999999944,0.10708400000000039,0.1133194999999999
2021-06-01,0.14997600000000041,0.15673699999999682,0.15335649999999862
2021-06-02,0.14157200000000655,0.16270200000000046,0.15213700000000352
2021-06-03,0.17906500000000203,0.14623699999999623,0.16265099999999913
2021-06-04,0.11558800000000198,0.11591499999999812,0.11575150000000005
2021-06-07,0.14063299999988393,0.12799800000035857,0.13431550000012127
2021-06-08,0.14009900000015874,0.1338360000000037,0.13696750000008123
2021-06-09,0.17297099999999016,0.16791399999998735,0.17044249999998876
2021-06-10,0.12280600000000272,0.13016800000000345,0.12648700000000307
2021-06-11,0.11445400000000047,0.10619300000000023,0.11032350000000035
2021-06-14,0.11940699999999894,0.14402399999999949,0.1317154999999992
2021-06-15,0.15358999999970244,0.14749199999957466,0.15054099999963855
2021-06-16,0.18065800000033005,0.1548660000000017,0.1677620000001659
2021-06-17,0.1459110000004415,0.13817899999999572,0.1420450000002186
2021-06-18,0.2521289999999754,0.17254699999999917,0.2123379999999873
2021-06-21,0.1704290000001373,0.17437800000029807,0.1724035000002177
2021-06-22,0.17466199999998716,0.17269899999998164,0.17368049999998442
2021-06-23,0.16540800000000744,0.15199600000003696,0.15870200000002221
2021-06-24,0.1422160000000006,0.1627619999996876,0.1524889999998441
2021-06-25,0.13134199999994509,0.12600300000045653,0.1286725000002008
2021-06-28,0.13264499999999943,0.14784900000000128,0.14024700000000034
2021-06-29,0.1546480000000018,0.15264000000000313,0.15364400000000247
2021-06-30,0.16706399999999744,0.15034599999999665,0.15870499999999704
2021-07-01,0.14397000000000276,0.16682000000000063,0.1553950000000017
2021-07-02,0.09793999999999815,0.09611700000000033,0.09702849999999924
2021-07-06,0.1435640000000009,0.13933600000000218,0.14145000000000155
2021-07-07,0.13429200000000047,0.150969999999999,0.14263099999999973
2021-07-08,0.14456799999996628,0.16325499999998866,0.15391149999997747
2021-07-09,0.1333779999999995,0.13633700000000082,0.13485750000000016
2021-07-12,0.14853100000001526,0.15063500000000946,0.14958300000001234
2021-07-13,0.15788700000003422,0.17118900000000398,0.1645380000000191
2021-07-14,0.16490099999999777,0.16506799999999902,0.1649844999999984
2021-07-15,0.1685600000000295,0.1649590000000429,0.1667595000000362
2021-07-16,0.13386300000001017,0.13000600000001494,0.13193450000001256
2021-07-19,0.19766400000000434,0.19044100000000302,0.19405250000000368
2021-07-20,0.16451700000009992,0.179483000000114,0.17200000000010696
2021-07-21,0.19550300000000112,0.16873500000000194,0.18211900000000153
2021-07-22,0.1620430000003445,0.14701800000000326,0.15453050000017388
2021-07-23,0.13568600000000103,0.1336730000000012,0.13467950000000112
2021-07-26,0.16433600000007592,0.1850040000000067,0.1746700000000413
2021-07-27,0.14682200000000062,0.19704000000000071,0.17193100000000067
2021-07-28,0.18088600000000177,0.14211400000021332,0.16150000000010756
2021-07-29,0.12924399999999608,0.1618099999996065,0.1455269999998013
2021-07-30,0.14211199999999982,0.1471960000000007,0.14465400000000025
2021-08-02,0.1420969999999991,0.16213100000000136,0.15211400000000025
2021-08-03,0.1342590000000015,0.17622700000000016,0.15524300000000082
2021-08-04,0.1517509999999992,0.6413239999999979,0.39653749999999854
2021-08-05,0.1595499999999991,0.15256500000000048,0.1560574999999998
2021-08-06,0.13789499999999533,0.12073699999998494,0.12931599999999013
2021-08-09,0.13616799999999832,0.1541850000000021,0.1451765000000002
2021-08-10,0.13711200000006532,0.13730400000006582,0.13720800000006556
2021-08-11,0.11135299999984719,0.12933600000005221,0.1203444999999497
2021-08-12,0.1285030000000113,0.11691699999999765,0.12271000000000448
2021-08-13,0.11777800000000092,0.11525199999999872,0.11651499999999981
2021-08-16,0.14660099999999873,0.15031099999999917,0.14845599999999895
2021-08-17,0.15641500000000005,0.16671400000000053,0.16156450000000028
2021-08-18,0.19967700000012573,0.19229900000025243,0.19598800000018907
2021-08-19,0.16529099999999392,0.18633999999999967,0.1758154999999968
2021-08-20,0.15511399999997258,0.15247899999996464,0.1537964999999686
2021-08-23,0.16289099999999918,0.15442899999999915,0.15865999999999916
2021-08-24,0.16883399999999862,0.15283099999999827,0.16083249999999844
2021-08-25,0.17266900000000165,0.14987300000000045,0.16127100000000105
2021-08-26,0.2128079999995861,0.1849190000000035,0.1988634999997948
2021-08-27,0.12499100000024883,0.12576200000038926,0.12537650000031905
2021-08-30,0.14384899999999892,0.14230699999999907,0.14307799999999898
2021-08-31,0.15108099999996777,0.1350999999999133,0.14309049999994053
2021-09-01,0.13102200000000191,0.12137300000000092,0.1261975000000014
2021-09-02,0.09373100000006719,0.14925599999999847,0.12149350000003284
2021-09-03,0.1053430000000029,0.1042939999999987,0.1048185000000008
2021-09-07,0.15279999999999724,0.14283999999999825,0.14781999999999773
2021-09-08,0.13997899999999905,0.1551519999999992,0.14756549999999913
2021-09-09,0.16742899999999994,0.12917300000000506,0.14830100000000251
2021-09-10,0.15970799999999866,0.14540399999999706,0.15255599999999786
2021-09-13,0.16621600000000222,0.16994500000000076,0.1680805000000015
2021-09-14,0.1575340000000013,0.1760689999999983,0.16680149999999982
2021-09-15,0.15924900000000247,0.15938399999999808,0.15931650000000028
2021-09-16,0.1730160000000049,0.17667899999999823,0.17484750000000154
2021-09-17,0.1445269999999989,0.1443839999999988,0.14445549999999885
2021-09-20,0.22478500000000196,0.2341480000000016,0.2294665000000018
2021-09-21,0.23128699999999996,0.20395100000000002,0.217619
2021-09-22,0.1751869999999993,0.2089709999999993,0.19207899999999928
2021-09-23,0.17296099999990464,0.19640499999999964,0.18468299999995214
2021-09-24,0.15066799999999833,0.15091299999999913,0.15079049999999872
2021-09-27,0.16976300000000089,0.1886329999999991,0.179198
2021-09-28,0.21726199999987897,0.2108879999998355,0.21407499999985724
2021-09-29,0.2009170000000002,0.20369299999999782,0.202304999999999
2021-09-30,0.25206000000000045,0.19143400000001734,0.2217470000000089
2021-10-01,0.17936500000000027,0.1787910000000011,0.17907800000000068
2021-10-04,0.22036800000000098,0.20934200000000427,0.21485500000000263
2021-10-05,0.20479699999999545,0.19421300000000039,0.19950499999999793
2021-10-06,0.20033699999999877,0.19787800000000005,0.1991074999999994
2021-10-07,0.18801600000000612,0.20390499999985578,0.19596049999993095
2021-10-08,0.1652850000000001,0.15282600000000252,0.1590555000000013
2021-10-11,0.1958059999999999,0.18848500000000348,0.1921455000000017
2021-10-12,0.19060600000000086,0.19729500000000702,0.19395050000000394
2021-10-13,0.1841950000000043,0.1869389999999998,0.18556700000000204
2021-10-14,0.12506799999999596,0.17393400000032244,0.1495010000001592
2021-10-15,0.14772200000000174,0.13808100000000004,0.1429015000000009
2021-10-18,0.15806299999993384,0.14903899999988965,0.15355099999991173
2021-10-19,0.13232700000000125,0.14311099999999805,0.13771899999999965
2021-10-20,0.12761599999999987,0.1481570000000004,0.13788650000000013
2021-10-21,0.12974300000004596,0.15165800000000448,0.1407005000000252
2021-10-22,0.12870600000008978,0.12738500000010772,0.12804550000009873
2021-10-25,0.1374149999999878,0.15727699999999314,0.14734599999999048
2021-10-26,0.14250100000009655,0.13007199999953367,0.13628649999981512
2021-10-27,0.14170000000001134,0.1418340000000156,0.14176700000001347
2021-10-28,0.1272770000000013,0.14656799999976255,0.13692249999988193
2021-10-29,0.1401139999999984,0.12139200000000212,0.13075300000000026
2021-11-01,0.15549900000000105,0.15389100000000028,0.15469500000000067
2021-11-02,0.14835100000000262,0.1696140000000861,0.15898250000004438
2021-11-03,0.15138199999970123,0.15657899999977667,0.15398049999973895
2021-11-04,0.17070900000000055,0.15622900000000153,0.16346900000000103
2021-11-05,0.13006200000000487,0.13977100000000173,0.1349165000000033
2021-11-08,0.20203699999999916,0.17466700000001062,0.1883520000000049
2021-11-09,0.18873699999971458,0.20138099999983847,0.19505899999977652
2021-11-10,0.16535999999999548,0.17058399999999738,0.16797199999999643
2021-11-11,0.17110499999999929,0.1712080000000004,0.17115649999999982
2021-11-12,0.13070499999999888,0.12685600000000094,0.1287804999999999
2021-11-15,0.13459399999999924,0.156072999999999,0.14533349999999912
2021-11-16,0.1334890000000006,0.1464019999999995,0.13994550000000006
2021-11-17,0.13538999999998594,0.12482499999977567,0.1301074999998808
2021-11-18,0.1338989999999975,0.1412499999999976,0.13757449999999755
2021-11-19,0.11607300000000613,0.11497300000000746,0.11552300000000679
2021-11-22,0.13657000000024555,0.12405299999999818,0.13031150000012187
2021-11-23,0.13575599999999952,0.1189869999999989,0.1273714999999992
2021-11-24,0.106157999999993,0.09567699999971414,0.10091749999985357
2021-11-26,0.1820800000000005,0.17413400000000115,0.17810700000000082
2021-11-29,0.2032470000000035,0.16992300000012134,0.18658500000006242
2021-11-30,0.2551130000000016,0.23829000000000417,0.24670150000000288
2021-12-01,0.3277970000000003,0.23262400000000244,0.28021050000000136
2021-12-02,0.28714100000000414,0.3130210000002607,0.3000810000001324
2021-12-03,0.21900699999994236,0.20651999999989498,0.21276349999991867
2021-12-06,0.2340129999999798,0.2149579999999458,0.2244854999999628
2021-12-07,0.19610399999986852,0.20631099999991864,0.20120749999989357
2021-12-08,0.22161699999999931,0.1754820000000044,0.19854950000000188
2021-12-09,0.22436700000000048,0.19968200000000286,0.21202450000000167
2021-12-10,0.1639799999999985,0.16201500000000096,0.16299749999999974
2021-12-13,0.20454100000039763,0.2041580000003952,0.20434950000039642
2021-12-14,0.20173799999999825,0.2367639999996026,0.2192509999998004
2021-12-15,0.19879600000021896,0.20714300000010008,0.2029695000001595
2021-12-16,0.21763899999999273,0.19121800000000433,0.20442849999999851
2021-12-17,0.14964200000000225,0.16100400000000023,0.15532300000000124
2021-12-20,0.22601500000000108,0.2093190000000008,0.21766700000000094
2021-12-21,0.17447499999999772,0.20723000000000072,0.1908524999999992
2021-12-22,0.1739209999998211,0.1524459999999969,0.163183499999909
2021-12-23,0.13457700000000133,0.11312300000001253,0.12385000000000693
2021-12-27,0.13575100000025275,0.14401399999956338,0.13988249999990807
2021-12-28,0.1310319999995829,0.1443160000000963,0.1376739999998396
2021-12-29,0.13466400000000164,0.1140539999999964,0.12435899999999903
2021-12-30,0.1257199999998732,0.12283999999972672,0.12427999999979997
2021-12-31,0.13301500000048574,0.13722999999961843,0.1351225000000521
2022-01-03,0.146869999999999,0.16515299999999883,0.15601149999999891
2022-01-04,0.18988700000000366,0.1395380000000036,0.16471250000000365
2022-01-05,0.20962400000000003,0.1888000000000015,0.19921200000000078
2022-01-06,0.2198099999999984,0.22043100000000615,0.22012050000000227
2022-01-07,0.16336499999978613,0.14566100000034504,0.15451300000006557
2022-01-10,0.17204799999999026,0.19038899999999556,0.1812184999999929
2022-01-11,0.17645000000000136,0.1674410000000068,0.17194550000000408
2022-01-12,0.18444699999995756,0.14388799999962384,0.1641674999997907
2022-01-13,0.16771200000004272,0.2031069999999962,0.18540950000001946
2022-01-14,0.15000600000000275,0.1359449999999984,0.1429755000000006
2022-01-18,0.18666900000000114,0.1978460000002998,0.19225750000015046
2022-01-19,0.1946529999999978,0.17323799999999767,0.18394549999999774
2022-01-20,0.1869369999999271,0.19101599999993527,0.18897649999993119
2022-01-21,0.20601699999999956,0.17599800000000332,0.19100750000000144
2022-01-24,0.26538200000000006,0.26309700000000097,0.2642395000000005
2022-01-25,0.2854110000000024,0.30095500000000003,0.2931830000000012
2022-01-26,0.29955599999996113,0.27499999999991137,0.28727799999993625
2022-01-27,0.2566629999999999,0.27541899999999714,0.26604099999999853
2022-01-28,0.19963999999999968,0.19568699999999997,0.19766349999999983
2022-01-31,0.19886500000000318,0.2031740000000018,0.2010195000000025
2022-02-01,0.20373500000000067,0.18244299999999863,0.19308899999999965
2022-02-02,0.18970799999999854,0.1856990000000004,0.18770349999999947
2022-02-03,0.2458259999999886,0.19788599999995324,0.2218559999999709
2022-02-04,0.19730099999999934,0.16202600000022457,0.17966350000011194
2022-02-07,0.1910590000000007,0.20991899999999836,0.20048899999999953
2022-02-08,0.1868890000001648,0.19609400000045746,0.19149150000031112
2022-02-09,0.1660449999999994,0.18483000000000172,0.17543750000000055
2022-02-10,0.22482800000000097,0.17538699999999824,0.2001074999999996
2022-02-11,0.20850300000006794,0.18164300000000097,0.19507300000003447
2022-02-14,0.24247799999999956,0.2057600000000011,0.22411900000000035
2022-02-15,0.19873299999999547,0.22078699999999868,0.20975999999999706
2022-02-16,0.19691000000011347,0.1768229999998802,0.18686649999999683
2022-02-17,0.20367599999976113,0.22636300000010215,0.21501949999993164
2022-02-18,0.19772299999999673,0.18846999999999883,0.19309649999999778
2022-02-22,0.21769799999999648,0.2481540000000001,0.2329259999999983
2022-02-23,0.23125400000000082,0.2320629999999969,0.23165849999999888
2022-02-24,0.22211699999999004,0.23367400000000127,0.22789549999999564
2022-02-25,0.21676199999998896,0.12296600000000207,0.16986399999999552
2022-02-28,0.23527499999998183,0.2275769999999788,0.23142599999998031
2022-03-01,0.24007199999999898,0.28844499999999923,0.2642584999999991
2022-03-02,0.23616300000000276,0.24450600000000194,0.24033450000000234
2022-03-03,0.23105600000000254,0.2281229999999993,0.22958950000000092
2022-03-04,0.23401799999996972,0.2277579999999572,0.23088799999996346
2022-03-07,0.281394,0.2808369999999981,0.2811154999999991
2022-03-08,0.3131760000000013,0.2846080000000004,0.2988920000000008
2022-03-09,0.301432,0.30952800000000036,0.3054800000000002
2022-03-10,0.2911850000000054,0.22623300000012525,0.25870900000006536
2022-03-11,0.25605599999999923,0.23433800000000074,0.245197
2022-03-14,0.2860629999999996,0.30927899999999775,0.2976709999999987
2022-03-15,0.27273200000000314,0.2736630000000003,0.27319750000000176
2022-03-16,0.21279699999999538,0.26144400000000256,0.23712049999999896
2022-03-17,0.1996480000000029,0.24394200000000188,0.2217950000000024
2022-03-18,0.1608360000000002,0.16123299999999827,0.16103449999999925
2022-03-21,0.1800560000000002,0.19645200000000057,0.18825400000000037
2022-03-22,0.1626129999999966,0.1928430000000012,0.1777279999999989
2022-03-23,0.19989000000000545,0.19348300000000007,0.19668650000000276
2022-03-24,0.14999100000000318,0.17587599999977763,0.1629334999998904
2022-03-25,0.1600930000000017,0.15826599999999877,0.15917950000000025
2022-03-28,0.14103299999954175,0.18419700000000921,0.16261499999977547
2022-03-29,0.14121500000000095,0.17396100000043066,0.1575880000002158
2022-03-30,0.15847199999987915,0.17513699999994717,0.16680449999991315
2022-03-31,0.20844599999982866,0.154234999999998,0.18134049999991333
2022-04-01,0.1339439999999985,0.13793199999999908,0.13593799999999878
2022-04-04,0.15245299999999834,0.1599300000003229,0.15619150000016063
2022-04-05,0.17288300000000362,0.18300799999999617,0.1779454999999999
2022-04-06,0.20115300000000158,0.212957999999993,0.20705549999999728
2022-04-07,0.1944170000000505,0.17128999999999972,0.1828535000000251
2022-04-08,0.182246999999999,0.18644999999999748,0.18434849999999825
2022-04-11,0.18836700000000114,0.24765799999981,0.21801249999990557
2022-04-12,0.22367299999999843,0.22897499999999998,0.2263239999999992
2022-04-13,0.21664800000000256,0.1951189999999984,0.2058835000000005
2022-04-14,0.18044499999993233,0.16862999999986417,0.17453749999989826
2022-04-18,0.1976280000000015,0.21310799999999797,0.20536799999999972
2022-04-19,0.18860500000000016,0.19694800000000434,0.19277650000000224
2022-04-20,0.18308700000005634,0.18842300000003392,0.18575500000004513
2022-04-21,0.21523600000000462,0.2063330000000008,0.2107845000000027
2022-04-22,0.2567989999999998,0.20874100000000045,0.23277000000000012
2022-04-25,0.269084000000001,0.24577100000000038,0.2574275000000007
2022-04-26,0.29863199999999906,0.2561770000000015,0.2774045000000003
2022-04-27,0.2780440000000075,0.26958999999999905,0.2738170000000033
2022-04-28,0.2275239999999223,0.26080499999998347,0.24416449999995288
2022-04-29,0.24732599999999977,0.2437679999999983,0.24554699999999902
2022-05-02,0.2929550000000037,0.30455299999999946,0.2987540000000016
2022-05-03,0.2784589999999987,0.2718630000000005,0.2751609999999996
2022-05-04,0.2133599999999966,0.2355489999999961,0.22445449999999634
2022-05-05,0.2713340000000007,0.3496389999999969,0.3104864999999988
2022-05-06,0.2258430000000014,0.22402000000000033,0.22493150000000087
2022-05-09,0.29093699999999834,0.29085000000000083,0.2908934999999996
2022-05-10,0.2881930000000017,0.28567600000000243,0.2869345000000021
2022-05-11,0.2745370000000035,0.285275,0.27990600000000176
2022-05-12,0.24268300000000634,0.335531000000004,0.28910700000000517
2022-05-13,0.2210050000000008,0.22505800000000437,0.2230315000000026
2022-05-16,0.23735499999999696,0.25428799999999957,0.24582149999999825
2022-05-17,0.2103679999999986,0.22345600000000307,0.21691200000000083
2022-05-18,0.25925699999999463,0.27971899999999894,0.2694879999999968
2022-05-19,0.28719299999996334,0.25131299999990103,0.2692529999999322
2022-05-20,0.22424200000000105,0.2220239999999989,0.22313299999999997
2022-05-23,0.22459700000000066,0.24315400000019705,0.23387550000009885
2022-05-24,0.23423599999999478,0.24909899999999663,0.2416674999999957
2022-05-25,0.23488500000009307,0.24780500000013905,0.24134500000011605
2022-05-26,0.2088430000000058,0.2133029999999943,0.21107300000000007
2022-05-27,0.1599650000000019,0.15921299999999847,0.1595890000000002
2022-05-31,0.20562400000000094,0.22624900000000164,0.2159365000000013
2022-06-01,0.2381770000000062,0.22127800000000625,0.22972750000000622
2022-06-02,0.23384500000000258,0.22515099999999613,0.22949799999999937
2022-06-03,0.18276000000000026,0.1772820000000014,0.18002100000000082
2022-06-06,0.210898999999997,0.21165500000000226,0.21127699999999963
2022-06-07,0.20607899999999715,0.19889800000000096,0.20248849999999907
2022-06-08,0.22259999999999938,0.22664599999999982,0.2246229999999996
2022-06-09,0.26407599999999976,0.24852399999999716,0.2562999999999985
2022-06-10,0.2453039999995571,0.13918799999999987,0.19224599999977848
2022-06-13,0.37001800000000246,0.2925549999999937,0.33128649999999804
2022-06-14,0.4272649999999977,0.36237500000000156,0.3948199999999996
2022-06-15,0.3979619999999997,0.2124470000002446,0.30520450000012217
2022-06-16,0.35208800000000373,0.25979399999999375,0.30594099999999874
2022-06-17,0.2372129999998833,0.24985099999993485,0.24353199999990907
2022-06-21,0.2937899999997421,0.27068900000044394,0.282239500000093
2022-06-22,0.29126299999999894,0.22312800000011387,0.2571955000000564
2022-06-23,0.2414790000000517,0.2643750000000099,0.2529270000000308
2022-06-24,0.20463799999999924,0.2123919999999564,0.2085149999999778
2022-06-27,0.2289679999998452,0.24046399999990556,0.23471599999987539
2022-06-28,0.23991900000000257,0.23845500000000072,0.23918700000000165
2022-06-29,0.25848299999999774,0.22872899999999657,0.24360599999999716
2022-06-30,0.19753400000001514,0.2958850000000012,0.24670950000000816
2022-07-01,0.18553100000000045,0.18947299999999995,0.1875020000000002
2022-07-05,0.276823999999733,0.2736549999997014,0.2752394999997172
2022-07-06,0.2513750000000005,0.26346699999999823,0.25742099999999934
2022-07-07,0.244882000000002,0.22262300000000157,0.23375250000000178
2022-07-08,0.20016200000000028,0.19044700000000347,0.19530450000000188
2022-07-11,0.2239390000000014,0.23952799999999727,0.23173349999999932
2022-07-12,0.24707599999995594,0.2601229999999668,0.25359949999996134
2022-07-13,0.27238899999999916,0.23835700000000085,0.255373
2022-07-14,0.26845200000000674,0.24258200000000138,0.25551700000000405
2022-07-15,0.1896350000000006,0.18936699999999967,0.18950100000000014
2022-07-18,0.23964699999999983,0.23312999999999864,0.23638849999999922
2022-07-19,0.2371230000000077,0.24479200000000045,0.24095750000000407
2022-07-20,0.2332610000000035,0.2312059999999952,0.23223349999999934
2022-07-21,0.22958899999977744,0.22473299999967536,0.2271609999997264
2022-07-22,0.18929699999999877,0.1914300000000008,0.1903634999999998
2022-07-25,0.2190089999999977,0.2285850000000046,0.22379700000000113
2022-07-26,0.2518670000000037,0.24797100000000027,0.249919000000002
2022-07-27,0.24330900000000022,0.21018700000003074,0.2267480000000155
2022-07-28,0.19898900000000094,0.19132900000000044,0.1951590000000007
2022-07-29,0.1679479999999988,0.1708420000000028,0.1693950000000008
2022-08-01,0.20923200000000225,0.2060819999999988,0.20765700000000054
2022-08-02,0.2102590000000034,0.21459800000000182,0.2124285000000026
2022-08-03,0.20787699999999895,0.1677730000000016,0.18782500000000027
2022-08-04,0.1786090000002899,0.20693099999987577,0.19277000000008282
2022-08-05,0.17644299999999996,0.1741330000000011,0.17528800000000053
2022-08-08,0.20554299999999937,0.1979230000000017,0.20173300000000055
2022-08-09,0.21126599999999954,0.22715100000000046,0.2192085
2022-08-10,0.1885739999999963,0.18572200000000116,0.18714799999999873
2022-08-11,0.16662900000008452,0.2042979999999051,0.1854634999999948
2022-08-12,0.15249699999999985,0.15268199999999615,0.152589499999998
2022-08-15,0.18821899999999642,0.17654599999999893,0.18238249999999767
2022-08-16,0.1614219999999327,0.16840799999998637,0.16491499999995954
2022-08-17,0.19646599999999745,0.18428900000000353,0.19037750000000048
2022-08-18,0.1650800000003572,0.1779969999999429,0.17153850000015003
2022-08-19,0.16299199999999958,0.16601400000000135,0.16450300000000045
2022-08-22,0.2092350000000648,0.21207500000004917,0.210655000000057
2022-08-23,0.23722100000000038,0.20775799999999964,0.2224895
2022-08-24,0.22958599999999382,0.22248999999998034,0.22603799999998708
2022-08-25,0.2146459999999946,0.24905500000000147,0.23185049999999802
2022-08-26,0.19907000000000158,0.17957099999999993,0.18932050000000075
2022-08-29,0.23152299999999923,0.19669800000000012,0.21411049999999968
2022-08-30,0.21743700000000263,0.2228120000000024,0.2201245000000025
2022-08-31,0.24644999999999664,0.20273200000000022,0.22459099999999843
2022-09-01,0.21624200000000549,0.27675499999999986,0.24649850000000267
2022-09-02,0.18523999999999796,0.17962999999999874,0.18243499999999835
2022-09-06,0.21673899999999713,0.2501440000000028,0.23344149999999997
2022-09-07,0.20486800000000424,0.23599399999999968,0.22043100000000196
2022-09-08,0.18697700000001047,0.2183429999999974,0.20266000000000395
2022-09-09,0.18487500000018228,0.18291500000022323,0.18389500000020276
2022-09-12,0.21059900000000217,0.20947099999999935,0.21003500000000075
2022-09-13,0.25512699999999977,0.23170499999998934,0.24341599999999455
2022-09-14,0.22771599999999861,0.26810799999999985,0.24791199999999924
2022-09-15,0.25612200000000174,0.22310299999999506,0.2396124999999984
2022-09-16,0.2178380000000008,0.2272239999999992,0.222531
2022-09-19,0.24555099999999708,0.2602770000000013,0.2529139999999992
2022-09-20,0.2993620000004567,0.305247999999549,0.3023050000000028
2022-09-21,0.33092400000000005,0.27986900000000126,0.3053965000000006
2022-09-22,0.386653999999998,0.2542979999999987,0.3204759999999983
2022-09-23,0.252235,0.25247099999999806,0.25235299999999905
2022-09-26,0.3451619999999966,0.2922240000000001,0.31869299999999834
2022-09-27,0.3311220000000003,0.3391680000000004,0.33514500000000036
2022-09-28,0.33281100000000263,0.30610100000000073,0.3194560000000017
2022-09-29,0.4276269999999977,0.43118799999999674,0.4294074999999972
2022-09-30,0.2716910000000089,0.2718900000000121,0.2717905000000105
2022-10-03,0.30486100000023414,0.31952600000009196,0.31219350000016305
2022-10-04,0.28687300000000193,0.30919499999999733,0.29803399999999963
2022-10-05,0.30734399999978684,0.3255970000002613,0.3164705000000241
2022-10-06,0.3978419999999978,0.3830930000000012,0.3904674999999995
2022-10-07,0.3154619999999999,0.30869600000000186,0.3120790000000009
2022-10-10,0.3778079999999737,0.3796109999999723,0.378709499999973
2022-10-11,0.4169799999999997,0.39720799999999745,0.40709399999999857
2022-10-12,0.5636300000000117,0.5243620000000574,0.5439960000000346
2022-10-13,0.44583799999986046,0.47629899999992126,0.46106849999989086
2022-10-14,0.3136439999999978,0.3214099999999999,0.3175269999999989
2022-10-17,0.3563030000000901,0.36424100000005766,0.36027200000007387
2022-10-18,0.30564100000013694,0.3580280000000035,0.3318345000000702
2022-10-19,0.3438589999999971,0.35739999999999583,0.3506294999999965
2022-10-20,0.36080699999999516,0.34921699999999684,0.355011999999996
2022-10-21,0.29986899999979905,0.2897799999997065,0.2948244999997528
2022-10-24,0.31365200000000115,0.32900700000000194,0.32132950000000154
2022-10-25,0.2951420000000025,0.3062909999999992,0.30071650000000083
2022-10-26,0.29568900000000115,0.2934859999999971,0.2945874999999991
2022-10-27,0.3028859999999927,0.33628100000000205,0.31958349999999736
2022-10-28,0.2628690000003012,0.2624850000002809,0.26267700000029104
2022-10-31,0.31324599999999875,0.3013199999999981,0.3072829999999984
2022-11-01,0.31808200000000103,0.3063549999999962,0.3122184999999986
2022-11-02,0.34816700000020223,0.31288900000000647,0.33052800000010435
2022-11-03,0.3607879999999922,0.35392999999999913,0.35735899999999565
2022-11-04,0.26656199999963226,0.2715169999996981,0.26903949999966514
2022-11-07,0.31465700000000135,0.3244260000000037,0.31954150000000253
2022-11-08,0.35491900000000104,0.32204500000000247,0.3384820000000017
2022-11-09,0.3664680000000006,0.38867400000000146,0.37757100000000104
2022-11-10,0.2799070000000026,0.2769620000000026,0.2784345000000026
2022-11-11,0.2219749999999985,0.22545200000007828,0.2237135000000384
2022-11-14,0.2748919999999996,0.2508860000000008,0.26288900000000015
2022-11-15,0.25029899999999666,0.27579499999999924,0.2630469999999979
2022-11-16,0.25983999999999524,0.2484600000000019,0.25414999999999854
2022-11-17,0.241795999999997,0.2780779999999932,0.2599369999999951
2022-11-18,0.1757769999997244,0.18022199999978775,0.17799949999975606
2022-11-21,0.18086700000000086,0.17557100000000134,0.1782190000000011
2022-11-22,0.1499679999999988,0.14313799999999655,0.14655299999999766
2022-11-23,0.0948270000000028,0.12510399999999944,0.10996550000000112
2022-11-25,0.190566999999998,0.2009209999999983,0.19574399999999814
2022-11-28,0.23562000000000105,0.24644,0.24103000000000052
2022-11-29,0.2639560000000005,0.25790599999999914,0.2609309999999998
2022-11-30,0.2949489999999931,0.4602440000000008,0.37759649999999695
2022-12-01,0.2974559999999953,0.2649349999999984,0.2811954999999968
2022-12-02,0.16770899999986666,0.17391199999990872,0.17081049999988768
2022-12-05,0.21121999999999574,0.19329499999999822,0.20225749999999698
2022-12-06,0.20349399999999718,0.22138400000000155,0.21243899999999938
2022-12-07,0.24341200000008698,0.22579700000037323,0.2346045000002301
2022-12-08,0.2333750000000002,0.24178700000000033,0.23758100000000026
2022-12-09,0.27546299999999035,0.20029299999966074,0.23787799999982556
2022-12-12,0.3226239999999994,0.2317860000000206,0.27720500000001
2022-12-13,0.29407700000000025,0.1875250000000007,0.2408010000000005
2022-12-14,0.2777949999999978,0.09678700000000959,0.1872910000000037
2022-12-15,0.25569100000043743,0.053400999999748094,0.15454600000009278
2022-12-16,0.18354100000000023,0.18377099999999852,0.18365599999999938
2022-12-19,0.22620200000000287,0.222163,0.22418250000000145
2022-12-20,0.23642500000000058,0.20894800000000074,0.22268650000000068
2022-12-21,0.1986530000000038,0.21294699999999753,0.20580000000000065
2022-12-22,0.2056220000000046,0.24591999999952763,0.22577099999976613
2022-12-23,0.1666099999999994,0.15901899999999922,0.1628144999999993
2022-12-27,0.21138800000000008,0.18874799999999944,0.20006799999999975
2022-12-28,0.22622999999999885,0.19448800000001182,0.21035900000000535
2022-12-29,0.1964059999999902,0.1877049999999985,0.19205549999999436
2022-12-30,0.1884559999999994,0.1881450000000002,0.18830049999999982
2023-01-03,0.2503720000000006,0.24329699999999968,0.24683450000000012
2023-01-04,0.23506800000000075,0.24464500000000272,0.23985650000000175
2023-01-05,0.27465200000000645,0.30051099999999586,0.28758150000000116
2023-01-06,0.20036200000000007,0.20303299999999702,0.20169749999999853
2023-01-09,0.24930700000023218,0.23081000000002005,0.24005850000012613
2023-01-10,0.25645200000000157,0.2535119999999998,0.2549820000000007
2023-01-11,0.29187199999999575,0.2825240000000003,0.287197999999998
2023-01-12,0.22679699999999428,0.1947990000000002,0.21079799999999724
2023-01-13,0.1457439999999986,0.15410899999999894,0.14992649999999877
2023-01-17,0.18373900000029528,0.18472500000026373,0.1842320000002795
2023-01-18,0.20566599999999427,0.19321199999998775,0.199438999999991
2023-01-19,0.232241000000126,0.2051989999999944,0.2187200000000602
2023-01-20,0.180781,0.1823460000000014,0.1815635000000007
2023-01-23,0.22357200000000704,0.21613300000000965,0.21985250000000833
2023-01-24,0.23322100000000295,0.21393500000000187,0.2235780000000024
2023-01-25,0.22826900000000355,0.24043700000000254,0.23435300000000303
2023-01-26,0.23881199999999755,0.2542880000000022,0.24654999999999988
2023-01-27,0.19800299999999943,0.19487799999999955,0.1964404999999995
2023-01-30,0.25635799999999903,0.25584300000000065,0.25610049999999984
2023-01-31,0.24912899999999638,0.2798759999999978,0.2645024999999971
2023-02-01,0.24971600000000996,0.2544590000000078,0.2520875000000089
2023-02-02,0.27779900000000113,0.2514490000000095,0.2646240000000053
2023-02-03,0.17818900000000043,0.16584300000000002,0.17201600000000022
2023-02-06,0.20451099999999897,0.20393500000000023,0.2042229999999996
2023-02-07,0.20539900000000177,0.18773499999999985,0.19656700000000082
2023-02-08,0.2042760000000024,0.20877799999999863,0.20652700000000052
2023-02-09,0.22971799999999917,0.23835899999999588,0.23403849999999754
2023-02-10,0.20056000000000357,0.19853399999999943,0.1995470000000015
2023-02-13,0.23659200000000016,0.23253999999999866,0.2345659999999994
2023-02-14,0.21600099999999897,0.18768599999999971,0.20184349999999934
2023-02-15,0.1870709999996421,0.183999999999874,0.18553549999975805
2023-02-16,0.23443599999999842,0.21329399999997975,0.2238649999999891
2023-02-17,0.1634820000000007,0.15410999999999953,0.1587960000000001
2023-02-21,0.25243700000000213,0.22375600000000126,0.2380965000000017
2023-02-22,0.22616799999998394,0.2155049999999825,0.22083649999998323
2023-02-23,0.22956599999999594,0.19110400000000108,0.2103349999999985
2023-02-24,0.16623299999999785,0.16990400000000042,0.16806849999999912
2023-02-27,0.19762100000000155,0.20045200000000146,0.1990365000000015
2023-02-28,0.24213400000000174,0.18696200000000085,0.2145480000000013
2023-03-01,0.22625199999978138,0.20681199999950914,0.21653199999964526
2023-03-02,0.17606699999999512,0.21901000000007095,0.19753850000003303
2023-03-03,0.17738800000001778,0.1886840000000001,0.18303600000000894
2023-03-06,0.2119369999999981,0.21128000000000166,0.21160849999999987
2023-03-07,0.23601899999963974,0.21736500000036238,0.22669200000000106
2023-03-08,0.24250800000025666,0.22663900000019818,0.23457350000022742
2023-03-09,0.29325599999995056,0.30206299999996616,0.29765949999995833
2023-03-10,0.24793199999999918,0.23461500000000093,0.24127350000000006
2023-03-13,0.32556800000000063,0.31573200000000207,0.3206500000000013
2023-03-14,0.25747800000000054,0.260113000000002,0.2587955000000013
2023-03-15,0.3119440000000005,0.3270470000000004,0.3194955000000005
2023-03-16,0.2784619999999966,0.3123580000000041,0.29541000000000034
2023-03-17,0.2887729999999983,0.296299999999999,0.29253649999999864
2023-03-20,0.31079100000000065,0.30695499999968284,0.30887299999984175
2023-03-21,0.32495800000000113,0.3044990000000016,0.31472850000000135
2023-03-22,0.38941999999999755,0.2623380000000016,0.3258789999999996
2023-03-23,0.35319300000000686,0.2934410000003071,0.32331700000015695
2023-03-24,0.23134000000000027,0.24261100000000052,0.2369755000000004
2023-03-27,0.23254100000000044,0.23937000000000336,0.2359555000000019
2023-03-28,0.21724800000000008,0.24316999999999944,0.23020899999999977
2023-03-29,0.21553200000000142,0.21034500000000275,0.21293850000000208
2023-03-30,0.2064529999999958,0.20841200000000026,0.20743249999999802
2023-03-31,0.17173400000000055,0.17625400000000044,0.17399400000000048
2023-04-03,0.1945990000003014,0.1852489999997656,0.1899240000000335
2023-04-04,0.17818499999999676,0.18335399999999955,0.18076949999999814
2023-04-05,0.19143499999999877,0.1933250000000099,0.19238000000000433
2023-04-06,0.1654579999999999,0.1669289999999967,0.1661934999999983
2023-04-10,0.2127340000000006,0.21158099999999805,0.21215749999999933
2023-04-11,0.21367500000003053,0.21528500000002262,0.2144800000000266
2023-04-12,0.17509000000005503,0.21763700000000244,0.19636350000002872
2023-04-13,0.2081640000000059,0.20683900000000374,0.20750150000000483
2023-04-14,0.1616190000000012,0.15094100000000002,0.1562800000000006
2023-04-17,0.15403400000000267,0.17893500000000276,0.1664845000000027
2023-04-18,0.17509899999951034,0.16448400000014352,0.16979149999982693
2023-04-19,0.16627199999988093,0.16428899999986565,0.1652804999998733
2023-04-20,0.1613479999999983,0.1842409999999998,0.17279449999999905
2023-04-21,0.14200799999999805,0.14102200000000065,0.14151499999999934
2023-04-24,0.16522400000012452,0.16427400000011333,0.16474900000011894
2023-04-25,0.1823120000000016,0.1779959999999976,0.1801539999999996
2023-04-26,0.20151500000034428,0.1685960000000007,0.18505550000017248
2023-04-27,0.14411700000000488,0.21286700000000194,0.17849200000000343
2023-04-28,0.15953800000000043,0.16626400000000016,0.1629010000000003
2023-05-01,0.19263799999999948,0.17950199999999789,0.18606999999999868
2023-05-02,0.2145020000000014,0.1809790000000163,0.19774050000000887
2023-05-03,0.22661600000000084,0.22214399999999881,0.22437999999999983
2023-05-04,0.21889500000000278,0.23518599999999798,0.22704050000000037
2023-05-05,0.15148599999999934,0.16234000000023407,0.1569130000001167
2023-05-08,0.16483100000000073,0.16194500000000084,0.16338800000000078
2023-05-09,0.18576399999957757,0.16698599999999877,0.17637499999978817
2023-05-10,0.15982300000000177,0.15296500000000157,0.15639400000000167
2023-05-11,0.165741000000004,0.1681300000000007,0.16693550000000235
2023-05-12,0.11053000000000207,0.12173699999999814,0.11613350000000011
2023-05-15,0.16590300000000333,0.16145500000000332,0.16367900000000332
2023-05-16,0.1835800000000013,0.17682400000000137,0.18020200000000133
2023-05-17,0.17346499999999704,0.20194200000000542,0.18770350000000124
2023-05-18,0.17404099999980152,0.195596999999998,0.18481899999989976
2023-05-19,0.17888099999999685,0.14709400000000003,0.16298749999999845
2023-05-22,0.18461800000000408,0.17970300000000028,0.18216050000000217
2023-05-23,0.18303899999999884,0.18652400000000025,0.18478149999999954
2023-05-24,0.2051590000000027,0.17699500000000487,0.19107700000000377
2023-05-25,0.2101590000000099,0.182251999999996,0.19620550000000295
2023-05-26,0.1734679999999977,0.17792200000000025,0.175694999999999
2023-05-30,0.20809999999999776,0.20929899999999826,0.208699499999998
2023-05-31,0.21175499999976566,0.21201299999976791,0.2118839999997668
2023-06-01,0.20084400000000205,0.19915099999999628,0.19999749999999916
2023-06-02,0.1507049999999994,0.13934899999999958,0.1450269999999995
2023-06-05,0.16027200000000022,0.1606880000000012,0.1604800000000007
2023-06-06,0.17781299999999836,0.13025800000000073,0.15403549999999955
2023-06-07,0.15100099999999747,0.15660800000000277,0.15380450000000012
2023-06-08,0.14568199999999717,0.1438650000000006,0.1447734999999989
2023-06-09,0.14879999999999974,0.04884100000000236,0.09882050000000105
2023-06-12,0.18844399999999942,0.0988569999999947,0.14365049999999707
2023-06-13,0.17230700000009017,0.07306599999999996,0.12268650000004507
2023-06-14,0.17103999999999875,0.09422499999999989,0.13263249999999932
2023-06-15,0.1541550000000017,0.04110099999998632,0.09762799999999401
2023-06-16,0.08005600000000379,0.20594399999999793,0.14300000000000085
2023-06-20,0.16018499999997562,0.16182899999997913,0.16100699999997736
2023-06-21,0.1432079999999779,0.15654099999998866,0.14987449999998328
2023-06-22,0.13838399999999967,0.15874100000001007,0.14856250000000487
2023-06-23,0.14050399999999885,0.1278860000000012,0.134195
2023-06-26,0.15534200000003087,0.15244000000004312,0.153891000000037
2023-06-27,0.15918499999988572,0.13499100000000025,0.147087999999943
2023-06-28,0.13611799999980637,0.15617499999999465,0.1461464999999005
2023-06-29,0.1688840000000022,0.14294300000000038,0.1559135000000013
2023-06-30,0.11348799999999952,0.09818399999993856,0.10583599999996904
2023-07-03,0.11530699999998811,0.11955599999998952,0.11743149999998881
2023-07-05,0.1557949999999956,0.14081899999999992,0.14830699999999775
2023-07-06,0.19713200000001013,0.16227100000026995,0.17970150000014004
2023-07-07,0.13286799999999813,0.13682099999999905,0.1348444999999986
2023-07-10,0.16175400000000262,0.1680960000000017,0.16492500000000215
2023-07-11,0.1515419999995022,0.16165399999972055,0.15659799999961138
2023-07-12,0.14077899999999696,0.14393200000000234,0.14235549999999964
2023-07-13,0.14653800000000086,0.16002400000022649,0.1532810000001137
2023-07-14,0.12565000000000096,0.1334400000000011,0.12954500000000102
2023-07-17,0.16151400000000316,0.14244600000000007,0.1519800000000016
2023-07-18,0.16679000000000288,0.15382500000000054,0.1603075000000017
2023-07-19,0.17466300000000107,0.17826999999999865,0.17646649999999986
2023-07-20,0.17390400000000245,0.18696100000000487,0.18043250000000366
2023-07-21,0.1714689999999996,0.15658599999999845,0.16402749999999902
2023-07-24,0.19512800000000113,0.18566599999999944,0.1903970000000003
2023-07-25,0.19821000000036462,0.1780739999999976,0.1881420000001811
2023-07-26,0.16046199999999766,0.18874600000000225,0.17460399999999995
2023-07-27,0.1994189999999981,0.19837000000000118,0.19889449999999964
2023-07-28,0.14655099999999627,0.14200800000000033,0.14427949999999828
2023-07-31,0.1572740000000014,0.17113700000000015,0.16420550000000078
2023-08-01,0.1810270000000002,0.16384400000000343,0.1724355000000018
2023-08-02,0.20594599999999835,0.1600279999999941,0.18298699999999624
2023-08-03,0.2530140000000021,0.21670899999998247,0.23486149999999228
2023-08-04,0.1699829999999971,0.16976399999999825,0.16987349999999768
2023-08-07,0.20877100000044518,0.18903099999999942,0.19890100000022232
2023-08-08,0.1825120000000078,0.26257099999999944,0.2225415000000036
2023-08-09,0.21306700000000012,0.18214899999999806,0.1976079999999991
2023-08-10,0.19409699999993632,0.200756999999984,0.19742699999996016
2023-08-11,0.1361830000000012,0.1538039999999991,0.14499350000000016
2023-08-14,0.1705989999999968,0.16600899999999963,0.16830399999999823
2023-08-15,0.18949399999995922,0.17157799999988535,0.1805359999999223
2023-08-16,0.18903900000010637,0.14548599999999703,0.16726250000005172
2023-08-17,0.19116400000000006,0.17798600000000062,0.18457500000000032
2023-08-18,0.1626589999999967,0.16547099999999743,0.16406499999999707
2023-08-21,0.20345099999999872,0.1757789999999994,0.18961499999999906
2023-08-22,0.2050460000000033,0.17789300000005268,0.191469500000028
2023-08-23,0.2058439999999791,0.2146209999999874,0.21023249999998325
2023-08-24,0.2580160000000263,0.21406599999979772,0.23604099999991202
2023-08-25,0.15794299999999808,0.14711700000000083,0.15252999999999944
2023-08-28,0.17465899999999773,0.15868899999999872,0.1666739999999982
2023-08-29,0.14873799999999854,0.15279600000000515,0.15076700000000184
2023-08-30,0.15683099999999647,0.1603670000000017,0.1585989999999991
2023-08-31,0.16753300000039187,0.14706300000000586,0.15729800000019886
