Date,Price
4/1/2000,23.95
5/1/2000,23.72
6/1/2000,23.55
7/1/2000,23.35
10/1/2000,22.77
11/1/2000,23.93
12/1/2000,24.62
13/1/2000,24.9
14/1/2000,25.5
17/1/2000,25.99
18/1/2000,26.31
19/1/2000,26.17
20/1/2000,26.26
21/1/2000,27.18
24/1/2000,27.02
25/1/2000,27.24
26/1/2000,27.18
27/1/2000,26.91
28/1/2000,26.59
31/1/2000,27.08
1/2/2000,27.35
2/2/2000,27.15
3/2/2000,27.6
4/2/2000,27.48
7/2/2000,27.94
8/2/2000,27.61
9/2/2000,27.44
10/2/2000,27.32
11/2/2000,27.82
14/2/2000,28.03
15/2/2000,28.12
16/2/2000,28.11
17/2/2000,27.54
18/2/2000,27.26
21/2/2000,26.93
22/2/2000,27.22
23/2/2000,27.92
24/2/2000,28.21
25/2/2000,28.53
28/2/2000,28.7
29/2/2000,29.01
1/3/2000,29.78
2/3/2000,30.12
3/3/2000,29.83
6/3/2000,30.08
7/3/2000,31.93
8/3/2000,31.41
9/3/2000,29.11
10/3/2000,28.97
13/3/2000,29.25
14/3/2000,28.83
15/3/2000,28.03
16/3/2000,27.97
17/3/2000,27.87
20/3/2000,25.59
21/3/2000,24.93
22/3/2000,25.77
23/3/2000,25.32
24/3/2000,25.74
27/3/2000,25.16
28/3/2000,24.8
29/3/2000,23.77
30/3/2000,23.94
31/3/2000,23.98
3/4/2000,24.62
4/4/2000,23.26
5/4/2000,22.98
6/4/2000,22.9
7/4/2000,22.63
10/4/2000,21.08
11/4/2000,21.05
12/4/2000,21.4
13/4/2000,22.65
14/4/2000,22.13
17/4/2000,22.2
18/4/2000,22.67
19/4/2000,23.5
20/4/2000,23.57
21/4/2000,.
24/4/2000,.
25/4/2000,23.36
26/4/2000,22.9
27/4/2000,23.07
28/4/2000,23.79
1/5/2000,.
2/5/2000,24.73
3/5/2000,25.13
4/5/2000,25.06
5/5/2000,24.93
8/5/2000,26.03
9/5/2000,26.69
10/5/2000,26.59
11/5/2000,27.22
12/5/2000,27.98
15/5/2000,28.26
16/5/2000,28.78
17/5/2000,28.4
18/5/2000,28.9
19/5/2000,29.01
22/5/2000,28.45
23/5/2000,28.12
24/5/2000,28.97
25/5/2000,29.62
26/5/2000,30.09
29/5/2000,.
30/5/2000,29.89
31/5/2000,29.64
1/6/2000,29.69
2/6/2000,29.35
5/6/2000,28.27
6/6/2000,28.42
7/6/2000,28.32
8/6/2000,29.34
9/6/2000,29
12/6/2000,30.1
13/6/2000,30.4
14/6/2000,30.12
15/6/2000,29.77
16/6/2000,28.68
19/6/2000,27.69
20/6/2000,28.86
21/6/2000,30.71
22/6/2000,30.61
23/6/2000,31.02
26/6/2000,30.9
27/6/2000,30.47
28/6/2000,31.15
29/6/2000,31.05
30/6/2000,31.58
3/7/2000,32.15
4/7/2000,30.73
5/7/2000,30.35
6/7/2000,30.67
7/7/2000,30.62
10/7/2000,30.58
11/7/2000,29.83
12/7/2000,30.27
13/7/2000,31.15
14/7/2000,30.82
17/7/2000,28.44
18/7/2000,28.46
19/7/2000,28.33
20/7/2000,27.85
21/7/2000,26.68
24/7/2000,26.84
25/7/2000,25.78
26/7/2000,25.92
27/7/2000,25.6
28/7/2000,25.96
31/7/2000,25.3
1/8/2000,25.24
2/8/2000,26.8
3/8/2000,27.04
4/8/2000,28.01
7/8/2000,27.56
8/8/2000,27.58
9/8/2000,28.13
10/8/2000,28.98
11/8/2000,29.44
14/8/2000,29.24
15/8/2000,30
16/8/2000,29.66
17/8/2000,30.71
18/8/2000,30.76
21/8/2000,31.34
22/8/2000,30.18
23/8/2000,32.38
24/8/2000,31.67
25/8/2000,33.26
28/8/2000,33.29
29/8/2000,34.03
30/8/2000,34.13
31/8/2000,35.08
1/9/2000,35.09
4/9/2000,36.02
5/9/2000,35.72
6/9/2000,36.7
7/9/2000,37.43
8/9/2000,36.27
11/9/2000,36.87
12/9/2000,33.3
13/9/2000,31.08
14/9/2000,31.35
15/9/2000,33.68
18/9/2000,34.55
19/9/2000,33.48
20/9/2000,33.67
21/9/2000,32.18
22/9/2000,31.59
25/9/2000,30.01
26/9/2000,29.94
27/9/2000,29.78
28/9/2000,28.91
29/9/2000,28.42
2/10/2000,29.65
3/10/2000,30.64
4/10/2000,30.07
5/10/2000,29.19
6/10/2000,29.62
9/10/2000,29.99
10/10/2000,30.95
11/10/2000,31.25
12/10/2000,33.45
13/10/2000,33.5
16/10/2000,32.03
17/10/2000,30.38
18/10/2000,30.98
19/10/2000,31.29
20/10/2000,30.16
23/10/2000,30.98
24/10/2000,31.81
25/10/2000,31.17
26/10/2000,31.48
27/10/2000,31.31
30/10/2000,31.09
31/10/2000,30.15
1/11/2000,31.62
2/11/2000,30.81
3/11/2000,30.81
6/11/2000,31
7/11/2000,31.59
8/11/2000,31.3
9/11/2000,31.79
10/11/2000,32.26
13/11/2000,32.5
14/11/2000,33.05
15/11/2000,33.82
16/11/2000,34.16
17/11/2000,33.09
20/11/2000,34.23
21/11/2000,33.33
22/11/2000,33.11
23/11/2000,33.29
24/11/2000,33.35
27/11/2000,33.47
28/11/2000,32.59
29/11/2000,32.45
30/11/2000,32.53
1/12/2000,31.59
4/12/2000,30.37
5/12/2000,28.88
6/12/2000,27.47
7/12/2000,27.85
8/12/2000,26.85
11/12/2000,27.28
12/12/2000,26.81
13/12/2000,26.84
14/12/2000,24.32
15/12/2000,24.44
18/12/2000,25.11
19/12/2000,24.36
20/12/2000,23.29
21/12/2000,22.4
22/12/2000,22.23
25/12/2000,.
26/12/2000,.
27/12/2000,22.58
28/12/2000,22.29
29/12/2000,22.58
1/1/2001,.
2/1/2001,23.43
3/1/2001,23.44
4/1/2001,24.57
5/1/2001,24.77
8/1/2001,24.75
9/1/2001,24.13
10/1/2001,24.98
11/1/2001,25.6
12/1/2001,25.63
15/1/2001,26.03
16/1/2001,25.52
17/1/2001,24.27
18/1/2001,24.74
19/1/2001,26.29
22/1/2001,27.69
23/1/2001,27.02
24/1/2001,27.04
25/1/2001,26.94
26/1/2001,27.04
29/1/2001,26.95
30/1/2001,26.32
31/1/2001,26.59
1/2/2001,27.17
2/2/2001,28.9
5/2/2001,29.25
6/2/2001,29.1
7/2/2001,29.54
8/2/2001,30.68
9/2/2001,29.53
12/2/2001,29.32
13/2/2001,28
14/2/2001,27.89
15/2/2001,26.33
16/2/2001,26.61
19/2/2001,27.05
20/2/2001,26.45
21/2/2001,26.1
22/2/2001,25.75
23/2/2001,26.12
26/2/2001,25.84
27/2/2001,25.28
28/2/2001,25.16
1/3/2001,24.76
2/3/2001,25.28
5/3/2001,25.98
6/3/2001,25.59
7/3/2001,25.91
8/3/2001,26.37
9/3/2001,25.78
12/3/2001,25.34
13/3/2001,24.8
14/3/2001,24.31
15/3/2001,23.37
16/3/2001,23.84
19/3/2001,23.19
20/3/2001,23.63
21/3/2001,23.21
22/3/2001,23.45
23/3/2001,23.94
26/3/2001,24.01
27/3/2001,24.41
28/3/2001,24.5
29/3/2001,23.77
30/3/2001,23.5
2/4/2001,23.31
3/4/2001,23.47
4/4/2001,24.35
5/4/2001,24.87
6/4/2001,24.02
9/4/2001,24.37
10/4/2001,25.64
11/4/2001,26.08
12/4/2001,27.12
13/4/2001,26.8
16/4/2001,26.8
17/4/2001,26.99
18/4/2001,26.11
19/4/2001,25.86
20/4/2001,25.57
23/4/2001,25.42
24/4/2001,25.76
25/4/2001,25.49
26/4/2001,26.71
27/4/2001,26.85
30/4/2001,27.21
1/5/2001,27.31
2/5/2001,26.82
3/5/2001,27.46
4/5/2001,27.59
7/5/2001,27.71
8/5/2001,27.45
9/5/2001,27.46
10/5/2001,28.27
11/5/2001,27.97
14/5/2001,27.77
15/5/2001,27.88
16/5/2001,28.19
17/5/2001,28.57
18/5/2001,29.3
21/5/2001,29.8
22/5/2001,29.72
23/5/2001,29.51
24/5/2001,28.85
25/5/2001,28.69
28/5/2001,.
29/5/2001,29.11
30/5/2001,28.92
31/5/2001,28.55
1/6/2001,28.86
4/6/2001,28.95
5/6/2001,29.25
6/6/2001,28.73
7/6/2001,28.55
8/6/2001,28.88
11/6/2001,29.57
12/6/2001,29.03
13/6/2001,29.13
14/6/2001,28.5
15/6/2001,28.13
18/6/2001,27.61
19/6/2001,26.68
20/6/2001,26.24
21/6/2001,26.7
22/6/2001,26.86
25/6/2001,27.36
26/6/2001,27.66
27/6/2001,26.25
28/6/2001,25.68
29/6/2001,26.21
2/7/2001,25.73
3/7/2001,25.56
4/7/2001,25.97
5/7/2001,25.69
6/7/2001,26.55
9/7/2001,25.59
10/7/2001,24.69
11/7/2001,24.44
12/7/2001,23.62
13/7/2001,24.02
16/7/2001,23.58
17/7/2001,23.9
18/7/2001,23.1
19/7/2001,23.35
20/7/2001,23.43
23/7/2001,24.44
24/7/2001,24.37
25/7/2001,24.9
26/7/2001,24.94
27/7/2001,24.82
30/7/2001,24.46
31/7/2001,24.35
1/8/2001,24.23
2/8/2001,25.49
3/8/2001,25.6
6/8/2001,25.39
7/8/2001,25.94
8/8/2001,25.61
9/8/2001,25.28
10/8/2001,25.78
13/8/2001,25.88
14/8/2001,25.71
15/8/2001,25.61
16/8/2001,25.18
17/8/2001,24.68
20/8/2001,24.35
21/8/2001,25.36
22/8/2001,25.71
23/8/2001,25.66
24/8/2001,26.33
27/8/2001,26.22
28/8/2001,26.46
29/8/2001,26.67
30/8/2001,26.7
31/8/2001,26.8
3/9/2001,26.52
4/9/2001,26.27
5/9/2001,26.27
6/9/2001,26.61
7/9/2001,27.54
10/9/2001,27.59
11/9/2001,29.12
12/9/2001,28.24
13/9/2001,28.2
14/9/2001,29.22
17/9/2001,28.32
18/9/2001,27.54
19/9/2001,25.44
20/9/2001,25.57
21/9/2001,25.17
24/9/2001,20.63
25/9/2001,20.13
26/9/2001,20.67
27/9/2001,21.47
28/9/2001,21.87
1/10/2001,21.22
2/10/2001,21.29
3/10/2001,20.63
4/10/2001,20.94
5/10/2001,21.46
8/10/2001,20.91
9/10/2001,20.65
10/10/2001,21.02
11/10/2001,21.38
12/10/2001,20.57
15/10/2001,20.36
16/10/2001,20.47
17/10/2001,19.47
18/10/2001,19.21
19/10/2001,19.91
22/10/2001,20.38
23/10/2001,20.56
24/10/2001,20.37
25/10/2001,20.67
26/10/2001,20.31
29/10/2001,20.55
30/10/2001,20.41
31/10/2001,19.63
1/11/2001,19.39
2/11/2001,18.63
5/11/2001,18.78
6/11/2001,18.64
7/11/2001,18.86
8/11/2001,19.54
9/11/2001,20.72
12/11/2001,19.48
13/11/2001,20.47
14/11/2001,18.78
15/11/2001,16.51
16/11/2001,16.86
19/11/2001,16.55
20/11/2001,18.82
21/11/2001,18.44
22/11/2001,19.65
23/11/2001,19.4
26/11/2001,18.66
27/11/2001,19.09
28/11/2001,18.81
29/11/2001,18.54
30/11/2001,18.92
3/12/2001,20
4/12/2001,19.28
5/12/2001,19.27
6/12/2001,18.57
7/12/2001,17.81
10/12/2001,18.03
11/12/2001,17.61
12/12/2001,18.13
13/12/2001,17.8
14/12/2001,18.54
17/12/2001,18.58
18/12/2001,18.51
19/12/2001,19.03
20/12/2001,18.87
21/12/2001,18.73
24/12/2001,18.65
25/12/2001,.
26/12/2001,.
27/12/2001,18.87
28/12/2001,19.77
31/12/2001,19.35
1/1/2002,.
2/1/2002,20.13
3/1/2002,20.47
4/1/2002,21.2
7/1/2002,21.08
8/1/2002,21.03
9/1/2002,20.21
10/1/2002,19.71
11/1/2002,20.08
14/1/2002,18.89
15/1/2002,18.86
16/1/2002,18.5
17/1/2002,18.2
18/1/2002,18.17
21/1/2002,18.32
22/1/2002,18.7
23/1/2002,18.89
24/1/2002,18.91
25/1/2002,19.04
28/1/2002,19.74
29/1/2002,19.26
30/1/2002,18.71
31/1/2002,19.07
1/2/2002,19.7
4/2/2002,20.26
5/2/2002,19.9
6/2/2002,19.97
7/2/2002,19.42
8/2/2002,20.01
11/2/2002,20.08
12/2/2002,21.75
13/2/2002,21.41
14/2/2002,20.97
15/2/2002,20.76
18/2/2002,20.12
19/2/2002,20.18
20/2/2002,19.44
21/2/2002,20.21
22/2/2002,20.14
25/2/2002,19.78
26/2/2002,19.95
27/2/2002,20.73
28/2/2002,20.73
1/3/2002,21.83
4/3/2002,21.59
5/3/2002,22.25
6/3/2002,22.11
7/3/2002,23.1
8/3/2002,22.32
11/3/2002,23.14
12/3/2002,22.7
13/3/2002,23.6
14/3/2002,23.76
15/3/2002,23.9
18/3/2002,23.8
19/3/2002,24.51
20/3/2002,24.78
21/3/2002,24.25
22/3/2002,24.83
25/3/2002,24.75
26/3/2002,24.6
27/3/2002,25.13
28/3/2002,25.34
29/3/2002,25.34
1/4/2002,26.06
2/4/2002,26.97
3/4/2002,26.72
4/4/2002,26.97
5/4/2002,25.39
8/4/2002,26.36
9/4/2002,25.48
10/4/2002,25.13
11/4/2002,24.22
12/4/2002,23.25
15/4/2002,23.39
16/4/2002,24.03
17/4/2002,25.26
18/4/2002,25.9
19/4/2002,25.86
22/4/2002,25.96
23/4/2002,26.26
24/4/2002,26.2
25/4/2002,26.47
26/4/2002,26.32
29/4/2002,26.85
30/4/2002,26.98
1/5/2002,26.67
2/5/2002,25.73
3/5/2002,25.8
6/5/2002,.
7/5/2002,25.53
8/5/2002,26.09
9/5/2002,26.09
10/5/2002,26.89
13/5/2002,26.3
14/5/2002,27.12
15/5/2002,27.17
16/5/2002,25.71
17/5/2002,25.45
20/5/2002,25.97
21/5/2002,24.99
22/5/2002,24.32
23/5/2002,24.01
24/5/2002,23.76
27/5/2002,23.52
28/5/2002,24.71
29/5/2002,24.18
30/5/2002,23.72
31/5/2002,23.87
3/6/2002,.
4/6/2002,.
5/6/2002,23.19
6/6/2002,22.79
7/6/2002,22.99
10/6/2002,22.83
11/6/2002,22.37
12/6/2002,23.09
13/6/2002,23.72
14/6/2002,23.97
17/6/2002,24.69
18/6/2002,24.64
19/6/2002,24.85
20/6/2002,24.42
21/6/2002,24.14
24/6/2002,24.99
25/6/2002,25.32
26/6/2002,24.75
27/6/2002,25.39
28/6/2002,25.33
1/7/2002,25.65
2/7/2002,25.64
3/7/2002,25.59
4/7/2002,25.51
5/7/2002,25.75
8/7/2002,25.08
9/7/2002,24.9
10/7/2002,25.82
11/7/2002,25.83
12/7/2002,26.11
15/7/2002,26.16
16/7/2002,25.94
17/7/2002,26.19
18/7/2002,26.72
19/7/2002,26.37
22/7/2002,25.7
23/7/2002,25.65
24/7/2002,25.43
25/7/2002,25.36
26/7/2002,25.1
29/7/2002,25.2
30/7/2002,25.95
31/7/2002,26.28
1/8/2002,25.79
2/8/2002,25.17
5/8/2002,25.2
6/8/2002,25.69
7/8/2002,25.7
8/8/2002,25.51
9/8/2002,25.49
12/8/2002,25.63
13/8/2002,26.11
14/8/2002,26.47
15/8/2002,26.66
16/8/2002,27.33
19/8/2002,27.44
20/8/2002,27.63
21/8/2002,27.53
22/8/2002,27.81
23/8/2002,27.51
26/8/2002,27.56
27/8/2002,27.89
28/8/2002,27.54
29/8/2002,27.11
30/8/2002,27.56
2/9/2002,27.45
3/9/2002,26.58
4/9/2002,27.31
5/9/2002,27.54
6/9/2002,28.36
9/9/2002,28.67
10/9/2002,28.92
11/9/2002,28.68
12/9/2002,27.76
13/9/2002,28.53
16/9/2002,28.38
17/9/2002,27.76
18/9/2002,28.41
19/9/2002,28.45
20/9/2002,28.61
23/9/2002,29.36
24/9/2002,29.47
25/9/2002,29.11
26/9/2002,28.93
27/9/2002,29
30/9/2002,29.11
1/10/2002,29.42
2/10/2002,29.14
3/10/2002,28.46
4/10/2002,28.32
7/10/2002,28.38
8/10/2002,28.28
9/10/2002,28.29
10/10/2002,27.7
11/10/2002,28.18
14/10/2002,28.56
15/10/2002,28.66
16/10/2002,28.61
17/10/2002,28.22
18/10/2002,28.2
21/10/2002,27.01
22/10/2002,26.69
23/10/2002,26.68
24/10/2002,26.78
25/10/2002,25.96
28/10/2002,25.44
29/10/2002,25.71
30/10/2002,25.29
31/10/2002,25.51
1/11/2002,25.78
4/11/2002,25.21
5/11/2002,24.66
6/11/2002,23.73
7/11/2002,24.36
8/11/2002,23.54
11/11/2002,23.86
12/11/2002,24.01
13/11/2002,22.96
14/11/2002,22.82
15/11/2002,23.33
18/11/2002,23.41
19/11/2002,24.05
20/11/2002,24.05
21/11/2002,24.52
22/11/2002,24.79
25/11/2002,24.85
26/11/2002,24.56
27/11/2002,25.11
28/11/2002,25.7
29/11/2002,25.74
2/12/2002,25.73
3/12/2002,26.09
4/12/2002,25.99
5/12/2002,26.07
6/12/2002,25.67
9/12/2002,26.06
10/12/2002,26.35
11/12/2002,26.85
12/12/2002,27.29
13/12/2002,27.64
16/12/2002,28.73
17/12/2002,29.25
18/12/2002,29.95
19/12/2002,30.26
20/12/2002,29.59
23/12/2002,30.61
24/12/2002,30.93
25/12/2002,.
26/12/2002,.
27/12/2002,31.49
30/12/2002,32.02
31/12/2002,30.12
1/1/2003,.
2/1/2003,30.32
3/1/2003,31.43
6/1/2003,31.43
7/1/2003,30.78
8/1/2003,29.3
9/1/2003,30.26
10/1/2003,30.07
13/1/2003,30.46
14/1/2003,31.36
15/1/2003,31.73
16/1/2003,32.29
17/1/2003,31.57
20/1/2003,32.23
21/1/2003,31.72
22/1/2003,32.07
23/1/2003,31.4
24/1/2003,31.62
27/1/2003,31.02
28/1/2003,30.73
29/1/2003,31.26
30/1/2003,31.42
31/1/2003,31.57
3/2/2003,30.95
4/2/2003,31.13
5/2/2003,31.77
6/2/2003,31.81
7/2/2003,32.23
10/2/2003,32.47
11/2/2003,32.51
12/2/2003,32.46
13/2/2003,33.23
14/2/2003,33.26
17/2/2003,33.06
18/2/2003,33.26
19/2/2003,33.16
20/2/2003,32.76
21/2/2003,32.76
24/2/2003,33.41
25/2/2003,33.64
26/2/2003,33.46
27/2/2003,34.09
28/2/2003,34
3/3/2003,33.4
4/3/2003,34.37
5/3/2003,33.92
6/3/2003,34.39
7/3/2003,34.47
10/3/2003,34.94
11/3/2003,34.06
12/3/2003,34.16
13/3/2003,33.98
14/3/2003,31.48
17/3/2003,30.35
18/3/2003,28.55
19/3/2003,28.4
20/3/2003,28
21/3/2003,25.59
24/3/2003,26.54
25/3/2003,27.28
26/3/2003,25.98
27/3/2003,27.29
28/3/2003,27.66
31/3/2003,28.05
1/4/2003,27.94
2/4/2003,26.29
3/4/2003,26.75
4/4/2003,25.62
7/4/2003,25.27
8/4/2003,24.88
9/4/2003,25.11
10/4/2003,25.16
11/4/2003,24.39
14/4/2003,24.72
15/4/2003,24.74
16/4/2003,24.86
17/4/2003,25.36
18/4/2003,25.76
21/4/2003,25.76
22/4/2003,25.72
23/4/2003,24.56
24/4/2003,24.06
25/4/2003,24.29
28/4/2003,23.42
29/4/2003,23.23
30/4/2003,23.6
1/5/2003,23.79
2/5/2003,23.73
5/5/2003,23.59
6/5/2003,23.91
7/5/2003,24.01
8/5/2003,24.48
9/5/2003,25.55
12/5/2003,25.69
13/5/2003,25.45
14/5/2003,25.98
15/5/2003,26.77
16/5/2003,27.18
19/5/2003,27.23
20/5/2003,26.69
21/5/2003,27.58
22/5/2003,27.32
23/5/2003,27.14
26/5/2003,26.78
27/5/2003,26.55
28/5/2003,26.48
29/5/2003,26.39
30/5/2003,26.58
2/6/2003,27.56
3/6/2003,27.99
4/6/2003,27.49
5/6/2003,28.16
6/6/2003,28.38
9/6/2003,28.62
10/6/2003,28.44
11/6/2003,28.97
12/6/2003,28.48
13/6/2003,27.39
16/6/2003,27.5
17/6/2003,27.14
18/6/2003,26.43
19/6/2003,26.21
20/6/2003,27.13
23/6/2003,27.13
24/6/2003,26.96
25/6/2003,27.34
26/6/2003,27.06
27/6/2003,27.45
30/6/2003,28.88
1/7/2003,28.33
2/7/2003,28.2
3/7/2003,28.63
4/7/2003,27.97
7/7/2003,27.23
8/7/2003,27.95
9/7/2003,28.21
10/7/2003,29.37
11/7/2003,29.36
14/7/2003,28.52
15/7/2003,28.87
16/7/2003,28.51
17/7/2003,28.59
18/7/2003,29.2
21/7/2003,28.01
22/7/2003,28.4
23/7/2003,27.67
24/7/2003,27.73
25/7/2003,28.3
28/7/2003,27.71
29/7/2003,28.27
30/7/2003,28.31
31/7/2003,28.68
1/8/2003,29.63
4/8/2003,29.91
5/8/2003,30.37
6/8/2003,30.01
7/8/2003,30.06
8/8/2003,30.59
11/8/2003,30.05
12/8/2003,30.13
13/8/2003,29.66
14/8/2003,28.96
15/8/2003,29.18
18/8/2003,29.88
19/8/2003,29.18
20/8/2003,29.28
21/8/2003,29.95
22/8/2003,30.22
25/8/2003,29.98
26/8/2003,30.08
27/8/2003,30.05
28/8/2003,30.1
29/8/2003,30.38
1/9/2003,29.64
2/9/2003,28.08
3/9/2003,27.89
4/9/2003,27.49
5/9/2003,27.72
8/9/2003,28.47
9/9/2003,27.64
10/9/2003,27.76
11/9/2003,27.48
12/9/2003,26.52
15/9/2003,26.38
16/9/2003,26.28
17/9/2003,25.76
18/9/2003,25.56
19/9/2003,25.51
22/9/2003,25.82
23/9/2003,25.74
24/9/2003,26.81
25/9/2003,27.04
26/9/2003,27.02
29/9/2003,27.77
30/9/2003,28.09
1/10/2003,27.98
2/10/2003,28.9
3/10/2003,29.14
6/10/2003,29.75
7/10/2003,29.35
8/10/2003,28.96
9/10/2003,30.21
10/10/2003,31.13
13/10/2003,31
14/10/2003,31.45
15/10/2003,31.23
16/10/2003,31.05
17/10/2003,30.27
20/10/2003,29.78
21/10/2003,29.61
22/10/2003,29.25
23/10/2003,29.63
24/10/2003,30.01
27/10/2003,29.38
28/10/2003,28.99
29/10/2003,28.56
30/10/2003,27.47
31/10/2003,27.88
3/11/2003,27.78
4/11/2003,27.32
5/11/2003,27.9
6/11/2003,28.52
7/11/2003,28.73
10/11/2003,28.82
11/11/2003,28.88
12/11/2003,28.58
13/11/2003,29.01
14/11/2003,29.78
17/11/2003,28.98
18/11/2003,29.26
19/11/2003,30.13
20/11/2003,29.88
21/11/2003,29.79
24/11/2003,27.99
25/11/2003,27.62
26/11/2003,28.23
27/11/2003,28.9
28/11/2003,28.95
1/12/2003,28.17
2/12/2003,29.1
3/12/2003,29.26
4/12/2003,29.25
5/12/2003,28.87
8/12/2003,30.52
9/12/2003,30.27
10/12/2003,30.02
11/12/2003,29.79
12/12/2003,30.24
15/12/2003,30.89
16/12/2003,30.64
17/12/2003,31.01
18/12/2003,30.79
19/12/2003,31.03
22/12/2003,28.78
23/12/2003,28.3
24/12/2003,29.45
25/12/2003,.
26/12/2003,.
29/12/2003,29.17
30/12/2003,30.1
31/12/2003,30.3
1/1/2004,.
2/1/2004,29.55
5/1/2004,32.3
6/1/2004,31.2
7/1/2004,30.99
8/1/2004,31.11
9/1/2004,31.91
12/1/2004,31.41
13/1/2004,32.55
14/1/2004,31.84
15/1/2004,31.43
16/1/2004,31.26
19/1/2004,31.67
20/1/2004,32.26
21/1/2004,31.95
22/1/2004,31.42
23/1/2004,32.08
26/1/2004,31.15
27/1/2004,31.05
28/1/2004,30.77
29/1/2004,29.47
30/1/2004,29.53
2/2/2004,30.3
3/2/2004,30.07
4/2/2004,29.63
5/2/2004,29.02
6/2/2004,29.26
9/2/2004,29.1
10/2/2004,30.06
11/2/2004,30.33
12/2/2004,30.17
13/2/2004,30.96
16/2/2004,31.08
17/2/2004,31.43
18/2/2004,31.57
19/2/2004,31.63
20/2/2004,31.22
23/2/2004,31.89
24/2/2004,31.6
25/2/2004,32.46
26/2/2004,32.45
27/2/2004,32.94
1/3/2004,33.34
2/3/2004,34.15
3/3/2004,33.32
4/3/2004,33.45
5/3/2004,34.4
8/3/2004,34.27
9/3/2004,33.72
10/3/2004,32.83
11/3/2004,33.22
12/3/2004,32.76
15/3/2004,34.39
16/3/2004,34.72
17/3/2004,34.95
18/3/2004,34.43
19/3/2004,34.33
22/3/2004,33.57
23/3/2004,34.4
24/3/2004,34.14
25/3/2004,33.32
26/3/2004,32.51
29/3/2004,32.04
30/3/2004,33.04
31/3/2004,32.29
1/4/2004,32.59
2/4/2004,31.19
5/4/2004,31.17
6/4/2004,31.48
7/4/2004,33.07
8/4/2004,33.98
9/4/2004,34.03
12/4/2004,34.51
13/4/2004,34.15
14/4/2004,33.54
15/4/2004,33.72
16/4/2004,33.85
19/4/2004,34.71
20/4/2004,33.56
21/4/2004,33.23
22/4/2004,33.24
23/4/2004,33.78
26/4/2004,34.18
27/4/2004,34.11
28/4/2004,35.02
29/4/2004,34.66
30/4/2004,35.23
3/5/2004,34.97
4/5/2004,36.07
5/5/2004,36.58
6/5/2004,37.05
7/5/2004,37.25
10/5/2004,35.83
11/5/2004,36.97
12/5/2004,37.95
13/5/2004,38.3
14/5/2004,39.04
17/5/2004,38.88
18/5/2004,38.43
19/5/2004,38.35
20/5/2004,38.89
21/5/2004,37.6
24/5/2004,39.22
25/5/2004,38.46
26/5/2004,38.05
27/5/2004,37.03
28/5/2004,37
31/5/2004,37
1/6/2004,39.05
2/6/2004,37.99
3/6/2004,36.26
4/6/2004,35.97
7/6/2004,35.57
8/6/2004,35.47
9/6/2004,34.69
10/6/2004,35.75
11/6/2004,35.23
14/6/2004,35.22
15/6/2004,34.66
16/6/2004,34.56
17/6/2004,35.58
18/6/2004,35.43
21/6/2004,34.82
22/6/2004,34.95
23/6/2004,34.81
24/6/2004,34.71
25/6/2004,34.25
28/6/2004,33.24
29/6/2004,32.61
30/6/2004,33.22
1/7/2004,35.58
2/7/2004,35.36
5/7/2004,35.73
6/7/2004,36.47
7/7/2004,35.62
8/7/2004,37.13
9/7/2004,37.58
12/7/2004,37.73
13/7/2004,36.68
14/7/2004,37.51
15/7/2004,38.41
16/7/2004,38.49
19/7/2004,39.07
20/7/2004,38.96
21/7/2004,38.48
22/7/2004,39.16
23/7/2004,39.59
26/7/2004,39.75
27/7/2004,40.09
28/7/2004,41.08
29/7/2004,40.93
30/7/2004,41.47
2/8/2004,41.35
3/8/2004,41.82
4/8/2004,41.75
5/8/2004,42.49
6/8/2004,42.63
9/8/2004,43.21
10/8/2004,42.5
11/8/2004,42.45
12/8/2004,43.5
13/8/2004,44.13
16/8/2004,44.35
17/8/2004,44.05
18/8/2004,44.12
19/8/2004,44.84
20/8/2004,45.46
23/8/2004,44.39
24/8/2004,42.99
25/8/2004,42.39
26/8/2004,40.65
27/8/2004,40.72
30/8/2004,40.78
31/8/2004,39.8
1/9/2004,40.96
2/9/2004,42.39
3/9/2004,41.07
6/9/2004,40.4
7/9/2004,40.19
8/9/2004,39.91
9/9/2004,41.45
10/9/2004,41.03
13/9/2004,40.63
14/9/2004,41.34
15/9/2004,42.03
16/9/2004,40.68
17/9/2004,43.08
20/9/2004,43.6
21/9/2004,44.56
22/9/2004,45.66
23/9/2004,46.53
24/9/2004,46.13
27/9/2004,46.87
28/9/2004,47.52
29/9/2004,46.54
30/9/2004,47.76
1/10/2004,46.86
4/10/2004,46.99
5/10/2004,47.1
6/10/2004,47.95
7/10/2004,48.98
8/10/2004,49.41
11/10/2004,50.75
12/10/2004,51.28
13/10/2004,50.42
14/10/2004,51.31
15/10/2004,51.02
18/10/2004,49.16
19/10/2004,49.21
20/10/2004,50.78
21/10/2004,51.06
22/10/2004,52.28
25/10/2004,51.68
26/10/2004,52.04
27/10/2004,49.99
28/10/2004,48.88
29/10/2004,48.16
1/11/2004,46.84
2/11/2004,46.25
3/11/2004,46.14
4/11/2004,45.32
5/11/2004,44.37
8/11/2004,44.78
9/11/2004,43.27
10/11/2004,42.57
11/11/2004,42.22
12/11/2004,41.33
15/11/2004,39.32
16/11/2004,40.48
17/11/2004,40.27
18/11/2004,40.8
19/11/2004,42.29
22/11/2004,42.26
23/11/2004,43.03
24/11/2004,42.62
25/11/2004,43.12
26/11/2004,42.87
29/11/2004,44.05
30/11/2004,44.23
1/12/2004,41.19
2/12/2004,38.49
3/12/2004,38.57
6/12/2004,38.43
7/12/2004,37.11
8/12/2004,36.9
9/12/2004,38.33
10/12/2004,37.24
13/12/2004,36.77
14/12/2004,37.03
15/12/2004,41.53
16/12/2004,41.49
17/12/2004,43.06
20/12/2004,42.67
21/12/2004,42.76
22/12/2004,40.44
23/12/2004,40.29
24/12/2004,39.6
27/12/2004,39.6
28/12/2004,40.24
29/12/2004,38.93
30/12/2004,39.8
31/12/2004,40.38
3/1/2005,.
4/1/2005,40.75
5/1/2005,41
6/1/2005,43.25
7/1/2005,43.28
10/1/2005,44.71
11/1/2005,43.45
12/1/2005,43.75
13/1/2005,45.76
14/1/2005,45.26
17/1/2005,45.1
18/1/2005,45.18
19/1/2005,45.16
20/1/2005,44.06
21/1/2005,45.88
24/1/2005,45.74
25/1/2005,46.14
26/1/2005,45.94
27/1/2005,46.51
28/1/2005,44.75
31/1/2005,44.51
1/2/2005,45.12
2/2/2005,44.17
3/2/2005,43.13
4/2/2005,43.26
7/2/2005,42.7
8/2/2005,42.79
9/2/2005,42.49
10/2/2005,44.04
11/2/2005,44.41
14/2/2005,44.51
15/2/2005,44.91
16/2/2005,45.42
17/2/2005,45.42
18/2/2005,45.86
21/2/2005,46.09
22/2/2005,47.6
23/2/2005,48.16
24/2/2005,49.24
25/2/2005,50.05
28/2/2005,50.13
1/3/2005,50.47
2/3/2005,51.05
3/3/2005,52.89
4/3/2005,52.1
7/3/2005,51.87
8/3/2005,53.29
9/3/2005,54.11
10/3/2005,53.04
11/3/2005,53.15
14/3/2005,53.68
15/3/2005,53.97
16/3/2005,54.61
17/3/2005,56.03
18/3/2005,55.97
21/3/2005,55.79
22/3/2005,55.39
23/3/2005,51.52
24/3/2005,52.35
25/3/2005,.
28/3/2005,51.75
29/3/2005,51.42
30/3/2005,50.63
31/3/2005,53.22
1/4/2005,54.14
4/4/2005,55.92
5/4/2005,54.53
6/4/2005,54.08
7/4/2005,52.57
8/4/2005,51.83
11/4/2005,51.21
12/4/2005,51.53
13/4/2005,49.67
14/4/2005,50.21
15/4/2005,49.52
18/4/2005,48.58
19/4/2005,50.79
20/4/2005,51.53
21/4/2005,51.73
22/4/2005,53.51
25/4/2005,53.1
26/4/2005,52.47
27/4/2005,51.29
28/4/2005,50.74
29/4/2005,50.61
2/5/2005,50.89
3/5/2005,49.48
4/5/2005,50.36
5/5/2005,49.81
6/5/2005,49.7
9/5/2005,49.71
10/5/2005,50.61
11/5/2005,48.91
12/5/2005,47.4
13/5/2005,46.85
16/5/2005,46.42
17/5/2005,47.31
18/5/2005,47.35
19/5/2005,46.92
20/5/2005,46.91
23/5/2005,47.28
24/5/2005,47.29
25/5/2005,49.24
26/5/2005,49.71
27/5/2005,49.42
30/5/2005,49.33
31/5/2005,49.3
1/6/2005,50.46
2/6/2005,51.3
3/6/2005,51.9
6/6/2005,52.61
7/6/2005,51.62
8/6/2005,51.92
9/6/2005,51.36
10/6/2005,51.98
13/6/2005,52
14/6/2005,53.52
15/6/2005,54.12
16/6/2005,54.3
17/6/2005,56.92
20/6/2005,57.1
21/6/2005,57.36
22/6/2005,56.06
23/6/2005,57.03
24/6/2005,57.21
27/6/2005,58.5
28/6/2005,57.75
29/6/2005,55.42
30/6/2005,55.36
1/7/2005,56.41
4/7/2005,57.13
5/7/2005,57.86
6/7/2005,58.38
7/7/2005,57.55
8/7/2005,59
11/7/2005,56.1
12/7/2005,58.95
13/7/2005,58.33
14/7/2005,56.79
15/7/2005,56.98
18/7/2005,56.25
19/7/2005,56.75
20/7/2005,56.39
21/7/2005,55.59
22/7/2005,56.98
25/7/2005,57.51
26/7/2005,58.58
27/7/2005,58.34
28/7/2005,58.28
29/7/2005,59.77
1/8/2005,60.56
2/8/2005,60.13
3/8/2005,60.04
4/8/2005,60.62
5/8/2005,60.73
8/8/2005,62.56
9/8/2005,62.79
10/8/2005,63.77
11/8/2005,65.9
12/8/2005,67.26
15/8/2005,66.68
16/8/2005,65.1
17/8/2005,63.41
18/8/2005,61.75
19/8/2005,64.21
22/8/2005,65.87
23/8/2005,65.16
24/8/2005,65.25
25/8/2005,65.88
26/8/2005,66.23
29/8/2005,64.77
30/8/2005,66.15
31/8/2005,66.8
1/9/2005,66.79
2/9/2005,65.95
5/9/2005,64.16
6/9/2005,64.16
7/9/2005,63.6
8/9/2005,61.66
9/9/2005,62.62
12/9/2005,60.69
13/9/2005,61.31
14/9/2005,61.7
15/9/2005,61.9
16/9/2005,60.48
19/9/2005,64.04
20/9/2005,62.98
21/9/2005,64.31
22/9/2005,64.64
23/9/2005,62.17
26/9/2005,61.73
27/9/2005,62.56
28/9/2005,62.81
29/9/2005,62.02
30/9/2005,61.7
3/10/2005,61.64
4/10/2005,59.17
5/10/2005,59.33
6/10/2005,57.2
7/10/2005,57.29
10/10/2005,57.01
11/10/2005,58.1
12/10/2005,59.91
13/10/2005,59.48
14/10/2005,58.45
17/10/2005,59.81
18/10/2005,58.85
19/10/2005,58.13
20/10/2005,57.04
21/10/2005,56.94
24/10/2005,57.64
25/10/2005,58.72
26/10/2005,58.56
27/10/2005,58.1
28/10/2005,59.47
31/10/2005,58.47
1/11/2005,56.69
2/11/2005,58.53
3/11/2005,59.55
4/11/2005,60.48
7/11/2005,58.19
8/11/2005,57.89
9/11/2005,57.71
10/11/2005,55.85
11/11/2005,54.3
14/11/2005,54.1
15/11/2005,54.45
16/11/2005,53.68
17/11/2005,53.8
18/11/2005,52.84
21/11/2005,53.36
22/11/2005,54.21
23/11/2005,53.73
24/11/2005,53.41
25/11/2005,53.15
28/11/2005,52.91
29/11/2005,53.24
30/11/2005,53.25
1/12/2005,53.65
2/12/2005,54.91
5/12/2005,56.05
6/12/2005,55.68
7/12/2005,55.17
8/12/2005,56.26
9/12/2005,57.18
12/12/2005,57.23
13/12/2005,59.16
14/12/2005,59.59
15/12/2005,59.67
16/12/2005,58.11
19/12/2005,56.09
20/12/2005,56.08
21/12/2005,56.05
22/12/2005,57.3
23/12/2005,56.28
26/12/2005,56.54
27/12/2005,.
28/12/2005,56.91
29/12/2005,57.72
30/12/2005,58.34
2/1/2006,.
3/1/2006,61.51
4/1/2006,61.25
5/1/2006,61.68
6/1/2006,62.43
9/1/2006,62.51
10/1/2006,62.32
11/1/2006,61.54
12/1/2006,62.95
13/1/2006,61.58
16/1/2006,62.34
17/1/2006,63.22
18/1/2006,63.6
19/1/2006,63.64
20/1/2006,64.92
23/1/2006,64.56
24/1/2006,63.82
25/1/2006,62.61
26/1/2006,62.93
27/1/2006,64.95
30/1/2006,65.14
31/1/2006,63.19
1/2/2006,65.64
2/2/2006,63.49
3/2/2006,62.54
6/2/2006,63.32
7/2/2006,61.64
8/2/2006,60.82
9/2/2006,60.7
10/2/2006,59.66
13/2/2006,59.16
14/2/2006,58.27
15/2/2006,57.67
16/2/2006,56.78
17/2/2006,58.34
20/2/2006,60.05
21/2/2006,59.35
22/2/2006,58.71
23/2/2006,58.71
24/2/2006,60.13
27/2/2006,59.44
28/2/2006,59.78
1/3/2006,61.12
2/3/2006,62.27
3/3/2006,62.69
6/3/2006,61.41
7/3/2006,59.79
8/3/2006,58.42
9/3/2006,58.82
10/3/2006,59.04
13/3/2006,60.99
14/3/2006,62.39
15/3/2006,63.12
16/3/2006,62.07
17/3/2006,63.54
20/3/2006,62.3
21/3/2006,59.96
22/3/2006,61.23
23/3/2006,61.76
24/3/2006,62.78
27/3/2006,62.59
28/3/2006,64.31
29/3/2006,64.88
30/3/2006,65.95
31/3/2006,66.06
3/4/2006,67.28
4/4/2006,65.93
5/4/2006,66.74
6/4/2006,67.58
7/4/2006,67.11
10/4/2006,68.2
11/4/2006,68.52
12/4/2006,69.54
13/4/2006,69.39
14/4/2006,.
17/4/2006,.
18/4/2006,70.97
19/4/2006,72.69
20/4/2006,72.57
21/4/2006,73.94
24/4/2006,73.96
25/4/2006,72.86
26/4/2006,73.46
27/4/2006,71.79
28/4/2006,72.15
1/5/2006,73.37
2/5/2006,74.45
3/5/2006,73.73
4/5/2006,71.84
5/5/2006,71.22
8/5/2006,68.26
9/5/2006,70.6
10/5/2006,69.83
11/5/2006,72.2
12/5/2006,71.3
15/5/2006,68.69
16/5/2006,68.66
17/5/2006,67.52
18/5/2006,67.39
19/5/2006,66.93
22/5/2006,66.52
23/5/2006,68.97
24/5/2006,68.45
25/5/2006,68.51
26/5/2006,69.88
29/5/2006,69.16
30/5/2006,69.82
31/5/2006,67.57
1/6/2006,68.77
2/6/2006,68.42
5/6/2006,69.13
6/6/2006,68.25
7/6/2006,67.17
8/6/2006,65.76
9/6/2006,69.13
12/6/2006,68.62
13/6/2006,65.67
14/6/2006,65.52
15/6/2006,66.04
16/6/2006,65.01
19/6/2006,66.4
20/6/2006,67.57
21/6/2006,68.17
22/6/2006,69.6
23/6/2006,69.91
26/6/2006,69.85
27/6/2006,71.26
28/6/2006,71.76
29/6/2006,73.02
30/6/2006,73.2
3/7/2006,73.94
4/7/2006,73.17
5/7/2006,72.88
6/7/2006,73.12
7/7/2006,74.14
10/7/2006,72.39
11/7/2006,73.14
12/7/2006,73.04
13/7/2006,75.23
14/7/2006,76.13
17/7/2006,75.12
18/7/2006,75.32
19/7/2006,71.62
20/7/2006,72.56
21/7/2006,72.96
24/7/2006,72.09
25/7/2006,72.49
26/7/2006,73.76
27/7/2006,75.36
28/7/2006,73.95
31/7/2006,74.75
1/8/2006,76.39
2/8/2006,77.63
3/8/2006,76.28
4/8/2006,76.53
7/8/2006,77.82
8/8/2006,77.93
9/8/2006,78.26
10/8/2006,75.69
11/8/2006,75.19
14/8/2006,73.78
15/8/2006,73.57
16/8/2006,72.67
17/8/2006,70.42
18/8/2006,71.3
21/8/2006,72.42
22/8/2006,72.06
23/8/2006,71.12
24/8/2006,71.4
25/8/2006,72.58
28/8/2006,69.44
29/8/2006,67.01
30/8/2006,67.15
31/8/2006,67.66
1/9/2006,70.49
4/9/2006,68.62
5/9/2006,65.94
6/9/2006,65.41
7/9/2006,64.52
8/9/2006,64.3
11/9/2006,62.41
12/9/2006,62.23
13/9/2006,61.28
14/9/2006,60.75
15/9/2006,60.23
18/9/2006,61.47
19/9/2006,62.52
20/9/2006,59.09
21/9/2006,59.27
22/9/2006,58.81
25/9/2006,57.89
26/9/2006,58.53
27/9/2006,57.6
28/9/2006,60.68
29/9/2006,59.09
2/10/2006,58.8
3/10/2006,56.28
4/10/2006,55.82
5/10/2006,57.93
6/10/2006,56.9
9/10/2006,59.25
10/10/2006,57.8
11/10/2006,57.75
12/10/2006,57.87
13/10/2006,58.97
16/10/2006,58.22
17/10/2006,60.13
18/10/2006,58.51
19/10/2006,57.74
20/10/2006,57.94
23/10/2006,56.56
24/10/2006,56.56
25/10/2006,58.79
26/10/2006,58.76
27/10/2006,57.99
30/10/2006,57.08
31/10/2006,56.13
1/11/2006,56.37
2/11/2006,56.26
3/11/2006,56.55
6/11/2006,57.02
7/11/2006,56.99
8/11/2006,57.18
9/11/2006,59.72
10/11/2006,59.18
13/11/2006,56.88
14/11/2006,57.9
15/11/2006,57.97
16/11/2006,59.5
17/11/2006,57.01
20/11/2006,57.38
21/11/2006,59.53
22/11/2006,58.66
23/11/2006,59.7
24/11/2006,60.72
27/11/2006,60.52
28/11/2006,61.22
29/11/2006,62.13
30/11/2006,64.36
1/12/2006,64.74
4/12/2006,63.97
5/12/2006,63.65
6/12/2006,63.7
7/12/2006,63.17
8/12/2006,63.67
11/12/2006,62.59
12/12/2006,62.58
13/12/2006,61.89
14/12/2006,62.85
15/12/2006,62.91
18/12/2006,62.81
19/12/2006,62.19
20/12/2006,63.13
21/12/2006,62.13
22/12/2006,61.92
25/12/2006,.
26/12/2006,.
27/12/2006,60.7
28/12/2006,59.41
29/12/2006,58.96
1/1/2007,.
2/1/2007,58.49
3/1/2007,56.63
4/1/2007,54.58
5/1/2007,52.82
8/1/2007,52.82
9/1/2007,52.38
10/1/2007,52.11
11/1/2007,51.68
12/1/2007,49.95
15/1/2007,.
16/1/2007,51.28
17/1/2007,51.19
18/1/2007,50.83
19/1/2007,52.29
22/1/2007,54.34
23/1/2007,53.93
24/1/2007,55.11
25/1/2007,55.67
26/1/2007,55.29
29/1/2007,54.71
30/1/2007,54.69
31/1/2007,56.52
1/2/2007,56.74
2/2/2007,56.93
5/2/2007,58.67
6/2/2007,58.04
7/2/2007,58.35
8/2/2007,57.24
9/2/2007,57.21
12/2/2007,55.52
13/2/2007,56.12
14/2/2007,55.05
15/2/2007,54.25
16/2/2007,56.78
19/2/2007,.
20/2/2007,55.91
21/2/2007,57.74
22/2/2007,58.62
23/2/2007,60.38
26/2/2007,60.34
27/2/2007,60.28
28/2/2007,59.39
1/3/2007,61.18
2/3/2007,61.92
5/3/2007,59.78
6/3/2007,59.68
7/3/2007,61.13
8/3/2007,60.9
9/3/2007,60.25
12/3/2007,60.59
13/3/2007,61.52
14/3/2007,60.89
15/3/2007,60.4
16/3/2007,60.93
19/3/2007,60.49
20/3/2007,60.11
21/3/2007,60.18
22/3/2007,61.57
23/3/2007,63.1
26/3/2007,64.43
27/3/2007,64.25
28/3/2007,66.15
29/3/2007,67.19
30/3/2007,68.47
2/4/2007,68.94
3/4/2007,68
4/4/2007,68.09
5/4/2007,69.15
6/4/2007,.
9/4/2007,.
10/4/2007,67.64
11/4/2007,68.6
12/4/2007,67.79
13/4/2007,68.78
16/4/2007,67.1
17/4/2007,66.34
18/4/2007,65.09
19/4/2007,66.17
20/4/2007,66.34
23/4/2007,66.8
24/4/2007,67.94
25/4/2007,67.44
26/4/2007,67.51
27/4/2007,67.28
30/4/2007,67.23
1/5/2007,67.4
2/5/2007,65.57
3/5/2007,64.85
4/5/2007,65.14
7/5/2007,62.7
8/5/2007,63.55
9/5/2007,63.5
10/5/2007,64.63
11/5/2007,65.18
14/5/2007,65.86
15/5/2007,66.74
16/5/2007,66.83
17/5/2007,69.08
18/5/2007,69.26
21/5/2007,69.51
22/5/2007,70.05
23/5/2007,71.01
24/5/2007,71.96
25/5/2007,70.72
28/5/2007,.
29/5/2007,69.31
30/5/2007,67.64
31/5/2007,68.18
1/6/2007,68.65
4/6/2007,70.9
5/6/2007,71.36
6/6/2007,71.5
7/6/2007,72.36
8/6/2007,70.04
11/6/2007,68.85
12/6/2007,68.56
13/6/2007,69.24
14/6/2007,71.18
15/6/2007,71.63
18/6/2007,72.33
19/6/2007,72.17
20/6/2007,70.55
21/6/2007,71.81
22/6/2007,72.04
25/6/2007,71.36
26/6/2007,71.41
27/6/2007,71.84
28/6/2007,71.96
29/6/2007,72.22
2/7/2007,72.9
3/7/2007,74.26
4/7/2007,.
5/7/2007,75.4
6/7/2007,76.58
9/7/2007,77.1
10/7/2007,77.88
11/7/2007,77.44
12/7/2007,78.24
13/7/2007,78.12
16/7/2007,78.17
17/7/2007,77.59
18/7/2007,78
19/7/2007,78.37
20/7/2007,79.09
23/7/2007,78.36
24/7/2007,75.88
25/7/2007,75.21
26/7/2007,77.28
27/7/2007,76.58
30/7/2007,76.07
31/7/2007,77.01
1/8/2007,77.11
2/8/2007,76.14
3/8/2007,75.36
6/8/2007,72.69
7/8/2007,70.42
8/8/2007,70.73
9/8/2007,70.08
10/8/2007,69.57
13/8/2007,71.3
14/8/2007,69.29
15/8/2007,71.3
16/8/2007,68.77
17/8/2007,69.8
20/8/2007,68.37
21/8/2007,67.88
22/8/2007,67.73
23/8/2007,68.73
24/8/2007,69.49
27/8/2007,68.85
28/8/2007,69.66
29/8/2007,70.48
30/8/2007,71.46
31/8/2007,72.29
3/9/2007,.
4/9/2007,74.22
5/9/2007,74.72
6/9/2007,76.21
7/9/2007,75.08
10/9/2007,74.97
11/9/2007,76.23
12/9/2007,77.15
13/9/2007,77.84
14/9/2007,78.27
17/9/2007,77.99
18/9/2007,77
19/9/2007,78.47
20/9/2007,78.48
21/9/2007,78.91
24/9/2007,77.87
25/9/2007,76.82
26/9/2007,76.21
27/9/2007,78.88
28/9/2007,80.97
1/10/2007,78.33
2/10/2007,76.87
3/10/2007,77.8
4/10/2007,77.84
5/10/2007,79.05
8/10/2007,76.94
9/10/2007,77.82
10/10/2007,77.85
11/10/2007,80.83
12/10/2007,80.82
15/10/2007,82.5
16/10/2007,84.43
17/10/2007,85.24
18/10/2007,85.03
19/10/2007,84.25
22/10/2007,82.72
23/10/2007,82.31
24/10/2007,83.47
25/10/2007,85.4
26/10/2007,84.71
29/10/2007,89.87
30/10/2007,89.87
31/10/2007,89.87
1/11/2007,90.36
2/11/2007,92.11
5/11/2007,92.16
6/11/2007,93.99
7/11/2007,94.85
8/11/2007,94.4
9/11/2007,92.32
12/11/2007,91.56
13/11/2007,89.09
14/11/2007,90.73
15/11/2007,90.32
16/11/2007,91.99
19/11/2007,91.59
20/11/2007,94.13
21/11/2007,94.97
22/11/2007,.
23/11/2007,95.33
26/11/2007,94.88
27/11/2007,93.23
28/11/2007,91.64
29/11/2007,92.34
30/11/2007,88.71
3/12/2007,87.85
4/12/2007,89.97
5/12/2007,90.7
6/12/2007,88.46
7/12/2007,88.46
10/12/2007,87.33
11/12/2007,87.77
12/12/2007,91.69
13/12/2007,92.57
14/12/2007,91.86
17/12/2007,90.32
18/12/2007,90.71
19/12/2007,90.98
20/12/2007,91.06
21/12/2007,91.03
24/12/2007,91.59
25/12/2007,.
26/12/2007,.
27/12/2007,95.66
28/12/2007,95.92
31/12/2007,93.68
1/1/2008,.
2/1/2008,97.01
3/1/2008,98.45
4/1/2008,96.87
7/1/2008,94.19
8/1/2008,96.37
9/1/2008,96.76
10/1/2008,92.8
11/1/2008,91.86
14/1/2008,92.58
15/1/2008,90.87
16/1/2008,88.1
17/1/2008,88.96
18/1/2008,89.66
21/1/2008,.
22/1/2008,88.11
23/1/2008,87.06
24/1/2008,87.69
25/1/2008,90.96
28/1/2008,90.91
29/1/2008,92.49
30/1/2008,92.46
31/1/2008,91.58
1/2/2008,91.41
4/2/2008,91.09
5/2/2008,89.6
6/2/2008,88.73
7/2/2008,88.55
8/2/2008,91.45
11/2/2008,93.93
12/2/2008,94.28
13/2/2008,93.82
14/2/2008,95.92
15/2/2008,96.96
18/2/2008,.
19/2/2008,97.03
20/2/2008,97.88
21/2/2008,97.52
22/2/2008,96.07
25/2/2008,97.43
26/2/2008,99.05
27/2/2008,98.28
28/2/2008,99.83
29/2/2008,100.9
3/3/2008,101.83
4/3/2008,98.6
5/3/2008,100.95
6/3/2008,103.47
7/3/2008,104.66
10/3/2008,105.33
11/3/2008,106.78
12/3/2008,107.99
13/3/2008,109.18
14/3/2008,109.16
17/3/2008,104.41
18/3/2008,105.35
19/3/2008,102.65
20/3/2008,99.78
21/3/2008,.
24/3/2008,100.93
25/3/2008,99.91
26/3/2008,102.83
27/3/2008,103.89
28/3/2008,102.68
31/3/2008,102.33
1/4/2008,98.69
2/4/2008,98.85
3/4/2008,102.31
4/4/2008,102.21
7/4/2008,105.98
8/4/2008,105.05
9/4/2008,107.46
10/4/2008,107.37
11/4/2008,107.15
14/4/2008,108.32
15/4/2008,110.84
16/4/2008,110.95
17/4/2008,111.34
18/4/2008,110.67
21/4/2008,111.35
22/4/2008,113.54
23/4/2008,115.34
24/4/2008,114.85
25/4/2008,116.62
28/4/2008,115.7
29/4/2008,113.86
30/4/2008,111.12
1/5/2008,107.3
2/5/2008,111.92
5/5/2008,115.68
6/5/2008,119.88
7/5/2008,120.27
8/5/2008,119.85
9/5/2008,123.54
12/5/2008,122.89
13/5/2008,123.11
14/5/2008,121.18
15/5/2008,122.76
16/5/2008,122.98
19/5/2008,122.19
20/5/2008,124.12
21/5/2008,127.28
22/5/2008,129.04
23/5/2008,129.72
26/5/2008,.
27/5/2008,128.92
28/5/2008,128.93
29/5/2008,129.33
30/5/2008,127.85
2/6/2008,128.5
3/6/2008,126.28
4/6/2008,121.72
5/6/2008,122.36
6/6/2008,132.81
9/6/2008,134.43
10/6/2008,135.24
11/6/2008,134.52
12/6/2008,132.11
13/6/2008,134.29
16/6/2008,133.9
17/6/2008,131.27
18/6/2008,129.12
19/6/2008,131.84
20/6/2008,134.28
23/6/2008,134.54
24/6/2008,135.37
25/6/2008,131.59
26/6/2008,136.82
27/6/2008,139.38
30/6/2008,138.4
1/7/2008,140.67
2/7/2008,141.24
3/7/2008,143.95
4/7/2008,.
7/7/2008,139.62
8/7/2008,134.15
9/7/2008,133.91
10/7/2008,135.81
11/7/2008,143.68
14/7/2008,142.43
15/7/2008,136.02
16/7/2008,133.31
17/7/2008,134.16
18/7/2008,129.34
21/7/2008,129.34
22/7/2008,127.18
23/7/2008,126.86
24/7/2008,125.43
25/7/2008,124.7
28/7/2008,125.67
29/7/2008,125.77
30/7/2008,122.46
31/7/2008,124.1
1/8/2008,124.16
4/8/2008,121.87
5/8/2008,116.5
6/8/2008,114.47
7/8/2008,116.94
8/8/2008,113.03
11/8/2008,110.54
12/8/2008,108.98
13/8/2008,110.68
14/8/2008,111.82
15/8/2008,108.8
18/8/2008,109.33
19/8/2008,109.02
20/8/2008,108.72
21/8/2008,117.24
22/8/2008,113.99
25/8/2008,109.74
26/8/2008,112.2
27/8/2008,113.05
28/8/2008,113.54
29/8/2008,113.49
1/9/2008,.
2/9/2008,104.94
3/9/2008,103.88
4/9/2008,103.41
5/9/2008,102.51
8/9/2008,101.08
9/9/2008,98.94
10/9/2008,96
11/9/2008,96.01
12/9/2008,94.37
15/9/2008,90.45
16/9/2008,85.85
17/9/2008,86.09
18/9/2008,90.89
19/9/2008,93.46
22/9/2008,100.43
23/9/2008,100.72
24/9/2008,102.09
25/9/2008,100.45
26/9/2008,100.88
29/9/2008,95.96
30/9/2008,93.52
1/10/2008,92.19
2/10/2008,88.88
3/10/2008,88.95
6/10/2008,84.71
7/10/2008,83.17
8/10/2008,80.77
9/10/2008,81.65
10/10/2008,74.58
13/10/2008,74.37
14/10/2008,74.98
15/10/2008,66.86
16/10/2008,64.14
17/10/2008,66.05
20/10/2008,67.45
21/10/2008,65.99
22/10/2008,62.95
23/10/2008,65.06
24/10/2008,60.57
27/10/2008,59.34
28/10/2008,58.87
29/10/2008,64
30/10/2008,60.86
31/10/2008,60
3/11/2008,60.32
4/11/2008,62.78
5/11/2008,61.09
6/11/2008,56.14
7/11/2008,56.84
10/11/2008,57.08
11/11/2008,54.76
12/11/2008,52.47
13/11/2008,51.32
14/11/2008,50.7
17/11/2008,50.82
18/11/2008,49.1
19/11/2008,48.35
20/11/2008,45.79
21/11/2008,44.91
24/11/2008,49.51
25/11/2008,47.51
26/11/2008,49.39
27/11/2008,.
28/11/2008,47.72
1/12/2008,47.58
2/12/2008,45.64
3/12/2008,44.39
4/12/2008,43.83
5/12/2008,37.04
8/12/2008,40.02
9/12/2008,39.77
10/12/2008,39.34
11/12/2008,43.54
12/12/2008,42.38
15/12/2008,45.02
16/12/2008,42
17/12/2008,41.84
18/12/2008,40.19
19/12/2008,39.52
22/12/2008,38.08
23/12/2008,35.27
24/12/2008,34.45
25/12/2008,.
26/12/2008,33.73
29/12/2008,34.16
30/12/2008,35.22
31/12/2008,35.82
1/1/2009,.
2/1/2009,42.94
5/1/2009,45.84
6/1/2009,48.89
7/1/2009,46.23
8/1/2009,42.94
9/1/2009,42.34
12/1/2009,40.86
13/1/2009,43.05
14/1/2009,42.27
15/1/2009,42.32
16/1/2009,43.42
19/1/2009,.
20/1/2009,41.22
21/1/2009,39.9
22/1/2009,42.42
23/1/2009,43.13
26/1/2009,48
27/1/2009,42.86
28/1/2009,42.86
29/1/2009,43.13
30/1/2009,44.17
2/2/2009,42.96
3/2/2009,43.15
4/2/2009,43.68
5/2/2009,43.92
6/2/2009,44.49
9/2/2009,47.23
10/2/2009,45.88
11/2/2009,44.24
12/2/2009,47.23
13/2/2009,43.36
16/2/2009,.
17/2/2009,39.69
18/2/2009,39.41
19/2/2009,42.36
20/2/2009,42.19
23/2/2009,41.27
24/2/2009,40.18
25/2/2009,42.37
26/2/2009,45.15
27/2/2009,44.41
2/3/2009,42.6
3/3/2009,42.72
4/3/2009,46.07
5/3/2009,44.45
6/3/2009,43.48
9/3/2009,44.55
10/3/2009,44.99
11/3/2009,43.2
12/3/2009,42.19
13/3/2009,44.97
16/3/2009,44.12
17/3/2009,45.53
18/3/2009,45.22
19/3/2009,48.03
20/3/2009,49.27
23/3/2009,51.84
24/3/2009,51.32
25/3/2009,51.46
26/3/2009,51.89
27/3/2009,50.81
30/3/2009,49.05
31/3/2009,46.13
1/4/2009,45.92
2/4/2009,50.89
3/4/2009,50.48
6/4/2009,50.91
7/4/2009,50.62
8/4/2009,52.06
9/4/2009,52.33
10/4/2009,.
13/4/2009,50.73
14/4/2009,52.06
15/4/2009,51.31
16/4/2009,51.83
17/4/2009,52.02
20/4/2009,49.06
21/4/2009,48.69
22/4/2009,48.5
23/4/2009,48.29
24/4/2009,50.29
27/4/2009,48.67
28/4/2009,48.64
29/4/2009,50.22
30/4/2009,50.3
1/5/2009,51.75
4/5/2009,53.26
5/5/2009,53.16
6/5/2009,55.07
7/5/2009,56.63
8/5/2009,56.02
11/5/2009,55.99
12/5/2009,56.52
13/5/2009,56.84
14/5/2009,56.25
15/5/2009,56.33
18/5/2009,56.51
19/5/2009,57.12
20/5/2009,59.1
21/5/2009,58.02
22/5/2009,58.7
25/5/2009,.
26/5/2009,59.05
27/5/2009,61.28
28/5/2009,63.47
29/5/2009,64.98
1/6/2009,66.6
2/6/2009,67.67
3/6/2009,66.15
4/6/2009,67.68
5/6/2009,67.77
8/6/2009,67.61
9/6/2009,68.94
10/6/2009,70.52
11/6/2009,71.71
12/6/2009,70.62
15/6/2009,68.49
16/6/2009,70.52
17/6/2009,68.95
18/6/2009,69.96
19/6/2009,70.48
22/6/2009,66.13
23/6/2009,66.36
24/6/2009,68.47
25/6/2009,68.82
26/6/2009,68.1
29/6/2009,69.75
30/6/2009,68.11
1/7/2009,68.52
2/7/2009,65.74
3/7/2009,.
6/7/2009,63.12
7/7/2009,61.54
8/7/2009,59.71
9/7/2009,59.17
10/7/2009,58.43
13/7/2009,58.25
14/7/2009,60.48
15/7/2009,61.25
16/7/2009,62.02
17/7/2009,63.54
20/7/2009,64.64
21/7/2009,65.93
22/7/2009,65.36
23/7/2009,68.06
24/7/2009,68.82
27/7/2009,69.78
28/7/2009,68.53
29/7/2009,65.79
30/7/2009,68.82
31/7/2009,70.08
3/8/2009,72.9
4/8/2009,73.82
5/8/2009,74.39
6/8/2009,74.61
7/8/2009,74.21
10/8/2009,73.79
11/8/2009,71.58
12/8/2009,74.03
13/8/2009,73.76
14/8/2009,71.33
17/8/2009,68.65
18/8/2009,68.66
19/8/2009,72.81
20/8/2009,73.75
21/8/2009,73.71
24/8/2009,74.34
25/8/2009,73.1
26/8/2009,70.74
27/8/2009,70.68
28/8/2009,72.8
31/8/2009,69.02
1/9/2009,68.78
2/9/2009,67.6
3/9/2009,66.78
4/9/2009,65.84
7/9/2009,.
8/9/2009,69.2
9/9/2009,69.76
10/9/2009,68.96
11/9/2009,68.76
14/9/2009,66.91
15/9/2009,66.53
16/9/2009,68.51
17/9/2009,71.56
18/9/2009,70.72
21/9/2009,68.11
22/9/2009,69.65
23/9/2009,67.43
24/9/2009,64.99
25/9/2009,64.6
28/9/2009,65.43
29/9/2009,64.63
30/9/2009,65.82
1/10/2009,67.12
2/10/2009,66.5
5/10/2009,65.26
6/10/2009,68.51
7/10/2009,67.65
8/10/2009,68.47
9/10/2009,69.45
12/10/2009,70.75
13/10/2009,70.81
14/10/2009,72.16
15/10/2009,73.14
16/10/2009,74.58
19/10/2009,75.86
20/10/2009,76.51
21/10/2009,77.74
22/10/2009,78.36
23/10/2009,77.72
26/10/2009,76.45
27/10/2009,76.69
28/10/2009,75.11
29/10/2009,77.18
30/10/2009,74.91
2/11/2009,75.56
3/11/2009,75.68
4/11/2009,78.21
5/11/2009,78.02
6/11/2009,75.51
9/11/2009,77.18
10/11/2009,77.07
11/11/2009,76.99
12/11/2009,75.18
13/11/2009,74.81
16/11/2009,77.14
17/11/2009,77.36
18/11/2009,78.64
19/11/2009,76.45
20/11/2009,75.61
23/11/2009,78.14
24/11/2009,75.35
25/11/2009,76.57
26/11/2009,.
27/11/2009,76
30/11/2009,77.77
1/12/2009,78.68
2/12/2009,76.96
3/12/2009,77.76
4/12/2009,77.74
7/12/2009,76.18
8/12/2009,74.93
9/12/2009,73.63
10/12/2009,70.91
11/12/2009,70.07
14/12/2009,71.19
15/12/2009,71.33
16/12/2009,73.34
17/12/2009,71.28
18/12/2009,71.87
21/12/2009,72.74
22/12/2009,71.64
23/12/2009,73.87
24/12/2009,75.15
25/12/2009,.
28/12/2009,76.59
29/12/2009,76.65
30/12/2009,77.62
31/12/2009,77.91
1/1/2010,.
4/1/2010,79.05
5/1/2010,79.27
6/1/2010,80.14
7/1/2010,80.57
8/1/2010,80.06
11/1/2010,80.14
12/1/2010,79.38
13/1/2010,77.57
14/1/2010,77.61
15/1/2010,76.85
18/1/2010,.
19/1/2010,75.18
20/1/2010,75.09
21/1/2010,74.13
22/1/2010,72.73
25/1/2010,72.18
26/1/2010,72.63
27/1/2010,72.75
28/1/2010,70.65
29/1/2010,71.2
1/2/2010,71.58
2/2/2010,73.94
3/2/2010,75.77
4/2/2010,71.3
5/2/2010,70.11
8/2/2010,69.62
9/2/2010,70.4
10/2/2010,70.4
11/2/2010,72.35
12/2/2010,71.49
15/2/2010,.
16/2/2010,74.82
17/2/2010,74.89
18/2/2010,76.61
19/2/2010,76.88
22/2/2010,76.95
23/2/2010,76.44
24/2/2010,77
25/2/2010,74.38
26/2/2010,76.36
1/3/2010,76.07
2/3/2010,77.5
3/3/2010,78.66
4/3/2010,77.88
5/3/2010,79.2
8/3/2010,78.94
9/3/2010,78.77
10/3/2010,80.29
11/3/2010,79.44
12/3/2010,79.38
15/3/2010,77.08
16/3/2010,79.45
17/3/2010,80.28
18/3/2010,80.09
19/3/2010,78.37
22/3/2010,78.09
23/3/2010,79.17
24/3/2010,78.03
25/3/2010,78.64
26/3/2010,77.98
29/3/2010,79.89
30/3/2010,79.46
31/3/2010,80.37
1/4/2010,82.63
2/4/2010,.
5/4/2010,84.48
6/4/2010,85.05
7/4/2010,84.49
8/4/2010,82.63
9/4/2010,82.77
12/4/2010,85.21
13/4/2010,83.44
14/4/2010,85.81
15/4/2010,86.9
16/4/2010,84.81
19/4/2010,83.09
20/4/2010,84.73
21/4/2010,84.55
22/4/2010,84.58
23/4/2010,86.09
26/4/2010,86.72
27/4/2010,85.59
28/4/2010,84.59
29/4/2010,86.82
30/4/2010,86.19
3/5/2010,88.09
4/5/2010,85.39
5/5/2010,82.31
6/5/2010,80.21
7/5/2010,76.48
10/5/2010,78.08
11/5/2010,79
12/5/2010,78.7
13/5/2010,79.41
14/5/2010,76.43
17/5/2010,73.87
18/5/2010,75.12
19/5/2010,71.86
20/5/2010,69.56
21/5/2010,70.45
24/5/2010,69.62
25/5/2010,67.18
26/5/2010,70.59
27/5/2010,73.56
28/5/2010,73
31/5/2010,.
1/6/2010,73.08
2/6/2010,72.78
3/6/2010,73.12
4/6/2010,71.84
7/6/2010,71.09
8/6/2010,71.43
9/6/2010,73.68
10/6/2010,74.33
11/6/2010,73.28
14/6/2010,75.11
15/6/2010,75.29
16/6/2010,76.12
17/6/2010,77.52
18/6/2010,77.05
21/6/2010,78.53
22/6/2010,78.08
23/6/2010,75.22
24/6/2010,75.17
25/6/2010,76.21
28/6/2010,76.66
29/6/2010,74.21
30/6/2010,74.94
1/7/2010,71.73
2/7/2010,71.75
5/7/2010,.
6/7/2010,73.08
7/7/2010,72.97
8/7/2010,74.56
9/7/2010,75.2
12/7/2010,74.35
13/7/2010,76.45
14/7/2010,76.63
15/7/2010,75.52
16/7/2010,75.55
19/7/2010,76.29
20/7/2010,76.31
21/7/2010,75.75
22/7/2010,77.59
23/7/2010,77.27
26/7/2010,77.9
27/7/2010,75.52
28/7/2010,76.66
29/7/2010,78.6
30/7/2010,77.5
2/8/2010,81.93
3/8/2010,83.6
4/8/2010,83.76
5/8/2010,82.9
6/8/2010,81.28
9/8/2010,81.54
10/8/2010,79.89
11/8/2010,77.83
12/8/2010,76.63
13/8/2010,75.14
16/8/2010,74.56
17/8/2010,76.74
18/8/2010,75.1
19/8/2010,74.84
20/8/2010,73.48
23/8/2010,73.08
24/8/2010,70.61
25/8/2010,70.74
26/8/2010,74.5
27/8/2010,75.16
30/8/2010,76.05
31/8/2010,75.51
1/9/2010,75.53
2/9/2010,74.93
3/9/2010,75.03
6/9/2010,.
7/9/2010,75.78
8/9/2010,77.48
9/9/2010,77.87
10/9/2010,77.54
13/9/2010,78.52
14/9/2010,78.89
15/9/2010,78.46
16/9/2010,78.89
17/9/2010,77.43
20/9/2010,79.42
21/9/2010,78.76
22/9/2010,77.29
23/9/2010,77.69
24/9/2010,78.73
27/9/2010,77.71
28/9/2010,79.14
29/9/2010,78.79
30/9/2010,80.77
1/10/2010,82.69
4/10/2010,83.42
5/10/2010,83.35
6/10/2010,85.01
7/10/2010,83.67
8/10/2010,83.88
11/10/2010,83.08
12/10/2010,82.99
13/10/2010,84.01
14/10/2010,83.55
15/10/2010,81.94
18/10/2010,82.3
19/10/2010,81.12
20/10/2010,81.68
21/10/2010,81.28
22/10/2010,80.75
25/10/2010,81.91
26/10/2010,82.62
27/10/2010,81.27
28/10/2010,82.97
29/10/2010,82.47
1/11/2010,84.06
2/11/2010,84.71
3/11/2010,85.33
4/11/2010,86.83
5/11/2010,87.05
8/11/2010,87.15
9/11/2010,87.93
10/11/2010,87.92
11/11/2010,88.08
12/11/2010,86.07
15/11/2010,85.49
16/11/2010,83.98
17/11/2010,83.36
18/11/2010,83.7
19/11/2010,83.17
22/11/2010,82.34
23/11/2010,82.37
24/11/2010,84.53
25/11/2010,.
26/11/2010,84.78
29/11/2010,85.9
30/11/2010,86.02
1/12/2010,88.56
2/12/2010,89.37
3/12/2010,90.65
6/12/2010,91.25
7/12/2010,90.78
8/12/2010,89.74
9/12/2010,89.93
10/12/2010,89.54
13/12/2010,90.4
14/12/2010,90.63
15/12/2010,91.33
16/12/2010,91.09
17/12/2010,91.11
20/12/2010,91.31
21/12/2010,93.11
22/12/2010,93.55
23/12/2010,93.63
24/12/2010,.
27/12/2010,93.08
28/12/2010,93.52
29/12/2010,93.52
30/12/2010,92.5
31/12/2010,93.23
3/1/2011,95.82
4/1/2011,93.52
5/1/2011,95.07
6/1/2011,94.95
7/1/2011,94.25
10/1/2011,95.05
11/1/2011,96.8
12/1/2011,97.86
13/1/2011,97.86
14/1/2011,97.86
17/1/2011,.
18/1/2011,97.83
19/1/2011,98.42
20/1/2011,96.27
21/1/2011,96.84
24/1/2011,96.76
25/1/2011,96.76
26/1/2011,96.04
27/1/2011,96.48
28/1/2011,97.06
31/1/2011,98.97
1/2/2011,100.4
2/2/2011,101.3
3/2/2011,101.69
4/2/2011,99.43
7/2/2011,99.44
8/2/2011,99.25
9/2/2011,100.16
10/2/2011,100.74
11/2/2011,99.93
14/2/2011,103.12
15/2/2011,102.48
16/2/2011,102.78
17/2/2011,103.45
18/2/2011,102.2
21/2/2011,.
22/2/2011,106.82
23/2/2011,109.77
24/2/2011,113.91
25/2/2011,111.47
28/2/2011,112.27
1/3/2011,113.34
2/3/2011,116.89
3/3/2011,114.42
4/3/2011,115.71
7/3/2011,116.58
8/3/2011,112.32
9/3/2011,115.19
10/3/2011,114.07
11/3/2011,114.07
14/3/2011,112.95
15/3/2011,111.11
16/3/2011,110.96
17/3/2011,114.18
18/3/2011,114.13
21/3/2011,114.92
22/3/2011,115.63
23/3/2011,115.65
24/3/2011,115.41
25/3/2011,115.45
28/3/2011,115.95
29/3/2011,115.58
30/3/2011,115.35
31/3/2011,116.94
1/4/2011,118.63
4/4/2011,120.07
5/4/2011,122.87
6/4/2011,123.01
7/4/2011,122.9
8/4/2011,126.3
11/4/2011,126.46
12/4/2011,121.33
13/4/2011,122.7
14/4/2011,122.74
15/4/2011,124.63
18/4/2011,121.69
19/4/2011,121.35
20/4/2011,124.26
21/4/2011,123.64
22/4/2011,.
25/4/2011,.
26/4/2011,124.55
27/4/2011,124.94
28/4/2011,126.59
29/4/2011,.
2/5/2011,126.64
3/5/2011,124.01
4/5/2011,121.55
5/5/2011,111.93
6/5/2011,113.69
9/5/2011,113.21
10/5/2011,117.82
11/5/2011,115.66
12/5/2011,112.87
13/5/2011,113.08
16/5/2011,113.72
17/5/2011,109.39
18/5/2011,112.54
19/5/2011,113.2
20/5/2011,111.25
23/5/2011,110.13
24/5/2011,112.52
25/5/2011,114.47
26/5/2011,115.06
27/5/2011,114.85
30/5/2011,.
31/5/2011,117.18
1/6/2011,116.15
2/6/2011,114.3
3/6/2011,115.09
6/6/2011,115.4
7/6/2011,116.14
8/6/2011,118.43
9/6/2011,119.95
10/6/2011,118.71
13/6/2011,120.49
14/6/2011,120.35
15/6/2011,114.67
16/6/2011,114.69
17/6/2011,113.74
20/6/2011,112.21
21/6/2011,112.02
22/6/2011,113.59
23/6/2011,108.27
24/6/2011,104.79
27/6/2011,104.57
28/6/2011,107.57
29/6/2011,111.49
30/6/2011,111.71
1/7/2011,109.82
4/7/2011,.
5/7/2011,113.21
6/7/2011,113.55
7/7/2011,117.4
8/7/2011,117.4
11/7/2011,117.35
12/7/2011,117.36
13/7/2011,118.46
14/7/2011,117.38
15/7/2011,118.06
18/7/2011,117.05
19/7/2011,118.18
20/7/2011,118.52
21/7/2011,118.25
22/7/2011,118.99
25/7/2011,118.27
26/7/2011,118.14
27/7/2011,117.99
28/7/2011,118.16
29/7/2011,115.93
1/8/2011,116.37
2/8/2011,116.02
3/8/2011,113.74
4/8/2011,110.22
5/8/2011,106.92
8/8/2011,103.06
9/8/2011,103.63
10/8/2011,103.84
11/8/2011,107.82
12/8/2011,108.17
15/8/2011,108.89
16/8/2011,109.69
17/8/2011,111.37
18/8/2011,108.36
19/8/2011,109.37
22/8/2011,108.83
23/8/2011,110.35
24/8/2011,111.91
25/8/2011,111.91
26/8/2011,112.29
29/8/2011,.
30/8/2011,115.59
31/8/2011,116.48
1/9/2011,116.43
2/9/2011,115.92
5/9/2011,.
6/9/2011,113.29
7/9/2011,117.5
8/9/2011,117.99
9/9/2011,115.1
12/9/2011,114.75
13/9/2011,114.08
14/9/2011,113.1
15/9/2011,116.71
16/9/2011,116.26
19/9/2011,112.89
20/9/2011,114.39
21/9/2011,114.26
22/9/2011,109.21
23/9/2011,109.17
26/9/2011,107.9
27/9/2011,109.54
28/9/2011,108.52
29/9/2011,107.08
30/9/2011,105.42
3/10/2011,103.61
4/10/2011,101.84
5/10/2011,103.77
6/10/2011,104.38
7/10/2011,106.56
10/10/2011,109.49
11/10/2011,109.22
12/10/2011,112.44
13/10/2011,112.45
14/10/2011,114.33
17/10/2011,112.92
18/10/2011,112.08
19/10/2011,111.76
20/10/2011,109
21/10/2011,111.6
24/10/2011,111.67
25/10/2011,112.11
26/10/2011,110.43
27/10/2011,112.45
28/10/2011,110.01
31/10/2011,108.43
1/11/2011,106.97
2/11/2011,110.82
3/11/2011,110.76
4/11/2011,112.22
7/11/2011,114.75
8/11/2011,115.61
9/11/2011,115.29
10/11/2011,113.32
11/11/2011,114.43
14/11/2011,112.57
15/11/2011,111.9
16/11/2011,111.91
17/11/2011,109.25
18/11/2011,107.82
21/11/2011,105.98
22/11/2011,107.77
23/11/2011,106.83
24/11/2011,.
25/11/2011,106.08
28/11/2011,109.38
29/11/2011,111.25
30/11/2011,111.22
1/12/2011,108.83
2/12/2011,109.59
5/12/2011,110.18
6/12/2011,110.16
7/12/2011,110.07
8/12/2011,108.23
9/12/2011,107.91
12/12/2011,107.82
13/12/2011,109.25
14/12/2011,105.72
15/12/2011,104.52
16/12/2011,104
19/12/2011,104.55
20/12/2011,107.8
21/12/2011,108
22/12/2011,108.98
23/12/2011,109.28
26/12/2011,.
27/12/2011,.
28/12/2011,107.54
29/12/2011,106.89
30/12/2011,108.09
2/1/2012,.
3/1/2012,111.12
4/1/2012,113.37
5/1/2012,113.59
6/1/2012,111.96
9/1/2012,111.07
10/1/2012,113.3
11/1/2012,111.66
12/1/2012,112.97
13/1/2012,109.88
16/1/2012,.
17/1/2012,110.55
18/1/2012,109.81
19/1/2012,109.54
20/1/2012,108.5
23/1/2012,109.46
24/1/2012,108.38
25/1/2012,108.48
26/1/2012,109.08
27/1/2012,110.5
30/1/2012,110.24
31/1/2012,110.26
1/2/2012,111.96
2/2/2012,110.96
3/2/2012,112.56
6/2/2012,115.47
7/2/2012,116.86
8/2/2012,117.18
9/2/2012,118.4
10/2/2012,118.13
13/2/2012,118.73
14/2/2012,118.3
15/2/2012,120.25
16/2/2012,121
17/2/2012,120.69
20/2/2012,.
21/2/2012,120.85
22/2/2012,123.07
23/2/2012,124.53
24/2/2012,124.89
27/2/2012,126.46
28/2/2012,124.02
29/2/2012,122.23
1/3/2012,125.76
2/3/2012,125.93
5/3/2012,126.68
6/3/2012,125.03
7/3/2012,125.37
8/3/2012,127.96
9/3/2012,128.08
12/3/2012,127.27
13/3/2012,128.14
14/3/2012,126.98
15/3/2012,123.63
16/3/2012,125.09
19/3/2012,125.76
20/3/2012,124.38
21/3/2012,123.89
22/3/2012,122.49
23/3/2012,125.21
26/3/2012,125.85
27/3/2012,125.25
28/3/2012,124.41
29/3/2012,123.23
30/3/2012,123.41
2/4/2012,124.44
3/4/2012,.
4/4/2012,123.04
5/4/2012,123.58
6/4/2012,.
9/4/2012,.
10/4/2012,121.89
11/4/2012,120.41
12/4/2012,120.57
13/4/2012,120.62
16/4/2012,118.23
17/4/2012,117.41
18/4/2012,115.18
19/4/2012,117
20/4/2012,118.08
23/4/2012,116.66
24/4/2012,117.74
25/4/2012,117.45
26/4/2012,119.33
27/4/2012,119.3
30/4/2012,118.66
1/5/2012,119.57
2/5/2012,117.57
3/5/2012,115.91
4/5/2012,111.66
7/5/2012,.
8/5/2012,110.48
9/5/2012,111.89
10/5/2012,112.24
11/5/2012,112.5
14/5/2012,110.79
15/5/2012,111.4
16/5/2012,109.8
17/5/2012,109.31
18/5/2012,108.03
21/5/2012,109.02
22/5/2012,109.76
23/5/2012,106.88
24/5/2012,107.2
25/5/2012,107.86
28/5/2012,.
29/5/2012,107.55
30/5/2012,103.85
31/5/2012,103.86
1/6/2012,98.63
4/6/2012,97.74
5/6/2012,98.65
6/6/2012,101.14
7/6/2012,100.05
8/6/2012,97.57
11/6/2012,98.6
12/6/2012,96.59
13/6/2012,97.29
14/6/2012,96.46
15/6/2012,97.13
18/6/2012,95.21
19/6/2012,95.14
20/6/2012,93.5
21/6/2012,89.22
22/6/2012,89.22
25/6/2012,88.69
26/6/2012,90.19
27/6/2012,92.06
28/6/2012,91.02
29/6/2012,94.17
2/7/2012,95.28
3/7/2012,99.89
4/7/2012,.
5/7/2012,101.54
6/7/2012,98.5
9/7/2012,99.94
10/7/2012,99.15
11/7/2012,99.23
12/7/2012,99.18
13/7/2012,101.91
16/7/2012,102.1
17/7/2012,104.21
18/7/2012,105.92
19/7/2012,107.79
20/7/2012,106.98
23/7/2012,103.91
24/7/2012,103.57
25/7/2012,102.35
26/7/2012,104.77
27/7/2012,106.3
30/7/2012,106.54
31/7/2012,105.93
1/8/2012,106.78
2/8/2012,107.55
3/8/2012,109.57
6/8/2012,110.01
7/8/2012,112.39
8/8/2012,113.42
9/8/2012,113.52
10/8/2012,113.13
13/8/2012,114.48
14/8/2012,113.9
15/8/2012,115.51
16/8/2012,116.12
17/8/2012,115.2
20/8/2012,115.5
21/8/2012,116.03
22/8/2012,115.77
23/8/2012,117.45
24/8/2012,115.76
27/8/2012,113.74
28/8/2012,112.62
29/8/2012,112.53
30/8/2012,112.28
31/8/2012,113.93
3/9/2012,.
4/9/2012,114.98
5/9/2012,113.32
6/9/2012,114.5
7/9/2012,113.64
10/9/2012,113.84
11/9/2012,114.86
12/9/2012,114.86
13/9/2012,116
14/9/2012,117.48
17/9/2012,116.7
18/9/2012,113.29
19/9/2012,108.49
20/9/2012,109.41
21/9/2012,111.27
24/9/2012,109.2
25/9/2012,110.77
26/9/2012,108.99
27/9/2012,111.45
28/9/2012,111.36
1/10/2012,112.58
2/10/2012,112.49
3/10/2012,109.32
4/10/2012,110.48
5/10/2012,112.17
8/10/2012,112.6
9/10/2012,114.32
10/10/2012,116.11
11/10/2012,116.18
12/10/2012,115.17
15/10/2012,115
16/10/2012,115
17/10/2012,113.49
18/10/2012,112.58
19/10/2012,111.89
22/10/2012,109.62
23/10/2012,107.53
24/10/2012,107.66
25/10/2012,107.64
26/10/2012,108.9
29/10/2012,109.33
30/10/2012,109.4
31/10/2012,109.89
1/11/2012,108.84
2/11/2012,106.79
5/11/2012,105.59
6/11/2012,109.27
7/11/2012,108.21
8/11/2012,107.23
9/11/2012,108.61
12/11/2012,110.23
13/11/2012,108.82
14/11/2012,109.66
15/11/2012,110.07
16/11/2012,106.81
19/11/2012,110.06
20/11/2012,110.01
21/11/2012,110.81
22/11/2012,.
23/11/2012,110.14
26/11/2012,110.18
27/11/2012,109.33
28/11/2012,108.26
29/11/2012,110.47
30/11/2012,110.84
3/12/2012,111.27
4/12/2012,109.99
5/12/2012,108.96
6/12/2012,108.01
7/12/2012,107.16
10/12/2012,108.25
11/12/2012,107.6
12/12/2012,110.17
13/12/2012,110.18
14/12/2012,109.28
17/12/2012,109.35
18/12/2012,109.96
19/12/2012,109.95
20/12/2012,110.57
21/12/2012,109.13
24/12/2012,108.44
25/12/2012,.
26/12/2012,110.72
27/12/2012,110.04
28/12/2012,110.05
31/12/2012,110.8
1/1/2013,.
2/1/2013,112.98
3/1/2013,113.03
4/1/2013,112.58
7/1/2013,112.49
8/1/2013,113.03
9/1/2013,113.07
10/1/2013,112.97
11/1/2013,110.3
14/1/2013,111.32
15/1/2013,111.72
16/1/2013,110.97
17/1/2013,111.01
18/1/2013,111.71
21/1/2013,.
22/1/2013,112.72
23/1/2013,113.68
24/1/2013,114.59
25/1/2013,113.88
28/1/2013,113.92
29/1/2013,115.22
30/1/2013,115.42
31/1/2013,115.55
1/2/2013,115.55
4/2/2013,116.06
5/2/2013,117.03
6/2/2013,116.61
7/2/2013,117.17
8/2/2013,118.9
11/2/2013,118.29
12/2/2013,117.89
13/2/2013,118.43
14/2/2013,118.48
15/2/2013,117.4
18/2/2013,.
19/2/2013,117.04
20/2/2013,116.23
21/2/2013,114.19
22/2/2013,113.74
25/2/2013,114.55
26/2/2013,112.96
27/2/2013,112.24
28/2/2013,112.2
1/3/2013,110.14
4/3/2013,109.9
5/3/2013,110.42
6/3/2013,110.27
7/3/2013,110.42
8/3/2013,108.91
11/3/2013,108.64
12/3/2013,108.48
13/3/2013,107.51
14/3/2013,108.1
15/3/2013,109.32
18/3/2013,108.54
19/3/2013,106.91
20/3/2013,108.27
21/3/2013,106.41
22/3/2013,106.51
25/3/2013,106.66
26/3/2013,107.1
27/3/2013,108.51
28/3/2013,108.46
29/3/2013,.
1/4/2013,108.76
2/4/2013,109.66
3/4/2013,107.82
4/4/2013,105.09
5/4/2013,103.98
8/4/2013,103.16
9/4/2013,104.08
10/4/2013,104.8
11/4/2013,103.62
12/4/2013,100.58
15/4/2013,99.32
16/4/2013,97.88
17/4/2013,96.84
18/4/2013,97.48
19/4/2013,98.94
22/4/2013,99.07
23/4/2013,99.25
24/4/2013,100.71
25/4/2013,101.62
26/4/2013,102.39
29/4/2013,102.88
30/4/2013,101.53
1/5/2013,98.34
2/5/2013,100.32
3/5/2013,104.6
6/5/2013,105
7/5/2013,105.18
8/5/2013,103.79
9/5/2013,103.59
10/5/2013,101.31
13/5/2013,102.17
14/5/2013,102.7
15/5/2013,101.57
16/5/2013,104.27
17/5/2013,103.83
20/5/2013,104.55
21/5/2013,103.1
22/5/2013,102.14
23/5/2013,100.46
24/5/2013,101.24
27/5/2013,.
28/5/2013,103.77
29/5/2013,102.14
30/5/2013,101.79
31/5/2013,100.43
3/6/2013,101.63
4/6/2013,102.04
5/6/2013,103.51
6/6/2013,103.37
7/6/2013,104.07
10/6/2013,103.87
11/6/2013,101.5
12/6/2013,103.11
13/6/2013,103.38
14/6/2013,105.1
17/6/2013,105.8
18/6/2013,105.21
19/6/2013,105.56
20/6/2013,102.72
21/6/2013,100.36
24/6/2013,99.8
25/6/2013,101.51
26/6/2013,100.62
27/6/2013,102.74
28/6/2013,102.49
1/7/2013,103.19
2/7/2013,103.96
3/7/2013,106.12
4/7/2013,.
5/7/2013,107.46
8/7/2013,107.75
9/7/2013,107.9
10/7/2013,108.43
11/7/2013,108.18
12/7/2013,109.03
15/7/2013,109.05
16/7/2013,109.29
17/7/2013,109.67
18/7/2013,109.71
19/7/2013,109.34
22/7/2013,108.82
23/7/2013,109.27
24/7/2013,108.23
25/7/2013,108.1
26/7/2013,107.57
29/7/2013,108.1
30/7/2013,107.47
31/7/2013,107.89
1/8/2013,109.94
2/8/2013,109.63
5/8/2013,109.81
6/8/2013,108.77
7/8/2013,108.39
8/8/2013,107.32
9/8/2013,108.49
12/8/2013,109.28
13/8/2013,110.69
14/8/2013,110.26
15/8/2013,111.58
16/8/2013,111.82
19/8/2013,111.41
20/8/2013,110.74
21/8/2013,110.82
22/8/2013,110.51
23/8/2013,112.12
26/8/2013,112.23
27/8/2013,115.21
28/8/2013,116.27
29/8/2013,116.91
30/8/2013,115.97
2/9/2013,.
3/9/2013,115.49
4/9/2013,115.65
5/9/2013,115.81
6/9/2013,117.15
9/9/2013,115.2
10/9/2013,112.1
11/9/2013,112.37
12/9/2013,113.11
13/9/2013,113.31
16/9/2013,110.86
17/9/2013,109.05
18/9/2013,109.09
19/9/2013,110.66
20/9/2013,110.22
23/9/2013,108.56
24/9/2013,107.68
25/9/2013,109.46
26/9/2013,108.86
27/9/2013,109.45
30/9/2013,107.85
1/10/2013,107.32
2/10/2013,109.09
3/10/2013,109.49
4/10/2013,109.42
7/10/2013,109.66
8/10/2013,110.56
9/10/2013,109.02
10/10/2013,111.63
11/10/2013,110.65
14/10/2013,110.13
15/10/2013,110.67
16/10/2013,110.79
17/10/2013,109.55
18/10/2013,109.4
21/10/2013,109.47
22/10/2013,109.57
23/10/2013,107.74
24/10/2013,106.63
25/10/2013,105.7
28/10/2013,108.29
29/10/2013,108.04
30/10/2013,108.41
31/10/2013,107.53
1/11/2013,105.78
4/11/2013,104.85
5/11/2013,105.01
6/11/2013,105.46
7/11/2013,103.08
8/11/2013,104.29
11/11/2013,105.76
12/11/2013,106.29
13/11/2013,106.9
14/11/2013,108.29
15/11/2013,108.25
18/11/2013,108.8
19/11/2013,108.29
20/11/2013,108.27
21/11/2013,109.9
22/11/2013,111.36
25/11/2013,110.83
26/11/2013,112.04
27/11/2013,111.32
28/11/2013,.
29/11/2013,111.07
2/12/2013,111.49
3/12/2013,113.06
4/12/2013,113.27
5/12/2013,112.07
6/12/2013,111.5
9/12/2013,110.07
10/12/2013,108.91
11/12/2013,109.47
12/12/2013,108.99
13/12/2013,108.08
16/12/2013,110.3
17/12/2013,108.91
18/12/2013,109.56
19/12/2013,110.78
20/12/2013,112.15
23/12/2013,111.58
24/12/2013,111.57
25/12/2013,.
26/12/2013,111.65
27/12/2013,112.06
30/12/2013,110.47
31/12/2013,109.95
1/1/2014,.
2/1/2014,107.94
3/1/2014,106.57
6/1/2014,106.71
7/1/2014,107.01
8/1/2014,107.42
9/1/2014,107.49
10/1/2014,106.44
13/1/2014,108.02
14/1/2014,107.12
15/1/2014,108.09
16/1/2014,107.46
17/1/2014,108.45
20/1/2014,108.01
21/1/2014,109.17
22/1/2014,109.69
23/1/2014,109.69
24/1/2014,109.14
27/1/2014,108.72
28/1/2014,109.1
29/1/2014,108.83
30/1/2014,109.36
31/1/2014,108.16
3/2/2014,106.55
4/2/2014,107.04
5/2/2014,106.81
6/2/2014,108.15
7/2/2014,110.12
10/2/2014,110.18
11/2/2014,109.21
12/2/2014,108.62
13/2/2014,108.98
14/2/2014,108.63
17/2/2014,.
18/2/2014,110.14
19/2/2014,110.37
20/2/2014,109.42
21/2/2014,109.03
24/2/2014,109.76
25/2/2014,109.19
26/2/2014,109.39
27/2/2014,108.54
28/2/2014,108.98
3/3/2014,111.26
4/3/2014,109.17
5/3/2014,108.15
6/3/2014,107.99
7/3/2014,109.14
10/3/2014,108.27
11/3/2014,108.35
12/3/2014,107.88
13/3/2014,107.48
14/3/2014,108.08
17/3/2014,106.99
18/3/2014,106.79
19/3/2014,105.95
20/3/2014,105.73
21/3/2014,107.2
24/3/2014,106.59
25/3/2014,107.01
26/3/2014,105.9
27/3/2014,106.58
28/3/2014,106.64
31/3/2014,105.95
1/4/2014,105.7
2/4/2014,103.37
3/4/2014,104.88
4/4/2014,106.41
7/4/2014,104.89
8/4/2014,105.83
9/4/2014,107.39
10/4/2014,107.1
11/4/2014,107.34
14/4/2014,107.68
15/4/2014,109.1
16/4/2014,109.71
17/4/2014,109.79
18/4/2014,.
21/4/2014,109.69
22/4/2014,108.54
23/4/2014,108.48
24/4/2014,109.79
25/4/2014,109.53
28/4/2014,109.12
29/4/2014,109.89
30/4/2014,108.63
1/5/2014,108.63
2/5/2014,109.48
5/5/2014,109.48
6/5/2014,108.3
7/5/2014,108.17
8/5/2014,108.19
9/5/2014,108.26
12/5/2014,108.37
13/5/2014,108.78
14/5/2014,109.87
15/5/2014,109.74
16/5/2014,110.9
19/5/2014,110.84
20/5/2014,110.35
21/5/2014,111.32
22/5/2014,110.89
23/5/2014,110.19
26/5/2014,110.01
27/5/2014,109.81
28/5/2014,109.09
29/5/2014,109.98
30/5/2014,109.21
2/6/2014,109.34
3/6/2014,108.87
4/6/2014,109.07
5/6/2014,108.43
6/6/2014,109.21
9/6/2014,110.55
10/6/2014,109.18
11/6/2014,109.83
12/6/2014,112.18
13/6/2014,113.15
16/6/2014,113.42
17/6/2014,114.02
18/6/2014,114.25
19/6/2014,115.19
20/6/2014,114.55
23/6/2014,113.62
24/6/2014,113.74
25/6/2014,112.84
26/6/2014,112.61
27/6/2014,112.62
30/6/2014,111.03
1/7/2014,110.84
2/7/2014,110.18
3/7/2014,108.98
4/7/2014,.
7/7/2014,108.7
8/7/2014,107.65
9/7/2014,106.84
10/7/2014,106.2
11/7/2014,105.77
14/7/2014,104.73
15/7/2014,104.73
16/7/2014,105.41
17/7/2014,106.04
18/7/2014,106.03
21/7/2014,105.71
22/7/2014,106.48
23/7/2014,106.85
24/7/2014,105.78
25/7/2014,106.89
28/7/2014,106.7
29/7/2014,106.98
30/7/2014,106.47
31/7/2014,104.94
1/8/2014,103.45
4/8/2014,103.63
5/8/2014,102.82
6/8/2014,104.17
7/8/2014,104.02
8/8/2014,103.36
11/8/2014,103.47
12/8/2014,101.68
13/8/2014,102.27
14/8/2014,101.15
15/8/2014,101.13
18/8/2014,99.37
19/8/2014,99.74
20/8/2014,99.92
21/8/2014,100.28
22/8/2014,100.09
25/8/2014,100.49
26/8/2014,100.5
27/8/2014,100.4
28/8/2014,100.71
29/8/2014,101.12
1/9/2014,.
2/9/2014,100.21
3/9/2014,100.88
4/9/2014,101.21
5/9/2014,99.51
8/9/2014,99.53
9/9/2014,98.08
10/9/2014,96.26
11/9/2014,96.42
12/9/2014,96.31
15/9/2014,96.43
16/9/2014,97.39
17/9/2014,97.7
18/9/2014,96.82
19/9/2014,96.75
22/9/2014,95.37
23/9/2014,94.87
24/9/2014,94.53
25/9/2014,95.2
26/9/2014,95.08
29/9/2014,95.7
30/9/2014,94.67
1/10/2014,94.57
2/10/2014,91.29
3/10/2014,90.8
6/10/2014,90.65
7/10/2014,90.9
8/10/2014,90.25
9/10/2014,90.47
10/10/2014,88.66
13/10/2014,87.82
14/10/2014,86.36
15/10/2014,84.02
16/10/2014,84.02
17/10/2014,85.27
20/10/2014,84.42
21/10/2014,85.17
22/10/2014,86.38
23/10/2014,85.94
24/10/2014,86
27/10/2014,85.64
28/10/2014,85.57
29/10/2014,86.91
30/10/2014,85.5
31/10/2014,84.17
3/11/2014,84.9
4/11/2014,82.12
5/11/2014,82.88
6/11/2014,82.08
7/11/2014,83.2
10/11/2014,82.9
11/11/2014,80.94
12/11/2014,80.42
13/11/2014,77.74
14/11/2014,77.51
17/11/2014,76.86
18/11/2014,77.23
19/11/2014,77.21
20/11/2014,77.61
21/11/2014,79.2
24/11/2014,79.62
25/11/2014,77.62
26/11/2014,77.39
27/11/2014,.
28/11/2014,71.89
1/12/2014,70.87
2/12/2014,71.13
3/12/2014,70.13
4/12/2014,68.48
5/12/2014,68
8/12/2014,65.64
9/12/2014,66.11
10/12/2014,63.32
11/12/2014,63.65
12/12/2014,61.67
15/12/2014,61.09
16/12/2014,60.26
17/12/2014,59.84
18/12/2014,58.81
19/12/2014,58.87
22/12/2014,58.31
23/12/2014,59.07
24/12/2014,58.67
25/12/2014,.
26/12/2014,58.72
29/12/2014,57.86
30/12/2014,55.6
31/12/2014,55.27
1/1/2015,.
2/1/2015,55.38
5/1/2015,51.08
6/1/2015,50.12
7/1/2015,49.06
8/1/2015,49.43
9/1/2015,47.64
12/1/2015,46.9
13/1/2015,45.13
14/1/2015,45.82
15/1/2015,47.66
16/1/2015,47.38
19/1/2015,.
20/1/2015,46.49
21/1/2015,46.5
22/1/2015,46.09
23/1/2015,46.69
26/1/2015,46.07
27/1/2015,46.55
28/1/2015,47.07
29/1/2015,46.61
30/1/2015,47.52
2/2/2015,51.74
3/2/2015,54.41
4/2/2015,55.07
5/2/2015,55.98
6/2/2015,55.88
9/2/2015,57
10/2/2015,55.79
11/2/2015,53.48
12/2/2015,56.23
13/2/2015,60.33
16/2/2015,61.57
17/2/2015,60.78
18/2/2015,60.72
19/2/2015,58.78
20/2/2015,60.99
23/2/2015,59.78
24/2/2015,60.33
25/2/2015,59.77
26/2/2015,61.39
27/2/2015,61.89
2/3/2015,60.75
3/3/2015,61.18
4/3/2015,59.18
5/3/2015,60.33
6/3/2015,59.15
9/3/2015,58.67
10/3/2015,55.95
11/3/2015,56.46
12/3/2015,56.66
13/3/2015,54.8
16/3/2015,52
17/3/2015,52.17
18/3/2015,52.59
19/3/2015,52.96
20/3/2015,53.88
23/3/2015,53.82
24/3/2015,53.61
25/3/2015,54.18
26/3/2015,57.02
27/3/2015,56.44
30/3/2015,53.99
31/3/2015,53.69
1/4/2015,55.73
2/4/2015,55.73
3/4/2015,.
6/4/2015,55.73
7/4/2015,57.55
8/4/2015,56.42
9/4/2015,56.04
10/4/2015,56.82
13/4/2015,57.14
14/4/2015,57.69
15/4/2015,59.32
16/4/2015,60.13
17/4/2015,61.31
20/4/2015,61.2
21/4/2015,60.12
22/4/2015,60.12
23/4/2015,62.66
24/4/2015,62.96
27/4/2015,62.86
28/4/2015,62.61
29/4/2015,63.97
30/4/2015,63.9
1/5/2015,64.13
4/5/2015,64.62
5/5/2015,65.44
6/5/2015,66.22
7/5/2015,64.93
8/5/2015,63.82
11/5/2015,62.82
12/5/2015,65.09
13/5/2015,66.33
14/5/2015,65.58
15/5/2015,64.69
18/5/2015,65.15
19/5/2015,63.48
20/5/2015,63.52
21/5/2015,64.7
22/5/2015,64.7
25/5/2015,.
26/5/2015,61.65
27/5/2015,61.35
28/5/2015,60.12
29/5/2015,63.16
1/6/2015,62.87
2/6/2015,63.14
3/6/2015,62.78
4/6/2015,60.34
5/6/2015,60.36
8/6/2015,61.33
9/6/2015,63.23
10/6/2015,64.68
11/6/2015,63.76
12/6/2015,63.19
15/6/2015,60.99
16/6/2015,60.75
17/6/2015,60.75
18/6/2015,61.37
19/6/2015,59.41
22/6/2015,60.54
23/6/2015,61.67
24/6/2015,61.63
25/6/2015,60.24
26/6/2015,60.14
29/6/2015,59.03
30/6/2015,60.31
1/7/2015,61.65
2/7/2015,61.73
3/7/2015,59.06
6/7/2015,57.19
7/7/2015,54.72
8/7/2015,55.7
9/7/2015,57.83
10/7/2015,57.72
13/7/2015,57.63
14/7/2015,57.2
15/7/2015,57.34
16/7/2015,57.31
17/7/2015,56.38
20/7/2015,56.42
21/7/2015,55.94
22/7/2015,56.36
23/7/2015,55.76
24/7/2015,54.29
27/7/2015,54.07
28/7/2015,54.3
29/7/2015,54.73
30/7/2015,54.29
31/7/2015,53.29
3/8/2015,49.49
4/8/2015,49.08
5/8/2015,49.04
6/8/2015,47.8
7/8/2015,47.54
10/8/2015,48.3
11/8/2015,47.33
12/8/2015,48.29
13/8/2015,48.01
14/8/2015,47.79
17/8/2015,47.77
18/8/2015,47
19/8/2015,45.75
20/8/2015,45.63
21/8/2015,43.84
24/8/2015,41.59
25/8/2015,41.86
26/8/2015,41.76
27/8/2015,44.46
28/8/2015,47.97
31/8/2015,.
1/9/2015,48.8
2/9/2015,47.67
3/9/2015,50.41
4/9/2015,48.59
7/9/2015,46.42
8/9/2015,48.88
9/9/2015,48.04
10/9/2015,47.77
11/9/2015,46.87
14/9/2015,45.87
15/9/2015,45.91
16/9/2015,49.35
17/9/2015,48.27
18/9/2015,47.28
21/9/2015,47.64
22/9/2015,46.69
23/9/2015,48
24/9/2015,47.06
25/9/2015,47.28
28/9/2015,46.04
29/9/2015,47.58
30/9/2015,47.29
1/10/2015,47.48
2/10/2015,46.55
5/10/2015,49.45
6/10/2015,51.34
7/10/2015,51.66
8/10/2015,52.13
9/10/2015,52.08
12/10/2015,50.95
13/10/2015,48.94
14/10/2015,48.25
15/10/2015,47.87
16/10/2015,48.96
19/10/2015,47.51
20/10/2015,46.93
21/10/2015,46.72
22/10/2015,46.59
23/10/2015,46.3
26/10/2015,46.57
27/10/2015,45.54
28/10/2015,47.6
29/10/2015,48.04
30/10/2015,48
2/11/2015,47.91
3/11/2015,48
4/11/2015,46.96
5/11/2015,47.19
6/11/2015,46.09
9/11/2015,45.38
10/11/2015,46.44
11/11/2015,44.98
12/11/2015,44.98
13/11/2015,41.98
16/11/2015,40.28
17/11/2015,41.28
18/11/2015,41.45
19/11/2015,42.22
20/11/2015,42.49
23/11/2015,43.7
24/11/2015,44.38
25/11/2015,43.56
26/11/2015,43.55
27/11/2015,43.07
30/11/2015,43.73
1/12/2015,42.97
2/12/2015,41.92
3/12/2015,42
4/12/2015,41.44
7/12/2015,39.69
8/12/2015,39.44
9/12/2015,39.04
10/12/2015,38.65
11/12/2015,36.99
14/12/2015,36.51
15/12/2015,37.66
16/12/2015,36.96
17/12/2015,36.29
18/12/2015,36.76
21/12/2015,35.34
22/12/2015,35.26
23/12/2015,35.79
24/12/2015,37.22
25/12/2015,.
28/12/2015,37.08
29/12/2015,36.85
30/12/2015,35.65
31/12/2015,36.61
1/1/2016,.
4/1/2016,36.28
5/1/2016,35.56
6/1/2016,33.89
7/1/2016,33.57
8/1/2016,31.67
11/1/2016,30.14
12/1/2016,29.14
13/1/2016,28.58
14/1/2016,28.84
15/1/2016,28.8
18/1/2016,27.36
19/1/2016,27.36
20/1/2016,26.01
21/1/2016,27.59
22/1/2016,30.46
25/1/2016,29.82
26/1/2016,30.94
27/1/2016,31.83
28/1/2016,33.01
29/1/2016,33.14
1/2/2016,32.45
2/2/2016,30.98
3/2/2016,32.38
4/2/2016,32.76
5/2/2016,32.35
8/2/2016,31.64
9/2/2016,30.15
10/2/2016,29.64
11/2/2016,28.82
12/2/2016,31.8
15/2/2016,.
16/2/2016,31.09
17/2/2016,33.21
18/2/2016,33.2
19/2/2016,31.66
22/2/2016,33.59
23/2/2016,31.9
24/2/2016,31.5
25/2/2016,32.83
26/2/2016,35.76
29/2/2016,35.92
1/3/2016,35.73
2/3/2016,36.38
3/3/2016,35.75
4/3/2016,37.61
7/3/2016,39.02
8/3/2016,39.16
9/3/2016,40.26
10/3/2016,38.63
11/3/2016,39.41
14/3/2016,38.06
15/3/2016,37.49
16/3/2016,38.38
17/3/2016,39.29
18/3/2016,39.26
21/3/2016,39.91
22/3/2016,40.54
23/3/2016,38.84
24/3/2016,38.33
25/3/2016,.
28/3/2016,38.33
29/3/2016,36.75
30/3/2016,36.75
31/3/2016,36.75
1/4/2016,36.42
4/4/2016,36.05
5/4/2016,35.88
6/4/2016,37.77
7/4/2016,37.15
8/4/2016,40.71
11/4/2016,41.58
12/4/2016,43.02
13/4/2016,42.81
14/4/2016,43.02
15/4/2016,41.32
18/4/2016,41.64
19/4/2016,43.02
20/4/2016,43.09
21/4/2016,43.48
22/4/2016,43.97
25/4/2016,42.97
26/4/2016,43.94
27/4/2016,44.17
28/4/2016,45.6
29/4/2016,45.64
2/5/2016,45.82
3/5/2016,43.09
4/5/2016,43.08
5/5/2016,44.39
6/5/2016,44.6
9/5/2016,42.43
10/5/2016,44.01
11/5/2016,46.08
12/5/2016,46.43
13/5/2016,47.05
16/5/2016,48.49
17/5/2016,48.71
18/5/2016,48.93
19/5/2016,47.01
20/5/2016,48.54
23/5/2016,47.77
24/5/2016,48.42
25/5/2016,48.87
26/5/2016,49.52
27/5/2016,49.09
30/5/2016,.
31/5/2016,49.26
1/6/2016,48.81
2/6/2016,49.05
3/6/2016,48.5
6/6/2016,48.94
7/6/2016,49.76
8/6/2016,50.73
9/6/2016,50.59
10/6/2016,49.7
13/6/2016,49.36
14/6/2016,47.88
15/6/2016,47.47
16/6/2016,45.66
17/6/2016,46.57
20/6/2016,48.68
21/6/2016,48.18
22/6/2016,48.43
23/6/2016,48.63
24/6/2016,46.69
27/6/2016,45.07
28/6/2016,46.29
29/6/2016,48.4
30/6/2016,48.05
1/7/2016,47.65
4/7/2016,48.02
5/7/2016,45.64
6/7/2016,45.7
7/7/2016,45.93
8/7/2016,44.53
11/7/2016,44.04
12/7/2016,46.72
13/7/2016,44.67
14/7/2016,46.01
15/7/2016,46.25
18/7/2016,45.35
19/7/2016,45.7
20/7/2016,45.82
21/7/2016,44.99
22/7/2016,44.24
25/7/2016,43.76
26/7/2016,43.56
27/7/2016,42.78
28/7/2016,41.87
29/7/2016,40.76
1/8/2016,40.17
2/8/2016,40
3/8/2016,40.45
4/8/2016,41.33
5/8/2016,42.47
8/8/2016,43.24
9/8/2016,43.37
10/8/2016,42.19
11/8/2016,44.23
12/8/2016,45.12
15/8/2016,47.31
16/8/2016,48.27
17/8/2016,48.58
18/8/2016,49.46
19/8/2016,49.39
22/8/2016,48.1
23/8/2016,48.7
24/8/2016,47.56
25/8/2016,49.25
26/8/2016,49.66
29/8/2016,49.66
30/8/2016,47.94
31/8/2016,47.94
1/9/2016,45.05
2/9/2016,45.96
5/9/2016,46.72
6/9/2016,46.21
7/9/2016,47
8/9/2016,49.23
9/9/2016,48.37
12/9/2016,47.82
13/9/2016,46.48
14/9/2016,45.65
15/9/2016,45.83
16/9/2016,45.26
19/9/2016,46.04
20/9/2016,45.24
21/9/2016,45.99
22/9/2016,47.21
23/9/2016,46.71
26/9/2016,46.61
27/9/2016,44.95
28/9/2016,45.49
29/9/2016,48.43
30/9/2016,48.24
3/10/2016,48.61
4/10/2016,48.81
5/10/2016,49.57
6/10/2016,50.14
7/10/2016,50.49
10/10/2016,51.54
11/10/2016,50.48
12/10/2016,49.53
13/10/2016,49.29
14/10/2016,48.87
17/10/2016,49.31
18/10/2016,49.81
19/10/2016,51.85
20/10/2016,50.42
21/10/2016,50.28
24/10/2016,49.8
25/10/2016,49.08
26/10/2016,48.98
27/10/2016,49.13
28/10/2016,47.78
31/10/2016,46.2
1/11/2016,45.77
2/11/2016,44.26
3/11/2016,43.84
4/11/2016,43.06
7/11/2016,42.83
8/11/2016,43.47
9/11/2016,43.88
10/11/2016,43.67
11/11/2016,41.61
14/11/2016,41.83
15/11/2016,44.15
16/11/2016,45.07
17/11/2016,44.57
18/11/2016,44.41
21/11/2016,45.96
22/11/2016,46.1
23/11/2016,46.54
24/11/2016,47.54
25/11/2016,46.32
28/11/2016,46.64
29/11/2016,44.68
30/11/2016,47.95
1/12/2016,52.28
2/12/2016,52.35
5/12/2016,53.3
6/12/2016,52.31
7/12/2016,51.9
8/12/2016,51.6
9/12/2016,52.19
12/12/2016,53.99
13/12/2016,53.28
14/12/2016,53.15
15/12/2016,51.72
16/12/2016,54.15
19/12/2016,53.53
20/12/2016,54.56
21/12/2016,53.01
22/12/2016,54.04
23/12/2016,53.93
26/12/2016,.
27/12/2016,.
28/12/2016,54.95
29/12/2016,54.97
30/12/2016,54.96
2/1/2017,.
3/1/2017,55.05
4/1/2017,54.57
5/1/2017,54.99
6/1/2017,55.9
9/1/2017,54.39
10/1/2017,53.2
11/1/2017,53.61
12/1/2017,54.51
13/1/2017,54.37
16/1/2017,54.3
17/1/2017,54.68
18/1/2017,53.77
19/1/2017,53.18
20/1/2017,55.04
23/1/2017,54.8
24/1/2017,54.7
25/1/2017,54.34
26/1/2017,55.89
27/1/2017,54.8
30/1/2017,54.77
31/1/2017,55.25
1/2/2017,55.79
2/2/2017,55.94
3/2/2017,55.92
6/2/2017,55.02
7/2/2017,53.79
8/2/2017,54.42
9/2/2017,53.98
10/2/2017,55.2
13/2/2017,54.15
14/2/2017,54.96
15/2/2017,54.57
16/2/2017,54.16
17/2/2017,54.48
20/2/2017,55.25
21/2/2017,56.34
22/2/2017,54.9
23/2/2017,55.82
24/2/2017,54.69
27/2/2017,54.65
28/2/2017,53.36
1/3/2017,55.72
2/3/2017,54.16
3/3/2017,54.12
6/3/2017,54.73
7/3/2017,54.61
8/3/2017,53.3
9/3/2017,50.65
10/3/2017,50.63
13/3/2017,50.1
14/3/2017,49.6
15/3/2017,50.63
16/3/2017,50.56
17/3/2017,50.58
20/3/2017,50.67
21/3/2017,50.14
22/3/2017,49.56
23/3/2017,50.17
24/3/2017,49.97
27/3/2017,50.12
28/3/2017,50.72
29/3/2017,51.36
30/3/2017,52.25
31/3/2017,52.2
3/4/2017,52.04
4/4/2017,53.08
5/4/2017,53.41
6/4/2017,53.62
7/4/2017,54.24
10/4/2017,54.79
11/4/2017,54.73
12/4/2017,54.75
13/4/2017,55.05
14/4/2017,.
17/4/2017,54.79
18/4/2017,52.6
19/4/2017,52.43
20/4/2017,50.66
21/4/2017,49.93
24/4/2017,49.45
25/4/2017,49.37
26/4/2017,49.99
27/4/2017,49.46
28/4/2017,49.46
1/5/2017,50.41
2/5/2017,49.31
3/5/2017,48.82
4/5/2017,47.53
5/5/2017,47.45
8/5/2017,46.61
9/5/2017,47.06
10/5/2017,48.09
11/5/2017,49.18
12/5/2017,49.08
15/5/2017,51.29
16/5/2017,51.21
17/5/2017,51.76
18/5/2017,51.71
19/5/2017,52.78
22/5/2017,53.35
23/5/2017,53.19
24/5/2017,53.29
25/5/2017,52.25
26/5/2017,50.84
29/5/2017,52.25
30/5/2017,50.65
31/5/2017,49.4
1/6/2017,50.41
2/6/2017,48.46
5/6/2017,48.25
6/6/2017,48.11
7/6/2017,47.08
8/6/2017,46.3
9/6/2017,46.64
12/6/2017,47.18
13/6/2017,46.95
14/6/2017,45.47
15/6/2017,45.61
16/6/2017,45.7
19/6/2017,45.93
20/6/2017,43.98
21/6/2017,44.62
22/6/2017,44.46
23/6/2017,44.14
26/6/2017,44.09
27/6/2017,46.17
28/6/2017,46.45
29/6/2017,47.02
30/6/2017,47.08
3/7/2017,49.13
4/7/2017,49.15
5/7/2017,47.58
6/7/2017,48.53
7/7/2017,46.47
10/7/2017,46.57
11/7/2017,46.68
12/7/2017,46.73
13/7/2017,47.65
14/7/2017,47.89
17/7/2017,47.66
18/7/2017,47.92
19/7/2017,48.34
20/7/2017,48.54
21/7/2017,47.47
24/7/2017,47.81
25/7/2017,49.19
26/7/2017,50.08
27/7/2017,50.67
28/7/2017,52
31/7/2017,51.99
1/8/2017,50.77
2/8/2017,52.09
3/8/2017,52.88
4/8/2017,52.48
7/8/2017,51.42
8/8/2017,52.18
9/8/2017,52.16
10/8/2017,52.59
11/8/2017,51.47
14/8/2017,51.29
15/8/2017,49.9
16/8/2017,50.39
17/8/2017,50.37
18/8/2017,50.96
21/8/2017,51.94
22/8/2017,52.29
23/8/2017,52.31
24/8/2017,51.73
25/8/2017,51.87
28/8/2017,51.87
29/8/2017,51.64
30/8/2017,51.91
31/8/2017,52.69
1/9/2017,53.15
4/9/2017,52.6
5/9/2017,53.63
6/9/2017,54.48
7/9/2017,54.16
8/9/2017,54.55
11/9/2017,54.2
12/9/2017,55.06
13/9/2017,55.52
14/9/2017,56.76
15/9/2017,56.18
18/9/2017,55.5
19/9/2017,56.58
20/9/2017,57.2
21/9/2017,57.73
22/9/2017,58.16
25/9/2017,59.42
26/9/2017,59.77
27/9/2017,58.74
28/9/2017,58.8
29/9/2017,57.02
2/10/2017,55.67
3/10/2017,56.12
4/10/2017,56
5/10/2017,57.09
6/10/2017,55.5
9/10/2017,55.29
10/10/2017,56.62
11/10/2017,56.13
12/10/2017,56.13
13/10/2017,56.86
16/10/2017,57.49
17/10/2017,57.63
18/10/2017,58.05
19/10/2017,57.82
20/10/2017,57.89
23/10/2017,57.69
24/10/2017,57.84
25/10/2017,58.45
26/10/2017,58.75
27/10/2017,60.15
30/10/2017,60.65
31/10/2017,61.35
1/11/2017,60.98
2/11/2017,60.79
3/11/2017,61.42
6/11/2017,64.27
7/11/2017,64.36
8/11/2017,63.96
9/11/2017,64.49
10/11/2017,64.35
13/11/2017,62.94
14/11/2017,60.91
15/11/2017,61.25
16/11/2017,61.18
17/11/2017,61.34
20/11/2017,61.34
21/11/2017,62.28
22/11/2017,62.92
23/11/2017,63.27
24/11/2017,63.58
27/11/2017,63.25
28/11/2017,63.56
29/11/2017,63.74
30/11/2017,63.53
1/12/2017,64.57
4/12/2017,63.45
5/12/2017,63.45
6/12/2017,62.25
7/12/2017,62.37
8/12/2017,63.86
11/12/2017,65.62
12/12/2017,64.96
13/12/2017,63.66
14/12/2017,63.72
15/12/2017,63.81
18/12/2017,64.45
19/12/2017,63.69
20/12/2017,64.43
21/12/2017,64.64
22/12/2017,64.61
25/12/2017,.
26/12/2017,.
27/12/2017,66.03
28/12/2017,66.8
29/12/2017,66.73
1/1/2018,.
2/1/2018,66.65
3/1/2018,67.85
4/1/2018,68.73
5/1/2018,68.01
8/1/2018,68.48
9/1/2018,69.08
10/1/2018,69.79
11/1/2018,70.36
12/1/2018,69.64
15/1/2018,70.31
16/1/2018,69.4
17/1/2018,69.19
18/1/2018,69.48
19/1/2018,68.56
22/1/2018,69.32
23/1/2018,69.81
24/1/2018,69.91
25/1/2018,71.08
26/1/2018,70.08
29/1/2018,68.41
30/1/2018,67.78
31/1/2018,67.78
1/2/2018,68.6
2/2/2018,67.45
5/2/2018,67.69
6/2/2018,66.75
7/2/2018,65.74
8/2/2018,64.26
9/2/2018,63.04
12/2/2018,62.2
13/2/2018,61.94
14/2/2018,62.29
15/2/2018,62.86
16/2/2018,64.3
19/2/2018,64.95
20/2/2018,64.68
21/2/2018,64.81
22/2/2018,66.12
23/2/2018,67.04
26/2/2018,67.96
27/2/2018,67.59
28/2/2018,66.08
1/3/2018,64.23
2/3/2018,64.26
5/3/2018,65.78
6/3/2018,65.67
7/3/2018,65.09
8/3/2018,63.87
9/3/2018,65.19
12/3/2018,64.53
13/3/2018,64.2
14/3/2018,63.61
15/3/2018,63.67
16/3/2018,64.68
19/3/2018,64.82
20/3/2018,66
21/3/2018,68.15
22/3/2018,68.98
23/3/2018,69.03
26/3/2018,68.81
27/3/2018,68.63
28/3/2018,68.13
29/3/2018,69.02
30/3/2018,.
2/4/2018,.
3/4/2018,69.02
4/4/2018,66.04
5/4/2018,66.54
6/4/2018,66.51
9/4/2018,68.19
10/4/2018,70.67
11/4/2018,72.74
12/4/2018,71.44
13/4/2018,73.18
16/4/2018,72.05
17/4/2018,71.71
18/4/2018,73.73
19/4/2018,74.85
20/4/2018,74.62
23/4/2018,74.54
24/4/2018,75.86
25/4/2018,73.79
26/4/2018,75.39
27/4/2018,75.33
30/4/2018,75.92
1/5/2018,74.85
2/5/2018,73.14
3/5/2018,73.45
4/5/2018,74.75
7/5/2018,.
8/5/2018,74.16
9/5/2018,77.6
10/5/2018,77.59
11/5/2018,77.37
14/5/2018,78.17
15/5/2018,78.94
16/5/2018,78.19
17/5/2018,80.09
18/5/2018,78.38
21/5/2018,78.34
22/5/2018,80.42
23/5/2018,78.69
24/5/2018,78.9
25/5/2018,76.6
28/5/2018,.
29/5/2018,74.51
30/5/2018,75.89
31/5/2018,76.45
1/6/2018,74.54
4/6/2018,73.41
5/6/2018,72.91
6/6/2018,73.23
7/6/2018,75.23
8/6/2018,75.11
11/6/2018,74.58
12/6/2018,74.86
13/6/2018,75.07
14/6/2018,74.77
15/6/2018,72.02
18/6/2018,74.87
19/6/2018,74.92
20/6/2018,74.25
21/6/2018,72.87
22/6/2018,73.67
25/6/2018,72.82
26/6/2018,73.58
27/6/2018,76.09
28/6/2018,76.26
29/6/2018,77.44
2/7/2018,76.71
3/7/2018,75.87
4/7/2018,76.99
5/7/2018,77.09
6/7/2018,74.98
9/7/2018,77.08
10/7/2018,77.8
11/7/2018,75.35
12/7/2018,72.11
13/7/2018,74.11
16/7/2018,71.03
17/7/2018,70.87
18/7/2018,70.52
19/7/2018,71.94
20/7/2018,71.99
23/7/2018,73.45
24/7/2018,73.53
25/7/2018,73.67
26/7/2018,74.51
27/7/2018,74.84
30/7/2018,74.99
31/7/2018,74.16
1/8/2018,72.28
2/8/2018,72.95
3/8/2018,72.48
6/8/2018,72.51
7/8/2018,72.31
8/8/2018,70.71
9/8/2018,70.55
10/8/2018,71
13/8/2018,70.62
14/8/2018,70.77
15/8/2018,68.38
16/8/2018,69.21
17/8/2018,70.14
20/8/2018,71.11
21/8/2018,71.65
22/8/2018,72.96
23/8/2018,73.73
24/8/2018,74.41
27/8/2018,74.41
28/8/2018,75.91
29/8/2018,76.07
30/8/2018,77.05
31/8/2018,76.94
3/9/2018,77.81
4/9/2018,77.51
5/9/2018,76.68
6/9/2018,75.67
7/9/2018,75.55
10/9/2018,76.77
11/9/2018,78.22
12/9/2018,80.02
13/9/2018,77.66
14/9/2018,77.87
17/9/2018,78.22
18/9/2018,79.25
19/9/2018,79.43
20/9/2018,79.03
21/9/2018,78.9
24/9/2018,80.89
25/9/2018,82.21
26/9/2018,81.87
27/9/2018,81.54
28/9/2018,82.72
1/10/2018,84.94
2/10/2018,85.63
3/10/2018,85.45
4/10/2018,86.07
5/10/2018,85.12
8/10/2018,84.22
9/10/2018,85.16
10/10/2018,83.82
11/10/2018,81.35
12/10/2018,80.71
15/10/2018,80.91
16/10/2018,80.53
17/10/2018,79.91
18/10/2018,80.3
19/10/2018,80.38
22/10/2018,80.45
23/10/2018,78.67
24/10/2018,77.34
25/10/2018,77.3
26/10/2018,77.4
29/10/2018,77.56
30/10/2018,75.68
31/10/2018,74.84
1/11/2018,71.25
2/11/2018,71.11
5/11/2018,72.68
6/11/2018,70.64
7/11/2018,70.1
8/11/2018,69.29
9/11/2018,69.01
12/11/2018,69.81
13/11/2018,65.45
14/11/2018,64.88
15/11/2018,65.61
16/11/2018,65.29
19/11/2018,64.14
20/11/2018,61.5
21/11/2018,61.65
22/11/2018,61.11
23/11/2018,57.69
26/11/2018,59.7
27/11/2018,59.58
28/11/2018,57.97
29/11/2018,58.29
30/11/2018,57.71
3/12/2018,60.17
4/12/2018,61.22
5/12/2018,61.4
6/12/2018,57.83
7/12/2018,61.71
10/12/2018,60.29
11/12/2018,59.73
12/12/2018,59.94
13/12/2018,59.03
14/12/2018,58.56
17/12/2018,57.59
18/12/2018,55.26
19/12/2018,55.6
20/12/2018,52.84
21/12/2018,51.93
24/12/2018,.
25/12/2018,.
26/12/2018,.
27/12/2018,51.49
28/12/2018,50.57
31/12/2018,.
1/1/2019,.
2/1/2019,54.06
3/1/2019,53.23
4/1/2019,55.64
7/1/2019,57.1
8/1/2019,56.91
9/1/2019,59.46
10/1/2019,60.47
11/1/2019,59.24
14/1/2019,58.8
15/1/2019,58.65
16/1/2019,59.81
17/1/2019,59.85
18/1/2019,62.04
21/1/2019,62.18
22/1/2019,60.9
23/1/2019,61.05
24/1/2019,61.09
25/1/2019,61.49
28/1/2019,59.71
29/1/2019,60.98
30/1/2019,61.89
31/1/2019,62.46
1/2/2019,61.86
4/2/2019,62.26
5/2/2019,61.67
6/2/2019,62.22
7/2/2019,61.01
8/2/2019,61.37
11/2/2019,61.3
12/2/2019,62.58
13/2/2019,63.27
14/2/2019,64
15/2/2019,65.65
18/2/2019,66.41
19/2/2019,65.86
20/2/2019,66.82
21/2/2019,66.91
22/2/2019,66.91
25/2/2019,64.02
26/2/2019,64.51
27/2/2019,65.55
28/2/2019,65.03
1/3/2019,63.71
4/3/2019,64.44
5/3/2019,64.24
6/3/2019,64.51
7/3/2019,64.82
8/3/2019,65.66
11/3/2019,65.06
12/3/2019,65.33
13/3/2019,65.89
14/3/2019,66.18
15/3/2019,66.11
18/3/2019,66.65
19/3/2019,67.13
20/3/2019,68.35
21/3/2019,68.3
22/3/2019,66.29
25/3/2019,67.37
26/3/2019,67.51
27/3/2019,67.35
28/3/2019,66.08
29/3/2019,67.93
1/4/2019,69.08
2/4/2019,69.68
3/4/2019,69.21
4/4/2019,69.8
5/4/2019,69.93
8/4/2019,71.12
9/4/2019,71.02
10/4/2019,71.63
11/4/2019,71.3
12/4/2019,71.57
15/4/2019,70.9
16/4/2019,70.74
17/4/2019,71.14
18/4/2019,70.71
19/4/2019,.
22/4/2019,70.71
23/4/2019,74.39
24/4/2019,73.59
25/4/2019,74.94
26/4/2019,71.03
29/4/2019,71.22
30/4/2019,72.19
1/5/2019,72.01
2/5/2019,70.56
3/5/2019,71.95
6/5/2019,71.95
7/5/2019,70.98
8/5/2019,71.09
9/5/2019,70.61
10/5/2019,71.63
13/5/2019,72.35
14/5/2019,72.53
15/5/2019,73.09
16/5/2019,74.7
17/5/2019,73.94
20/5/2019,73.21
21/5/2019,72.94
22/5/2019,71.94
23/5/2019,68.37
24/5/2019,67.98
27/5/2019,.
28/5/2019,70.19
29/5/2019,70.64
30/5/2019,69.55
31/5/2019,66.78
3/6/2019,63.16
4/6/2019,63.56
5/6/2019,62.14
6/6/2019,62.77
7/6/2019,64.1
10/6/2019,64.31
11/6/2019,63.56
12/6/2019,61.66
13/6/2019,63.28
14/6/2019,63.13
17/6/2019,62.56
18/6/2019,63.35
19/6/2019,62.85
20/6/2019,65.44
21/6/2019,65.99
24/6/2019,65.16
25/6/2019,66.24
26/6/2019,66.85
27/6/2019,66.78
28/6/2019,67.52
1/7/2019,65.1
2/7/2019,62.72
3/7/2019,63.53
4/7/2019,63.62
5/7/2019,64.23
8/7/2019,64.89
9/7/2019,64.3
10/7/2019,66.41
11/7/2019,67.64
12/7/2019,66.65
15/7/2019,66.86
16/7/2019,65.87
17/7/2019,63.67
18/7/2019,60.7
19/7/2019,61.04
22/7/2019,61.96
23/7/2019,62.28
24/7/2019,63.83
25/7/2019,63.47
26/7/2019,62.46
29/7/2019,62.29
30/7/2019,62.55
31/7/2019,64.07
1/8/2019,62.9
2/8/2019,61.12
5/8/2019,59.32
6/8/2019,58.63
7/8/2019,55.03
8/8/2019,56.29
9/8/2019,57.37
12/8/2019,57.13
13/8/2019,59.9
14/8/2019,57.86
15/8/2019,57.37
16/8/2019,59
19/8/2019,59.79
20/8/2019,59.03
21/8/2019,60.6
22/8/2019,59.81
23/8/2019,58.64
26/8/2019,58.64
27/8/2019,58.44
28/8/2019,60.42
29/8/2019,60.59
30/8/2019,61.04
2/9/2019,58.55
3/9/2019,57.93
4/9/2019,60.68
5/9/2019,62.7
6/9/2019,61.28
9/9/2019,63.99
10/9/2019,64.67
11/9/2019,63.02
12/9/2019,60.76
13/9/2019,61.25
16/9/2019,68.42
17/9/2019,65.59
18/9/2019,64.29
19/9/2019,64.25
20/9/2019,65.23
23/9/2019,64.66
24/9/2019,64.13
25/9/2019,62.41
26/9/2019,62.08
27/9/2019,62.48
30/9/2019,60.99
1/10/2019,60.06
2/10/2019,57.92
3/10/2019,58.01
4/10/2019,59.13
7/10/2019,59.46
8/10/2019,58.14
9/10/2019,59.7
10/10/2019,59.08
11/10/2019,60.59
14/10/2019,58.81
15/10/2019,59.19
16/10/2019,59.3
17/10/2019,59.35
18/10/2019,59.96
21/10/2019,58.95
22/10/2019,60.5
23/10/2019,60.52
24/10/2019,61.71
25/10/2019,62.06
28/10/2019,60.39
29/10/2019,61.05
30/10/2019,60.22
31/10/2019,59.3
1/11/2019,60.17
4/11/2019,62.52
5/11/2019,62.72
6/11/2019,62.11
7/11/2019,62.6
8/11/2019,62
11/11/2019,62.58
12/11/2019,62.19
13/11/2019,62.27
14/11/2019,62.46
15/11/2019,63.32
18/11/2019,62.82
19/11/2019,62.37
20/11/2019,63.8
21/11/2019,64.99
22/11/2019,64.83
25/11/2019,64.67
26/11/2019,64.82
27/11/2019,65.03
28/11/2019,64.68
29/11/2019,64.5
2/12/2019,63.2
3/12/2019,62.95
4/12/2019,65.25
5/12/2019,65.67
6/12/2019,66.5
9/12/2019,66.44
10/12/2019,66.57
11/12/2019,65.37
12/12/2019,66.67
13/12/2019,67.44
16/12/2019,68.04
17/12/2019,68.99
18/12/2019,69.12
19/12/2019,69.7
20/12/2019,68.66
23/12/2019,67.49
24/12/2019,69.26
25/12/2019,.
26/12/2019,69.26
27/12/2019,68.91
30/12/2019,68.3
31/12/2019,67.77
1/1/2020,.
2/1/2020,67.05
3/1/2020,69.08
6/1/2020,70.25
7/1/2020,68.74
8/1/2020,67.31
9/1/2020,66.58
10/1/2020,66.77
13/1/2020,64.14
14/1/2020,64.45
15/1/2020,63.29
16/1/2020,64.63
17/1/2020,64.05
20/1/2020,64.63
21/1/2020,63.66
22/1/2020,62.11
23/1/2020,61.26
24/1/2020,59.34
27/1/2020,58.54
28/1/2020,59.37
29/1/2020,59.46
30/1/2020,57.72
31/1/2020,57.77
3/2/2020,54
4/2/2020,53.9
5/2/2020,55.36
6/2/2020,55.18
7/2/2020,54.53
10/2/2020,53.39
11/2/2020,54
12/2/2020,55.54
13/2/2020,56.34
14/2/2020,57.37
17/2/2020,57.83
18/2/2020,57.35
19/2/2020,59.72
20/2/2020,59.57
21/2/2020,58.6
24/2/2020,56.71
25/2/2020,55.29
26/2/2020,54.96
27/2/2020,52.19
28/2/2020,51.31
2/3/2020,52.52
3/3/2020,52.24
4/3/2020,51.86
5/3/2020,51.29
6/3/2020,45.6
9/3/2020,35.33
10/3/2020,35.57
11/3/2020,34.45
12/3/2020,31.02
13/3/2020,32.25
16/3/2020,27.98
17/3/2020,27.97
18/3/2020,22.79
19/3/2020,23.98
20/3/2020,25.55
23/3/2020,23.75
24/3/2020,24.5
25/3/2020,25.62
26/3/2020,23.55
27/3/2020,22.39
30/3/2020,19.19
31/3/2020,14.85
1/4/2020,14.97
2/4/2020,20.24
3/4/2020,24.33
6/4/2020,22.58
7/4/2020,22.1
8/4/2020,25.22
9/4/2020,20.23
10/4/2020,.
13/4/2020,.
14/4/2020,21.74
15/4/2020,19.8
16/4/2020,18.69
17/4/2020,19.75
20/4/2020,17.36
21/4/2020,9.12
22/4/2020,13.77
23/4/2020,15.06
24/4/2020,15.87
27/4/2020,15.17
28/4/2020,15.6
29/4/2020,17.86
30/4/2020,18.11
1/5/2020,18.49
4/5/2020,20.4
5/5/2020,25.46
6/5/2020,24.2
7/5/2020,24.23
8/5/2020,.
11/5/2020,25.53
12/5/2020,26.67
13/5/2020,27.89
14/5/2020,29.87
15/5/2020,30.95
18/5/2020,33.3
19/5/2020,33.06
20/5/2020,34.76
21/5/2020,34.78
22/5/2020,33.8
25/5/2020,.
26/5/2020,33.95
27/5/2020,32.73
28/5/2020,33.98
29/5/2020,34.15
1/6/2020,36.74
2/6/2020,37.72
3/6/2020,37.98
4/6/2020,38.41
5/6/2020,41
8/6/2020,39.66
9/6/2020,40.45
10/6/2020,41.18
11/6/2020,37.76
12/6/2020,38.54
15/6/2020,39.44
16/6/2020,40.75
17/6/2020,40.47
18/6/2020,41.75
19/6/2020,42.33
22/6/2020,43.2
23/6/2020,42.72
24/6/2020,40.4
25/6/2020,41.18
26/6/2020,40.97
29/6/2020,41.58
30/6/2020,41.64
1/7/2020,42.18
2/7/2020,43.19
3/7/2020,42.92
6/7/2020,42.73
7/7/2020,43.28
8/7/2020,43.67
9/7/2020,42.35
10/7/2020,43.27
13/7/2020,42.85
14/7/2020,42.97
15/7/2020,43.96
16/7/2020,43.71
17/7/2020,43.53
20/7/2020,43.3
21/7/2020,44.31
22/7/2020,43.98
23/7/2020,42.96
24/7/2020,43.29
27/7/2020,43.39
28/7/2020,43.11
29/7/2020,43.51
30/7/2020,42.98
31/7/2020,43.13
3/8/2020,43.76
4/8/2020,43.99
5/8/2020,44.92
6/8/2020,45.04
7/8/2020,44.07
10/8/2020,44.19
11/8/2020,43.68
12/8/2020,45.09
13/8/2020,44.87
14/8/2020,44.86
17/8/2020,44.91
18/8/2020,45.34
19/8/2020,45.21
20/8/2020,44.56
21/8/2020,43.94
24/8/2020,44.43
25/8/2020,46.01
26/8/2020,45.79
27/8/2020,44.84
28/8/2020,45.22
31/8/2020,.
1/9/2020,45.72
2/9/2020,42.7
3/9/2020,42.72
4/9/2020,41.1
7/9/2020,40.67
8/9/2020,38.53
9/9/2020,39.98
10/9/2020,39.27
11/9/2020,38.8
14/9/2020,38.57
15/9/2020,39.54
16/9/2020,41.23
17/9/2020,42.35
18/9/2020,42.16
21/9/2020,40.37
22/9/2020,40.84
23/9/2020,41.09
24/9/2020,41.24
25/9/2020,40.91
28/9/2020,41.59
29/9/2020,40.33
30/9/2020,40.3
1/10/2020,39.75
2/10/2020,38
5/10/2020,39.78
6/10/2020,41.27
7/10/2020,40.62
8/10/2020,42
9/10/2020,41.63
12/10/2020,40.5
13/10/2020,41.34
14/10/2020,41.81
15/10/2020,41.61
16/10/2020,41.34
19/10/2020,41.29
20/10/2020,41.62
21/10/2020,40.09
22/10/2020,41.28
23/10/2020,40.71
26/10/2020,39.06
27/10/2020,39.72
28/10/2020,37.86
29/10/2020,36.56
30/10/2020,36.33
2/11/2020,37.78
3/11/2020,38.17
4/11/2020,39.68
5/11/2020,39.47
6/11/2020,38.08
9/11/2020,40.93
10/11/2020,42.25
11/11/2020,42.5
12/11/2020,42.16
13/11/2020,41.51
16/11/2020,42.71
17/11/2020,42.54
18/11/2020,42.91
19/11/2020,43.09
20/11/2020,43.79
23/11/2020,45
24/11/2020,46.63
25/11/2020,47.3
26/11/2020,46.32
27/11/2020,46.88
30/11/2020,46.84
1/12/2020,47.03
2/12/2020,47.8
3/12/2020,48.37
4/12/2020,49.1
7/12/2020,48.63
8/12/2020,48.84
9/12/2020,48.81
10/12/2020,50.33
11/12/2020,50.01
14/12/2020,50.27
15/12/2020,50.77
16/12/2020,50.83
17/12/2020,51.2
18/12/2020,52.17
21/12/2020,50.61
22/12/2020,49.88
23/12/2020,51.05
24/12/2020,50.88
25/12/2020,.
28/12/2020,50.88
29/12/2020,50.44
30/12/2020,50.74
31/12/2020,51.22
1/1/2021,.
4/1/2021,50.37
5/1/2021,53.16
6/1/2021,53.8
7/1/2021,53.7
8/1/2021,55.51
11/1/2021,54.84
12/1/2021,55.98
13/1/2021,55.52
14/1/2021,55.76
15/1/2021,54.8
18/1/2021,54.21
19/1/2021,55.38
20/1/2021,55.66
21/1/2021,55.68
22/1/2021,55.22
25/1/2021,55.44
26/1/2021,55.26
27/1/2021,55.07
28/1/2021,54.87
29/1/2021,55.25
1/2/2021,56.42
2/2/2021,57.62
3/2/2021,58.61
4/2/2021,58.98
5/2/2021,59.48
8/2/2021,60.17
9/2/2021,60.74
10/2/2021,61.17
11/2/2021,61.09
12/2/2021,62.47
15/2/2021,63.58
16/2/2021,63.96
17/2/2021,65.02
18/2/2021,64.09
19/2/2021,62.84
22/2/2021,64.73
23/2/2021,65.16
24/2/2021,66.85
25/2/2021,66.69
26/2/2021,65.86
1/3/2021,64.56
2/3/2021,63.17
3/3/2021,64.7
4/3/2021,67.32
5/3/2021,69.95
8/3/2021,68
9/3/2021,67.03
10/3/2021,67.53
11/3/2021,69.34
12/3/2021,68.87
15/3/2021,68.78
16/3/2021,67.95
17/3/2021,67.73
18/3/2021,62.11
19/3/2021,64
22/3/2021,63.89
23/3/2021,59.96
24/3/2021,63.7
25/3/2021,61.21
26/3/2021,63.77
29/3/2021,64.06
30/3/2021,63.28
31/3/2021,63.52
1/4/2021,63.85
2/4/2021,.
5/4/2021,.
6/4/2021,61.47
7/4/2021,61.86
8/4/2021,62.09
9/4/2021,61.89
12/4/2021,62.38
13/4/2021,62.83
14/4/2021,66.11
15/4/2021,66.13
16/4/2021,65.98
19/4/2021,66.54
20/4/2021,65.34
21/4/2021,64.02
22/4/2021,65.07
23/4/2021,65.75
26/4/2021,65.5
27/4/2021,66.25
28/4/2021,67.08
29/4/2021,68.26
30/4/2021,67.73
3/5/2021,.
4/5/2021,68.91
5/5/2021,69.71
6/5/2021,68.62
7/5/2021,68.73
10/5/2021,68.61
11/5/2021,68.83
12/5/2021,69.62
13/5/2021,67.36
14/5/2021,69.24
17/5/2021,69.62
18/5/2021,69.01
19/5/2021,66.88
20/5/2021,65.18
21/5/2021,66.72
24/5/2021,68.59
25/5/2021,68.8
26/5/2021,68.93
27/5/2021,69.43
28/5/2021,69.36
31/5/2021,.
1/6/2021,70.03
2/6/2021,70.6
3/6/2021,70.71
4/6/2021,71.3
7/6/2021,70.89
8/6/2021,71.39
9/6/2021,71.31
10/6/2021,71.65
11/6/2021,72.05
14/6/2021,72.27
15/6/2021,73.38
16/6/2021,73.88
17/6/2021,72.92
18/6/2021,73.1
21/6/2021,74.49
22/6/2021,74.92
23/6/2021,75.22
24/6/2021,75.95
25/6/2021,76.45
28/6/2021,74.78
29/6/2021,75.38
30/6/2021,76.94
1/7/2021,76.69
2/7/2021,77.51
5/7/2021,78.34
6/7/2021,75.81
7/7/2021,74.31
8/7/2021,75.07
9/7/2021,77.14
12/7/2021,76.77
13/7/2021,77.5
14/7/2021,75.74
15/7/2021,74.53
16/7/2021,74.46
19/7/2021,69.33
20/7/2021,70.03
21/7/2021,72.54
22/7/2021,74.25
23/7/2021,74.86
26/7/2021,74.79
27/7/2021,74.87
28/7/2021,75.09
29/7/2021,76.3
30/7/2021,77.72
2/8/2021,73.91
3/8/2021,73.24
4/8/2021,70.99
5/8/2021,72.14
6/8/2021,71.02
9/8/2021,69.65
10/8/2021,71.14
11/8/2021,71.99
12/8/2021,71.79
13/8/2021,70.9
16/8/2021,70.07
17/8/2021,69.4
18/8/2021,68.61
19/8/2021,66.8
20/8/2021,65.51
23/8/2021,69.07
24/8/2021,71.21
25/8/2021,72.12
26/8/2021,70.42
27/8/2021,72.26
30/8/2021,.
31/8/2021,73.45
1/9/2021,71.99
2/9/2021,73.56
3/9/2021,73.07
6/9/2021,72.43
7/9/2021,71.52
8/9/2021,72.36
9/9/2021,71.32
10/9/2021,72.44
13/9/2021,72.97
14/9/2021,73.05
15/9/2021,74.84
16/9/2021,75.14
17/9/2021,74.64
20/9/2021,73.59
21/9/2021,73.65
22/9/2021,75.5
23/9/2021,76.44
24/9/2021,77.42
27/9/2021,78.85
28/9/2021,78.3
29/9/2021,77.86
30/9/2021,77.81
1/10/2021,79.4
4/10/2021,81.44
5/10/2021,82.72
6/10/2021,81.39
7/10/2021,82.34
8/10/2021,82.17
11/10/2021,83.75
12/10/2021,83.53
13/10/2021,83.53
14/10/2021,83.86
15/10/2021,84.67
18/10/2021,84.13
19/10/2021,85.02
20/10/2021,85.76
21/10/2021,84.58
22/10/2021,85.43
25/10/2021,84.85
26/10/2021,85.11
27/10/2021,84.12
28/10/2021,83.4
29/10/2021,83.1
1/11/2021,84.51
2/11/2021,84.42
3/11/2021,81.1
4/11/2021,80.15
5/11/2021,82.43
8/11/2021,83.22
9/11/2021,84.52
10/11/2021,82.91
11/11/2021,83.4
12/11/2021,82.9
15/11/2021,81.94
16/11/2021,82.85
17/11/2021,80.67
18/11/2021,82.45
19/11/2021,80.24
22/11/2021,80.97
23/11/2021,83.43
24/11/2021,82.37
25/11/2021,82.05
26/11/2021,72.37
29/11/2021,73.34
30/11/2021,70.86
1/12/2021,69.53
2/12/2021,70.56
3/12/2021,70.71
6/12/2021,73.38
7/12/2021,75.54
8/12/2021,75.94
9/12/2021,74.1
10/12/2021,74.98
13/12/2021,74.12
14/12/2021,73.37
15/12/2021,73.71
16/12/2021,74.64
17/12/2021,72.97
20/12/2021,70.51
21/12/2021,72.85
22/12/2021,74.69
23/12/2021,76.26
24/12/2021,75.24
27/12/2021,.
28/12/2021,.
29/12/2021,78.63
30/12/2021,78.61
31/12/2021,77.24
3/1/2022,78.25
4/1/2022,79.39
5/1/2022,80.6
6/1/2022,81.99
7/1/2022,82.28
10/1/2022,81.56
11/1/2022,84.98
12/1/2022,85.83
13/1/2022,85.8
14/1/2022,87.17
17/1/2022,87.82
18/1/2022,88.83
19/1/2022,89.64
20/1/2022,89.75
21/1/2022,89.75
24/1/2022,87.74
25/1/2022,89.49
26/1/2022,91.22
27/1/2022,90.7
28/1/2022,91.47
31/1/2022,92.35
1/2/2022,90.24
2/2/2022,91.43
3/2/2022,92.99
4/2/2022,96.86
7/2/2022,97.28
8/2/2022,96.07
9/2/2022,94.95
10/2/2022,96.37
11/2/2022,97.5
14/2/2022,101.66
15/2/2022,98.43
16/2/2022,97.44
17/2/2022,95.28
18/2/2022,96.18
21/2/2022,98.95
22/2/2022,98.73
23/2/2022,99.29
24/2/2022,101.29
25/2/2022,98.56
28/2/2022,103.08
1/3/2022,110.93
2/3/2022,118.94
3/3/2022,115.36
4/3/2022,123.86
7/3/2022,129.02
8/3/2022,133.18
9/3/2022,116.58
10/3/2022,114.54
11/3/2022,118.11
14/3/2022,110.39
15/3/2022,105.14
16/3/2022,104.61
17/3/2022,113.5
18/3/2022,114.32
21/3/2022,122.29
22/3/2022,121.53
23/3/2022,127.52
24/3/2022,123.98
25/3/2022,122.67
28/3/2022,114.5
29/3/2022,112.79
30/3/2022,115.59
31/3/2022,107.29
1/4/2022,106.13
4/4/2022,108.15
5/4/2022,106.6
6/4/2022,100.81
7/4/2022,99.83
8/4/2022,101.26
11/4/2022,97.92
12/4/2022,104.42
13/4/2022,108.49
14/4/2022,110.83
15/4/2022,.
18/4/2022,.
19/4/2022,105.49
20/4/2022,105.05
21/4/2022,107.2
22/4/2022,105.15
25/4/2022,99.27
26/4/2022,102.89
27/4/2022,103.3
28/4/2022,105.78
29/4/2022,108.36
2/5/2022,.
3/5/2022,104.94
4/5/2022,110.53
5/5/2022,112.11
6/5/2022,113.86
9/5/2022,106.67
10/5/2022,102.61
11/5/2022,107.7
12/5/2022,108.06
13/5/2022,112.12
16/5/2022,114.86
17/5/2022,112.89
18/5/2022,110.04
19/5/2022,113.22
20/5/2022,113.63
23/5/2022,115.13
24/5/2022,115.77
25/5/2022,116.41
26/5/2022,119.81
27/5/2022,121.19
30/5/2022,123.01
31/5/2022,125.53
1/6/2022,122.2
2/6/2022,.
3/6/2022,125.68
6/6/2022,124.99
7/6/2022,126.89
8/6/2022,129.2
9/6/2022,128.47
10/6/2022,127.44
13/6/2022,128.44
14/6/2022,127.02
15/6/2022,124.96
16/6/2022,125.78
17/6/2022,119.22
20/6/2022,118.25
21/6/2022,118.51
22/6/2022,115.54
23/6/2022,114.5
24/6/2022,117.36
27/6/2022,119.69
28/6/2022,122.21
29/6/2022,120.8
30/6/2022,119.78
1/7/2022,119.21
4/7/2022,121.8
5/7/2022,110.49
6/7/2022,108.54
7/7/2022,113.4
8/7/2022,113.95
11/7/2022,114.85
12/7/2022,106.98
13/7/2022,107.17
14/7/2022,107.74
15/7/2022,112.26
18/7/2022,117.27
19/7/2022,114.96
20/7/2022,115.86
21/7/2022,112.81
22/7/2022,106.77
25/7/2022,108.23
26/7/2022,107.32
27/7/2022,109.64
28/7/2022,109.68
29/7/2022,111.51
1/8/2022,106.09
2/8/2022,106.51
3/8/2022,101.82
4/8/2022,97.99
5/8/2022,100.31
8/8/2022,103.46
9/8/2022,103.81
10/8/2022,105.06
11/8/2022,107.19
12/8/2022,103.7
15/8/2022,98.25
16/8/2022,95.36
17/8/2022,97.22
18/8/2022,96.35
19/8/2022,96.45
22/8/2022,95.06
23/8/2022,99.49
24/8/2022,99.87
25/8/2022,98.81
26/8/2022,101.13
29/8/2022,.
30/8/2022,99.34
31/8/2022,96.55
1/9/2022,92.24
2/9/2022,93.09
5/9/2022,94.22
6/9/2022,91.43
7/9/2022,86.83
8/9/2022,87.99
9/9/2022,91.68
12/9/2022,93.45
13/9/2022,92.04
14/9/2022,92.83
15/9/2022,89.28
16/9/2022,89.43
19/9/2022,.
20/9/2022,89.62
21/9/2022,89.86
22/9/2022,90.4
23/9/2022,84.29
26/9/2022,82.55
27/9/2022,85.97
28/9/2022,89.55
29/9/2022,89.41
30/9/2022,88.9
3/10/2022,90.68
4/10/2022,93.74
5/10/2022,94.35
6/10/2022,95.65
7/10/2022,98.88
10/10/2022,97.13
11/10/2022,95.17
12/10/2022,93.44
13/10/2022,95.16
14/10/2022,92.22
17/10/2022,91.04
18/10/2022,89.46
19/10/2022,91.34
20/10/2022,91.52
21/10/2022,91.82
24/10/2022,91.57
25/10/2022,91.76
26/10/2022,92.93
27/10/2022,94.17
28/10/2022,94.64
31/10/2022,93.3
1/11/2022,95.12
2/11/2022,96.07
3/11/2022,95.29
4/11/2022,99.53
7/11/2022,99.87
8/11/2022,96.85
9/11/2022,93.05
10/11/2022,94.25
11/11/2022,96.37
14/11/2022,93.59
15/11/2022,94.3
16/11/2022,92.61
17/11/2022,91
18/11/2022,88.93
21/11/2022,88.44
22/11/2022,88.65
23/11/2022,85.9
24/11/2022,85.59
25/11/2022,83.4
28/11/2022,83.5
29/11/2022,83.22
30/11/2022,85.61
1/12/2022,86.28
2/12/2022,86.54
5/12/2022,83.36
6/12/2022,79.92
7/12/2022,77.11
8/12/2022,76.02
9/12/2022,76.37
12/12/2022,78
13/12/2022,80.14
14/12/2022,83.33
15/12/2022,82.34
16/12/2022,80.2
19/12/2022,81.66
20/12/2022,79.45
21/12/2022,80.25
22/12/2022,79.58
23/12/2022,82.45
26/12/2022,.
27/12/2022,.
28/12/2022,81.7
29/12/2022,80.96
30/12/2022,82.82
2/1/2023,.
3/1/2023,80.36
4/1/2023,75.31
5/1/2023,76.73
6/1/2023,76.41
9/1/2023,77.5
10/1/2023,78.4
11/1/2023,81.11
12/1/2023,82.59
13/1/2023,83.43
16/1/2023,82.65
17/1/2023,84.38
18/1/2023,83.78
19/1/2023,85.08
20/1/2023,86.96
23/1/2023,87.54
24/1/2023,85.25
25/1/2023,85.08
26/1/2023,86.29
27/1/2023,85.36
30/1/2023,84.9
31/1/2023,83.42
1/2/2023,81.61
2/2/2023,80.57
3/2/2023,78.85
6/2/2023,80.48
7/2/2023,82.92
8/2/2023,84.17
9/2/2023,83.46
10/2/2023,85.46
13/2/2023,85.98
14/2/2023,84.96
15/2/2023,84.11
16/2/2023,83.84
17/2/2023,81.97
20/2/2023,82.79
21/2/2023,82.14
22/2/2023,79.55
23/2/2023,82.08
24/2/2023,82.31
27/2/2023,81.24
28/2/2023,83.21
1/3/2023,83.68
2/3/2023,84.15
3/3/2023,85.74
6/3/2023,85.86
7/3/2023,83.03
8/3/2023,82.1
9/3/2023,81
10/3/2023,82.3
13/3/2023,79.67
14/3/2023,76.77
15/3/2023,74.3
16/3/2023,73.12
17/3/2023,71.03
20/3/2023,72.42
21/3/2023,74.78
22/3/2023,76.08
23/3/2023,74.31
24/3/2023,73.63
27/3/2023,76.8
28/3/2023,78.07
29/3/2023,77.51
30/3/2023,78.45
31/3/2023,79.19
3/4/2023,85.81
4/4/2023,85.7
5/4/2023,85.89
6/4/2023,86.56
7/4/2023,.
10/4/2023,.
11/4/2023,87.32
12/4/2023,88.31
13/4/2023,86.51
14/4/2023,87.31
17/4/2023,85.63
18/4/2023,85.48
19/4/2023,85.34
20/4/2023,83.29
21/4/2023,83.36
24/4/2023,84.23
25/4/2023,82.13
26/4/2023,79.19
27/4/2023,80.11
28/4/2023,81.32
1/5/2023,.
2/5/2023,76.71
3/5/2023,72.91
4/5/2023,73
5/5/2023,75.85
8/5/2023,.
9/5/2023,77.76
10/5/2023,76.7
11/5/2023,75.32
12/5/2023,74.54
15/5/2023,75.46
16/5/2023,75.15
17/5/2023,76.98
18/5/2023,75.75
19/5/2023,75.42
22/5/2023,75.77
23/5/2023,76.66
24/5/2023,77.99
25/5/2023,75.66
26/5/2023,76.33
29/5/2023,.
30/5/2023,73.38
31/5/2023,71.98
1/6/2023,74.18
2/6/2023,76
5/6/2023,76.61
6/6/2023,76.22
7/6/2023,76.85
8/6/2023,75.88
9/6/2023,74.74
12/6/2023,71.8
13/6/2023,74.24
14/6/2023,73.39
15/6/2023,75.75
16/6/2023,76.76
19/6/2023,76.09
20/6/2023,75.79
21/6/2023,76.92
22/6/2023,73.93
23/6/2023,73.56
26/6/2023,73.86
27/6/2023,71.88
28/6/2023,73.64
29/6/2023,73.86
30/6/2023,74.51
3/7/2023,74.52
4/7/2023,76.23
5/7/2023,76.74
6/7/2023,76.72
7/7/2023,78.77
10/7/2023,77.83
11/7/2023,79.54
12/7/2023,80.35
13/7/2023,81.31
14/7/2023,79.9
17/7/2023,77.8
18/7/2023,79.54
19/7/2023,79.38
20/7/2023,79.62
21/7/2023,81.06
24/7/2023,82.53
25/7/2023,83.46
26/7/2023,82.98
27/7/2023,84.28
28/7/2023,84.49
31/7/2023,85.22
1/8/2023,85.34
2/8/2023,84.01
3/8/2023,86.19
4/8/2023,87.38
7/8/2023,86.47
8/8/2023,88
9/8/2023,89.31
10/8/2023,87.44
11/8/2023,87.93
14/8/2023,87.4
15/8/2023,86.28
16/8/2023,84.49
17/8/2023,85.24
18/8/2023,85.92
21/8/2023,85.44
22/8/2023,84.7
23/8/2023,83.94
24/8/2023,84.07
25/8/2023,85.42
28/8/2023,.
29/8/2023,86.37
30/8/2023,86.62
31/8/2023,87.29
1/9/2023,89.98
4/9/2023,90.42
5/9/2023,91.25
6/9/2023,91.79
7/9/2023,91.16
8/9/2023,91.85
11/9/2023,91.97
12/9/2023,93.58
13/9/2023,93.04
14/9/2023,95.2
15/9/2023,95.55
18/9/2023,95.95
19/9/2023,96.11
20/9/2023,94.56
21/9/2023,93.7
22/9/2023,93.99
25/9/2023,94.01
26/9/2023,94.46
27/9/2023,97.1
28/9/2023,96.64
29/9/2023,95.86
2/10/2023,91.21
3/10/2023,94.46
4/10/2023,89.83
5/10/2023,88.28
6/10/2023,87.86
9/10/2023,91.37
10/10/2023,90.7
11/10/2023,87.58
12/10/2023,88.4
13/10/2023,94.33
16/10/2023,90.99
17/10/2023,92.52
18/10/2023,91.99
19/10/2023,93.12
20/10/2023,93.72
23/10/2023,91.88
24/10/2023,88
25/10/2023,90.14
26/10/2023,88.45
27/10/2023,90.73
30/10/2023,90.73
31/10/2023,86.82
1/11/2023,86.92
2/11/2023,89.02
3/11/2023,87.55
6/11/2023,87.31
7/11/2023,83.43
8/11/2023,81.46
9/11/2023,81.74
10/11/2023,83.66
13/11/2023,84.09
14/11/2023,84.2
15/11/2023,82.4
16/11/2023,77.73
17/11/2023,81.22
20/11/2023,83.25
21/11/2023,82.42
22/11/2023,81.76
23/11/2023,80.85
24/11/2023,79.82
27/11/2023,79.49
28/11/2023,81.66
29/11/2023,82.98
30/11/2023,81.72
1/12/2023,78.72
4/12/2023,78.16
5/12/2023,77.27
6/12/2023,74.33
7/12/2023,74.21
8/12/2023,75.94
11/12/2023,75.75
12/12/2023,74.11
13/12/2023,74.14
14/12/2023,77.05
15/12/2023,76.84
18/12/2023,78.89
19/12/2023,79.82
20/12/2023,81.1
21/12/2023,80.73
22/12/2023,80.23
25/12/2023,.
26/12/2023,.
27/12/2023,80.97
28/12/2023,79.04
29/12/2023,77.69
