date,Call IV,Put IV,Average IV
2000-01-10,0.15741899999999995,0.2095539999999988,0.1834864999999994
2000-01-11,0.1808030000000006,0.1711780000000007,0.17599050000000066
2000-01-12,0.1574590000000012,0.20128700000041816,0.17937300000020967
2000-01-13,0.11956800000000191,0.20973500000000092,0.16465150000000142
2000-01-14,0.08047499999999937,0.17777500000000013,0.12912499999999974
2000-01-18,0.25894400000006934,0.17780800000003574,0.21837600000005253
2000-01-19,0.23614900000001027,0.1770009999999985,0.2065750000000044
2000-01-20,0.2016639999999996,0.2152800000000022,0.20847200000000088
2000-01-21,3.449640999999997,0.1718490000005009,1.810745000000249
2000-02-07,0.17230199999999957,0.18333300000047092,0.17781750000023525
2000-02-08,0.18121900000000246,0.19287400000000107,0.18704650000000178
2000-02-09,0.17782000000000037,0.1934104999999942,0.1856152499999973
2000-02-10,0.20837100000000017,0.13375400000000023,0.1710625000000002
2000-02-11,0.15648500000000148,0.22478299999999846,0.19063399999999997
2000-02-14,0.19089999999999951,0.1547219999999991,0.17281099999999933
2000-02-15,0.14910300000009558,0.19697500000000007,0.17303900000004782
2000-02-16,0.29211500000000323,0.1930450000000011,0.24258000000000218
2000-02-17,0.20914599999999825,0.22319400000000184,0.21617000000000003
2000-02-18,0.40426899999999594,1.060430999999991,0.7323499999999935
2000-03-06,0.22024000000015048,0.19949600000000187,0.20986800000007616
2000-03-07,0.1959230000000017,0.24090099999999684,0.21841199999999927
2000-03-08,0.13369900000021687,0.25160099999999874,0.1926500000001078
2000-03-09,0.2061850000000026,0.16502000000040254,0.18560250000020256
2000-03-10,0.1798840000000008,0.19837499999999808,0.18912949999999945
2000-03-13,0.29185599999999917,0.19015200000000104,0.2410040000000001
2000-03-14,0.15967100000000042,0.2333529999999969,0.19651199999999866
2000-03-15,0.22643899999999964,0.22302499999999761,0.22473199999999863
2000-03-16,0.20606000000004102,0.285852,0.2459560000000205
2000-03-17,0.24915399999999854,0.5394760000000016,0.3943150000000001
2000-04-10,0.16801500000023306,0.2508489999995171,0.20943199999987508
2000-04-11,0.19205200000000172,0.2117849999999989,0.2019185000000003
2000-04-12,0.1587629999999991,0.1841099999999998,0.17143649999999944
2000-04-13,0.15523399999977106,0.21377500000000174,0.18450449999988638
2000-04-14,0.13929699999999673,0.27419499999999936,0.20674599999999804
2000-04-17,0.15606899999999932,0.2843240000000072,0.22019650000000324
2000-04-18,0.1722280000003714,0.1738860000004252,0.1730570000003983
2000-04-19,0.20121500000005482,0.21690000000000317,0.20905750000002898
2000-04-20,0.2317310000000011,0.9287870000000317,0.5802590000000164
2000-05-08,0.2711509999999959,0.2697279999999944,0.27043949999999517
2000-05-09,0.24764699999999462,0.3152270000000001,0.2814369999999974
2000-05-10,0.261190999999998,0.2804530000000018,0.2708219999999999
2000-05-11,0.49118899999999655,0.317148000000031,0.4041685000000138
2000-05-12,0.4182980000000027,0.2845890000000011,0.3514435000000019
2000-05-15,0.6705519999998705,0.4542060000000042,0.5623789999999373
2000-05-16,0.44497399999999826,0.4541219999999984,0.44954799999999834
2000-05-17,0.7757050000000013,0.5557970000003087,0.665751000000155
2000-05-18,0.9911600000000027,0.6673789999999977,0.8292695000000002
2000-05-19,0.96419200000003,0.9641920000000278,0.9641920000000289
2000-06-05,0.3219800000000004,0.2985480000000013,0.3102640000000009
2000-06-06,0.2936110000000291,0.2675720000001836,0.28059150000010635
2000-06-07,0.31801500000000094,0.26939400000002084,0.2937045000000109
2000-06-08,0.2593329999999957,0.31321399999999894,0.2862734999999973
2000-06-09,0.2840280000000003,0.2749900000000008,0.27950900000000056
2000-06-12,0.2331150000000013,0.2434050000000013,0.2382600000000013
2000-06-13,0.26454899999999854,0.17229900000001216,0.21842400000000534
2000-06-14,0.27374300000006635,0.09571700000026563,0.18473000000016598
2000-06-15,0.2905389999997407,0.22511999999999882,0.25782949999986976
2000-06-16,0.28786199999999706,0.5324509999999978,0.4101564999999974
2000-07-10,0.32788099999993897,0.3344769999999537,0.3311789999999463
2000-07-11,0.3136890000000005,0.2970410000000019,0.3053650000000012
2000-07-12,0.3222379999999863,0.3398309999999985,0.3310344999999924
2000-07-13,0.360696999999993,0.30216199999990356,0.3314294999999483
2000-07-14,0.3227869999999998,0.31076400000000026,0.31677550000000004
2000-07-17,0.316657999999994,0.3213269999999959,0.31899249999999496
2000-07-18,0.2642169999999994,0.4315190000000016,0.3478680000000005
2000-07-19,0.28026799999999896,0.3980470000000024,0.33915750000000067
2000-07-20,0.30842199999999664,0.4083550000000292,0.35838850000001293
2000-07-21,0.7005219999999889,0.7898040000001607,0.7451630000000748
2000-08-07,0.2693510000000013,0.24695999999999554,0.25815549999999843
2000-08-08,0.2627149999998377,0.2683829999999182,0.26554899999987797
2000-08-09,0.2763019999999996,0.2409119999999962,0.2586069999999979
2000-08-10,0.24203599999999878,0.2512589999999993,0.24664749999999902
2000-08-11,0.2193750000000013,0.24559499999999898,0.23248500000000014
2000-08-14,0.2740929999999995,0.20367099999952493,0.2388819999997622
2000-08-15,0.24256799999999673,0.20471899999999907,0.22364349999999789
2000-08-16,0.343478999999999,0.24968,0.2965794999999995
2000-08-17,0.1951620000000018,0.1293290000000024,0.1622455000000021
2000-08-18,0.20998400000001438,0.35261399999999055,0.28129900000000246
2000-09-05,0.15005700000000025,0.18838900000023337,0.1692230000001168
2000-09-06,0.14153499999999883,0.19448299999999943,0.16800899999999913
2000-09-07,0.2101290000000001,0.17292399999997998,0.19152649999999005
2000-09-08,0.20600500000000135,0.17563000000000045,0.19081750000000092
2000-09-11,0.16698799999999808,0.18629599999999855,0.1766419999999983
2000-09-12,0.16013400000000638,0.1836070000000022,0.1718705000000043
2000-09-13,0.19555200000014872,0.1404639999999984,0.16800800000007354
2000-09-14,0.4547670000001614,0.1979560000000002,0.3263615000000808
2000-09-15,0.16890300000002514,0.08564999999970455,0.12727649999986484
2000-10-09,0.2593289999999991,0.23419700000000018,0.24676299999999962
2000-10-10,0.23403000000000085,0.24710200000047625,0.24056600000023853
2000-10-11,0.21781000000000011,0.25244700000000136,0.23512850000000074
2000-10-12,0.24712099999999945,0.26238899999999943,0.25475499999999945
2000-10-13,0.26859800000000067,0.3087709999999986,0.2886844999999996
2000-10-16,0.27159900000000214,0.31847599999999954,0.29503750000000084
2000-10-17,0.29387299999999983,0.22666799999993498,0.26027049999996743
2000-10-18,0.32077000000000155,0.29370599999999636,0.30723799999999896
2000-10-19,0.27202899999989527,0.3451450000000028,0.30858699999994904
2000-10-20,0.07615600000000051,0.18094600000036315,0.12855100000018183
2000-11-06,0.32572399999999946,0.3204010000000029,0.32306250000000114
2000-11-07,0.3225140000000002,0.3270179999999994,0.3247659999999998
2000-11-08,0.33250000000009466,0.32923800000011494,0.3308690000001048
2000-11-09,0.35367700000000174,0.3001730000000002,0.32692500000000096
2000-11-10,0.35056100000001383,0.3076299999999996,0.32909550000000676
2000-11-13,0.2873070000000019,0.3346660000000005,0.3109865000000012
2000-11-14,0.34204599999999913,0.2649339999999991,0.30348999999999915
2000-11-15,0.2543100000000004,0.3267119999996946,0.29051099999984753
2000-11-16,0.195152000000004,0.20743099999999934,0.20129150000000168
2000-11-17,0.42158600000046415,0.4028189999999951,0.4122025000002296
2000-12-04,0.30664200000000097,0.3309149999999997,0.3187785000000003
2000-12-05,0.327374999999999,0.29530300000000165,0.3113390000000003
2000-12-06,0.3364669999999979,0.30062549999997235,0.31854624999998515
2000-12-07,0.2905340000000007,0.33629600000000026,0.31341500000000044
2000-12-08,0.2747650000000419,0.3213490000000002,0.29805700000002106
2000-12-11,0.25620499999999763,0.3284019999999992,0.2923034999999984
2000-12-12,0.259106000000018,0.33881699999999926,0.29896150000000865
2000-12-13,0.2528939999999157,0.3134870000000181,0.2831904999999669
2000-12-14,0.3158359999999992,0.2901979999999969,0.30301699999999804
2000-12-15,0.271257,0.2532030000000002,0.2622300000000001
2001-01-08,0.31581899999999935,0.3046320000000002,0.31022549999999977
2001-01-09,0.33643100000000076,0.2957789999999996,0.3161050000000002
2001-01-10,0.2871820000000009,0.33578000000000086,0.3114810000000009
2001-01-11,0.30722400000000005,0.30665700000000096,0.3069405000000005
2001-01-12,0.3554840000000007,0.20840300000000034,0.2819435000000005
2001-01-16,0.36462099999999936,0.2147039999999987,0.28966249999999905
2001-01-17,0.14992900000000392,0.32886000000000043,0.23939450000000217
2001-01-18,0.20845099999999794,0.29463999999987417,0.25154549999993603
2001-01-19,0.3711120000000016,0.34877000000023617,0.35994100000011886
2001-02-05,0.29206099999999935,0.2835460000003766,0.28780350000018795
2001-02-06,0.30326700000000034,0.3053160000000011,0.3042915000000007
2001-02-07,0.29381800000000136,0.2699320000000016,0.2818750000000015
2001-02-08,0.2621100000000021,0.2675039999999992,0.2648070000000007
2001-02-09,0.2300879999999957,0.26799099999999965,0.2490394999999977
2001-02-12,0.24269599999999875,0.23895200000000566,0.2408240000000022
2001-02-13,0.23234600000000047,0.24866499999999941,0.24050549999999993
2001-02-14,0.23291399999999662,0.2541929999999219,0.24355349999995926
2001-02-15,0.23921199999999937,0.226686999999999,0.2329494999999992
2001-02-16,0.16248799999999844,0.19868099999999944,0.18058449999999893
2001-03-05,0.2739260000000011,0.21426599999999088,0.24409599999999598
2001-03-06,0.24689099999999903,0.21401000000000606,0.23045050000000256
2001-03-07,0.14825200000000074,0.21179299999983608,0.18002249999991843
2001-03-08,0.18090699999999937,0.23857200000011608,0.20973950000005773
2001-03-09,0.18999499999999966,0.21494100000000077,0.2024680000000002
2001-03-12,0.20364099999987248,0.22911199999996182,0.21637649999991715
2001-03-13,0.2271280000001027,0.20890300000000073,0.2180155000000517
2001-03-14,0.2932899999999997,0.22738100000000097,0.26033550000000033
2001-03-15,0.2230880000000029,0.18069300000010494,0.20189050000005393
2001-03-16,0.2297829999999257,0.458227999999999,0.3440054999999624
2001-04-09,0.26633199999999924,0.26835600000000026,0.26734399999999975
2001-04-10,0.2569309999999952,0.2621939999999956,0.25956249999999537
2001-04-11,0.30166200000000004,0.237077,0.26936950000000004
2001-04-12,0.23046099999999994,0.2286940000000031,0.22957750000000152
2001-04-16,0.2354839999999909,0.2368019999999902,0.23614299999999055
2001-04-17,0.3366890000000057,0.22512000000000126,0.28090450000000344
2001-04-18,0.21633599999999822,0.20980399999999827,0.21306999999999826
2001-04-19,0.2513929999999997,0.2240940000000042,0.23774350000000194
2001-04-20,0.13358500000000167,0.23141500000000234,0.182500000000002
2001-05-07,0.2218150000000008,0.23527399999999743,0.2285444999999991
2001-05-08,0.25131299999999884,0.24735000000000193,0.24933150000000037
2001-05-09,0.16898899999999922,0.22000499999999729,0.19449699999999825
2001-05-10,0.22238600000000008,0.25765600000000116,0.24002100000000062
2001-05-11,0.21491800000002656,0.2137620000000269,0.21434000000002673
2001-05-14,0.22989999999999527,0.22884499999999505,0.22937249999999515
2001-05-15,0.20009699999974084,0.27512500000000245,0.23761099999987165
2001-05-16,0.19038599999950434,0.20765500000009413,0.19902049999979923
2001-05-17,0.1353689999999978,0.11258799999999697,0.12397849999999738
2001-05-18,0.346590999999996,0.1210360000000084,0.2338135000000022
2001-06-04,0.14050300000000046,0.15210200000000168,0.14630250000000106
2001-06-05,0.1491470000000003,0.16229299999964023,0.15571999999982028
2001-06-06,0.14755400000000038,0.1892429999999985,0.16839849999999945
2001-06-07,0.1743180000000006,0.15700499999999307,0.16566149999999685
2001-06-08,0.11092099999999212,0.14285999999999938,0.12689049999999574
2001-06-11,0.12294200000025306,0.14681600000000788,0.13487900000013048
2001-06-12,0.11790999999996507,0.12424199999999692,0.121075999999981
2001-06-13,0.1340869999998314,0.1009540000000036,0.1175204999999175
2001-06-14,0.15872300000012704,0.20368600000000153,0.18120450000006427
2001-06-15,0.5085079999999988,0.4144930000002043,0.46150050000010157
2001-07-09,0.15483599999999956,0.16761200000000068,0.16122400000000012
2001-07-10,0.15076199999999884,0.16148799999999974,0.1561249999999993
2001-07-11,0.17655599999999946,0.18975400000000128,0.18315500000000037
2001-07-12,0.1526449999998163,0.17411100000000476,0.16337799999991054
2001-07-13,0.17215599999999967,0.16744600000000234,0.169801000000001
2001-07-16,0.19585499999999995,0.1919010000000003,0.1938780000000001
2001-07-17,0.15861699999999934,0.1683680000000013,0.16349250000000032
2001-07-18,0.21920699999999882,0.21737100000000503,0.21828900000000193
2001-07-19,0.1759810000000008,0.17114000000000162,0.17356050000000123
2001-07-20,0.41640899999999853,1.5066809999999982,0.9615449999999983
2001-08-06,0.23730200000000068,0.24329899999999977,0.24030050000000022
2001-08-07,0.24627199999999522,0.22145299999988263,0.2338624999999389
2001-08-08,0.229818000000002,0.2208020000000063,0.22531000000000415
2001-08-09,0.21672800000000025,0.22360300000000013,0.22016550000000018
2001-08-10,0.18892299999999865,0.19000499999999812,0.18946399999999838
2001-08-13,0.22306400000000262,0.21150200000001193,0.21728300000000728
2001-08-14,0.20753400000000263,0.20002199999999995,0.2037780000000013
2001-08-15,0.21860999999999975,0.1959499999999955,0.20727999999999763
2001-08-16,0.33601199999999803,0.18716799999998499,0.2615899999999915
2001-08-17,1.3868090000000066,0.42358400000000174,0.9051965000000042
2001-09-10,0.18493899999999952,0.1868519999999995,0.1858954999999995
2001-09-18,0.8548919999999997,0.5513849999999096,0.7031384999999546
2001-09-19,1.3477380000004142,2.350013999999995,1.8488760000002045
2001-09-20,0.8401589999997199,1.6339769999999962,1.2370679999998582
2001-09-21,1.1848800000000013,1.23908899999999,1.2119844999999956
2001-10-08,0.2502980000002196,0.249566000000233,0.2499320000002263
2001-10-09,0.2722260000000034,0.24440999999999918,0.25831800000000127
2001-10-10,0.25506900000000055,0.25575400000002513,0.25541150000001284
2001-10-11,0.24269100000000288,0.23896800000000126,0.24082950000000208
2001-10-12,0.29780399999999724,0.21929399999996224,0.2585489999999797
2001-10-15,0.25401500000000066,0.26178099999999577,0.2578979999999982
2001-10-16,0.3050110000000014,0.19896200000029224,0.25198650000014683
2001-10-17,0.22912900000000047,0.2149650000000017,0.2220470000000011
2001-10-18,0.23792200000000116,0.2426030000000034,0.24026250000000227
2001-10-19,0.2623989999999968,0.17572900000004327,0.21906400000002002
2001-11-05,0.2809590000000001,0.2530219999999996,0.26699049999999985
2001-11-06,0.259755000000013,0.25842300000001606,0.25908900000001456
2001-11-07,0.22263699999998762,0.24381400000000045,0.23322549999999403
2001-11-08,0.21562700000000246,0.21916100000000324,0.21739400000000286
2001-11-09,0.19360600000000056,0.2020430000000015,0.197824500000001
2001-11-12,0.20182200000000286,0.23421499999999934,0.21801850000000111
2001-11-13,0.2688569999999996,0.2772889999999972,0.2730729999999984
2001-11-14,0.13361500000000426,0.26348500000000297,0.1985500000000036
2001-11-15,0.2629339999999966,0.0942420000000006,0.1785879999999986
2001-11-16,0.22403600000000998,0.47031900000000076,0.34717750000000536
2001-12-10,0.27807699999999946,0.2778869999999998,0.2779819999999996
2001-12-11,0.3109230000000003,0.29603200000000074,0.3034775000000005
2001-12-12,0.27736300000000047,0.2934720000003626,0.2854175000001815
2001-12-13,0.23496700000000068,0.23670099999999816,0.23583399999999943
2001-12-14,0.22348300000000115,0.1876019999999999,0.20554250000000052
2001-12-17,0.2739840000004608,0.20927800000000094,0.24163100000023086
2001-12-18,0.18886999999999857,0.2243989999999992,0.2066344999999989
2001-12-19,0.2911120000000012,0.2019319999999987,0.24652199999999996
2001-12-20,0.29894199999999943,0.06883400000035793,0.1838880000001787
2001-12-21,0.31319300000000055,0.11787000000000437,0.21553150000000246
2002-01-07,0.2602180000000012,0.2604220000000034,0.2603200000000023
2002-01-08,0.2561369999999954,0.25370499999999535,0.2549209999999954
2002-01-09,0.2590499999999972,0.25874400000000064,0.25889699999999893
2002-01-10,0.2681239999999967,0.23177200000000261,0.24994799999999967
2002-01-11,0.21437500000000306,0.2013299999999981,0.20785250000000058
2002-01-14,0.24308599999998126,0.26212899999999734,0.2526074999999893
2002-01-15,0.2701160000000056,0.3108670000000028,0.2904915000000042
2002-01-16,0.22871399999999634,0.22714299999999885,0.2279284999999976
2002-01-17,0.0673259999999912,0.20204799999999992,0.13468699999999556
2002-01-18,0.32598000000000027,0.8519600000000087,0.5889700000000044
2002-02-04,0.22498200000008423,0.23327000000004078,0.2291260000000625
2002-02-05,0.23245699999999586,0.22859199999999805,0.23052449999999697
2002-02-06,0.24739100000007544,0.22403899999952204,0.23571499999979872
2002-02-07,0.2054039999999992,0.20747600000000005,0.20643999999999962
2002-02-08,0.1773890000000006,0.17730099999999843,0.17734499999999953
2002-02-11,0.2536409999999969,0.22870300000007512,0.24117200000003602
2002-02-12,0.20358200000000037,0.2684149999995211,0.23599849999976075
2002-02-13,0.3176600000000023,0.36179999999999807,0.3397300000000002
2002-02-14,0.2930290000000003,0.15773799999999713,0.22538349999999874
2002-02-15,0.4014460000000016,0.11633099999974363,0.2588884999998726
2002-03-04,0.1975190000003907,0.16514899999999735,0.181334000000194
2002-03-05,0.17676300000000128,0.17617999999999867,0.17647149999999998
2002-03-06,0.21902000000000077,0.15018900000020727,0.18460450000010403
2002-03-07,0.16711900000000116,0.16396900000000136,0.16554400000000125
2002-03-08,0.15242699999989295,0.14264100000008964,0.14753399999999128
2002-03-11,0.23962900000000334,0.6546470000002587,0.447138000000131
2002-03-12,0.19685899999950088,0.3123610000000027,0.2546099999997518
2002-03-13,0.2966250000000115,0.6429450000000023,0.4697850000000069
2002-03-14,0.3374699999999983,0.33746999999999605,0.33746999999999716
2002-03-15,0.20675900000000255,0.1396030000000221,0.17318100000001233
2002-04-08,0.23947799999999173,0.24812299999999618,0.24380049999999395
2002-04-09,0.23893800000000004,0.24768900000000021,0.24331350000000013
2002-04-10,0.2389769999999967,0.2523150000000011,0.24564599999999892
2002-04-11,0.23277699999999985,0.2511510000000012,0.2419640000000005
2002-04-12,0.22966499999999881,0.23630600000000201,0.2329855000000004
2002-04-15,0.2601529999999989,0.25943500000000236,0.25979400000000064
2002-04-16,0.24781700000023313,0.2960790000000078,0.2719480000001205
2002-04-17,0.30027999999999866,0.30825399999999864,0.3042669999999986
2002-04-18,0.3129420000000111,0.1407679999999889,0.226855
2002-04-19,0.3658889999999981,0.3913729999999936,0.37863099999999583
2002-05-06,0.18083100000000213,0.1952630000001037,0.18804700000005292
2002-05-07,0.23526100000026404,0.20490400000000145,0.22008250000013274
2002-05-08,0.19856100000005314,0.19943400000004932,0.19899750000005123
2002-05-09,0.20187700000000075,0.14063200000000164,0.1712545000000012
2002-05-10,0.21875000000000241,0.17558099999999213,0.19716549999999727
2002-05-13,0.1833490000000021,0.15782499999999927,0.17058700000000068
2002-05-14,0.16506900000000202,0.16106999999999835,0.1630695000000002
2002-05-15,0.25383500000000037,0.16088200000003175,0.20735850000001604
2002-05-16,0.15548699999999857,0.14665599999999732,0.15107149999999794
2002-05-17,0.1774420000000007,0.31115200000000887,0.2442970000000048
2002-06-10,0.2049720000000001,0.205514000000001,0.20524300000000056
2002-06-11,0.1783009999999994,0.17554299999999973,0.17692199999999958
2002-06-12,0.17691299999999746,0.17799599999999885,0.17745449999999816
2002-06-13,0.1898360000000199,0.18415900000003302,0.18699750000002646
2002-06-14,0.17579100000000022,0.09894499999999871,0.13736799999999946
2002-06-17,0.2350319999998209,0.21052700000000166,0.22277949999991128
2002-06-18,0.20444099999999446,0.19240199999980515,0.1984214999998998
2002-06-19,0.15489400000000217,0.09628299999999684,0.1255884999999995
2002-06-20,0.17550199999999666,0.06292399999997844,0.11921299999998755
2002-06-21,0.21125900000000436,0.9468510000003533,0.5790550000001788
2002-07-08,0.19981399999999822,0.19699599999999906,0.19840499999999864
2002-07-09,0.19444700000000112,0.17697100000000696,0.18570900000000404
2002-07-10,0.23199500000001747,0.21841199999976904,0.22520349999989325
2002-07-11,0.2997279999999991,0.19505599999999731,0.24739199999999822
2002-07-12,0.4028219999999988,0.3082670000000023,0.35554450000000054
2002-07-15,0.6350880000003745,0.5558710000000043,0.5954795000001893
2002-07-16,0.8023140000000005,0.6966989999999924,0.7495064999999965
2002-07-17,0.8510510000000004,0.8638449999999934,0.8574479999999969
2002-07-18,0.7393599999999719,0.7495469999999862,0.744453499999979
2002-07-19,1.6118380000000692,1.1351310000000732,1.373484500000071
2002-08-05,0.3791370000000007,0.36624700000000265,0.3726920000000017
2002-08-06,0.3437719999999982,0.34446799999999983,0.344119999999999
2002-08-07,0.33533600000033414,0.3339130000003624,0.33462450000034827
2002-08-08,0.3185989999999993,0.36204900000000106,0.3403240000000002
2002-08-09,0.2775169999999999,0.27471600000000224,0.2761165000000011
2002-08-12,0.40951299999999907,0.3035270000000001,0.3565199999999996
2002-08-13,0.364914000000044,0.2694619999999991,0.31718800000002156
2002-08-14,0.24972199999999972,0.28978000000048837,0.26975100000024405
2002-08-15,0.3589539999999971,0.24286100000000505,0.3009075000000011
2002-08-16,0.3871409999999966,0.5107430000000021,0.44894199999999934
2002-09-09,0.297642999999999,0.2850660000000005,0.29135449999999974
2002-09-10,0.2757540000000017,0.2763390000000038,0.27604650000000275
2002-09-11,0.2832200000000011,0.28320600000000057,0.2832130000000008
2002-09-12,0.30556,0.31342399999999854,0.30949199999999927
2002-09-13,0.24501100000000064,0.29736599999957225,0.27118849999978645
2002-09-16,0.305167,0.27242599999998063,0.28879649999999035
2002-09-17,0.314345,0.2513579999999028,0.2828514999999514
2002-09-18,0.40487200000001367,0.20317999999982586,0.30402599999991975
2002-09-19,0.4560089999999926,0.28494400000000225,0.37047649999999743
2002-09-20,0.153074999999999,0.5351749999999956,0.3441249999999973
2002-10-07,0.3760530000000005,0.3444669999999986,0.3602599999999996
2002-10-08,0.4051240000000002,0.31556100000000137,0.3603425000000008
2002-10-09,0.4112339999999972,0.3738909999998598,0.39256249999992854
2002-10-10,0.3588749999999273,0.36171899999993373,0.3602969999999305
2002-10-11,0.3324120000000012,0.32258200000000053,0.32749700000000087
2002-10-14,0.3541580000000001,0.35834500000000336,0.3562515000000017
2002-10-15,0.3181449999999999,0.29767299999997554,0.3079089999999877
2002-10-16,0.34251500000000096,0.3207119999999994,0.33161350000000017
2002-10-17,0.39037700000000397,0.3054329999997785,0.3479049999998912
2002-10-18,0.505504000000001,0.19628699999992516,0.35089549999996306
2002-11-04,0.37069300000000116,0.1830109999999983,0.2768519999999997
2002-11-05,0.2730550000000356,0.2726960000000377,0.27287550000003663
2002-11-06,0.3051619999998906,0.26810900000000176,0.2866354999999462
2002-11-07,0.2883460000000004,0.29109799999999786,0.28972199999999915
2002-11-08,0.3031730000000014,0.19019699999994027,0.24668499999997084
2002-11-11,0.2826049999999063,0.2589449999999994,0.27077499999995286
2002-11-12,0.3405040000000006,0.28906099999998974,0.3147824999999952
2002-11-13,0.27418300000000123,0.25087499999999746,0.26252899999999935
2002-11-14,0.37556499999999843,0.20771300000000267,0.29163900000000054
2002-11-15,0.15013099999999588,0.08675699999996805,0.11844399999998197
2002-12-09,0.26581900000000047,0.243483000000001,0.25465100000000074
2002-12-10,0.25426099999999974,0.24193499999999882,0.24809799999999926
2002-12-11,0.2682150000000008,0.19859599999998184,0.23340549999999133
2002-12-12,0.25763300000000056,0.2286840000000016,0.24315850000000108
2002-12-13,0.21863000000000077,0.21452600000000263,0.2165780000000017
2002-12-16,0.271198999999892,0.22467300000000076,0.24793599999994637
2002-12-17,0.24414599999998374,0.23556399999998104,0.2398549999999824
2002-12-18,0.26780299999999857,0.16935500000000028,0.2185789999999994
2002-12-19,0.46582400000000157,0.20674900000008056,0.33628650000004107
2002-12-20,0.10216700000000188,0.19257899999999833,0.14737300000000012
2003-01-06,0.24022200000000013,0.2407569999999992,0.24048949999999966
2003-01-07,0.23584899999960027,0.24170300000036948,0.2387759999999849
2003-01-08,0.22444800000000084,0.22287500000000052,0.22366150000000068
2003-01-09,0.2288459999999799,0.21119399999964453,0.2200199999998122
2003-01-10,0.21053299999999944,0.2075940000000005,0.20906349999999996
2003-01-13,0.1390479999999979,0.24993099999999993,0.19448949999999893
2003-01-14,0.18284100000000125,0.241873000000013,0.21235700000000712
2003-01-15,0.14963999999973282,0.2826469999999991,0.21614349999986596
2003-01-16,0.5941889999999979,0.4241840000001661,0.5091865000000819
2003-01-17,3.884572000000002,0.213146999999755,2.0488594999998786
2003-02-10,0.24310699999999946,0.2433309999999976,0.24321899999999852
2003-02-11,0.24850700000040196,0.24889900000038695,0.24870300000039447
2003-02-12,0.254412999999998,0.25381400000000076,0.2541134999999994
2003-02-13,0.28450199999999876,0.24976799999981064,0.2671349999999047
2003-02-14,0.24287399999999895,0.24388100000000035,0.24337749999999964
2003-02-18,0.21984499999996315,0.21747499999992548,0.21865999999994432
2003-02-19,0.2297610000000014,0.19764200000000098,0.2137015000000012
2003-02-20,0.3098589999999999,0.1672589999999897,0.2385589999999948
2003-02-21,0.9091790000004344,0.21906799999999607,0.5641235000002153
2003-03-10,0.25849199999991074,0.2669409999999777,0.26271649999994423
2003-03-11,0.2640080000000011,0.258515999999999,0.26126200000000005
2003-03-12,0.27821100000001836,0.2589600000000725,0.26858550000004544
2003-03-13,0.2646649999999978,0.23826199999999925,0.2514634999999985
2003-03-14,0.27252400000034893,0.20481300000000038,0.23866850000017464
2003-03-17,0.2931809999999983,0.2745409999999993,0.2838609999999988
2003-03-18,0.3288309999999759,0.3584339999999998,0.34363249999998785
2003-03-19,0.3215190000000001,0.261624999999998,0.29157199999999905
2003-03-20,0.298370000000001,0.2758200000000085,0.28709500000000476
2003-03-21,0.36977499999999885,0.38797099999999585,0.37887299999999735
2003-04-07,0.1852199999999997,0.23669100000000037,0.21095550000000002
2003-04-08,0.20306399999991648,0.20537099999992628,0.2042174999999214
2003-04-09,0.20702800000000002,0.20533300000000076,0.20618050000000038
2003-04-10,0.1860499999995099,0.2030279999999799,0.1945389999997449
2003-04-11,0.1625480000002107,0.17527000000004955,0.16890900000013012
2003-04-14,0.18660100000000404,0.15793600000003116,0.1722685000000176
2003-04-15,0.13780199999999973,0.1834390000000995,0.16062050000004963
2003-04-16,0.16716799999999737,0.07008600000049323,0.1186270000002453
2003-04-17,0.6605930000000009,0.28844400000000275,0.47451850000000184
2003-05-05,0.1456009999999996,0.1432180000000001,0.14440949999999986
2003-05-06,0.15320999999999926,0.14964299999999792,0.15142649999999858
2003-05-07,0.14901999999999935,0.15043800000000093,0.14972900000000014
2003-05-08,0.14334500000023248,0.14423200000020622,0.14378850000021937
2003-05-09,0.13321599999999897,0.12316000000000168,0.12818800000000033
2003-05-12,0.15611099999998962,0.1252509999999997,0.14068099999999467
2003-05-13,0.1441319999999988,0.22746800000000056,0.1857999999999997
2003-05-14,0.5901580000000038,0.2949925000000023,0.4425752500000031
2003-05-15,0.23764800000000624,0.2675799999999949,0.25261400000000056
2003-05-16,0.2967210000000101,0.48721599999990534,0.39196849999995775
2003-06-09,0.1750199999999968,0.17255599999999627,0.17378799999999653
2003-06-10,0.14850200000000172,0.1491070000000014,0.14880450000000156
2003-06-11,0.11025000000000067,0.1676820000000006,0.13896600000000064
2003-06-12,0.11733400000006777,0.16482399999955052,0.14107899999980916
2003-06-13,0.16028899999999996,0.1557890000000012,0.1580390000000006
2003-06-16,0.2184449999999991,0.20700199999999783,0.21272349999999846
2003-06-17,0.23462599999999809,0.27104099999999776,0.25283349999999793
2003-06-18,0.33268199999999737,0.3326819999999997,0.33268199999999853
2003-06-19,0.3592680000000029,0.1980699999999995,0.2786690000000012
2003-06-20,0.35097300000002474,0.31161899999999754,0.33129600000001114
2003-07-07,0.2097710000001066,0.18498399999999907,0.19737750000005283
2003-07-08,0.22965699999999878,0.1617759999999851,0.19571649999999194
2003-07-09,0.18577300000000183,0.19052999999999787,0.18815149999999986
2003-07-10,0.1828110000000005,0.18165099999999862,0.18223099999999956
2003-07-11,0.17098499999999958,0.12127999999995102,0.1461324999999753
2003-07-14,0.22373800000001284,0.22763799999999432,0.22568800000000358
2003-07-15,0.19200299999998474,0.22636700000005602,0.20918500000002038
2003-07-16,0.21720400000000634,0.1952530000000685,0.20622850000003742
2003-07-17,0.18634300000000317,0.2426000000001281,0.21447150000006565
2003-07-18,0.20753899999999362,0.4702830000000021,0.33891099999999785
2003-08-04,0.19201600000000035,0.18164500000000028,0.18683050000000032
2003-08-05,0.18222599999999978,0.1824619999999995,0.18234399999999965
2003-08-06,0.15210099999996468,0.1912450000000014,0.17167299999998303
2003-08-07,0.17055099999999498,0.17054299999999697,0.17054699999999598
2003-08-08,0.15334500000000087,0.1536199999999983,0.15348249999999958
2003-08-11,0.19443699999999833,0.16170600000000032,0.17807149999999933
2003-08-12,0.17472499999999935,0.15676399999999296,0.16574449999999616
2003-08-13,0.1570509999999925,0.0765059999998867,0.11677849999993961
2003-08-14,0.45917500000000205,0.13067299999999926,0.29492400000000063
2003-08-15,0.820109999999999,0.2985959999999926,0.5593529999999958
2003-09-08,0.12827900000000067,0.14540299999999978,0.1368410000000002
2003-09-09,0.17936700000000108,0.17320199999999938,0.17628450000000023
2003-09-10,0.17591899999991412,0.14364300000032204,0.15978100000011808
2003-09-11,0.1744949999999996,0.15403700000000706,0.16426600000000333
2003-09-12,0.08477099999999453,0.16999900000007037,0.12738500000003244
2003-09-15,0.18260699999999114,0.1665969999999977,0.17460199999999443
2003-09-16,0.23396499999999998,0.14076899999994874,0.18736699999997436
2003-09-17,0.1644749999999993,0.18849200000000163,0.17648350000000046
2003-09-18,0.19570399999999807,0.09049899999999429,0.1431014999999962
2003-09-19,0.44153500000000184,0.28064900000000603,0.36109200000000397
2003-10-06,0.1487360000000847,0.14909400000008172,0.1489150000000832
2003-10-07,0.15739699999999998,0.15933299999999742,0.1583649999999987
2003-10-08,0.14389899999999672,0.14411799999999653,0.14400849999999663
2003-10-09,0.14014700000000035,0.1387510000000007,0.13944900000000054
2003-10-10,0.13280000000001949,0.13326000000001603,0.13303000000001775
2003-10-13,0.15901400000000085,0.1604739999999993,0.15974400000000008
2003-10-14,0.13752299999999987,0.1403359999999988,0.13892949999999932
2003-10-15,0.22468799999999964,0.2553250000000004,0.2400065
2003-10-16,0.12536199999999864,0.17218199999999673,0.14877199999999768
2003-10-17,0.26529799999976306,0.28390500000004515,0.27460149999990413
2003-11-10,0.14382999999999993,0.16078199999999898,0.15230599999999944
2003-11-11,0.1417790000000006,0.14798799999999962,0.1448835000000001
2003-11-12,0.13286000000048825,0.13813100000004339,0.13549550000026583
2003-11-13,0.10515099999999632,0.10518599999999055,0.10516849999999343
2003-11-14,0.10322800000006459,0.17688599999998983,0.14005700000002722
2003-11-17,0.11358700000000983,0.1446880000000033,0.12913750000000657
2003-11-18,0.13428100000000306,0.16434899999978717,0.14931499999989511
2003-11-19,0.08742800000000414,0.1483119999999825,0.11786999999999333
2003-11-20,0.8598879999999972,0.15393400000006527,0.5069110000000312
2003-11-21,0.07556899999999898,0.07556899999999717,0.07556899999999808
2003-12-08,0.13288500000000006,0.13110900000000053,0.1319970000000003
2003-12-09,0.1578360000004679,0.1288699999999986,0.14335300000023327
2003-12-10,0.1464160000004414,0.12729899999999908,0.13685750000022023
2003-12-11,0.12513800000000005,0.12748699999999813,0.1263124999999991
2003-12-12,0.12340399999953311,0.14177999999999938,0.13259199999976623
2003-12-15,0.15854100000000093,0.11845300000000031,0.13849700000000062
2003-12-16,1.2819929999999986,0.14549000000000026,0.7137414999999995
2003-12-17,0.22005800000000014,0.2470520000000086,0.23355500000000437
2003-12-18,0.14322700000000954,0.14435199999999446,0.143789500000002
2003-12-19,0.06545099999995972,0.22351100000005342,0.14448100000000658
2004-01-05,0.199296999999994,0.17973999999957138,0.1895184999997827
2004-01-06,0.15487999999992677,0.20857399999999449,0.18172699999996061
2004-01-07,0.19192999999999935,0.19832399999999992,0.19512699999999963
2004-01-08,0.18768400000000043,0.1994580000000027,0.19357100000000155
2004-01-09,0.1680899999999931,0.2053870000000005,0.1867384999999968
2004-01-12,0.4074119999999998,0.2738299999999979,0.34062099999999884
2004-01-13,0.4538000000000081,0.3079929999999992,0.38089650000000363
2004-01-14,0.2197820000000059,0.33914400000000805,0.27946300000000696
2004-01-15,0.6768430000002805,0.27157299999999446,0.4742080000001375
2004-01-16,0.38312899999998523,0.409245000000005,0.3961869999999951
2004-02-09,0.1771249999999889,0.17560199999998974,0.17636349999998932
2004-02-10,0.182580999999991,0.18268999999999136,0.18263549999999118
2004-02-11,0.1481250000000001,0.17605299999999968,0.16208899999999987
2004-02-12,0.1413570000000012,0.15126899999999985,0.14631300000000053
2004-02-13,0.1301350000000009,0.18705900000000023,0.15859700000000054
2004-02-17,0.14612200000000106,0.19079100000000057,0.16845650000000081
2004-02-18,0.10284699999999938,0.1578810000000003,0.13036399999999984
2004-02-19,0.08655799999964763,0.11767699999998753,0.10211749999981758
2004-02-20,0.04845999999999985,0.03309900000000043,0.040779500000000135
2004-03-08,0.12815599999999738,0.16076800000000085,0.14446199999999912
2004-03-09,0.16694200000000015,0.16838300000000073,0.16766250000000044
2004-03-10,0.17211799999999888,0.14614199999958438,0.15912999999979163
2004-03-11,0.1864820000000049,0.18653700000000378,0.18650950000000432
2004-03-12,0.1650669999997347,0.15383299999999675,0.15944999999986573
2004-03-15,0.20305200000000334,0.21200400000000183,0.2075280000000026
2004-03-16,0.1611570000000023,0.19049100000001254,0.17582400000000742
2004-03-17,0.158287999999989,0.1277790000000456,0.1430335000000173
2004-03-18,0.09665600000000008,0.09905400000000064,0.09785500000000036
2004-03-19,0.3558890000000027,0.1884160000000101,0.2721525000000064
2004-04-05,0.1841840000000009,0.17017899999999953,0.1771815000000002
2004-04-06,0.1794520000000008,0.17773999999999862,0.1785959999999997
2004-04-07,0.17470699999998995,0.16832299999996161,0.17151499999997577
2004-04-08,0.17567600000004005,0.14133600000044436,0.1585060000002422
2004-04-12,0.17406700000000466,0.15908500000001263,0.16657600000000866
2004-04-13,0.1546339999999962,0.17002700000000037,0.16233049999999827
2004-04-14,0.15622199999987477,0.13481699999999958,0.14551949999993719
2004-04-15,0.2381320000003993,0.21196899999999744,0.22505050000019838
2004-04-16,0.2485009999999999,0.21800000000011055,0.2332505000000552
2004-05-10,0.2621190000004213,0.2499979999999993,0.2560585000002103
2004-05-11,0.2472659999999987,0.23411799999998736,0.24069199999999302
2004-05-12,0.21565400000016932,0.20922999999999783,0.21244200000008356
2004-05-13,0.24375100000000124,0.21833699999999964,0.23104400000000044
2004-05-14,0.23626700000000153,0.1972110000000015,0.2167390000000015
2004-05-17,0.24539100000000252,0.23029600000000613,0.23784350000000432
2004-05-18,0.2450500000000588,0.2339160000000043,0.23948300000003153
2004-05-19,0.1928050000000955,0.25416100000000347,0.2234830000000495
2004-05-20,0.16213499999999464,0.20044200000000156,0.1812884999999981
2004-05-21,0.0852510000000127,0.10906299999988144,0.09715699999994706
2004-06-07,0.17697299999999974,0.18447800000000103,0.18072550000000037
2004-06-08,0.17808800000000063,0.181151,0.17961950000000032
2004-06-09,0.17057999999999915,0.17095700000000172,0.17076850000000043
2004-06-10,0.14343299999986764,0.16360199999999891,0.15351749999993328
2004-06-14,0.18625400000000225,0.20883700000000188,0.19754550000000207
2004-06-15,0.1495540000000065,0.20121899999999973,0.1753865000000031
2004-06-16,0.11343699999999937,0.15690800000000016,0.13517249999999975
2004-06-17,0.2685450000000027,0.14469999999999716,0.20662249999999993
2004-06-18,0.21112799999999432,0.15153300000043843,0.1813305000002164
2004-07-06,0.19041799999999956,0.17018999999999926,0.1803039999999994
2004-07-07,0.148597,0.15348899999999965,0.15104299999999982
2004-07-08,0.16579200000000097,0.15782099999999838,0.1618064999999997
2004-07-09,0.1508920000000013,0.15216699999999903,0.15152950000000015
2004-07-12,0.17038700000017257,0.15607299999999852,0.16323000000008553
2004-07-13,0.1476039999999527,0.14678799999992614,0.14719599999993943
2004-07-14,0.17014900000000496,0.15138500000000027,0.1607670000000026
2004-07-15,0.09272599999999656,0.1527390000000054,0.12273250000000098
2004-07-16,3.8210999999999946,0.30346699999998955,2.062283499999992
2004-08-09,0.20754299999964573,0.21738399999992414,0.21246349999978492
2004-08-10,0.20150399999999824,0.22448000000000007,0.21299199999999915
2004-08-11,0.20059900000000108,0.19797700000000104,0.19928800000000108
2004-08-12,0.2109679999999544,0.19027600000000108,0.20062199999997773
2004-08-13,0.19086500000000028,0.19932900000000053,0.1950970000000004
2004-08-16,0.19385600000000547,0.213985,0.20392050000000272
2004-08-17,0.21695300000025966,0.19822100000000398,0.2075870000001318
2004-08-18,0.19887300000000876,0.1576999999999518,0.17828649999998028
2004-08-19,0.1557630000000067,0.21487100000015072,0.18531700000007872
2004-08-20,0.24104399999962597,0.23083399999998083,0.2359389999998034
2004-09-07,0.13225200000000073,0.13268900000000022,0.1324705000000005
2004-09-08,0.1507560000000095,0.15231200000000866,0.15153400000000908
2004-09-09,0.134082000000001,0.1478609999999997,0.14097150000000036
2004-09-10,0.1372550000000205,0.1406140000000154,0.13893450000001795
2004-09-13,0.08771299999951133,0.1416459999999915,0.11467949999975141
2004-09-14,1.4702910000000022,0.17467099999999416,0.8224809999999982
2004-09-15,0.18431799999999696,0.1708069999999994,0.17756249999999818
2004-09-16,2.8111689999999996,0.17741900000004288,1.4942940000000213
2004-09-17,0.25686399999990306,0.3791730000000019,0.31801849999995246
2004-10-04,0.15420600000000115,0.15445400000000065,0.1543300000000009
2004-10-05,0.1697210000000308,0.1649900000000547,0.16735550000004273
2004-10-06,0.19297100000027234,0.18163800000000088,0.1873045000001366
2004-10-07,0.17560500000000043,0.17462900000000095,0.1751170000000007
2004-10-08,0.17058500000034652,0.17252600000027818,0.17155550000031233
2004-10-11,0.16861700000000068,0.168723000000001,0.16867000000000085
2004-10-12,0.1852560000000034,0.18698700000000112,0.18612150000000227
2004-10-13,0.18549899999999805,0.2156780000000021,0.20058850000000006
2004-10-14,0.1384499999999915,0.1272049999999767,0.1328274999999841
2004-10-15,2.700704999999998,0.11138800000001246,1.406046500000005
2004-11-08,0.18201200000000037,0.21021099999999876,0.19611149999999955
2004-11-09,0.19615399999999927,0.2004129999999995,0.1982834999999994
2004-11-10,0.1853129999996876,0.184188999999771,0.1847509999997293
2004-11-11,0.20040100000000033,0.18198500000000278,0.19119300000000156
2004-11-12,0.15451299999999946,0.16044999999999915,0.1574814999999993
2004-11-15,0.202160000000003,0.20505900000000116,0.20360950000000208
2004-11-16,0.2095020000000061,0.19408400000000584,0.20179300000000597
2004-11-17,0.17434399999956748,0.21882700000000008,0.19658549999978378
2004-11-18,0.16186399999999862,0.11811399999999721,0.13998899999999792
2004-11-19,0.22469199999965594,0.1861510000000087,0.20542149999983234
2004-12-06,0.19064500000000292,0.20224999999960544,0.19644749999980418
2004-12-07,0.22066000000010044,0.21512200000016704,0.21789100000013373
2004-12-08,0.19158500000000028,0.205717999999999,0.19865149999999965
2004-12-09,0.17657100000000497,0.18303000000000288,0.17980050000000392
2004-12-10,0.19898600000000125,0.17927500000000252,0.18913050000000187
2004-12-13,0.18819899999999895,0.21053200000023042,0.1993655000001147
2004-12-14,0.16123499999999827,0.20008299999999993,0.1806589999999991
2004-12-15,0.1644820000000038,0.10942100000000188,0.13695150000000283
2004-12-16,0.12328899999999914,0.14531500000000208,0.13430200000000062
2004-12-17,0.05845500000000255,0.061801999999999566,0.060128500000001056
2005-01-10,0.20190000000003122,0.20338200000002638,0.2026410000000288
2005-01-11,0.18828599999999834,0.19955100000000028,0.19391849999999933
2005-01-12,0.1877090000000011,0.1901729999999981,0.18894099999999958
2005-01-13,0.18252200000000166,0.19096500000000122,0.18674350000000145
2005-01-14,0.14700000000000016,0.14829899999999932,0.14764949999999974
2005-01-18,0.1459910000000004,0.18223399999999945,0.16411249999999994
2005-01-19,0.16427600000006434,0.18270699999999862,0.1734915000000315
2005-01-20,0.18398499999995804,0.21178899999969256,0.19788699999982529
2005-01-21,2.3770329999999946,0.19278400000000065,1.2849084999999976
2005-02-07,0.16541200000000006,0.1675379999999984,0.16647499999999923
2005-02-08,0.17498200000000172,0.1746840000000005,0.17483300000000113
2005-02-09,0.16929199999999944,0.15039099999999964,0.15984149999999953
2005-02-10,0.14965199999999848,0.13735999999999873,0.1435059999999986
2005-02-11,0.14015500000000303,0.13640800000001724,0.13828150000001013
2005-02-14,0.1617899999999965,0.17880799999967312,0.1702989999998348
2005-02-15,0.15264699999997014,0.16705700000000082,0.15985199999998548
2005-02-16,0.19701299999999944,0.20282000000036118,0.1999165000001803
2005-02-17,0.1594610000000025,0.15572699999999937,0.15759400000000093
2005-02-18,0.5764349999999318,0.05323100000000014,0.31483299999996595
2005-03-07,0.2214620000000189,0.22508700000001447,0.2232745000000167
2005-03-08,0.22523999999963176,0.20204100000000144,0.2136404999998166
2005-03-09,0.23641400000016033,0.255731000000034,0.24607250000009717
2005-03-10,0.25784800000000074,0.25680900000000034,0.2573285000000005
2005-03-11,0.24189900000000075,0.24376499999999995,0.24283200000000035
2005-03-14,0.25504900000000064,0.24418399999999998,0.2496165000000003
2005-03-15,0.2523919999999974,0.19895100000000912,0.22567150000000324
2005-03-16,0.2615989999999896,0.19116899999999332,0.22638399999999145
2005-03-17,0.18810599999995722,0.2014120000000007,0.19475899999997898
2005-03-18,0.10609999999974455,0.1533789999999976,0.12973949999987108
2005-04-04,0.2440530000001103,0.24921800000007308,0.24663550000009168
2005-04-05,0.24922800000000042,0.23744800000000058,0.2433380000000005
2005-04-06,0.227355000000002,0.22274700000000672,0.22505100000000436
2005-04-07,0.23294399999999943,0.23882600000000065,0.23588500000000004
2005-04-08,0.259999,0.15995099999999976,0.20997499999999986
2005-04-11,0.2258159999998911,0.22072499999986717,0.22327049999987914
2005-04-12,0.248880999999991,0.2475799999999872,0.24823049999998908
2005-04-13,0.24283899999982297,0.22802600000000178,0.2354324999999124
2005-04-14,0.22178900000000232,0.2500030000000012,0.23589600000000177
2005-04-15,0.13326400000000146,0.18771000000029206,0.16048700000014676
2005-05-09,0.2310860000000043,0.23180800000000268,0.23144700000000348
2005-05-10,0.25064099999999895,0.242386000000001,0.24651349999999997
2005-05-11,0.24067299999999917,0.23537800000000073,0.23802549999999995
2005-05-12,0.27011400000000013,0.282208,0.2761610000000001
2005-05-13,0.26465500000000003,0.2645370000000009,0.2645960000000005
2005-05-16,0.2942660000000023,0.27721000000000234,0.2857380000000023
2005-05-17,0.2680979999999999,0.3049209999999998,0.28650949999999986
2005-05-18,0.23702400000000226,0.23675399999999777,0.23688900000000002
2005-05-19,0.18716299999999822,0.19260599999999817,0.18988449999999818
2005-05-20,0.15840599999986502,0.16398100000001578,0.1611934999999404
2005-06-06,0.19173900000000113,0.19442400000000104,0.19308150000000107
2005-06-07,0.20172799999999994,0.18210099999999957,0.19191449999999977
2005-06-08,0.1933709999997662,0.19058399999962608,0.19197749999969616
2005-06-09,0.18869200000007216,0.18865600000007424,0.1886740000000732
2005-06-10,0.17241099999999956,0.17869200000000068,0.17555150000000014
2005-06-13,0.19744000000000128,0.20749000000000195,0.20246500000000162
2005-06-14,0.17568700000000095,0.1939740000000004,0.18483050000000067
2005-06-15,0.16616800000003515,0.2066600000000025,0.18641400000001884
2005-06-16,0.10049099999999901,0.17175700000000338,0.1361240000000012
2005-06-17,0.08336800000000284,0.13783899999999344,0.11060349999999813
2005-07-05,0.21767300000000026,0.22545399999999957,0.2215634999999999
2005-07-06,0.23435399999999953,0.21846999999999997,0.22641199999999975
2005-07-07,0.23337900000000153,0.24482999999976462,0.2391044999998831
2005-07-08,0.23849100000000095,0.2339460000000019,0.23621850000000144
2005-07-11,0.22849599999999767,0.22833999999999544,0.22841799999999657
2005-07-12,0.22484699999999877,0.2077150000000001,0.21628099999999945
2005-07-13,0.18397299999999503,0.2099009999999983,0.19693699999999667
2005-07-14,0.18109500000000012,0.1965069999997572,0.18880099999987865
2005-07-15,0.38549599999999645,0.14695799999999717,0.2662269999999968
2005-08-08,0.2226329999999989,0.22754700000000058,0.22508999999999973
2005-08-09,0.21546499999999788,0.21952999999999917,0.2174974999999985
2005-08-10,0.21470600000000006,0.20735199999999973,0.2110289999999999
2005-08-11,0.21502100000000207,0.19448400000003074,0.2047525000000164
2005-08-12,0.19135199999999794,0.19512799999999914,0.19323999999999852
2005-08-15,0.20109300000000088,0.20324400000000026,0.20216850000000058
2005-08-16,0.19119399999999998,0.16813300000000078,0.17966350000000036
2005-08-17,0.24224899999999683,0.23149699999999881,0.23687299999999784
2005-08-18,0.17153699999999447,0.19641600000007392,0.18397650000003418
2005-08-19,0.1080769999995956,0.08782199999999811,0.09794949999979685
2005-09-06,0.23349500000000192,0.2340090000000017,0.2337520000000018
2005-09-07,0.2316260000003576,0.23302800000031704,0.23232700000033732
2005-09-08,0.23305800000000046,0.22418599999999936,0.2286219999999999
2005-09-09,0.22173699999999885,0.20406199999999797,0.2128994999999984
2005-09-12,0.23236700000000995,0.20564600000008917,0.21900650000004956
2005-09-13,0.24431599999992995,0.2094760000000024,0.22689599999996618
2005-09-14,0.19579100000000083,0.21824099999999963,0.20701600000000023
2005-09-15,0.16350799999999935,0.1637360000000042,0.16362200000000177
2005-09-16,0.5039430000001985,0.10635700000008476,0.30515000000014164
2005-10-10,0.31894399999986683,0.3085049999997899,0.3137244999998284
2005-10-11,0.29338299999999934,0.29189199999999976,0.29263749999999955
2005-10-12,0.3043440000000015,0.3057349999999998,0.3050395000000007
2005-10-13,0.3493919999999988,0.3548729999999986,0.35213249999999874
2005-10-14,0.32121900000000214,0.32180500000000023,0.3215120000000012
2005-10-17,0.3264779999999997,0.32919800000000043,0.3278380000000001
2005-10-18,0.3549200000000075,0.3489700000000125,0.35194500000001
2005-10-19,0.3455630000000074,0.36567300000000186,0.35561800000000465
2005-10-20,0.3813379999999792,0.32912799999999903,0.35523299999998914
2005-10-21,1.5830900000000008,0.03736800000000027,0.8102290000000005
2005-11-07,0.33343900000000093,0.335141999999999,0.33429049999999993
2005-11-08,0.3100679999999997,0.30781599999999854,0.3089419999999991
2005-11-09,0.3176110000000001,0.3197080000000006,0.3186595000000003
2005-11-10,0.33699499999988264,0.3325929999998618,0.33479399999987225
2005-11-11,0.3151729999999818,0.2986729999999987,0.30692299999999023
2005-11-14,0.33103100000000013,0.32043300000000063,0.32573200000000035
2005-11-15,0.30502500000000043,0.31523400000000157,0.310129500000001
2005-11-16,0.2516709999998043,0.2690389999998946,0.26035499999984946
2005-11-17,0.2136679999999809,0.2347589999999936,0.22421349999998724
2005-11-18,0.3543909999996556,0.042856000000001414,0.1986234999998285
2005-12-05,0.22602200000001108,0.23492200000000518,0.23047200000000811
2005-12-06,0.23518600000000037,0.22709699999999858,0.23114149999999947
2005-12-07,0.21925300000006082,0.2213780000000491,0.22031550000005495
2005-12-08,0.2397039999999998,0.23026000000000096,0.23498200000000039
2005-12-09,0.2086620000000003,0.2127370000000012,0.21069950000000076
2005-12-12,0.22251800000033894,0.220276000000078,0.22139700000020845
2005-12-13,0.20431800000000055,0.21797600000000092,0.21114700000000075
2005-12-14,0.19550299999999962,0.1851599999999989,0.19033149999999927
2005-12-15,0.1531309999999836,0.22657300000019426,0.18985200000008895
2005-12-16,0.050273000000103985,0.05130800000003363,0.05079050000006881
2006-01-09,0.24577800000003244,0.24005500000005187,0.24291650000004217
2006-01-10,0.23612999999999926,0.23130600000000073,0.23371799999999998
2006-01-11,0.23959599999999967,0.22452499999999959,0.23206049999999961
2006-01-12,0.22495800000004285,0.20984100000000006,0.21739950000002145
2006-01-13,0.20187099999999875,0.21220199999999836,0.20703649999999857
2006-01-17,0.22159700000000065,0.22582799999999909,0.22371249999999987
2006-01-18,0.24395500000000894,0.24580200000000638,0.24487850000000766
2006-01-19,0.23067100000000845,0.21408500000004316,0.2223780000000258
2006-01-20,0.0945449999999776,0.12717700000000876,0.11086099999999319
2006-02-06,0.287908999999999,0.300820999999999,0.294364999999999
2006-02-07,0.32316200000000067,0.3190099999999987,0.32108599999999965
2006-02-08,0.3047889999999991,0.2975809999999996,0.30118499999999937
2006-02-09,0.302562000000001,0.29076000000000096,0.29666100000000095
2006-02-10,0.2701620000000255,0.27209600000002343,0.2711290000000245
2006-02-13,0.29949000000005427,0.29386300000007876,0.2966765000000665
2006-02-14,0.28154099999999993,0.26489800000000024,0.27321950000000006
2006-02-15,0.3125679999999945,0.2716390000002409,0.2921035000001177
2006-02-16,0.23911699999960914,0.22330499999999157,0.23121099999980035
2006-02-17,0.0137410000000072,0.0520250000000006,0.0328830000000039
2006-03-06,0.28684299999999935,0.27961299999999906,0.2832279999999992
2006-03-07,0.28941000000014777,0.26991699999958885,0.2796634999998683
2006-03-08,0.27439499999994227,0.25970500000000013,0.2670499999999712
2006-03-09,0.2634419999999996,0.23542800000000044,0.24943500000000002
2006-03-10,0.2302359999999989,0.2303490000000001,0.2302924999999995
2006-03-13,0.2674639999999989,0.2657749999999995,0.26661949999999923
2006-03-14,0.22008799999999745,0.25204899999999975,0.2360684999999986
2006-03-15,0.19354599999996686,0.2375960000000002,0.21557099999998353
2006-03-16,0.17639800000043807,0.18302200000000338,0.17971000000022072
2006-03-17,0.11639499999979956,2.096648999999988,1.1065219999998939
2006-04-10,0.2369660000000352,0.24107600000002558,0.2390210000000304
2006-04-11,0.23425600000000013,0.24272700000000047,0.2384915000000003
2006-04-12,0.21815400000000051,0.22338299999999908,0.2207684999999998
2006-04-13,0.21110200000000015,0.2152509999999997,0.21317649999999994
2006-04-17,0.2372099999999994,0.24955900000000042,0.2433844999999999
2006-04-18,0.19918800000022613,0.2452530000000051,0.22222050000011562
2006-04-19,0.19603300000000043,0.232677999999997,0.2143554999999987
2006-04-20,0.22409499999999818,0.2617229999999956,0.24290899999999688
2006-04-21,0.08553299999999035,2.648406000000004,1.3669694999999973
2006-05-08,0.24871700000000002,0.25225299999999856,0.2504849999999993
2006-05-09,0.2521900000000015,0.23631999999999878,0.24425500000000017
2006-05-10,0.22174200000001787,0.2374079999999995,0.2295750000000087
2006-05-11,0.2604389999999995,0.2657880000000003,0.2631134999999999
2006-05-12,0.2515379999999998,0.2438280000000014,0.2476830000000006
2006-05-15,0.28318699999960384,0.26778799999999847,0.27548749999980116
2006-05-16,0.3341119999999979,0.33600899999999745,0.33506049999999765
2006-05-17,0.29699000000000264,0.3111199999999998,0.3040550000000012
2006-05-18,0.22695299999996074,0.26597200000000154,0.24646249999998115
2006-05-19,0.03055599999999773,0.05535800000000881,0.04295700000000327
2006-06-05,0.29104699999989947,0.28062499999983853,0.285835999999869
2006-06-06,0.291585,0.29130700000000065,0.2914460000000003
2006-06-07,0.34757800000000005,0.27692799999999956,0.3122529999999998
2006-06-08,0.3142539999999987,0.3073540000000011,0.3108039999999999
2006-06-09,0.3048030000004215,0.28669899999999865,0.29575100000021004
2006-06-12,0.3719729999999997,0.37842899999999885,0.3752009999999993
2006-06-13,0.41231799999999963,0.42350200000000043,0.41791
2006-06-14,0.2759190000000005,0.2629299999999983,0.2694244999999994
2006-06-15,0.25106299999999926,0.2319729999999966,0.24151799999999793
2006-06-16,0.7358000000004075,0.08478199999999932,0.4102910000002034
2006-07-10,0.2599099999999988,0.2548129999999999,0.25736149999999935
2006-07-11,0.23906999999999956,0.24586100000000075,0.24246550000000017
2006-07-12,0.2563350000000002,0.24423099999999942,0.2502829999999998
2006-07-13,0.27514100000000064,0.2671059999999999,0.2711235000000003
2006-07-14,0.2578619999998734,0.25943899999988085,0.2586504999998771
2006-07-17,0.32700599999999796,0.29402100000000225,0.3105135000000001
2006-07-18,0.3092470000000031,0.3097679999999995,0.30950750000000127
2006-07-19,0.2511790000000042,0.2754980000000027,0.2633385000000035
2006-07-20,0.2867170000002064,0.2682249999997403,0.2774709999999734
2006-07-21,1.7415809999999956,0.14705799999998828,0.944319499999992
2006-08-07,0.2675850000000172,0.2779210000000084,0.2727530000000128
2006-08-08,0.2662310000000009,0.25976199999999994,0.2629965000000004
2006-08-09,0.24692500000000053,0.26239900000000027,0.2546620000000004
2006-08-10,0.26089999999999863,0.25193099999999957,0.25641549999999913
2006-08-11,0.23064800000000116,0.23455100000000015,0.23259950000000065
2006-08-14,0.2835159999999999,0.26075700000000057,0.2721365000000002
2006-08-15,0.2636500000000051,0.2730680000000026,0.26835900000000384
2006-08-16,0.21214600000000192,0.23582299999999795,0.22398449999999992
2006-08-17,0.23060899999999881,0.22418500000000083,0.22739699999999982
2006-08-18,0.15728000000000578,0.13943399999999045,0.14835699999999813
2006-09-05,0.21469900000000006,0.2285920000000006,0.22164550000000033
2006-09-06,0.24203800000000142,0.2522849999999999,0.24716150000000067
2006-09-07,0.23294200000007603,0.2440610000000308,0.23850150000005343
2006-09-08,0.2580289999999982,0.21628900000000062,0.2371589999999994
2006-09-11,0.3372619999999985,0.30546600000000207,0.3213640000000003
2006-09-12,0.2886899999999995,0.2630390000000014,0.27586450000000046
2006-09-13,0.23124699999992054,0.25314199999996695,0.24219449999994375
2006-09-14,0.2570860000000018,0.20834200000000222,0.23271400000000203
2006-09-15,0.06996199999999586,0.15553799999998025,0.11274999999998805
2006-09-18,0.26353300000000046,0.25884100000000115,0.26118700000000084
2006-09-19,0.26209000000000093,0.2716670000000021,0.2668785000000015
2006-09-20,0.27429700000000007,0.27332099999999915,0.27380899999999964
2006-09-21,0.2715470000000174,0.24011000000019808,0.25582850000010776
2006-09-22,0.2660050000000555,0.26604800000005346,0.26602650000005446
2006-09-25,0.3100869999999991,0.2999469999999972,0.30501699999999815
2006-09-26,0.2714449999999703,0.2998740000000059,0.2856594999999881
2006-09-27,0.2603579999999962,0.3049159999999722,0.2826369999999842
2006-09-28,0.23825399999987643,0.27410699999999855,0.25618049999993747
2006-10-09,0.28076400000000007,0.25693000000000044,0.2688470000000003
2006-10-10,0.26193299999999986,0.26240999999999914,0.2621714999999995
2006-10-11,0.2755549999999973,0.26152199999999387,0.2685384999999956
2006-10-12,0.26759200000000083,0.26344200000000023,0.26551700000000056
2006-10-13,0.22943100000000088,0.2491579999999887,0.2392944999999948
2006-10-16,0.2381030000000173,0.2619540000000002,0.25002850000000876
2006-10-17,0.2377159999999988,0.25101999999953534,0.24436799999976705
2006-10-18,0.24026799999999493,0.26560699999999915,0.25293749999999704
2006-10-19,0.17139899999999172,0.17941399999999968,0.1754064999999957
2006-10-20,0.1026569999998302,1.739745999999764,0.9212014999997971
2006-11-06,0.24726199999999895,0.2422149999999997,0.24473849999999933
2006-11-07,0.2390629999999998,0.23751099999999847,0.23828699999999914
2006-11-08,0.21982100000001567,0.22294800000001286,0.22138450000001425
2006-11-09,0.23024100000000025,0.22940300000000005,0.22982200000000014
2006-11-10,0.23661499999999835,0.23653599999999936,0.23657549999999886
2006-11-13,0.2667810000003466,0.2244570000000006,0.24561900000017362
2006-11-14,0.20740400000047102,0.22700000000008566,0.21720200000027834
2006-11-15,0.18260299999999596,0.22158100000035108,0.20209200000017352
2006-11-16,0.19145600000000149,0.2206690000000414,0.20606250000002144
2006-11-17,0.04575299999999943,0.054711999999967946,0.05023249999998369
2006-12-04,0.23409400000000014,0.22850299999999965,0.2312984999999999
2006-12-05,0.2184720000000002,0.22128499999999854,0.21987849999999937
2006-12-06,0.21724099999999813,0.2214480000000005,0.21934449999999933
2006-12-07,0.209063000000095,0.2132580000000642,0.2111605000000796
2006-12-08,0.19586500000001414,0.19706100000001422,0.19646300000001418
2006-12-11,0.23277599999999832,0.21904900000000038,0.22591249999999935
2006-12-12,0.20119699999996402,0.23038900000007348,0.21579300000001875
2006-12-13,0.19017400000000065,0.21162000000000106,0.20089700000000085
2006-12-14,0.22499199999987116,0.20815299999999307,0.2165724999999321
2006-12-15,0.0510830000000029,0.06564100000000077,0.05836200000000183
2006-12-18,0.23735999999999935,0.22731699999999916,0.23233849999999925
2006-12-19,0.20635900000000043,0.21768600000000113,0.21202250000000078
2006-12-20,0.21746399999999924,0.2281570000000011,0.2228105000000002
2006-12-21,0.22687500000000074,0.23598200000000116,0.23142850000000095
2006-12-22,0.2267520000000235,0.21764100000005185,0.22219650000003766
2006-12-26,0.2790810000002532,0.2835660000001859,0.28132350000021955
2006-12-27,0.253037999999995,0.2932570000000023,0.27314749999999866
2006-12-28,0.32432699999999753,0.22204199999999202,0.2731844999999948
2007-01-08,0.2572830000000006,0.24793799999999983,0.2526105000000002
2007-01-09,0.24626400000028772,0.24944300000022432,0.24785350000025602
2007-01-10,0.25384700000002575,0.2526400000000266,0.25324350000002616
2007-01-11,0.2543539999996945,0.2626289999997877,0.2584914999997411
2007-01-12,0.23669699999999952,0.22940600000000008,0.2330514999999998
2007-01-16,0.26053099999999946,0.27159099999999753,0.2660609999999985
2007-01-17,0.24100400000000557,0.24297500000000133,0.24198950000000347
2007-01-18,0.20314699999999744,0.22504599999999572,0.21409649999999658
2007-01-19,0.12484600000000512,0.25240600000005936,0.18862600000003224
2007-02-05,0.20673999999999954,0.19826199999999905,0.2025009999999993
2007-02-06,0.20119299999989054,0.2023009999998002,0.20174699999984536
2007-02-07,0.20266999999958807,0.20089799999954874,0.20178399999956842
2007-02-08,0.18260300000000146,0.1970570000000009,0.18983000000000116
2007-02-09,0.1855510000000018,0.19402999999999918,0.18979050000000047
2007-02-12,0.2204860000000008,0.1987449999999981,0.20961549999999946
2007-02-13,0.16802700000000315,0.19183400000000075,0.17993050000000194
2007-02-14,0.21940800000000618,0.1558670000000646,0.18763750000003537
2007-02-15,0.1293070000000023,0.1766689999997421,0.1529879999998722
2007-02-16,0.016881999999993354,0.10629099999999987,0.061586499999996616
2007-03-05,0.2714430000000057,0.27676700000000254,0.27410500000000415
2007-03-06,0.2398229999995403,0.2352399999997923,0.2375314999996663
2007-03-07,0.24124000000000084,0.19164599999999982,0.21644300000000033
2007-03-08,0.20426099999999875,0.20979600000000134,0.20702850000000006
2007-03-09,0.22149599999999886,0.1863869999999995,0.20394149999999917
2007-03-12,0.21797200000000136,0.2128900000000017,0.21543100000000154
2007-03-13,0.21900499999999817,0.22942899999999453,0.22421699999999634
2007-03-14,0.25795199999999746,0.16613000000000114,0.2120409999999993
2007-03-15,0.1377429999999436,0.1686629999999987,0.15320299999997117
2007-03-16,0.21516699999999245,0.12325899999998725,0.16921299999998984
2007-03-19,0.2265500000000021,0.18217300000006736,0.20436150000003472
2007-03-20,0.19051800000000005,0.1780549999999998,0.1842864999999999
2007-03-21,0.1592200000000004,0.1620670000000014,0.16064350000000088
2007-03-22,0.1745889999999997,0.19189799999999954,0.18324349999999962
2007-03-23,0.19601800000000408,0.185033000000005,0.19052550000000454
2007-03-26,0.19501000000000132,0.22461899999990445,0.20981449999995289
2007-03-27,0.1824649999995541,0.24034300000000436,0.2114039999997792
2007-03-28,0.18473900000000298,0.2744770000000655,0.22960800000003423
2007-03-29,0.18020699999957662,0.2430620000000018,0.21163449999978923
2007-04-09,0.19551500000000102,0.19416999999999923,0.19484250000000014
2007-04-10,0.1965510000000016,0.18958000000000175,0.19306550000000167
2007-04-11,0.18931000000000234,0.18718499999999996,0.18824750000000115
2007-04-12,0.17946899999988913,0.17534499999985836,0.17740699999987375
2007-04-13,0.17091699999999813,0.1694950000000005,0.1702059999999993
2007-04-16,0.18150699999998254,0.19535799999999806,0.1884324999999903
2007-04-17,0.18995400000000287,0.1881030000000027,0.1890285000000028
2007-04-18,0.1257940000000145,0.21057400000000032,0.1681840000000074
2007-04-19,0.15612099999999626,0.12992399999998747,0.14302249999999186
2007-04-20,0.16404100000006705,0.04970299999997351,0.10687200000002028
2007-05-07,0.19972099999999846,0.20346000000000344,0.20159050000000095
2007-05-08,0.20189800000000047,0.19687300000000035,0.1993855000000004
2007-05-09,0.20458499999993343,0.1843099999997808,0.1944474999998571
2007-05-10,0.20755200000000013,0.1957829999999995,0.20166749999999983
2007-05-11,0.17627400000000107,0.1912259999999985,0.1837499999999998
2007-05-14,0.23108499999999813,0.18954500000001645,0.2103150000000073
2007-05-15,0.17099000000000342,0.20538499999997878,0.1881874999999911
2007-05-16,0.17707500000000156,0.1777300000000019,0.17740250000000174
2007-05-17,0.125749999999641,0.17522900000000027,0.15048949999982064
2007-05-18,0.057182000000007525,0.04280699999999748,0.0499945000000025
2007-06-04,0.2035629999999992,0.2111019999999986,0.2073324999999989
2007-06-05,0.19925799999960292,0.2114269999997983,0.2053424999997006
2007-06-06,0.21637299999999948,0.2174840000000003,0.21692849999999989
2007-06-07,0.20887499999999934,0.2314900000000022,0.22018250000000078
2007-06-08,0.17617499999999717,0.18431800000000104,0.1802464999999991
2007-06-11,0.19314299999999818,0.18256399999999576,0.18785349999999695
2007-06-12,0.20483300000000232,0.17305200000000076,0.18894250000000154
2007-06-13,0.1633099999999999,0.17151900000000245,0.1674145000000012
2007-06-14,0.1798579999999994,0.11394000000020794,0.14689900000010367
2007-06-15,0.019910000000003536,0.029681000000006893,0.024795500000005216
2007-06-18,0.2156679999997977,0.18870300000010032,0.202185499999949
2007-06-19,0.2007659999999998,0.20339800000000183,0.20208200000000082
2007-06-20,0.2090039999999973,0.21314600000018374,0.21107500000009052
2007-06-21,0.21336300000000427,0.21639799999982626,0.21488049999991526
2007-06-22,0.2231020000000005,0.20149400000000003,0.21229800000000026
2007-06-25,0.2700770000000046,0.2627319999999992,0.26640450000000193
2007-06-26,0.3168770000000004,0.2042410000003538,0.2605590000001771
2007-06-27,0.2989039999999987,0.19574799999999665,0.2473259999999977
2007-06-28,0.2302910000000025,0.27310800000000207,0.2516995000000023
2007-07-09,0.2005959999999989,0.20866299999999982,0.20462949999999935
2007-07-10,0.21627899999999856,0.19627900000000045,0.2062789999999995
2007-07-11,0.2163409999999991,0.2033740000000031,0.20985750000000108
2007-07-12,0.19709599999999783,0.19634300000000007,0.19671949999999894
2007-07-13,0.17889799999999964,0.1746260000000013,0.17676200000000047
2007-07-16,0.20559599999999945,0.21897100000000044,0.21228349999999996
2007-07-17,0.2503529999999202,0.18041700000000116,0.2153849999999607
2007-07-18,0.19899400000035777,0.18357000000000165,0.1912820000001797
2007-07-19,0.1762030000001385,0.1619519999999953,0.16907750000006688
2007-07-20,0.028687000000001482,0.03526299999999937,0.03197500000000043
2007-08-06,0.35430399999999973,0.357171999999999,0.35573799999999933
2007-08-07,0.3010899999999959,0.3045459999999968,0.30281799999999637
2007-08-08,0.2881859999999997,0.29887899999999995,0.29353249999999986
2007-08-09,0.35356700000000063,0.33549100000000054,0.3445290000000006
2007-08-10,0.38525899999982194,0.3050020000000024,0.3451304999999122
2007-08-13,0.3622919999996547,0.36985699999972316,0.36607449999968894
2007-08-14,0.29038100000002365,0.3860590000000002,0.33822000000001196
2007-08-15,0.40666500000006395,0.3219709999999997,0.3643180000000318
2007-08-16,0.3715720000000019,0.3942930000000009,0.3829325000000014
2007-08-17,0.1484720000000083,0.40378599999997233,0.2761289999999903
2007-09-10,0.2955749999995815,0.2927259999995268,0.2941504999995541
2007-09-11,0.2605010000000007,0.2718490000000004,0.26617500000000055
2007-09-12,0.26476699999990555,0.2580799999999988,0.2614234999999522
2007-09-13,0.2836140000000002,0.2646329999999998,0.27412349999999996
2007-09-14,0.26884200000003167,0.25357400000009894,0.2612080000000653
2007-09-17,0.28251500000000024,0.3011959999999985,0.2918554999999994
2007-09-18,0.2072029999999974,0.2516200000000327,0.22941150000001503
2007-09-19,0.18025899999999578,0.2680339999999978,0.22414649999999678
2007-09-20,0.19971199999999642,0.2018020000000012,0.2007569999999988
2007-09-21,0.07381500000000764,3.684342999999995,1.8790790000000013
2007-09-24,0.20689400000000036,0.2793710000000141,0.24313250000000722
2007-09-25,0.3312769999999993,0.24595100000014575,0.28861400000007253
2007-09-26,0.24700999999999362,0.14695500000016368,0.19698250000007866
2007-09-27,0.17641899999999677,0.27587999999999296,0.22614949999999487
2007-10-08,0.24422000000000083,0.23058199999999857,0.2374009999999997
2007-10-09,0.20712800000000084,0.2194289999999999,0.21327850000000037
2007-10-10,0.20830999999999894,0.22441799999999987,0.2163639999999994
2007-10-11,0.24892400000000514,0.2436310000000047,0.24627750000000492
2007-10-12,0.2141649999999993,0.21865900000000174,0.21641200000000052
2007-10-15,0.25618599999999975,0.23958200000000102,0.24788400000000038
2007-10-16,0.2666759999999979,0.23142700000000166,0.2490514999999998
2007-10-17,0.2552539999999969,0.20742999999999884,0.23134199999999785
2007-10-18,0.1457749999999939,0.2244729999999967,0.1851239999999953
2007-10-19,0.1872310000002041,0.11152400000000791,0.149377500000106
2007-11-05,0.3040739999999989,0.3123180000000007,0.3081959999999998
2007-11-06,0.2596329999999898,0.273154999999996,0.2663939999999929
2007-11-07,0.3498310000000003,0.282521,0.3161760000000001
2007-11-08,0.3273230000000003,0.3088830000004866,0.31810300000024344
2007-11-09,0.33022799999999813,0.3227240000000005,0.3264759999999993
2007-11-12,0.5145760000000028,0.35284199999998633,0.43370899999999457
2007-11-13,0.2939220000000035,0.43639500000000186,0.3651585000000027
2007-11-14,0.2695880000000016,0.39427299999999754,0.3319304999999996
2007-11-15,0.4192789999999978,0.23777999999999466,0.32852949999999626
2007-11-16,0.13010199999978045,0.29585900000000537,0.2129804999998929
2007-12-10,0.25323699999999927,0.26124600000000125,0.25724150000000023
2007-12-11,0.30752100000000143,0.2688309999999991,0.28817600000000027
2007-12-12,0.24493599999999838,0.257373999999999,0.2511549999999987
2007-12-13,0.23480600000000104,0.24571100000000126,0.24025850000000115
2007-12-14,0.26117500000000415,0.2354270000000109,0.24830100000000754
2007-12-17,0.2859899999999673,0.306373999999982,0.29618199999997463
2007-12-18,0.30480099999999793,0.24757999999999736,0.2761904999999977
2007-12-19,0.20758000000000026,0.2683229999999983,0.2379514999999993
2007-12-20,0.15956400000000495,0.34104199999999507,0.250303
2007-12-21,0.38686200000004395,0.1339900000000677,0.26042600000005584
2007-12-24,0.18811400000000036,0.1988540000000007,0.19348400000000054
2007-12-26,0.18722200000000006,0.22701400000002947,0.20711800000001476
2007-12-27,0.21301099999999815,0.23023099999999844,0.2216209999999983
2007-12-28,0.15045499999991865,0.20611999999999958,0.17828749999995913
2008-01-07,0.31565599999958716,0.2966240000001016,0.30613999999984437
2008-01-08,0.2980729999999996,0.29940699999999904,0.29873999999999934
2008-01-09,0.2961660000000015,0.26696600000022047,0.281566000000111
2008-01-10,0.26928200000000063,0.267619,0.2684505000000003
2008-01-11,0.267412999999999,0.24655100000000083,0.25698199999999993
2008-01-14,0.2641579999995874,0.27137599999968637,0.2677669999996369
2008-01-15,0.37473599999999974,0.27376099999999925,0.3242484999999995
2008-01-16,0.4845549999999964,0.44499899999999903,0.4647769999999977
2008-01-17,0.5275049999999996,0.5203830000000014,0.5239440000000004
2008-01-18,0.22842199999999951,0.9094170000000049,0.5689195000000022
2008-02-04,0.3216439999999989,0.32109099999999924,0.32136749999999903
2008-02-05,0.38750000000000123,0.3190239999999995,0.35326200000000035
2008-02-06,0.3602200000000002,0.3233619999999975,0.34179099999999885
2008-02-07,0.30810900000000024,0.3222149999999996,0.31516199999999994
2008-02-08,0.2737999999999944,0.29581200000000024,0.28480599999999734
2008-02-11,0.28530300000000103,0.3000819999999995,0.29269250000000024
2008-02-12,0.28015700000000643,0.3386859999999984,0.3094215000000024
2008-02-13,0.1343409999999998,0.3446080000000008,0.2394745000000003
2008-02-14,0.2879500000000059,0.17926199999999964,0.23360600000000278
2008-02-15,0.1235689999999984,0.11375399999999047,0.11866149999999444
2008-03-10,0.418212999999999,0.3988260000000013,0.40851950000000015
2008-03-11,0.27350199999999897,0.2867589999999987,0.28013049999999884
2008-03-12,0.3375190000000017,0.3134280000000004,0.325473500000001
2008-03-13,0.3004529999999679,0.30060999999996774,0.3005314999999678
2008-03-14,0.3543829999997684,0.316006000000117,0.3351944999999427
2008-03-17,0.477558999999995,0.35722099999972734,0.41738999999986115
2008-03-18,0.2707419999999979,0.3326479999999981,0.301694999999998
2008-03-19,0.36526100000000084,0.22377000000012412,0.2945155000000625
2008-03-20,0.16340000000035243,0.2990099999999994,0.2312050000001759
2008-03-24,0.3796559999999987,0.3574519999999995,0.3685539999999991
2008-03-25,0.34220700000000026,0.33481800000000317,0.3385125000000017
2008-03-26,0.317550000000001,0.29678699999999947,0.30716850000000023
2008-03-27,0.3265950000000032,0.251935000000069,0.2892650000000361
2008-03-28,0.2997600000001293,0.2346650000000022,0.26721250000006574
2008-04-07,0.28661299999979223,0.28774499999980335,0.2871789999997978
2008-04-08,0.26384199999999963,0.2709550000000019,0.26739850000000076
2008-04-09,0.291103999999762,0.29167899999976676,0.2913914999997644
2008-04-10,0.27267299999999933,0.2556220000000014,0.26414750000000037
2008-04-11,0.29019499999999926,0.2802080000000004,0.28520149999999983
2008-04-14,0.2914210000000008,0.2926049999999978,0.2920129999999993
2008-04-15,0.2868990000000026,0.2362999999999966,0.2615994999999996
2008-04-16,0.1745889999999994,0.3175470000000071,0.24606800000000323
2008-04-17,0.1497159999997573,0.281194000000057,0.21545499999990714
2008-04-18,0.12599099999999772,1.343737000000004,0.7348640000000008
2008-05-05,0.2675389999999989,0.2716579999999993,0.2695984999999991
2008-05-06,0.25524000000000097,0.2639979999999991,0.25961900000000004
2008-05-07,0.2852889999999995,0.27541400000000055,0.28035150000000003
2008-05-08,0.27506200000000036,0.26094199999999895,0.26800199999999963
2008-05-09,0.2625330000004683,0.2674689999995654,0.26500100000001686
2008-05-12,0.30518400000000256,0.29540399999999883,0.3002940000000007
2008-05-13,0.22171600000000113,0.29811900000000213,0.25991750000000163
2008-05-14,0.1908560000000395,0.29509399999999814,0.24297500000001881
2008-05-15,0.24266999999999997,0.16140700000000288,0.20203850000000143
2008-05-16,0.017427000000045646,0.2542319999999808,0.13582950000001323
2008-06-09,0.3346390000000001,0.33525499999999964,0.3349469999999999
2008-06-10,0.3482270000000014,0.34703300000000037,0.3476300000000009
2008-06-11,0.3570510000000001,0.3234749999999999,0.340263
2008-06-12,0.3398450000000008,0.33888700000000216,0.3393660000000015
2008-06-13,0.29336300000000193,0.2951580000000022,0.29426050000000203
2008-06-16,0.3164259999999999,0.32077800000000184,0.31860200000000083
2008-06-17,0.3095280000000024,0.3017590000000017,0.30564350000000207
2008-06-18,0.2619100000000002,0.3026360000000034,0.2822730000000018
2008-06-19,0.27319800000000255,0.2659150000000003,0.2695565000000014
2008-06-20,0.04906500000011289,0.09505599999971419,0.07206049999991354
2008-06-23,0.3420949999999974,0.3424979999999944,0.3422964999999959
2008-06-24,0.38552000000000125,0.3657370000000029,0.3756285000000021
2008-06-25,0.3232959999999743,0.32789799999998065,0.3255969999999775
2008-06-26,0.2523819999995332,0.34149100000000193,0.29693649999976757
2008-06-27,0.22149699999999672,0.28145900000000146,0.2514779999999991
2008-07-07,0.38882599999999923,0.34782499999999933,0.3683254999999993
2008-07-08,0.3819180000000012,0.32440400000000064,0.35316100000000095
2008-07-09,0.35594399999955373,0.35620799999960107,0.3560759999995774
2008-07-10,0.33992199999999856,0.3410309999999996,0.34047649999999907
2008-07-11,0.35237099999999716,0.35413699999999754,0.35325399999999735
2008-07-14,0.37379900000000116,0.36888399999999677,0.371341499999999
2008-07-15,0.38491499999999534,0.4107329999999988,0.39782399999999707
2008-07-16,0.4443229999998277,0.3487689999999974,0.3965459999999126
2008-07-17,0.4271740000000123,0.2968579999999974,0.3620160000000049
2008-07-18,0.04885500000000409,0.19916999999999724,0.12401250000000066
2008-08-04,0.42420999999999925,0.42454200000000075,0.424376
2008-08-05,0.36839899999999953,0.3684599999999997,0.36842949999999963
2008-08-06,0.32363100000000133,0.3249830000000002,0.3243070000000008
2008-08-07,0.31714400000018234,0.3180540000002113,0.3175990000001968
2008-08-08,0.36167500000000163,0.29749699999999835,0.329586
2008-08-11,0.376686000000001,0.36687399999999804,0.37177999999999956
2008-08-12,0.30544199999999966,0.39417100000000205,0.34980650000000085
2008-08-13,0.24135599999999888,0.34155900000031153,0.2914575000001552
2008-08-14,0.2969510000000013,0.20190899999999992,0.2494300000000006
2008-08-15,0.07091599999999353,0.9266879999999958,0.4988019999999947
2008-09-08,0.4025760000000012,0.40219700000000014,0.40238650000000065
2008-09-09,0.5130709999999983,0.4857889999999855,0.4994299999999919
2008-09-10,0.42512499999998193,0.4272139999999866,0.42616949999998427
2008-09-11,0.4388030000003098,0.4235259999999986,0.4311645000001542
2008-09-12,0.4025189999999995,0.4082369999999994,0.40537799999999946
2008-09-15,0.6393040000000011,0.5049749999999977,0.5721394999999994
2008-09-16,0.4476470000000014,0.5526280000000011,0.5001375000000012
2008-09-17,0.529474999999997,0.7100480000000007,0.6197614999999989
2008-09-18,0.3454530000000003,0.7345299999999936,0.539991499999997
2008-09-19,0.6038949999999997,0.1884809999998763,0.39618799999993803
2008-09-22,0.5301040000000007,0.5073470000000005,0.5187255000000006
2008-09-23,0.5678239999998513,0.4963959999999988,0.532109999999925
2008-09-24,0.5361709999999991,0.482087,0.5091289999999995
2008-09-25,0.4300970000000005,0.43703899999999773,0.4335679999999991
2008-09-26,0.565333000000001,0.44077400000000083,0.5030535000000009
2008-09-29,1.8600709999998128,0.5027059999997397,1.1813884999997764
2008-10-06,0.9626140000000166,0.8194910000000079,0.8910525000000122
2008-10-07,0.8825520000000063,0.8842500000000059,0.8834010000000061
2008-10-08,0.8747980000000033,0.9030660000000023,0.8889320000000027
2008-10-09,1.426329000000002,0.8841860000000004,1.1552575000000012
2008-10-10,1.1947429999999835,1.2088929999999845,1.2018179999999838
2008-10-13,1.0482290000002044,0.9089849999999988,0.9786070000001016
2008-10-14,0.9919739999999988,0.9502759999999982,0.9711249999999985
2008-10-15,0.8926519999999963,1.5058219999999882,1.1992369999999923
2008-10-16,1.4731940000000008,0.7671919999999991,1.120193
2008-10-17,0.37221400000000443,0.17742899999999787,0.27482150000000116
2008-11-10,0.6837450000000018,0.6645980000000012,0.6741715000000015
2008-11-11,0.6856219999996007,0.6918749999996923,0.6887484999996465
2008-11-12,0.8592039999999873,0.8358579999999934,0.8475309999999904
2008-11-13,0.6995349999999992,0.7013700000000005,0.7004524999999999
2008-11-14,0.7632889999999996,0.7645830000000012,0.7639360000000004
2008-11-17,0.8764139999999979,0.8788139999999989,0.8776139999999983
2008-11-18,0.821091000000001,0.7287109999999999,0.7749010000000005
2008-11-19,0.8905710000000009,0.9017280000000009,0.8961495000000008
2008-11-20,1.134271999999998,1.1063449999999981,1.120308499999998
2008-11-21,0.735195999999992,0.25170600000000065,0.4934509999999963
2008-12-08,0.7695050000000024,0.6935800000000014,0.731542500000002
2008-12-09,0.6891360000000996,0.6926490000002045,0.690892500000152
2008-12-10,0.638175000000001,0.6397970000000006,0.6389860000000008
2008-12-11,0.6328980000000018,0.6343249999999988,0.6336115000000003
2008-12-12,0.6226059999996307,0.6233999999996389,0.6230029999996348
2008-12-15,0.7013919999999986,0.6691579999999994,0.685274999999999
2008-12-16,0.6759930000000032,0.5717380000000009,0.623865500000002
2008-12-17,0.5304020000000021,0.5548420000000015,0.5426220000000018
2008-12-18,0.5107100000000122,0.6108599999999968,0.5607850000000045
2008-12-19,0.08310700000000677,0.04700300000000137,0.06505500000000407
2008-12-22,0.5240760000000012,0.48596999999999835,0.5050229999999998
2008-12-23,0.47279000000000027,0.47573700000000085,0.47426350000000056
2008-12-24,0.47746399999999906,0.4451410000000002,0.4613024999999996
2008-12-26,0.5091970000002227,0.4271150000000007,0.4681560000001117
2008-12-29,0.6116979999999943,0.5461689999999981,0.5789334999999962
2008-12-30,0.48003400000000346,0.47013200000000444,0.4750830000000039
2009-01-05,0.4759580000000005,0.47726100000000005,0.47660950000000024
2009-01-06,0.46346500000000235,0.4606640000000011,0.4620645000000017
2009-01-07,0.5217319999999985,0.5210400000000008,0.5213859999999997
2009-01-08,0.5005660000000007,0.49046099999999926,0.4955135
2009-01-09,0.45965399999999995,0.46181899999999887,0.46073649999999944
2009-01-12,0.5871320000000005,0.5373360000000018,0.5622340000000012
2009-01-13,0.5161699999999808,0.5242749999999867,0.5202224999999838
2009-01-14,0.6141009999999987,0.5564670000000038,0.5852840000000012
2009-01-15,0.4969430000000001,0.5379920000000007,0.5174675000000004
2009-01-16,0.1906290000000399,0.16417000000000614,0.17739950000002302
2009-02-09,0.4219389999999998,0.41409000000000146,0.4180145000000006
2009-02-10,0.4871549999999991,0.4705530000000007,0.4788539999999999
2009-02-11,0.44046599999987524,0.44137499999987745,0.44092049999987637
2009-02-12,0.4258330000000017,0.41364199999999957,0.41973750000000065
2009-02-13,0.3842260000000017,0.3855890000000004,0.38490750000000107
2009-02-17,0.5836479999999997,0.609266000000002,0.5964570000000009
2009-02-18,0.5578459999998103,0.5717950000004915,0.5648205000001509
2009-02-19,0.5268569999999984,0.4747769999999901,0.5008169999999943
2009-02-20,0.10356100000002495,0.17834899999999584,0.1409550000000104
2009-03-09,0.5940849999999978,0.5950879999999993,0.5945864999999986
2009-03-10,0.5397289999999996,0.5293229999999994,0.5345259999999995
2009-03-11,0.5152170000000006,0.5141529999999992,0.5146849999999998
2009-03-12,0.46973200000000037,0.4636860000000017,0.46670900000000104
2009-03-13,0.4638380000000051,0.4483520000000067,0.4560950000000059
2009-03-16,0.504170000000165,0.46934799999999594,0.48675900000008043
2009-03-17,0.43948700000000246,0.4418490000000005,0.4406680000000015
2009-03-18,0.4273009999998949,0.4382029999999189,0.4327519999999069
2009-03-19,0.333307999999997,0.3663270000000046,0.3498175000000008
2009-03-20,0.04984800000000278,0.09490200000000605,0.07237500000000441
2009-03-23,0.4885890000000007,0.49036199999999935,0.48947550000000006
2009-03-24,0.4710560000000017,0.4714489999999993,0.4712525000000005
2009-03-25,0.48404400000000136,0.45699100000000076,0.47051750000000103
2009-03-26,0.4370689999999986,0.4373160000000021,0.4371925000000003
2009-03-27,0.43686899999999934,0.44087000000000204,0.4388695000000007
2009-03-30,0.6624989999999925,0.6787990000000008,0.6706489999999967
2009-04-06,0.4224380000000009,0.4121250000000002,0.4172815000000005
2009-04-07,0.4207540000000002,0.41105799999999876,0.41590599999999944
2009-04-08,0.3966659999999982,0.3827660000000009,0.3897159999999995
2009-04-09,0.34206000000000203,0.3426650000000038,0.3423625000000029
2009-04-13,0.42452299999996435,0.4184399999999549,0.42148149999995965
2009-04-14,0.4040020000000915,0.4102400000000195,0.40712100000005547
2009-04-15,0.3710079999999993,0.3933040000000015,0.3821560000000004
2009-04-16,0.3211199999999974,0.32563300000000184,0.3233764999999996
2009-04-17,0.08554900000000143,0.15692200000000373,0.12123550000000258
2009-05-04,0.36446299999999615,0.365988999999995,0.3652259999999956
2009-05-05,0.3590830000000024,0.3594010000000001,0.3592420000000012
2009-05-06,0.35560599999999876,0.35697300000000104,0.3562894999999999
2009-05-07,0.3717979999999985,0.3720369999999989,0.3719174999999987
2009-05-08,0.3543209999996661,0.34074600000046884,0.34753350000006744
2009-05-11,0.3986860000000016,0.390954999999999,0.3948205000000003
2009-05-12,0.34384899999999985,0.36733000000030464,0.3555895000001522
2009-05-13,0.38319599999962645,0.38384799999963565,0.38352199999963105
2009-05-14,0.3067729999998984,0.3038449999998859,0.30530899999989214
2009-05-15,0.054677000000003036,0.08497399999999557,0.0698254999999993
2009-06-08,0.3369679999999993,0.33753499999999964,0.3372514999999995
2009-06-09,0.3099390000000026,0.31750600000000173,0.3137225000000021
2009-06-10,0.30478800000000106,0.30637600000000076,0.3055820000000009
2009-06-11,0.32187199999999994,0.32736699999999896,0.32461949999999945
2009-06-12,0.2938900000001173,0.2956930000001044,0.29479150000011084
2009-06-15,0.36186899999998356,0.358726999999983,0.36029799999998324
2009-06-16,0.37085300000000926,0.3906540000003924,0.3807535000002008
2009-06-17,0.336780999999999,0.3929109999999968,0.3648459999999979
2009-06-18,0.2305349999998899,0.2975799999999895,0.2640574999999397
2009-06-19,0.18477800000000716,0.07767800000000995,0.13122800000000856
2009-06-22,0.3855409999999997,0.3868360000000008,0.38618850000000027
2009-06-23,0.35656699999999975,0.3575829999999973,0.35707499999999853
2009-06-24,0.32745299999999966,0.32892400000000105,0.3281885000000003
2009-06-25,0.30893899999999913,0.3008180000000002,0.30487849999999966
2009-06-26,0.24587899999999882,0.28421400000000135,0.2650465000000001
2009-06-29,0.39974699999998015,0.3470549999999991,0.37340099999998966
2009-07-06,0.35168300000000075,0.35113800000000206,0.3514105000000014
2009-07-07,0.38220000000000004,0.3822550000000015,0.3822275000000008
2009-07-08,0.3781330000000016,0.3783530000000005,0.37824300000000105
2009-07-09,0.34976599999999836,0.34908400000000295,0.34942500000000065
2009-07-10,0.33824399999999966,0.3393480000000004,0.33879600000000004
2009-07-13,0.37539200000000766,0.36654200000000964,0.37096700000000865
2009-07-14,0.3276220000000013,0.3309149999999999,0.32926850000000063
2009-07-15,0.3335400000000009,0.33414600000000233,0.3338430000000016
2009-07-16,0.3022960000000009,0.28494599999999926,0.2936210000000001
2009-07-17,0.17364200000000235,0.13543900000000186,0.1545405000000021
2009-08-10,0.28786500000000026,0.2809719999999983,0.28441849999999924
2009-08-11,0.28540699999999974,0.2864680000000011,0.2859375000000004
2009-08-12,0.2814430000004968,0.2765480000003843,0.2789955000004406
2009-08-13,0.26380800000038523,0.26560400000033624,0.2647060000003607
2009-08-14,0.2528870000000007,0.2530580000000007,0.2529725000000007
2009-08-17,0.33335699999999285,0.3388289999999964,0.33609299999999465
2009-08-18,0.26794999999999836,0.27367800000000037,0.27081399999999933
2009-08-19,0.2828979999995595,0.2835149999995874,0.2832064999995735
2009-08-20,0.2445059999999986,0.21824500000000274,0.23137550000000068
2009-08-21,0.1211989999999966,0.09361100000000308,0.10740499999999983
2009-09-08,0.2758129999999987,0.26328999999999936,0.26955149999999906
2009-09-09,0.26319500000013246,0.2618380000001475,0.26251650000014
2009-09-10,0.2521000000000106,0.2399880000000279,0.24604400000001925
2009-09-11,0.23009500000024574,0.23197100000020665,0.2310330000002262
2009-09-14,0.2577169999999988,0.252891000000002,0.2553040000000004
2009-09-15,0.24135099999999238,0.22945299999996957,0.23540199999998096
2009-09-16,0.22168700000000102,0.24919700000000036,0.2354420000000007
2009-09-17,0.20576799999999967,0.255521999999862,0.23064499999993085
2009-09-18,0.0869170000000039,0.04530900000000446,0.06611300000000417
2009-09-21,0.29743800000000126,0.2976380000000004,0.29753800000000086
2009-09-22,0.2831950000000073,0.2779050000000159,0.2805500000000116
2009-09-23,0.310307000000005,0.27885800000003674,0.29458250000002084
2009-09-24,0.2941690000000091,0.29327800000001003,0.2937235000000096
2009-09-25,0.275386999999999,0.27431700000000125,0.2748520000000001
2009-09-28,0.3266639999999923,0.32383599999999585,0.32524999999999404
2009-09-29,0.2753979999999786,0.33152599999999677,0.3034619999999877
2009-10-05,0.3079569999999991,0.30119399999999874,0.3045754999999989
2009-10-06,0.3017850000000015,0.3018729999999996,0.30182900000000057
2009-10-07,0.2592530000000019,0.2604169999999986,0.25983500000000026
2009-10-08,0.26445599999999836,0.2671430000000008,0.2657994999999996
2009-10-09,0.250912999999999,0.24115299999999892,0.24603299999999895
2009-10-12,0.27388499999996885,0.26889599999996183,0.27139049999996534
2009-10-13,0.23069899999949894,0.2627980000000008,0.24674849999974988
2009-10-14,0.24520099999999767,0.2552559999999984,0.250228499999998
2009-10-15,0.20526800000002757,0.2173590000000086,0.21131350000001808
2009-10-16,0.03216399999999685,0.04060800000000234,0.03638599999999959
2009-11-09,0.28351599999988625,0.2821209999998793,0.28281849999988273
2009-11-10,0.26911000000000124,0.26990999999999893,0.2695100000000001
2009-11-11,0.2628860000000017,0.2609639999999994,0.2619250000000005
2009-11-12,0.2670589999999992,0.262288999999998,0.26467399999999863
2009-11-13,0.24941700000000086,0.2427429999999998,0.24608000000000033
2009-11-16,0.27044399999999846,0.25456600000000235,0.26250500000000043
2009-11-17,0.2504540000002488,0.24893100000027726,0.24969250000026305
2009-11-18,0.2519729999999936,0.24997399999999165,0.25097349999999263
2009-11-19,0.23213700000000162,0.25347499999999784,0.24280599999999974
2009-11-20,0.09495999999971112,0.17969600000000335,0.13732799999985723
2009-12-07,0.25045500000000026,0.2509890000000005,0.2507220000000004
2009-12-08,0.2537920000000004,0.25435599999999947,0.2540739999999999
2009-12-09,0.24411900000000022,0.23263900000000176,0.238379000000001
2009-12-10,0.22891899999999954,0.231420999999998,0.23016999999999876
2009-12-11,0.20856400000000078,0.207579999999998,0.20807199999999937
2009-12-14,0.2154249999999996,0.21329600000000085,0.21436050000000023
2009-12-15,0.18761700000000514,0.21042599999972528,0.1990214999998652
2009-12-16,0.18827899999968242,0.18416100000035163,0.18622000000001704
2009-12-17,0.19078500000008594,0.14919699999999747,0.1699910000000417
2009-12-18,1.5521930000000035,0.05459499999999914,0.8033940000000013
2009-12-21,0.20133200000000084,0.19602200000000153,0.19867700000000119
2009-12-22,0.19633299999992887,0.1879369999998862,0.19213499999990752
2009-12-23,0.1746589999999991,0.16622499999999613,0.1704419999999976
2009-12-24,0.17043799999999995,0.16887299999999925,0.1696554999999996
2009-12-28,0.20419299999999954,0.209457,0.20682499999999976
2009-12-29,0.2056770000000098,0.21283900000000672,0.20925800000000827
2009-12-30,0.2008020000000018,0.23381099999980234,0.2173064999999021
2010-01-04,0.19661400000000087,0.19586199999999962,0.19623800000000025
2010-01-05,0.21861100000000103,0.20598799999999876,0.2122994999999999
2010-01-06,0.2115650000000003,0.20611900000000008,0.2088420000000002
2010-01-07,0.20438599999998122,0.19853299999997404,0.20145949999997764
2010-01-08,0.18839300000000697,0.18700400000000547,0.1876985000000062
2010-01-11,0.21967699999999532,0.21421899999999983,0.2169479999999976
2010-01-12,0.214841,0.23627599999999926,0.22555849999999963
2010-01-13,0.21174499999954424,0.16675600000000645,0.18925049999977533
2010-01-14,0.16486199999992207,0.16223899999986208,0.16355049999989207
2010-01-15,4.043209999999996,0.06633200000049336,2.0547710000002444
2010-02-08,0.30766700000000075,0.3060429999999993,0.306855
2010-02-09,0.2923209999999929,0.28532999999998887,0.28882549999999085
2010-02-10,0.2771919999999997,0.2696739999999998,0.27343299999999976
2010-02-11,0.2451450000000422,0.23135400000013326,0.2382495000000877
2010-02-12,0.22490900000031128,0.226407000000273,0.22565800000029212
2010-02-16,0.25987599999999644,0.24566300000000096,0.2527694999999987
2010-02-17,0.23281299999999777,0.2529119999999966,0.24286249999999718
2010-02-18,0.21379200000000567,0.19914800000000005,0.20647000000000287
2010-02-19,0.5505169999995739,0.07452999999989383,0.3125234999997339
2010-03-08,0.20412699999999923,0.204358999999999,0.20424299999999912
2010-03-09,0.20322500000000063,0.19922599999999976,0.2012255000000002
2010-03-10,0.19095099999960408,0.18959999999969387,0.190275499999649
2010-03-11,0.19690199999999772,0.19192400000000126,0.1944129999999995
2010-03-12,0.18786899999999998,0.17340699999999573,0.18063799999999786
2010-03-15,0.19341200000000094,0.19226900000000077,0.19284050000000086
2010-03-16,0.20541999999998975,0.1836059999995355,0.19451299999976263
2010-03-17,0.17218200000000025,0.19235600000015304,0.18226900000007665
2010-03-18,0.13844899999999746,0.1714260000000005,0.15493749999999898
2010-03-19,2.1821709999999928,0.08897600000000391,1.1355734999999982
2010-03-22,0.20740700000000004,0.1999030000000009,0.20365500000000047
2010-03-23,0.19052200000023836,0.18292899999952597,0.18672549999988217
2010-03-24,0.19164699999970158,0.18926399999965926,0.19045549999968042
2010-03-25,0.1961629999999797,0.19333599999997522,0.19474949999997745
2010-03-26,0.18458100000000016,0.17376499999999984,0.179173
2010-03-29,0.21247000000003113,0.19474900000013595,0.20360950000008354
2010-03-30,0.1990350000000052,0.2312190000003543,0.21512700000017976
2010-04-05,0.1902880000000354,0.18916000000004182,0.1897240000000386
2010-04-06,0.1925830000000783,0.19263000000007707,0.19260650000007767
2010-04-07,0.1971189999999983,0.19810999999999948,0.1976144999999989
2010-04-08,0.194122999999999,0.18553199999999861,0.18982749999999882
2010-04-09,0.1794279999999985,0.17603599999999872,0.1777319999999986
2010-04-12,0.1977490000000028,0.1770110000000011,0.18738000000000196
2010-04-13,0.17142400000043892,0.18636500000008732,0.17889450000026313
2010-04-14,0.18273399999998982,0.1735709999999533,0.17815249999997157
2010-04-15,0.16743399999999437,0.15550200000000397,0.16146799999999917
2010-04-16,0.15205400000000388,0.06242999999997662,0.10724199999999025
2010-05-10,0.3248760000000012,0.3250940000000011,0.3249850000000012
2010-05-11,0.30846699999999944,0.30984600000000023,0.30915649999999983
2010-05-12,0.2689680000000014,0.26631399999999766,0.2676409999999995
2010-05-13,0.2737840000000014,0.26795500000000033,0.2708695000000009
2010-05-14,0.30251300000000203,0.29986200000000046,0.3011875000000013
2010-05-17,0.3079820000000009,0.30816300000000163,0.3080725000000013
2010-05-18,0.3535669999999981,0.3740629999999996,0.36381499999999883
2010-05-19,0.3383119999999976,0.35458099999997,0.3464464999999838
2010-05-20,0.4986340000000013,0.49595999999999635,0.4972969999999988
2010-05-21,0.04200300000000449,0.11016099999974194,0.07608199999987321
2010-06-07,0.4164170000000017,0.4203529999999993,0.4183850000000005
2010-06-08,0.3677509999999996,0.3672230000000002,0.3674869999999999
2010-06-09,0.4040920000000002,0.3987969999999993,0.40144449999999976
2010-06-10,0.33166899999999944,0.32794999999999824,0.32980949999999887
2010-06-11,0.2955489999999971,0.29390399999999955,0.29472649999999834
2010-06-14,0.32896999999999926,0.3283209999999997,0.3286454999999995
2010-06-15,0.2712889999999995,0.2851469999999187,0.2782179999999591
2010-06-16,0.2350699999999294,0.2654399999999989,0.25025499999996415
2010-06-17,0.22659799999999974,0.17068500000042272,0.19864150000021125
2010-06-18,0.08124100000000427,0.09569599999999569,0.08846849999999998
2010-06-21,0.26411400000018714,0.2666430000001562,0.2653785000001717
2010-06-22,0.31809299999992996,0.3166319999999264,0.31736249999992816
2010-06-23,0.30799100000008006,0.30746700000008087,0.30772900000008047
2010-06-24,0.3441199999999991,0.3466839999999995,0.3454019999999993
2010-06-25,0.33869300000000185,0.34195800000000076,0.3403255000000013
2010-06-28,0.3374980000000032,0.3645520000000025,0.3510250000000028
2010-06-29,0.4584019999999963,0.5498809999996838,0.50414149999984
2010-07-06,0.34319099999999464,0.34269699999999315,0.3429439999999939
2010-07-07,0.28980500000000087,0.2896599999999998,0.28973250000000034
2010-07-08,0.28132000000000124,0.28135299999999974,0.2813365000000005
2010-07-09,0.24150000000005045,0.2361280000000773,0.23881400000006386
2010-07-12,0.3047639999999988,0.3026949999999993,0.3037294999999991
2010-07-13,0.2831999999999996,0.26365000000000155,0.2734250000000006
2010-07-14,0.24185999999995078,0.2738749999999865,0.2578674999999686
2010-07-15,0.22332199999999797,0.2143089999999948,0.2188154999999964
2010-07-16,0.07756599999999927,0.23327199999998727,0.15541899999999326
2010-08-09,0.21711399999987363,0.21716499999987246,0.21713949999987303
2010-08-10,0.22896900000001102,0.2278650000000115,0.22841700000001125
2010-08-11,0.26406900000000016,0.26560899999999926,0.2648389999999997
2010-08-12,0.2733090000000243,0.26670800000003825,0.2700085000000313
2010-08-13,0.2540340000000032,0.24921700000000394,0.25162550000000355
2010-08-16,0.2663040000001114,0.2663260000001128,0.2663150000001121
2010-08-17,0.22381400000000848,0.23797700000000213,0.2308955000000053
2010-08-18,0.2282449999999996,0.2181950000000009,0.22322000000000025
2010-08-19,0.21671500000002286,0.23019900000001167,0.22345700000001728
2010-08-20,0.0885590000000031,0.04990000000002248,0.0692295000000128
2010-09-07,0.23860200000000353,0.23976700000000384,0.23918450000000369
2010-09-08,0.21723100000000042,0.21805000000000133,0.21764050000000087
2010-09-09,0.20426600000005965,0.2049850000002261,0.20462550000014287
2010-09-10,0.2037219999999992,0.20464699999999875,0.204184499999999
2010-09-13,0.2170409999999991,0.21385099999999913,0.2154459999999991
2010-09-14,0.21272700000001724,0.2187210000000118,0.21572400000001452
2010-09-15,0.1910819999999065,0.22807799999999992,0.2095799999999532
2010-09-16,0.08451899999999242,0.19672000000000153,0.14061949999999698
2010-09-17,0.046705999999998034,0.16654100000000652,0.10662350000000227
2010-09-20,0.2010739999999996,0.1882089999999989,0.19464149999999925
2010-09-21,0.200771000000001,0.20091799999999888,0.20084449999999993
2010-09-22,0.22385900000000014,0.21674499999999997,0.22030200000000005
2010-09-23,0.2266870000004365,0.2310279999995344,0.22885749999998545
2010-09-24,0.2160250000000023,0.2042060000000144,0.21011550000000834
2010-09-27,0.24810799999983796,0.24866699999983924,0.2483874999998386
2010-09-28,0.29847299999965915,0.24228799999999714,0.27038049999982816
2010-09-29,0.23450799999999922,0.26907499999963014,0.25179149999981465
2010-10-04,0.22411099999999282,0.2230769999999954,0.2235939999999941
2010-10-05,0.21738000000002294,0.2107490000000393,0.21406450000003113
2010-10-06,0.19930699999999904,0.20044700000000015,0.19987699999999958
2010-10-07,0.20458100000002002,0.20401700000002035,0.2042990000000202
2010-10-08,0.20623100000006264,0.18780900000038528,0.19702000000022396
2010-10-11,0.20022299999997267,0.1996969999999715,0.1999599999999721
2010-10-12,0.2121229999999917,0.2149819999999967,0.2135524999999942
2010-10-13,0.19452000000000155,0.1785349999999998,0.18652750000000068
2010-10-14,0.1570990000000005,0.18055800000000025,0.16882850000000038
2010-10-15,0.07071099999999941,0.04745099999999842,0.05908099999999891
2010-11-08,0.18772899999995762,0.18700100000000067,0.18736499999997913
2010-11-09,0.19861500000000454,0.20140000000000288,0.20000750000000372
2010-11-10,0.1927469999999998,0.19340300000000044,0.1930750000000001
2010-11-11,0.1871780000004096,0.18813300000043984,0.18765550000042472
2010-11-12,0.20936899999999997,0.21138000000000048,0.21037450000000024
2010-11-15,0.22742399999969445,0.21061500000000202,0.21901949999984824
2010-11-16,0.2519210000000024,0.2627399999999984,0.2573305000000004
2010-11-17,0.2167169999999993,0.205741,0.21122899999999967
2010-11-18,0.19542300000000085,0.16894699999999951,0.18218500000000018
2010-11-19,0.07397399999999751,0.26918499999999995,0.17157949999999872
2010-12-06,0.19176999999999916,0.19212499999999888,0.19194749999999902
2010-12-07,0.19902399999999928,0.1999690000000001,0.1994964999999997
2010-12-08,0.19963800000035914,0.200627000000322,0.20013250000034055
2010-12-09,0.18704700000001492,0.18781200000001558,0.18742950000001524
2010-12-10,0.18003499999980593,0.17698599999976966,0.1785104999997878
2010-12-13,0.1972519999999991,0.19937600000000053,0.19831399999999982
2010-12-14,0.17651800000000217,0.1802220000000016,0.1783700000000019
2010-12-15,0.15684500000048257,0.1847580000000268,0.17080150000025468
2010-12-16,0.11513799999999537,0.1380640000000024,0.12660099999999888
2010-12-17,0.026263000000044175,0.07722300000000584,0.051743000000025005
2010-12-20,0.17282299999999864,0.16396500000000172,0.16839400000000018
2010-12-21,0.16385899999999975,0.1639069999999995,0.1638829999999996
2010-12-22,0.16590800000000053,0.13347099999999862,0.1496894999999996
2010-12-23,0.15474099999999988,0.14193300000000017,0.14833700000000002
2010-12-27,0.16381200000000112,0.16266900000000023,0.16324050000000068
2010-12-28,0.16430700000000226,0.15817099999999676,0.16123899999999952
2010-12-29,0.13792499999999933,0.15844499999999997,0.14818499999999965
2010-12-30,0.16323199999999638,0.15993599999999877,0.16158399999999756
2011-01-10,0.17930799999999947,0.1672380000000015,0.17327300000000048
2011-01-11,0.164138,0.1526610000000006,0.1583995000000003
2011-01-12,0.14865299999992435,0.14050099999985793,0.14457699999989115
2011-01-13,0.15762799999953023,0.15769399999953476,0.15766099999953248
2011-01-14,0.140395999999958,0.1409409999998871,0.14066849999992254
2011-01-18,0.1491310000000013,0.16668699999999956,0.1579090000000004
2011-01-19,0.1571859999999479,0.18600400000003958,0.17159499999999372
2011-01-20,0.166174,0.17680100000000726,0.17148750000000362
2011-01-21,0.12723900000022723,0.02325499999998326,0.07524700000010524
2011-02-07,0.1847970000000017,0.1848460000000011,0.18482150000000142
2011-02-08,0.1861800000000016,0.1887419999999998,0.1874610000000007
2011-02-09,0.19060399999999947,0.1921559999999998,0.19137999999999963
2011-02-10,0.1787779999997209,0.17915099999972398,0.17896449999972244
2011-02-11,0.1754209999996982,0.1756199999997024,0.17552049999970032
2011-02-14,0.19238500000000044,0.18798400000000107,0.19018450000000076
2011-02-15,0.20236599999999966,0.21738500000000044,0.20987550000000005
2011-02-16,0.19791499999999032,0.18572499999998704,0.19181999999998867
2011-02-17,0.16090299999999244,0.1497019999999537,0.1553024999999731
2011-02-18,3.435536000000007,0.033974999999997854,1.7347555000000023
2011-02-22,0.27472099999999894,0.28995500000000146,0.2823380000000002
2011-02-23,0.3002430000000002,0.2897709999999976,0.2950069999999989
2011-02-24,0.2906449999999966,0.30058000000000246,0.2956124999999995
2011-02-25,0.23351700000000014,0.206122,0.21981950000000006
2011-02-28,0.21286099999999988,0.2401400000000003,0.2265005000000001
2011-03-01,0.28306199999999426,0.27284199999998937,0.2779519999999918
2011-03-02,0.24657799999997415,0.25166499999998776,0.24912149999998096
2011-03-03,0.20556800000002728,0.2397700000000007,0.222669000000014
2011-03-04,0.21562699999999999,0.21696500000000063,0.21629600000000032
2011-03-07,0.24581400000000045,0.2773310000000007,0.2615725000000006
2011-03-08,0.26428899999999766,0.2666379999999972,0.2654634999999974
2011-03-09,0.2672219999999993,0.26267099999999594,0.26494649999999764
2011-03-10,0.35673699999999514,0.35705199999999876,0.35689449999999695
2011-03-11,0.2367269999999926,0.22102899999997927,0.22887799999998593
2011-03-14,0.24378500000046632,0.21783000000000263,0.23080750000023448
2011-03-15,0.2728049999999984,0.24558299999999872,0.2591939999999986
2011-03-16,0.3243890000000028,0.32145000000000146,0.32291950000000214
2011-03-17,0.22100100000006181,0.19930800000005322,0.21015450000005753
2011-03-18,0.22334599999999247,0.07047799999999468,0.14691199999999358
2011-03-21,0.23329500000000264,0.24014499999999822,0.23672000000000043
2011-03-22,0.2442179999999995,0.22804499999999991,0.23613149999999972
2011-03-23,0.2314140000003771,0.23184200000036562,0.23162800000037137
2011-03-24,0.20551100000000153,0.24264800000000275,0.22407950000000215
2011-03-25,0.20504700000000023,0.2051869999999978,0.205116999999999
2011-03-28,0.25134299999999754,0.248197,0.24976999999999877
2011-03-29,0.22556999999996477,0.23281299999998872,0.22919149999997673
2011-03-30,0.23027399999999812,0.20662000000000144,0.21844699999999978
2011-03-31,0.250585000000001,0.23233400000000345,0.24145950000000221
2011-04-01,0.20324499999999876,0.18815900000000066,0.1957019999999997
2011-04-04,0.2120979999999995,0.21265800000000107,0.2123780000000003
2011-04-05,0.20483400000002136,0.20707300000001813,0.20595350000001975
2011-04-06,0.21095199999990538,0.2272339999999925,0.21909299999994894
2011-04-07,0.22286599999999798,0.21977499999999753,0.22132049999999776
2011-04-08,0.1902489999999985,0.19031000000000362,0.19027950000000105
2011-04-11,0.24138999999999797,0.23751900000000128,0.23945449999999963
2011-04-12,0.2531540000000004,0.2281429999999974,0.24064849999999888
2011-04-13,0.19790299999999902,0.2055989999999997,0.20175099999999935
2011-04-14,0.14511300000000935,0.15554500000000296,0.15032900000000615
2011-04-15,0.10599000000000058,0.04628699999999558,0.07613849999999808
2011-04-18,0.2597629999999997,0.2565260000000001,0.2581444999999999
2011-04-19,0.23081299999999982,0.19771099999999925,0.21426199999999954
2011-04-20,0.18392900000000603,0.23771799999999116,0.2108234999999986
2011-04-21,0.17219700000000113,0.15999400000000027,0.1660955000000007
2011-04-25,0.1965699999999981,0.21273400000000006,0.20465199999999908
2011-04-26,0.20885599999999951,0.21106399999999964,0.2099599999999996
2011-04-27,0.22681200000000204,0.2337369999998777,0.23027449999993987
2011-04-28,0.23376899999999795,0.2403549999999977,0.23706199999999783
2011-04-29,0.18626399999988344,0.18746299999977808,0.18686349999983076
2011-05-02,0.23487900000018416,0.23689600000015518,0.23588750000016967
2011-05-03,0.2522840000000018,0.26005199999999784,0.25616799999999984
2011-05-04,0.28028999999999527,0.2783829999999953,0.27933649999999527
2011-05-05,0.3841640000000009,0.42152899999999915,0.4028465
2011-05-06,0.27205999999999936,0.27264000000000005,0.2723499999999997
2011-05-09,0.26858899999977603,0.26902899999977464,0.26880899999977537
2011-05-10,0.26304099999999975,0.2653080000000001,0.2641744999999999
2011-05-11,0.31835400000000225,0.3186669999999963,0.31851049999999925
2011-05-12,0.3565900000000017,0.3177620000000027,0.3371760000000022
2011-05-13,0.25676299999999985,0.24703800000000165,0.25190050000000075
2011-05-16,0.28553900000000276,0.27867000000000036,0.28210450000000153
2011-05-17,0.23857899999999935,0.27364600000000056,0.25611249999999997
2011-05-18,0.21161800000008024,0.21199000000007356,0.2118040000000769
2011-05-19,0.18762599999999874,0.1714639999999992,0.17954499999999896
2011-05-20,0.058129999999993597,0.24469599999999858,0.15141299999999608
2011-05-23,0.31921100000003694,0.29629500000014364,0.3077530000000903
2011-05-24,0.27329299999999934,0.2736660000000014,0.2734795000000004
2011-05-25,0.23731300000000305,0.24666300000000488,0.24198800000000398
2011-05-26,0.2105410000000088,0.24904599999999869,0.22979350000000376
2011-05-27,0.2026680000000015,0.1836590000000054,0.19316350000000346
2011-05-31,0.21991199999999958,0.24724800000000052,0.23358000000000007
2011-06-01,0.3046980000000014,0.26841300000001583,0.2865555000000086
2011-06-02,0.2801240000004846,0.29663800000016216,0.2883810000003234
2011-06-03,0.23689800000000114,0.22897199999999995,0.23293500000000056
2011-06-06,0.2829510000000799,0.2800590000001003,0.2815050000000901
2011-06-07,0.28266200000000113,0.28302800000000033,0.28284500000000073
2011-06-08,0.31582100000000046,0.28837300000000105,0.3020970000000007
2011-06-09,0.25923200000040514,0.26925300000019303,0.2642425000002991
2011-06-10,0.239003999999998,0.23463699999999948,0.23682049999999874
2011-06-13,0.26865099999999964,0.2670619999999995,0.2678564999999996
2011-06-14,0.22010000000000202,0.23409300000000652,0.22709650000000425
2011-06-15,0.26397400000020466,0.2505259999999988,0.25725000000010173
2011-06-16,0.22159899999999677,0.2449220000000042,0.23326050000000048
2011-06-17,0.05330699999999343,0.10044800000000453,0.07687749999999899
2011-06-20,0.2855960000004957,0.28600699999949886,0.28580149999999727
2011-06-21,0.27935600000000016,0.27396800000000415,0.2766620000000022
2011-06-22,0.30058099999999666,0.26138599999999906,0.28098349999999783
2011-06-23,0.3458939999999945,0.29820699999999656,0.3220504999999955
2011-06-24,0.27651199999999987,0.2618560000000017,0.26918400000000076
2011-06-27,0.31280400000000175,0.2993950000000025,0.30609950000000213
2011-06-28,0.2869309999999988,0.29677300000000284,0.29185200000000083
2011-06-29,0.24000800000000055,0.260260000000003,0.25013400000000174
2011-06-30,0.27548199999999856,0.24188999999969096,0.25868599999984476
2011-07-01,0.18119000000000052,0.17770399999999853,0.17944699999999952
2011-07-05,0.2200959999999986,0.22611899999999988,0.22310749999999924
2011-07-06,0.17760400000000184,0.23905999999999947,0.20833200000000066
2011-07-07,0.18135499999999938,0.2892890000000038,0.23532200000000159
2011-07-08,0.17131299999980096,0.17156999999980288,0.1714414999998019
2011-07-11,0.23178499999999497,0.23037199999999866,0.2310784999999968
2011-07-12,0.23004300000000014,0.22884700000000396,0.22944500000000206
2011-07-13,0.20865300000000114,0.21281299999999911,0.21073300000000011
2011-07-14,0.20371399999999923,0.1903179999999994,0.1970159999999993
2011-07-15,0.03798900000000253,0.03327000000036418,0.035629500000183355
2011-07-18,0.263267000000023,0.2795330000000057,0.27140000000001435
2011-07-19,0.22401500000009172,0.2509560000000997,0.23748550000009572
2011-07-20,0.2386089999999995,0.24987699999999485,0.24424299999999716
2011-07-21,0.23769099999999482,0.2602029999999994,0.24894699999999712
2011-07-22,0.1980569999999989,0.20121499999999887,0.19963599999999887
2011-07-25,0.2703580000000133,0.2677010000000134,0.26902950000001336
2011-07-26,0.29895599999999956,0.27656100000000033,0.2877584999999999
2011-07-27,0.3195750000000025,0.27468400000000237,0.29712950000000243
2011-07-28,0.45621799999999424,0.27731900000006576,0.36676850000003003
2011-07-29,0.33180300000000046,0.29399800000000015,0.3129005000000003
2011-08-01,0.33658900000000236,0.3259169999999998,0.3312530000000011
2011-08-02,0.36870100000000056,0.3672250000000011,0.3679630000000008
2011-08-03,0.344750999999998,0.3289410000000044,0.3368460000000012
2011-08-04,0.601826999999887,0.7368069999999977,0.6693169999999423
2011-08-05,0.48674699999999793,0.5308919999999977,0.5088194999999978
2011-08-08,0.796024999999997,0.7844759999999991,0.790250499999998
2011-08-09,0.5969430000000013,0.6315320000000005,0.6142375000000009
2011-08-10,0.7447890000004274,0.8526259999999071,0.7987075000001672
2011-08-11,0.790872000000005,0.6216439999995232,0.7062579999997641
2011-08-12,0.38137499999999996,0.3794979999999985,0.38043649999999923
2011-08-15,0.3519649999999995,0.3291639999999977,0.3405644999999986
2011-08-16,0.34452100000000097,0.3696320000000017,0.35707650000000135
2011-08-17,0.29271900000002776,0.30962800000000773,0.30117350000001775
2011-08-18,0.43831600000001364,0.46812600000000265,0.45322100000000815
2011-08-19,0.10452599999999362,0.10960299999993471,0.10706449999996417
2011-08-22,0.5658830000000014,0.5892699999999986,0.5775764999999999
2011-08-23,0.45411799999999974,0.47581600000000035,0.464967
2011-08-24,0.48218600000000184,0.4902219999999994,0.48620400000000064
2011-08-25,0.6300680000001723,0.6936280000000229,0.6618480000000976
2011-08-26,0.41843999999994064,0.4199909999999429,0.4192154999999418
2011-08-29,0.4019910000000021,0.38297000000000025,0.3924805000000012
2011-08-30,0.4359569999998439,0.41806799999975314,0.4270124999997985
2011-08-31,0.3745470000000298,0.4821639999999967,0.4283555000000132
2011-09-01,0.40658000000000066,0.49502500000000227,0.45080250000000144
2011-09-02,0.3644099999999989,0.35406399999999855,0.3592369999999987
2011-09-06,0.5205089999999992,0.4529750000000193,0.4867420000000092
2011-09-07,0.4029999999997427,0.4058349999997581,0.4044174999997504
2011-09-08,0.4988079999999972,0.477578999999999,0.48819349999999806
2011-09-09,0.4339070000000009,0.4264949999999988,0.43020099999999983
2011-09-12,0.4422980000001879,0.4407380000001534,0.4415180000001706
2011-09-13,0.4113449999999984,0.40207700000000046,0.40671099999999943
2011-09-14,0.3500119999999968,0.3364639999999986,0.3432379999999977
2011-09-15,0.2550380000000008,0.2923779999999838,0.2737079999999923
2011-09-16,0.058591999999998395,0.06663100000039975,0.06261150000019908
2011-09-19,0.4476920000000343,0.4264070000001984,0.43704950000011633
2011-09-20,0.4490710000000003,0.4367550000000032,0.4429130000000018
2011-09-21,0.5238289999999,0.47838999999973975,0.5011094999998198
2011-09-22,0.7076690000000043,0.6505040000000023,0.6790865000000033
2011-09-23,0.519925,0.5216990000000012,0.5208120000000006
2011-09-26,0.5121119999998854,0.48701699999978737,0.49956449999983643
2011-09-27,0.5227589999999994,0.5119640000000006,0.5173615
2011-09-28,0.5789019999999993,0.5934879999999993,0.5861949999999994
2011-09-29,0.5541349999999968,0.5826039999999988,0.5683694999999978
2011-09-30,0.5433119999999987,0.4912020000000004,0.5172569999999995
2011-10-03,0.6636410000000004,0.6492489999999985,0.6564449999999995
2011-10-04,0.6064039999999997,0.5517629999999999,0.5790834999999999
2011-10-05,0.5041390000002812,0.4959390000003905,0.5000390000003359
2011-10-06,0.5238250000001025,0.4606799999999972,0.49225250000004983
2011-10-07,0.4181419999999994,0.4203139999999988,0.4192279999999991
2011-10-10,0.44141099999999983,0.4721070000000011,0.45675900000000047
2011-10-11,0.36583200000000016,0.44229799999999636,0.40406499999999823
2011-10-12,0.4111860000000018,0.35854099999999783,0.3848634999999998
2011-10-13,0.39613199999999477,0.3439879999999887,0.37005999999999173
2011-10-14,0.27155500000000043,0.2721839999999994,0.27186949999999993
2011-10-17,0.3692890000000002,0.37545600000000046,0.37237250000000033
2011-10-18,0.3325190000001836,0.34029600000012006,0.33640750000015185
2011-10-19,0.33279900000000057,0.3477619999999967,0.34028049999999865
2011-10-20,0.29837200000020303,0.272901999999999,0.285637000000101
2011-10-21,0.07395099999999884,0.13364299999998763,0.10379699999999323
2011-10-24,0.3943720000000024,0.3896170000000006,0.39199450000000147
2011-10-25,0.4531399999996414,0.5288020000002485,0.4909709999999449
2011-10-26,0.4352570000002623,0.43811700000022735,0.43668700000024485
2011-10-27,0.3135030000002872,0.3453499999999737,0.3294265000001304
2011-10-28,0.2855719999999997,0.2878050000000013,0.2866885000000005
2011-10-31,0.4074869999999995,0.3838550000000012,0.39567100000000033
2011-11-01,0.622445000000001,0.5024679999999996,0.5624565000000004
2011-11-02,0.4893150000000603,0.43469799999959935,0.4620064999998298
2011-11-03,0.4458640000000425,0.3807760000000018,0.4133200000000221
2011-11-04,0.33540499999999823,0.3377610000000021,0.3365830000000002
2011-11-07,0.3652120000000012,0.35561699999999774,0.36041449999999947
2011-11-08,0.31527499999999736,0.32140800000000064,0.318341499999999
2011-11-09,0.47630100000000286,0.4741910000000029,0.4752460000000029
2011-11-10,0.4154910000000043,0.4055249999999983,0.4105080000000013
2011-11-11,0.30412600000000034,0.3067749999999982,0.3054504999999993
2011-11-14,0.3565460000000007,0.35790199999999867,0.35722399999999965
2011-11-15,0.34516499999999867,0.34566300000000166,0.34541400000000017
2011-11-16,0.3519799999999991,0.35636599999999813,0.35417299999999863
2011-11-17,0.24576299999993464,0.40205100000037847,0.32390700000015654
2011-11-18,0.11156999999953797,0.06409799999997226,0.08783399999975511
2011-11-21,0.41083899999999657,0.36482800000000304,0.38783349999999983
2011-11-22,0.3620429999999965,0.3561510000000016,0.35909699999999906
2011-11-23,0.3401070000000107,0.3055280000000872,0.32281750000004894
2011-11-25,0.42690799999998535,0.4148099999999768,0.4208589999999811
2011-11-28,0.3968869999999987,0.42827899999999824,0.4125829999999985
2011-11-29,0.42336799999999847,0.37835100000000105,0.40085949999999976
2011-11-30,0.37374899999999583,0.304699999999994,0.33922449999999493
2011-12-01,0.35443999999966486,0.37652499999996464,0.36548249999981475
2011-12-02,0.3462959999999959,0.32095700000000055,0.3336264999999982
2011-12-05,0.3407999999999964,0.36333400000000154,0.35206699999999896
2011-12-06,0.3566309999999996,0.35512199999999755,0.3558764999999986
2011-12-07,0.40155300000003424,0.38486000000007836,0.3932065000000563
2011-12-08,0.4581689999999424,0.5260020000000664,0.4920855000000044
2011-12-09,0.30883799999955536,0.2924600000001825,0.30064899999986894
2011-12-12,0.33587800000000345,0.33516600000000024,0.3355220000000019
2011-12-13,0.3380499999999902,0.32858499999998964,0.33331749999998994
2011-12-14,0.35453599999989294,0.3567139999998912,0.35562499999989206
2011-12-15,0.26999800000027296,0.2706940000002676,0.2703460000002703
2011-12-16,0.07208700000015075,0.044370000000001096,0.05822850000007593
2011-12-19,0.33499200000049156,0.32998300000033337,0.3324875000004125
2011-12-20,0.2689720000002273,0.2964650000000321,0.2827185000001297
2011-12-21,0.25310499999999647,0.2872000000000022,0.27015249999999935
2011-12-22,0.23594499999999285,0.25045399999958895,0.2431994999997909
2011-12-23,0.19896500000010064,0.18909400000027288,0.19402950000018676
2011-12-27,0.24457700000000032,0.23106300000000216,0.23782000000000125
2011-12-28,0.26273099999997834,0.30229099999999715,0.28251099999998774
2011-12-29,0.24542600000001077,0.21391800000015576,0.22967200000008325
2011-12-30,0.22328400000032028,0.20823499999999856,0.21575950000015942
2012-01-03,0.23123799999999753,0.2531249999999982,0.24218149999999788
2012-01-04,0.23484900000000075,0.22798899999999947,0.2314190000000001
2012-01-05,0.26046699999999934,0.3050129999999977,0.28273999999999855
2012-01-06,0.2276850000000456,0.22657900000004916,0.22713200000004738
2012-01-09,0.23092200000000127,0.2331539999999984,0.23203799999999983
2012-01-10,0.20548000000000155,0.23632599999999965,0.2209030000000006
2012-01-11,0.21653200000000614,0.26584400000000236,0.24118800000000423
2012-01-12,0.25378299999994103,0.23997299999999416,0.2468779999999676
2012-01-13,0.19860100000020675,0.19877300000020542,0.1986870000002061
2012-01-17,0.22457499999997005,0.214810999999954,0.21969299999996203
2012-01-18,0.1881070000000019,0.1905049999999976,0.18930599999999975
2012-01-19,0.1736400000000007,0.18942399999965795,0.18153199999982933
2012-01-20,3.458204000000004,0.062494000000003505,1.7603490000000037
2012-01-23,0.21254499999999996,0.19974199999999523,0.2061434999999976
2012-01-24,0.19383800000010837,0.20213600000005186,0.19798700000008013
2012-01-25,0.2237099999999964,0.1592710000000072,0.1914905000000018
2012-01-26,0.21072599999999844,0.2147059999999923,0.21271599999999535
2012-01-27,0.21777600000046213,0.21064499999988068,0.2142105000001714
2012-01-30,0.2517100000000014,0.25728599999999935,0.25449800000000034
2012-01-31,0.2627240000000116,0.2432940000000585,0.25300900000003507
2012-02-01,0.25734600000000046,0.23145700000000258,0.24440150000000152
2012-02-02,0.21914899999999965,0.2273529999998594,0.22325099999992953
2012-02-03,0.18079499999999912,0.1714400000000026,0.17611750000000087
2012-02-06,0.19203200000000012,0.20254399999991096,0.19728799999995555
2012-02-07,0.20894800000000216,0.2112479999999997,0.21009800000000095
2012-02-08,0.19234600000037713,0.22543800000001954,0.20889200000019834
2012-02-09,0.20597500000000235,0.2028590000000004,0.20441700000000138
2012-02-10,0.20782699999996682,0.209138999999943,0.2084829999999549
2012-02-13,0.21378299999999822,0.21476099999999726,0.21427199999999774
2012-02-14,0.1964629999999993,0.21172500000000227,0.20409400000000077
2012-02-15,0.1923370000000008,0.2210809999999983,0.20670899999999956
2012-02-16,0.16024000000000016,0.15373700000000354,0.15698850000000186
2012-02-17,0.04601099999999694,0.05804900000030596,0.052030000000151455
2012-02-21,0.2035949999999961,0.20785100000000042,0.20572299999999827
2012-02-22,0.1788050000000007,0.20357000000000539,0.19118750000000306
2012-02-23,0.1850170000000029,0.18526000000000284,0.18513850000000287
2012-02-24,0.17202399999999765,0.1703029999999996,0.17116349999999864
2012-02-27,0.21399200000000115,0.2050230000000032,0.20950750000000218
2012-02-28,0.20960300000000828,0.1989040000000201,0.2042535000000142
2012-02-29,0.24061200000000096,0.20463499999999277,0.22262349999999687
2012-03-01,0.20637400000000092,0.19949299999999795,0.20293349999999943
2012-03-02,0.1820869999999982,0.18151999999999743,0.18180349999999781
2012-03-05,0.2184189999999996,0.20091400000000292,0.20966650000000125
2012-03-06,0.24575599999999662,0.2518599999999985,0.24880799999999753
2012-03-07,0.22286000000000059,0.22559499999999905,0.2242274999999998
2012-03-08,0.2426000000000028,0.23949899999999982,0.2410495000000013
2012-03-09,0.15887300000000146,0.16171799999999845,0.16029549999999995
2012-03-12,0.16736099999999932,0.1668179999999986,0.16708949999999895
2012-03-13,0.15757799999999966,0.14026399999999858,0.14892099999999914
2012-03-14,0.13628899999971533,0.16015799999993252,0.14822349999982393
2012-03-15,0.12380099999999683,0.14746900000000185,0.13563499999999934
2012-03-16,0.03597499999999318,0.11708000000000099,0.07652749999999708
2012-03-19,0.18066500000000005,0.16511700000000232,0.17289100000000118
2012-03-20,0.1959080000000198,0.20940600000000928,0.20265700000001452
2012-03-21,0.2302870000000043,0.2096520000000009,0.2199695000000026
2012-03-22,0.27246900000000057,0.25380999999999276,0.26313949999999664
2012-03-23,0.2164000000000022,0.2056710000000025,0.21103550000000235
2012-03-26,0.20006400000000116,0.20221199999999978,0.20113800000000048
2012-03-27,0.2317319999999066,0.22639499999987941,0.229063499999893
2012-03-28,0.2381830000000025,0.2481479999999989,0.2431655000000007
2012-03-29,0.2380070000000394,0.1899980000000013,0.21400250000002036
2012-03-30,0.1705690000000009,0.17059200000000072,0.1705805000000008
2012-04-02,0.17594899999999777,0.20503099999999097,0.19048999999999439
2012-04-03,0.185128000000013,0.1926520000000043,0.18889000000000866
2012-04-04,0.21078500000000105,0.18718899999999702,0.19898699999999903
2012-04-05,0.18875100000000028,0.17205399999999946,0.18040249999999985
2012-04-09,0.2268020000000001,0.22905900000000332,0.2279305000000017
2012-04-10,0.2887120000000019,0.26986800000000033,0.27929000000000115
2012-04-11,0.23776900000038473,0.27110800000003205,0.2544385000002084
2012-04-12,0.22609899999999725,0.22276000000000548,0.22442950000000136
2012-04-13,0.2193809999999992,0.22128699999999832,0.22033399999999875
2012-04-16,0.25257399999999786,0.24678599999999903,0.24967999999999846
2012-04-17,0.2529920000000271,0.21457799999967014,0.23378499999984861
2012-04-18,0.21115600000000462,0.2034739999999992,0.20731500000000191
2012-04-19,0.19946600000000805,0.16767499999999685,0.18357050000000247
2012-04-20,0.021418999999999955,0.19042400000003953,0.10592150000001975
2012-04-23,0.2476099999999974,0.23765800000000062,0.24263399999999902
2012-04-24,0.24107800000000412,0.26215299999999847,0.2516155000000013
2012-04-25,0.2093880000000002,0.21458500000000005,0.21198650000000013
2012-04-26,0.16581899999999603,0.2147430000002677,0.19028100000013187
2012-04-27,0.16402100000000153,0.16474000000000044,0.16438050000000098
2012-04-30,0.1957080000000033,0.20132499999999973,0.1985165000000015
2012-05-01,0.17541499999972515,0.18763400000020153,0.18152449999996334
2012-05-02,0.18986899999999754,0.23083900000000024,0.21035399999999888
2012-05-03,0.2482389999999969,0.2588809999999965,0.2535599999999967
2012-05-04,0.2419100000000001,0.2331799999999998,0.23754499999999995
2012-05-07,0.26854899999971876,0.25317899999950344,0.2608639999996111
2012-05-08,0.2676810000000014,0.25381699999999646,0.2607489999999989
2012-05-09,0.28306000000000214,0.29913499999999876,0.29109750000000045
2012-05-10,0.242505000000019,0.2821050000000031,0.26230500000001106
2012-05-11,0.23389899999999955,0.23556299999999905,0.2347309999999993
2012-05-14,0.2726599999999994,0.2721779999999991,0.27241899999999925
2012-05-15,0.292189,0.27350199999999725,0.28284549999999864
2012-05-16,0.29077999999999943,0.2545350000000018,0.2726575000000006
2012-05-17,0.2972849999999994,0.24020700000000375,0.2687460000000016
2012-05-18,0.017853999999989458,0.09196900000002901,0.05491150000000924
2012-05-21,0.2994349999999598,0.2834489999999285,0.29144199999994413
2012-05-22,0.2992369999999989,0.3136320000000013,0.3064345000000001
2012-05-23,0.3074310000004153,0.30519300000043237,0.3063120000004238
2012-05-24,0.24795499999999962,0.3178220000001901,0.28288850000009486
2012-05-25,0.24264300000041444,0.23771700000027754,0.240180000000346
2012-05-29,0.24798099999999906,0.28642100000000026,0.2672009999999997
2012-05-30,0.33821000000000034,0.3359039999999994,0.3370569999999999
2012-05-31,0.36206599999999944,0.3386509999999923,0.3503584999999959
2012-06-01,0.3498600000000003,0.33007599999999837,0.3399679999999993
2012-06-04,0.3724580000000009,0.33818600000000065,0.3553220000000008
2012-06-05,0.34419000000000216,0.3287149999999993,0.3364525000000007
2012-06-06,0.31521499999999786,0.304530000000003,0.30987250000000044
2012-06-07,0.3419400000000022,0.2882679999999952,0.3151039999999987
2012-06-08,0.23059600000000072,0.230209000000001,0.23040250000000084
2012-06-11,0.27577400000027025,0.2754670000002595,0.27562050000026483
2012-06-12,0.23262700000000588,0.2455690000002108,0.23909800000010833
2012-06-13,0.2312580000000038,0.26511499999999943,0.24818650000000161
2012-06-14,0.1852299999997427,0.21407100000004672,0.1996504999998947
2012-06-15,0.08394999999999417,0.06376300000003446,0.07385650000001431
2012-06-18,0.251970999999997,0.2616809999999994,0.2568259999999982
2012-06-19,0.2448400000000013,0.24108599999999958,0.24296300000000043
2012-06-20,0.22337300000000362,0.2661059999997003,0.24473949999985195
2012-06-21,0.2923970000000002,0.3610619999999976,0.3267294999999989
2012-06-22,0.26106200000002494,0.24275300000010763,0.2519075000000663
2012-06-25,0.31635200000009345,0.3110630000001711,0.31370750000013226
2012-06-26,0.30514100000001054,0.276477000000058,0.2908090000000343
2012-06-27,0.26172299999953225,0.2673689999995699,0.2645459999995511
2012-06-28,0.33755800000012703,0.2726319999999997,0.3050950000000634
2012-06-29,0.17930800000049593,0.18020300000044942,0.1797555000004727
2012-07-02,0.19559099999999918,0.1961229999999999,0.19585699999999956
2012-07-03,0.1888400000000128,0.20554300000000872,0.19719150000001076
2012-07-05,0.2661699999999992,0.27361099999999977,0.2698904999999995
2012-07-06,0.22175400000000017,0.19891100000000028,0.21033250000000023
2012-07-09,0.25369999999999865,0.2342550000000026,0.24397750000000062
2012-07-10,0.2783829999999991,0.24051899999999765,0.2594509999999984
2012-07-11,0.28562399999999855,0.23160799999999682,0.2586159999999977
2012-07-12,0.26863200000000487,0.2885820000000023,0.2786070000000036
2012-07-13,0.178051,0.17887499999999656,0.17846299999999826
2012-07-16,0.20356199999999872,0.20377500000000096,0.20366849999999984
2012-07-17,0.17974899999999933,0.19092700000000173,0.18533800000000053
2012-07-18,0.1527109999999995,0.16733299999999848,0.160021999999999
2012-07-19,0.14821099999999773,0.14607300000000373,0.14714200000000072
2012-07-20,0.04059299999990911,0.09806100000000192,0.06932699999995552
2012-07-23,0.23647699999999852,0.2528660000000006,0.24467149999999954
2012-07-24,0.29259299999999994,0.2930319999999999,0.2928124999999999
2012-07-25,0.25168800000000197,0.3077219999999988,0.27970500000000037
2012-07-26,0.2566480000000087,0.21179300000000814,0.23422050000000844
2012-07-27,0.21003400000000363,0.20990399999999837,0.20996900000000102
2012-07-30,0.2424839999999529,0.251485999999969,0.24698499999996096
2012-07-31,0.28489600000000015,0.30128699999999947,0.29309149999999984
2012-08-01,0.30216400000024685,0.3025190000002437,0.3023415000002453
2012-08-02,0.2662550000000243,0.24880500000008948,0.2575300000000569
2012-08-03,0.18835099999999994,0.17615599999999826,0.1822534999999991
2012-08-06,0.20256099999999935,0.20987000000000294,0.20621550000000116
2012-08-07,0.19841799999999846,0.20470300000000374,0.20156050000000109
2012-08-08,0.19201399999999902,0.20205100000000206,0.19703250000000055
2012-08-09,0.1564080000000043,0.22005800000000045,0.18823300000000237
2012-08-10,0.14759999999999845,0.14359399999999778,0.14559699999999812
2012-08-13,0.1636669999999995,0.1620069999999994,0.16283699999999945
2012-08-14,0.16435399999999806,0.16483099999999867,0.16459249999999837
2012-08-15,0.13216699999994902,0.16141099999998879,0.14678899999996892
2012-08-16,0.12443600000000053,0.11296399999999818,0.11869999999999936
2012-08-17,0.03840100000000245,0.027009999999704864,0.03270549999985366
2012-08-20,0.16340100000000052,0.15552000000000138,0.15946050000000095
2012-08-21,0.17961699999999983,0.16848200000000102,0.1740495000000004
2012-08-22,0.16847399999999899,0.18062999999999713,0.17455199999999804
2012-08-23,0.1917910000000069,0.1953880000000056,0.19358950000000624
2012-08-24,0.16811699999961796,0.15742800000029222,0.16277249999995508
2012-08-27,0.17598400000003175,0.1914240000002032,0.1837040000001175
2012-08-28,0.1837919999998197,0.20341899999992816,0.19360549999987392
2012-08-29,0.20990599999999787,0.1793850000000046,0.19464550000000125
2012-08-30,0.2277480000002737,0.23833700000011573,0.23304250000019472
2012-08-31,0.16139400000000045,0.15843299999999813,0.1599134999999993
2012-09-04,0.21007499999999846,0.2143760000000055,0.21222550000000198
2012-09-05,0.23620000000000466,0.22192500000001003,0.22906250000000733
2012-09-06,0.20903699999999506,0.22297599999999748,0.21600649999999627
2012-09-07,0.15813599999999872,0.15819600000000142,0.15816600000000008
2012-09-10,0.19891899999999887,0.20104399999999978,0.1999814999999993
2012-09-11,0.23681200000038163,0.2053919999999996,0.22110200000019062
2012-09-12,0.22131700000000068,0.24225099999999647,0.23178399999999857
2012-09-13,0.19853700000004765,0.23462200000000485,0.21657950000002624
2012-09-14,0.15289899999999476,0.1527979999999953,0.15284849999999503
2012-09-17,0.1553650000000007,0.1563010000000003,0.1558330000000005
2012-09-18,0.1384359999999616,0.184064999999995,0.16125049999997831
2012-09-19,0.15644500000012165,0.14712900000040077,0.1517870000002612
2012-09-20,0.10201899999999907,0.16412999999999472,0.1330744999999969
2012-09-21,0.09394700000000301,0.03971300000040177,0.0668300000002024
2012-09-24,0.16840799999999922,0.17863599999999863,0.17352199999999893
2012-09-25,0.18881599999999987,0.19674400000000128,0.19278000000000056
2012-09-26,0.19811900000004581,0.20791400000002436,0.20301650000003507
2012-09-27,0.19586200000000276,0.17913399999999646,0.1874979999999996
2012-09-28,0.17141399999999699,0.16092999999998958,0.16617199999999327
2012-10-01,0.19409700000000205,0.18475200000000247,0.18942450000000227
2012-10-02,0.1938939999996728,0.179324000000343,0.1866090000000079
2012-10-03,0.20154000000000277,0.20186699999999802,0.2017035000000004
2012-10-04,0.21593900000000146,0.23304300000000575,0.2244910000000036
2012-10-05,0.15423099999990075,0.15575299999990827,0.1549919999999045
2012-10-08,0.18005799999999655,0.18216700000000016,0.18111249999999834
2012-10-09,0.17879300000000226,0.19245500000000104,0.18562400000000165
2012-10-10,0.18851900000000094,0.21695799999999787,0.2027384999999994
2012-10-11,0.21288199999979054,0.16711399999999652,0.18999799999989353
2012-10-12,0.17113000000000167,0.16245099999999887,0.16679050000000029
2012-10-15,0.17712499999995787,0.16442299999991328,0.1707739999999356
2012-10-16,0.17074300000000026,0.14526400000000186,0.15800350000000107
2012-10-17,0.13428899999999852,0.15680900000000147,0.14554899999999998
2012-10-18,0.1307339999999988,0.1355780000000047,0.13315600000000175
2012-10-19,0.06294799999999999,0.16021099999999325,0.11157949999999661
2012-10-22,0.19358100000000017,0.19892500000000066,0.1962530000000004
2012-10-23,0.2507840000000009,0.23833000000000157,0.24455700000000125
2012-10-24,0.2541659999999935,0.25208500000000045,0.253125499999997
2012-10-25,0.22358199999999845,0.2574449999999943,0.24051349999999638
2012-10-26,0.19584099999999802,0.19657899999999895,0.1962099999999985
2012-10-31,0.21830699999971964,0.22574399999979242,0.22202549999975602
2012-11-01,0.20176699999999656,0.21488500000000108,0.20832599999999882
2012-11-02,0.22002000000000174,0.21297400000000247,0.2164970000000021
2012-11-05,0.2805459999998903,0.2625749999997894,0.2715604999998399
2012-11-06,0.27800899999999945,0.28223600000000043,0.28012249999999994
2012-11-07,0.268084,0.2564039999999944,0.2622439999999972
2012-11-08,0.28503400000000223,0.24728699999999953,0.2661605000000009
2012-11-09,0.20809300000000164,0.20697100000000032,0.207532000000001
2012-11-12,0.20456800000000003,0.20199100000000064,0.20327950000000033
2012-11-13,0.19411800000000412,0.20141799999999974,0.19776800000000194
2012-11-14,0.20434799999989217,0.22695999999996008,0.21565399999992613
2012-11-15,0.22004600000000066,0.1704130000000019,0.19522950000000128
2012-11-16,0.03040100000000064,0.025948999999992138,0.02817499999999639
2012-11-19,0.15577800000000147,0.17699100000003726,0.16638450000001936
2012-11-20,0.1491770000000023,0.15365299999999837,0.15141500000000035
2012-11-21,0.11059200000001947,0.1133710000000114,0.11198150000001543
2012-11-23,0.1682260000000003,0.16861200000000084,0.16841900000000057
2012-11-26,0.190079,0.20400300000025917,0.19704100000012958
2012-11-27,0.17822099999999963,0.22226500000000002,0.20024299999999984
2012-11-28,0.21914199999999728,0.17412599999995043,0.19663399999997386
2012-11-29,0.19601599999999555,0.1860070000000059,0.19101150000000072
2012-11-30,0.19323600000000116,0.15688899999999395,0.17506249999999757
2012-12-03,0.20873700000000092,0.20590700000000123,0.20732200000000106
2012-12-04,0.20929300000000292,0.20376299999999714,0.20652800000000004
2012-12-05,0.19219400000000325,0.23325999999999808,0.21272700000000067
2012-12-06,0.19215000000001273,0.21626299999999818,0.20420650000000545
2012-12-07,0.16907100000000078,0.16907299999999678,0.16907199999999878
2012-12-10,0.1906389999999987,0.1844199999999997,0.18752949999999918
2012-12-11,0.17976000000000378,0.1859519999999983,0.18285600000000105
2012-12-12,0.17577200000000506,0.19277899999999953,0.1842755000000023
2012-12-13,0.19074900000000497,0.1909830000000029,0.19086600000000392
2012-12-14,0.15812199999999962,0.15416499999999989,0.15614349999999977
2012-12-17,0.15623400000000162,0.15552199999999994,0.1558780000000008
2012-12-18,0.15853599999999732,0.15428000000000106,0.1564079999999992
2012-12-19,0.15465600000001162,0.17515500000000078,0.1649055000000062
2012-12-20,0.10428600000000426,0.1562260000002085,0.1302560000001064
2012-12-21,1.2380680000000004,0.04984799999983039,0.6439579999999154
2012-12-24,0.19392299999999738,0.1910670000000004,0.1924949999999989
2012-12-26,0.22762200000000174,0.2183110000000077,0.22296650000000473
2012-12-27,0.22491299999999603,0.22178899999999885,0.22335099999999744
2012-12-28,0.23555399999999826,0.19014300000000026,0.21284849999999927
2012-12-31,0.2290279999999275,0.2664119999999802,0.24771999999995387
2013-01-02,0.14941200000003127,0.17063400000003878,0.16002300000003503
2013-01-03,0.14411899999999084,0.2460869999999995,0.19510299999999517
2013-01-04,0.13740000000000174,0.1381200000000006,0.13776000000000116
2013-01-07,0.1542550000000116,0.15973700000000804,0.15699600000000982
2013-01-08,0.15127399999999783,0.15546999999999903,0.15337199999999843
2013-01-09,0.14141800000000646,0.16060100000000188,0.15100950000000418
2013-01-10,0.1398379999999897,0.14984699999999,0.14484249999998983
2013-01-11,0.12417600000000033,0.12364999999999965,0.123913
2013-01-14,0.13315000000000046,0.13296200000000216,0.1330560000000013
2013-01-15,0.13231799999992686,0.1198159999998193,0.1260669999998731
2013-01-16,0.12379000000000061,0.13952300000000029,0.13165650000000045
2013-01-17,0.1297189999999701,0.10176699999999994,0.11574299999998502
2013-01-18,3.5242469999999955,0.05396799999996323,1.7891074999999794
2013-01-22,0.1399680000002752,0.14223200000020442,0.1411000000002398
2013-01-23,0.1354899999999971,0.15813100000049551,0.1468105000002463
2013-01-24,0.17403699999999817,0.15800299999999734,0.16601999999999775
2013-01-25,0.12074200000000002,0.12223399999999951,0.12148799999999976
2013-01-28,0.15103500000003908,0.15466800000002368,0.1528515000000314
2013-01-29,0.17879500000016127,0.14019500000010063,0.15949500000013095
2013-01-30,0.16023099999999937,0.1912990000000019,0.17576500000000064
2013-01-31,0.22259000000000054,0.203974000000012,0.21328200000000627
2013-02-01,0.1340579999999492,0.13116099999994102,0.1326094999999451
2013-02-04,0.17639699999999775,0.17684100000000222,0.17661899999999997
2013-02-05,0.15221500000012037,0.1614600000001305,0.15683750000012542
2013-02-06,0.15365100000043164,0.15613899999950606,0.15489499999996886
2013-02-07,0.15535699999999683,0.15873900000000404,0.15704800000000044
2013-02-08,0.13189599999991392,0.13163099999990985,0.13176349999991188
2013-02-11,0.14321800000000057,0.14194699999999968,0.1425825000000001
2013-02-12,0.12586799999999781,0.1293729999999995,0.12762049999999864
2013-02-13,0.12564900000005713,0.11885300000016093,0.12225100000010902
2013-02-14,0.10153599999990898,0.12582100000001892,0.11367849999996395
2013-02-15,0.017157999999996662,0.06923099999999201,0.043194499999994335
2013-02-19,0.13593000000000066,0.13631800000000344,0.13612400000000205
2013-02-20,0.18861300000001743,0.20002200000000453,0.19431750000001097
2013-02-21,0.18194400000039587,0.20755200000003826,0.19474800000021708
2013-02-22,0.16022799999999898,0.16062399999999616,0.16042599999999757
2013-02-25,0.28016299999999883,0.2790339999999946,0.27959849999999675
2013-02-26,0.22936199999999923,0.2297519999999993,0.22955699999999926
2013-02-27,0.19804700000000056,0.19616899999999862,0.1971079999999996
2013-02-28,0.3454130000000037,0.14373999999999312,0.24457649999999842
2013-03-01,0.1633530000000004,0.16354800000000033,0.16345050000000036
2013-03-04,0.17975299999999864,0.19413400000000153,0.1869435000000001
2013-03-05,0.1725140000000012,0.1871289999999991,0.17982150000000013
2013-03-06,0.18043000000008025,0.1851700000000505,0.18280000000006535
2013-03-07,0.2023329999999964,0.16558300000000117,0.1839579999999988
2013-03-08,0.12010099999999845,0.12052799999999815,0.1203144999999983
2013-03-11,0.1298819999999968,0.12674600000000164,0.1283139999999992
2013-03-12,0.12144199999999962,0.1357779999999979,0.12860999999999875
2013-03-13,0.10579299999999939,0.12215799999999953,0.11397549999999945
2013-03-14,0.061516999999767154,0.12596300000000024,0.0937399999998837
2013-03-15,0.03755399999999879,0.020462000000004754,0.029008000000001772
2013-03-18,0.16189400000000118,0.19569499999999698,0.17879449999999908
2013-03-19,0.19421700000000117,0.2123549999999989,0.20328600000000002
2013-03-20,0.2046209999999978,0.18767899999999996,0.19614999999999888
2013-03-21,0.20288599999999699,0.18757100000000124,0.1952284999999991
2013-03-22,0.1544099999999994,0.15467300000000123,0.15454150000000033
2013-03-25,0.18639799999998896,0.16739399999997184,0.1768959999999804
2013-03-26,0.1377040000000018,0.13359899999999678,0.1356514999999993
2013-03-27,0.1410689999999992,0.15336600000000086,0.14721750000000003
2013-03-28,0.13413000000000105,0.1283249999999984,0.13122749999999972
2013-04-01,0.15005799999999955,0.164233000000004,0.15714550000000177
2013-04-02,0.15911300000001005,0.16486800000000132,0.1619905000000057
2013-04-03,0.21338500000002605,0.20027700000007947,0.20683100000005278
2013-04-04,0.22437900000000432,0.19630300000000758,0.21034100000000594
2013-04-05,0.16530300000000042,0.1654140000000029,0.16535850000000166
2013-04-08,0.1813210000000003,0.17711599999999753,0.1792184999999989
2013-04-09,0.1759000000000003,0.16923900000000064,0.1725695000000005
2013-04-10,0.1770230000000011,0.15793600000000013,0.16747950000000061
2013-04-11,0.18451799999999524,0.16556299999994487,0.17504049999997007
2013-04-12,0.13447499999999923,0.1342819999999977,0.13437849999999846
2013-04-15,0.23760299999999782,0.23093000000000363,0.2342665000000007
2013-04-16,0.20170600000000108,0.1700610000000081,0.1858835000000046
2013-04-17,0.23661399999978672,0.19212299999999988,0.2143684999998933
2013-04-18,0.21431600000000728,0.21464100000000788,0.21447850000000757
2013-04-19,0.023973999999991315,0.020149000000002863,0.02206149999999709
2013-04-22,0.2101399999999997,0.19783499999999785,0.20398749999999877
2013-04-23,0.20779599999999948,0.1971380000000024,0.20246700000000095
2013-04-24,0.1991820000004506,0.21073100000015382,0.20495650000030222
2013-04-25,0.19219500000000111,0.2083079999997658,0.20025149999988345
2013-04-26,0.1773290000000012,0.16728899999999944,0.17230900000000032
2013-04-29,0.1762659999999998,0.19358899999999746,0.18492749999999863
2013-04-30,0.18035900000000676,0.17893800000000928,0.17964850000000804
2013-05-01,0.22606899999997926,0.2285739999999808,0.22732149999998003
2013-05-02,0.22648000000000346,0.2236210000000031,0.22505050000000326
2013-05-03,0.16022399999996578,0.15281900000039078,0.15652150000017828
2013-05-06,0.16586800000008425,0.16929000000012467,0.16757900000010445
2013-05-07,0.15664800000000323,0.17083300000000187,0.16374050000000256
2013-05-08,0.1667340000000007,0.15408900000000095,0.16041150000000082
2013-05-09,0.15374600000000513,0.22434500000008936,0.18904550000004725
2013-05-10,0.1417399999999995,0.14180300000000254,0.14177150000000102
2013-05-13,0.15784700000000443,0.1572180000000033,0.15753250000000385
2013-05-14,0.1418899999999993,0.16000199999999637,0.15094599999999783
2013-05-15,0.14974400000000085,0.15701599999999954,0.15338000000000018
2013-05-16,0.1368669999999997,0.13717200000000332,0.13701950000000152
2013-05-17,0.1306680000002157,0.02799499999999872,0.0793315000001072
2013-05-20,0.17168300000000158,0.16920100000000024,0.17044200000000093
2013-05-21,0.1839769999999961,0.1776639999999999,0.180820499999998
2013-05-22,0.19424300000000239,0.2049369999999989,0.19959000000000066
2013-05-23,0.14177799999999724,0.24697200000001132,0.1943750000000043
2013-05-24,0.15252299999999958,0.15364699999999895,0.15308499999999925
2013-05-28,0.18884399999983906,0.18249099999978277,0.18566749999981091
2013-05-29,0.1961840000000015,0.18409800000000093,0.19014100000000123
2013-05-30,0.18357900000000058,0.18980800000000092,0.18669350000000073
2013-05-31,0.21332300000000112,0.17788299999999974,0.19560300000000042
2013-06-03,0.20412100000000188,0.21045800000000078,0.20728950000000135
2013-06-04,0.2237589999999977,0.23272499999999832,0.228241999999998
2013-06-05,0.26139400000000074,0.2681200000000006,0.2647570000000007
2013-06-06,0.27577000000000673,0.2910800000000015,0.28342500000000415
2013-06-07,0.1857560000000012,0.17401099999999925,0.17988350000000022
2013-06-10,0.18715899999984562,0.20975399999994823,0.19845649999989692
2013-06-11,0.22199600000000003,0.2310330000000028,0.2265145000000014
2013-06-12,0.2481200000000005,0.2591140000000009,0.2536170000000007
2013-06-13,0.230189000000052,0.22130800000011505,0.2257485000000835
2013-06-14,0.18094499999999428,0.17917899999999462,0.18006199999999445
2013-06-17,0.1901479999999995,0.18886300000000097,0.18950550000000024
2013-06-18,0.18370700000000106,0.19990100000050073,0.19180400000025088
2013-06-19,0.17851400000000095,0.16023600000003438,0.16937500000001765
2013-06-20,0.20587399999999995,0.22292499999999935,0.21439949999999963
2013-06-21,0.0707570000000063,0.047210999999916195,0.05898399999996125
2013-06-24,0.2842900000000017,0.27382400000000245,0.2790570000000021
2013-06-25,0.23730000000022855,0.25892500000026086,0.2481125000002447
2013-06-26,0.2414090000000013,0.20934799999999956,0.22537850000000043
2013-06-27,0.21085700000000238,0.22954400000000386,0.22020050000000313
2013-06-28,0.18700000000000003,0.15038400000000104,0.16869200000000054
2013-07-01,0.174935999999998,0.1753480000000016,0.1751419999999998
2013-07-02,0.18521299999999785,0.17331700000000136,0.17926499999999962
2013-07-03,0.17986099999999905,0.17586399999999838,0.1778624999999987
2013-07-05,0.1615429999999993,0.1629549999999973,0.1622489999999983
2013-07-08,0.16635700000000123,0.17420200000000005,0.17027950000000064
2013-07-09,0.16748600000000424,0.14888300000000512,0.15818450000000467
2013-07-10,0.17245000000003524,0.17060700000004186,0.17152850000003855
2013-07-11,0.2523609999998591,0.09341499999999721,0.17288799999992815
2013-07-12,0.12165199999964679,0.12299599999968139,0.12232399999966409
2013-07-15,0.13075199999999962,0.12856700000000157,0.1296595000000006
2013-07-16,0.1293250000000012,0.14308599999999755,0.13620549999999937
2013-07-17,0.1343060000000592,0.12427200000024827,0.12928900000015375
2013-07-18,0.10176599999999707,0.11030799999999949,0.10603699999999827
2013-07-19,0.8674320000000045,0.041600000000018275,0.4545160000000114
2013-07-22,0.14454099999999082,0.14062799999998613,0.14258449999998846
2013-07-23,0.1432799999999988,0.14030199999999862,0.14179099999999872
2013-07-24,0.16589900000000032,0.1703379999999969,0.16811849999999862
2013-07-25,0.1567300000000009,0.16898099999999572,0.16285549999999832
2013-07-26,0.1492779999999302,0.14908999999992475,0.14918399999992749
2013-07-29,0.1727619999999991,0.1863260000000007,0.17954399999999993
2013-07-30,0.20431300000000005,0.18263499999999813,0.1934739999999991
2013-07-31,0.2047710000000003,0.19887000000000385,0.20182050000000207
2013-08-01,0.17410900000000237,0.1922179999999943,0.18316349999999834
2013-08-02,0.12645900000000032,0.12620999999999866,0.1263344999999995
2013-08-05,0.137804999999999,0.1411160000000005,0.13946049999999977
2013-08-06,0.1485109999999999,0.16240599999999794,0.15545849999999892
2013-08-07,0.15903799999999982,0.14897099999999688,0.15400449999999835
2013-08-08,0.14841099999999988,0.13366800000000753,0.1410395000000037
2013-08-09,0.12926499999977945,0.12979599999979205,0.12953049999978575
2013-08-12,0.1366290000000076,0.13669600000000787,0.13666250000000774
2013-08-13,0.12550899999999818,0.130268999999998,0.1278889999999981
2013-08-14,0.1279320000000007,0.11983500000000098,0.12388350000000084
2013-08-15,0.16568699999999548,0.13682200000000166,0.15125449999999857
2013-08-16,0.1141789999999975,0.04425999999954484,0.07921949999977117
2013-08-19,0.17631499999998618,0.17969099999998228,0.17800299999998423
2013-08-20,0.17997199999970964,0.15277000000000007,0.16637099999985486
2013-08-21,0.17551600000000098,0.18848500000026783,0.1820005000001344
2013-08-22,0.19005699999962225,0.1598399999999971,0.17494849999980966
2013-08-23,0.1284600000000006,0.11550100000000446,0.12198050000000253
2013-08-26,0.16064499999999834,0.1389119999999985,0.14977849999999843
2013-08-27,0.1902519999999989,0.18373999999999832,0.1869959999999986
2013-08-28,0.19475899999999355,0.17654299999999035,0.18565099999999196
2013-08-29,0.18633699999999287,0.168757000000004,0.17754699999999843
2013-08-30,0.17716999999999808,0.18000799999999803,0.17858899999999805
2013-09-03,0.19383500000000145,0.20264400000000254,0.198239500000002
2013-09-04,0.17624599999999732,0.17857899999999863,0.17741249999999797
2013-09-05,0.18291600000000038,0.1685209999999959,0.17571849999999814
2013-09-06,0.1554409999999992,0.14828500000000228,0.15186300000000075
2013-09-09,0.15880599999999942,0.16350900000000235,0.1611575000000009
2013-09-10,0.1449399999999995,0.16355699999999893,0.15424849999999923
2013-09-11,0.12406200000000073,0.13434800000000185,0.1292050000000013
2013-09-12,0.1281069999999871,0.14826099999999648,0.13818399999999179
2013-09-13,0.12012799999999846,0.11840199999999779,0.11926499999999812
2013-09-16,0.14280799999991062,0.14305499999991242,0.1429314999999115
2013-09-17,0.14994300000000102,0.14734199999999945,0.14864250000000023
2013-09-18,0.1355660000000003,0.1639079999999988,0.14973699999999956
2013-09-19,0.07282700000000258,0.10445300000000958,0.08864000000000608
2013-09-20,0.02380899999980558,0.02400699999985501,0.023907999999830294
2013-09-23,0.14949600000000135,0.154176,0.1518360000000007
2013-09-24,0.14432700000002724,0.16313700000000417,0.1537320000000157
2013-09-25,0.17128800000001143,0.1550540000000518,0.1631710000000316
2013-09-26,0.12297100000000291,0.17609700000012915,0.14953400000006603
2013-09-27,0.12653700000000281,0.11004000000001112,0.11828850000000696
2013-09-30,0.1858469999995999,0.20759099999985922,0.19671899999972955
2013-10-01,0.15200699999978695,0.1904449999999727,0.1712259999998798
2013-10-02,0.1789539999999995,0.17512300000000028,0.17703849999999988
2013-10-03,0.21227999999999878,0.1833920000000007,0.19783599999999973
2013-10-04,0.1501030000000003,0.15250200000000003,0.15130250000000017
2013-10-07,0.18717799999999757,0.16588999999999493,0.17653399999999625
2013-10-08,0.2261849999999994,0.21126300000000087,0.21872400000000014
2013-10-09,0.21786900000000456,0.20150499999999974,0.20968700000000215
2013-10-10,0.17022900000000052,0.20226300000000327,0.1862460000000019
2013-10-11,0.14415900000000154,0.14551600000000095,0.14483750000000123
2013-10-14,0.16008900000000104,0.16053399999999876,0.16031149999999988
2013-10-15,0.2051059999999967,0.2040469999999997,0.20457649999999822
2013-10-16,0.1330290000000021,0.12025100000001826,0.1266400000000102
2013-10-17,0.09042900000000513,0.0985500000000106,0.09448950000000786
2013-10-18,0.020664999999994535,0.044989000000001445,0.03282699999999799
2013-10-21,0.13390899999998412,0.14672499999999042,0.14031699999998726
2013-10-22,0.14276599999999734,0.14783999999999956,0.14530299999999846
2013-10-23,0.16406500000000296,0.17393899999999965,0.16900200000000132
2013-10-24,0.1771229999999988,0.14369200000000054,0.16040749999999968
2013-10-25,0.12787199999999996,0.12765099999999946,0.1277614999999997
2013-10-28,0.14655499999999955,0.14551400000000167,0.14603450000000062
2013-10-29,0.13141000000014072,0.14784500000001677,0.13962750000007873
2013-10-30,0.16734300000000107,0.1695760000000065,0.1684595000000038
2013-10-31,0.18390300000000015,0.13360900000001283,0.1587560000000065
2013-11-01,0.14265299999996472,0.13677899999994603,0.13971599999995538
2013-11-04,0.1556850000000005,0.14357800000000173,0.1496315000000011
2013-11-05,0.1507560000000002,0.16232099999999974,0.15653849999999997
2013-11-06,0.14448399999999406,0.18014799999999975,0.1623159999999969
2013-11-07,0.22161999999961793,0.2217849999996021,0.22170249999961
2013-11-08,0.13761800000000077,0.1381519999999993,0.13788500000000004
2013-11-11,0.14383300000000168,0.14272500000000057,0.14327900000000113
2013-11-12,0.14993300000000043,0.14886099999999947,0.14939699999999995
2013-11-13,0.13562400000000283,0.1455969999999998,0.1406105000000013
2013-11-14,0.1110680000000016,0.10326400000000123,0.10716600000000141
2013-11-15,0.3081799999999991,0.03179199999999482,0.16998599999999697
2013-11-18,0.14294100000003535,0.16529300000038227,0.1541170000002088
2013-11-19,0.15282200000000262,0.17068300000000233,0.16175250000000246
2013-11-20,0.18646600000018484,0.16134300000000387,0.17390450000009436
2013-11-21,0.15181099999998207,0.14909099999995096,0.15045099999996653
2013-11-22,0.10051700000001093,0.10177100000000568,0.10114400000000831
2013-11-25,0.11044599999999992,0.12311800000023189,0.1167820000001159
2013-11-26,0.11255300000000165,0.10958599999999592,0.1110694999999988
2013-11-27,0.09383700000004297,0.088090000000135,0.09096350000008899
2013-11-29,0.13854999999999884,0.13894500000000043,0.13874749999999964
2013-12-02,0.14515200000021528,0.17038800000028828,0.15777000000025176
2013-12-03,0.1895060000000012,0.17526900000000395,0.1823875000000026
2013-12-04,0.18754600000017063,0.17796999999999383,0.18275800000008224
2013-12-05,0.217466000000002,0.2429020000000049,0.23018400000000344
2013-12-06,0.1350799999998308,0.13556499999983554,0.13532249999983317
2013-12-09,0.13678200000000143,0.15371599999999916,0.1452490000000003
2013-12-10,0.14085600000011303,0.13459200000026353,0.13772400000018828
2013-12-11,0.16695099999988103,0.16319999999984894,0.16507549999986498
2013-12-12,0.17247500000000046,0.12739399999999582,0.14993449999999814
2013-12-13,0.167629000000403,0.16114000000011752,0.16438450000026028
2013-12-16,0.1705809999999993,0.1696440000000015,0.1701125000000004
2013-12-17,0.17678600000000114,0.16807099999999972,0.17242850000000043
2013-12-18,0.13423100000000163,0.1389950000000014,0.1366130000000015
2013-12-19,0.052178999999688586,0.11191499999999513,0.08204699999984186
2013-12-20,0.046286000000208646,0.038309000000084845,0.042297500000146745
2013-12-23,0.08828299999999875,0.0886210000000023,0.08845200000000053
2013-12-24,0.0899329999999916,0.09526999999999848,0.09260149999999504
2013-12-26,0.1214029999999975,0.10178999999999887,0.11159649999999818
2013-12-27,0.10514700000000105,0.10264999999999881,0.10389849999999992
2013-12-30,0.12282600000000196,0.12626699999999771,0.12454649999999984
2013-12-31,0.0951159999999979,0.14226499999973916,0.11869049999986853
2014-01-02,0.169755000000003,0.1929549999999985,0.18135500000000074
2014-01-03,0.13807099999999148,0.13328399999998897,0.13567749999999024
2014-01-06,0.15793899999999642,0.1499959999999929,0.15396749999999465
2014-01-07,0.14577700000001212,0.14446000000001222,0.14511850000001217
2014-01-08,0.15274500000000069,0.1666479999999963,0.1596964999999985
2014-01-09,0.1722070000003361,0.166723999999614,0.16946549999997504
2014-01-10,0.1380499999998379,0.1373649999998276,0.13770749999983276
2014-01-13,0.17031200000000096,0.17039599999999708,0.170353999999999
2014-01-14,0.15875200000000025,0.15907400000000163,0.15891300000000094
2014-01-15,0.13962600000000092,0.15114599999999728,0.1453859999999991
2014-01-16,0.11951500000003586,0.12174200000002877,0.12062850000003231
2014-01-17,0.052764999999977684,0.022229999999997113,0.0374974999999874
2014-01-21,0.12439000000049635,0.16047900000000437,0.14243450000025037
2014-01-22,0.12490099999999862,0.12118500000000128,0.12304299999999996
2014-01-23,0.14732400000004267,0.16446600000000336,0.15589500000002302
2014-01-24,0.17826800000000054,0.1560470000000014,0.16715750000000096
2014-01-27,0.1978799999999948,0.185355000000003,0.19161749999999889
2014-01-28,0.19471499999999892,0.17523300000000136,0.18497400000000014
2014-01-29,0.2311799999999984,0.2212399999999976,0.226209999999998
2014-01-30,0.1726629999999786,0.18983799999999534,0.181250499999987
2014-01-31,0.18726499999978016,0.18804599999978694,0.18765549999978354
2014-02-03,0.23325399999961086,0.2423419999997287,0.23779799999966977
2014-02-04,0.20697500000000743,0.2140150000000041,0.21049500000000576
2014-02-05,0.24122600000046382,0.23316700000027887,0.23719650000037135
2014-02-06,0.2427899999999998,0.21674499999999994,0.22976749999999987
2014-02-07,0.16992999999999817,0.15957100000000046,0.1647504999999993
2014-02-10,0.17110899999999957,0.17285599999999796,0.17198249999999876
2014-02-11,0.15901900000000768,0.1609510000000058,0.15998500000000676
2014-02-12,0.14208899999999997,0.1663499999999977,0.15421949999999884
2014-02-13,0.13684699999999964,0.17105200000000423,0.15394950000000193
2014-02-14,0.11877299999999937,0.1193129999999998,0.11904299999999958
2014-02-18,0.13248799999999902,0.14388800000017557,0.1381880000000873
2014-02-19,0.13402499999999837,0.14547599999999836,0.13975049999999836
2014-02-20,0.11160900000000049,0.0921470000000023,0.10187800000000138
2014-02-21,0.02950499999991424,0.03306800000000234,0.03128649999995829
2014-02-24,0.17324199999999704,0.14731799999999992,0.16027999999999848
2014-02-25,0.1594069999999988,0.16605100000000209,0.16272900000000046
2014-02-26,0.1797809999999988,0.15847699999999945,0.16912899999999914
2014-02-27,0.10240800000000146,0.17547900000000158,0.13894350000000152
2014-02-28,0.14681199999999958,0.14980599999999955,0.14830899999999958
2014-03-03,0.17973999999963616,0.18693099999974935,0.18333549999969276
2014-03-04,0.1599710000000024,0.18066799999999847,0.17031950000000043
2014-03-05,0.17537600000003764,0.181542000000017,0.17845900000002732
2014-03-06,0.16835300000003575,0.19341800000000214,0.18088550000001896
2014-03-07,0.14071699999999895,0.14084599999999994,0.14078149999999945
2014-03-10,0.1496990000000018,0.14864400000000205,0.14917150000000193
2014-03-11,0.16529700000000103,0.16237699999999727,0.16383699999999915
2014-03-12,0.1412880000000169,0.1691330000000022,0.15521050000000955
2014-03-13,0.18591999999999523,0.19462299999988358,0.19027149999993942
2014-03-14,0.17976799999991486,0.17297599999987245,0.17637199999989367
2014-03-17,0.1488559999999981,0.14787699999999843,0.14836649999999826
2014-03-18,0.13932799999969936,0.13052000000046116,0.13492400000008026
2014-03-19,0.11312300000000133,0.15241600000000102,0.13276950000000118
2014-03-20,0.09176299999999966,0.12028800000000028,0.10602549999999997
2014-03-21,0.056144999999650905,0.02403500000001584,0.04008999999983337
2014-03-24,0.14937199999999967,0.1399989999999995,0.14468549999999958
2014-03-25,0.12449599999999901,0.14073800000000114,0.13261700000000007
2014-03-26,0.15035999999999658,0.1485830000000006,0.1494714999999986
2014-03-27,0.16570499999967314,0.16041099999957376,0.16305799999962345
2014-03-28,0.07867500000000437,0.13357099999999839,0.10612300000000138
2014-03-31,0.14088199999995027,0.1533029999999767,0.1470924999999635
2014-04-01,0.12906100000000031,0.13862100000000024,0.13384100000000027
2014-04-02,0.14040900000000076,0.1368480000000001,0.13862850000000043
2014-04-03,0.1930509999999965,0.15616199999999633,0.17460649999999642
2014-04-04,0.14589399999999958,0.14530099999999893,0.14559749999999927
2014-04-07,0.19515300000000327,0.1846070000000006,0.18988000000000194
2014-04-08,0.17274099999999798,0.16528100000000057,0.16901099999999927
2014-04-09,0.14647399999979951,0.15422499999987174,0.15034949999983563
2014-04-10,0.21724800000007255,0.186988999999998,0.20211850000003528
2014-04-11,0.1451639999999984,0.13889800000000027,0.14203099999999935
2014-04-14,0.133281000000003,0.13289499999999924,0.13308800000000112
2014-04-15,0.11610800000000253,0.12835300000000288,0.12223050000000271
2014-04-16,0.08834300000000105,0.10366899999959728,0.09600599999979917
2014-04-17,0.03471699999995199,0.3295849999999971,0.18215099999997453
2014-04-21,0.13795100000043545,0.1433899999996005,0.14067050000001796
2014-04-22,0.14237400000001985,0.13962500000002714,0.14099950000002348
2014-04-23,0.13808900000000085,0.13459000000000315,0.136339500000002
2014-04-24,0.11991199999991882,0.1522420000000022,0.1360769999999605
2014-04-25,0.15202800000000208,0.15217699999999884,0.15210250000000047
2014-04-28,0.17629200000000098,0.16890200000000252,0.17259700000000175
2014-04-29,0.17970100000000108,0.17107299999999667,0.17538699999999888
2014-04-30,0.17919100000003194,0.18310200000002425,0.18114650000002808
2014-05-01,0.16878899999998356,0.2073730000000013,0.18808099999999245
2014-05-02,0.14281899999999928,0.12861099999999986,0.13571499999999959
2014-05-05,0.14526600000000447,0.14813699999999966,0.14670150000000207
2014-05-06,0.14591800000000127,0.14025600000000202,0.14308700000000163
2014-05-07,0.14851400000000223,0.1487339999999954,0.1486239999999988
2014-05-08,0.1768759999999979,0.1770379999999951,0.17695699999999648
2014-05-09,0.13497900000000224,0.13443700000000086,0.13470800000000155
2014-05-12,0.125065999999998,0.11365400000000035,0.11935999999999919
2014-05-13,0.11611000000000042,0.1125799999999989,0.11434499999999967
2014-05-14,0.10935499999998467,0.10812700000000068,0.10874099999999268
2014-05-15,0.10468200000002753,0.11411200000000497,0.10939700000001626
2014-05-16,0.017336000000006863,0.07681400000000206,0.04707500000000446
2014-05-19,0.14435099999999923,0.13690899999999678,0.140629999999998
2014-05-20,0.14007400000000084,0.14329700000000126,0.14168550000000105
2014-05-21,0.11956299999999964,0.11977700000000013,0.11966999999999989
2014-05-22,0.11722199999999822,0.12526100000000448,0.12124150000000135
2014-05-23,0.1117360000000006,0.10440699999999908,0.10807149999999985
2014-05-27,0.12529900000000138,0.1196899999999965,0.12249449999999894
2014-05-28,0.13921800000000076,0.11248699999999615,0.12585249999999845
2014-05-29,0.12047800000004881,0.12574700000002292,0.12311250000003587
2014-05-30,0.11177400000000012,0.10739400000000016,0.10958400000000014
2014-06-02,0.12552900000000186,0.13348300000000224,0.12950600000000206
2014-06-03,0.13299700000000006,0.131812999999998,0.13240499999999902
2014-06-04,0.13457599999999995,0.13834599999999944,0.1364609999999997
2014-06-05,0.1395159999999998,0.12469899999999606,0.13210749999999793
2014-06-06,0.10064800000000078,0.10218700000000215,0.10141750000000146
2014-06-09,0.11210699999999708,0.11736199999999775,0.11473449999999741
2014-06-10,0.10148600000036703,0.1177960000000255,0.10964100000019628
2014-06-11,0.11070500000017951,0.1162810000000698,0.11349300000012466
2014-06-12,0.1374330000000015,0.13758600000000404,0.13750950000000278
2014-06-13,0.12148199999998668,0.1195139999999853,0.12049799999998599
2014-06-16,0.13373000000030197,0.1231829999999681,0.12845650000013503
2014-06-17,0.11595999999991023,0.139827999999988,0.1278939999999491
2014-06-18,0.10599400000003362,0.1008730000000925,0.10343350000006306
2014-06-19,0.058695000000378465,0.13202200000000047,0.09535850000018947
2014-06-20,0.019300999999740567,0.04313399999999661,0.03121749999986859
2014-06-23,0.12343500000000149,0.12614299999999878,0.12478900000000014
2014-06-24,0.17053699999999913,0.1581820000000004,0.16435949999999977
2014-06-25,0.15015400000000093,0.1367800000000003,0.14346700000000062
2014-06-26,0.12914099999999876,0.15085200000000418,0.13999650000000147
2014-06-27,0.07861099999999681,0.08441500000000073,0.08151299999999877
2014-06-30,0.13064900000000154,0.13508399999999893,0.13286650000000022
2014-07-01,0.14716500000000113,0.11824100000000871,0.13270300000000493
2014-07-02,0.10045400000000307,0.11258600000000571,0.10652000000000439
2014-07-03,0.10830400000000065,0.11072000000008524,0.10951200000004294
2014-07-07,0.13280499999999934,0.1451910000000031,0.13899800000000123
2014-07-08,0.14014200000000065,0.15153399999999945,0.14583800000000005
2014-07-09,0.13256199999999854,0.1481209999999998,0.14034149999999918
2014-07-10,0.20298599999999872,0.15899700000003733,0.180991500000018
2014-07-11,0.1295579999999149,0.12963199999991698,0.12959499999991594
2014-07-14,0.1284070000000029,0.12733600000000225,0.12787150000000258
2014-07-15,0.129415,0.12362100000000079,0.1265180000000004
2014-07-16,0.11101800000000556,0.11129200000000417,0.11115500000000486
2014-07-17,0.17111599999999869,0.14169100000002705,0.15640350000001285
2014-07-18,0.011887999999998396,0.026588000000004604,0.0192380000000015
2014-07-21,0.13935300000000098,0.13967200000000027,0.13951250000000062
2014-07-22,0.14836400000000127,0.13052600000000045,0.13944500000000087
2014-07-23,0.1161209999999985,0.13993099999999623,0.12802599999999736
2014-07-24,0.14438800000000318,0.1325690000000049,0.13847850000000406
2014-07-25,0.1259560000000014,0.1255460000000009,0.12575100000000117
2014-07-28,0.1510550000000008,0.1598040000002111,0.15542950000010597
2014-07-29,0.16309500000000143,0.15218100000000043,0.15763800000000094
2014-07-30,0.17142900000002886,0.17514200000001415,0.17328550000002152
2014-07-31,0.28141600000000344,0.2267389999999984,0.2540775000000009
2014-08-01,0.18634800000044924,0.18832799999950037,0.1873379999999748
2014-08-04,0.17542000000000066,0.15853000000000203,0.16697500000000134
2014-08-05,0.226491000000001,0.21367100000000047,0.22008100000000075
2014-08-06,0.22259400000000082,0.2192609999999954,0.2209274999999981
2014-08-07,0.21916499999999853,0.22940300000000138,0.22428399999999996
2014-08-08,0.1723519999999964,0.16138599999998868,0.16686899999999255
2014-08-11,0.1673460000004866,0.1647640000004072,0.1660550000004469
2014-08-12,0.15674600000000102,0.15705700000000095,0.15690150000000097
2014-08-13,0.13872200000000331,0.14629400000000034,0.14250800000000183
2014-08-14,0.10187900000033853,0.12019800000001797,0.11103850000017826
2014-08-15,0.03576299999999097,0.02914699999992461,0.03245499999995779
2014-08-18,0.1393330000000018,0.14836199999999886,0.14384750000000032
2014-08-19,0.1267139999999981,0.12841400000000325,0.12756400000000068
2014-08-20,0.1470049999999993,0.1315559999999996,0.13928049999999945
2014-08-21,0.14624300000023474,0.14138200000043988,0.1438125000003373
2014-08-22,0.11473800000000048,0.1166210000000001,0.1156795000000003
2014-08-25,0.11898000000000092,0.11191299999999767,0.11544649999999929
2014-08-26,0.1070240000000001,0.11013200000000194,0.10857800000000102
2014-08-27,0.10603900000031398,0.11509700000007095,0.11056800000019246
2014-08-28,0.09531199999999605,0.11883299999999837,0.10707249999999721
2014-08-29,0.10224900000000155,0.09670100000000369,0.09947500000000262
2014-09-02,0.12888199999989575,0.14333199999998944,0.13610699999994258
2014-09-03,0.14280000000000048,0.14156399999999725,0.14218199999999886
2014-09-04,0.140728000000002,0.17576700000000323,0.1582475000000026
2014-09-05,0.12904399999997257,0.12696399999996827,0.12800399999997042
2014-09-08,0.16384699999997157,0.1654089999999754,0.1646279999999735
2014-09-09,0.15884499999999663,0.17519700000000066,0.16702099999999864
2014-09-10,0.16352900000000278,0.16910999999999915,0.16631950000000095
2014-09-11,0.16370899999999558,0.16890899999999825,0.16630899999999693
2014-09-12,0.1544480000000006,0.1599550000000009,0.15720150000000077
2014-09-15,0.167451000000004,0.1639969999999995,0.16572400000000176
2014-09-16,0.14486700000000063,0.14909699999999873,0.14698199999999967
2014-09-17,0.13563200000000092,0.1524790000000004,0.14405550000000067
2014-09-18,0.09194899999980163,0.10173700000011998,0.09684299999996081
2014-09-19,0.04474400000000912,0.5585179999999971,0.3016310000000031
2014-09-22,0.19126499999989524,0.18638799999986683,0.18882649999988105
2014-09-23,0.21692400000000017,0.19007299999999874,0.20349849999999947
2014-09-24,0.2236469999999988,0.19223600000000327,0.20794150000000103
2014-09-25,0.2815779999999997,0.19083800000017792,0.23620800000008882
2014-09-26,0.14936199999999983,0.14732200000000029,0.14834200000000006
2014-09-29,0.21349599999971022,0.19759099999999957,0.20554349999985488
2014-09-30,0.24672099999999877,0.22863400000000036,0.23767749999999957
2014-10-01,0.29883200000000254,0.23178200000000435,0.26530700000000346
2014-10-02,0.32507199999999886,0.24034800000000373,0.2827100000000013
2014-10-03,0.23053900000037145,0.20932000000000042,0.21992950000018593
2014-10-06,0.23968299999999845,0.2222810000000054,0.2309820000000019
2014-10-07,0.2534640000000028,0.2473679999999995,0.25041600000000114
2014-10-08,0.24615199999999796,0.2463649999999991,0.24625849999999855
2014-10-09,0.329363000000005,0.3495830000000045,0.33947300000000474
2014-10-10,0.30381799999999987,0.29411499999999946,0.2989664999999997
2014-10-13,0.42964400000000186,0.4324140000000037,0.43102900000000277
2014-10-14,0.4219629999999987,0.4177769999999985,0.41986999999999863
2014-10-15,0.39632299999999826,0.3845699999999991,0.3904464999999987
2014-10-16,0.1836420000000163,0.6071649999996971,0.3954034999998567
2014-10-17,0.09623899999999361,0.0797529999999972,0.08799599999999541
2014-10-20,0.31673099999999804,0.31129800000000335,0.3140145000000007
2014-10-21,0.25706099999999993,0.273407000000001,0.26523400000000047
2014-10-22,0.32368399999999875,0.3259140000000033,0.32479900000000106
2014-10-23,0.37255999999999434,0.38945699999999794,0.38100849999999614
2014-10-24,0.25941900000000023,0.25119199999999803,0.25530549999999913
2014-10-27,0.35158200000000095,0.35046300000000186,0.3510225000000014
2014-10-28,0.2860350000000008,0.2846770000000023,0.28535600000000155
2014-10-29,0.2873240000000389,0.27769900000006165,0.28251150000005026
2014-10-30,0.2824109999999964,0.29951900000000603,0.29096500000000125
2014-10-31,0.22145599999999924,0.2031340000000006,0.2122949999999999
2014-11-03,0.2725869999999992,0.31465700000000035,0.29362199999999977
2014-11-04,0.2932290000000008,0.3050170000000021,0.29912300000000147
2014-11-05,0.27387599999999623,0.2940669999999998,0.28397149999999804
2014-11-06,0.2645219999999964,0.3008109999999995,0.28266649999999793
2014-11-07,0.2052170000000018,0.2058440000000009,0.20553050000000134
2014-11-10,0.2612950000001044,0.2808690000000652,0.2710820000000848
2014-11-11,0.2288619999999999,0.24667999999999723,0.23777099999999857
2014-11-12,0.2504270000001292,0.25260500000012426,0.25151600000012675
2014-11-13,0.2524849999999954,0.3176300000000026,0.28505749999999896
2014-11-14,0.2169329999999988,0.21448399999999931,0.21570849999999905
2014-11-17,0.21673599999999957,0.2045319999999972,0.21063399999999838
2014-11-18,0.20941800000000133,0.2069330000000012,0.20817550000000126
2014-11-19,0.17687799999999942,0.18039000000000224,0.17863400000000085
2014-11-20,0.14742800000000109,0.15352400000000144,0.15047600000000128
2014-11-21,0.03779200000000122,0.021720000000000315,0.029756000000000768
2014-11-24,0.2510349999999989,0.2827599999999995,0.26689749999999923
2014-11-25,0.31939099999994086,0.311664999999925,0.3155279999999329
2014-11-26,0.37525699999999995,0.37548500000000007,0.375371
2014-11-28,0.28776899999968536,0.29054199999971553,0.28915549999970047
2014-12-01,0.36156800000000033,0.3394439999999975,0.35050599999999893
2014-12-02,0.31732200000000277,0.31249199999999805,0.3149070000000004
2014-12-03,0.3426410000000017,0.3387509999999971,0.3406959999999994
2014-12-04,0.34314400000000495,0.35124400000000416,0.34719400000000455
2014-12-05,0.2643970000000018,0.26851400000000075,0.2664555000000013
2014-12-08,0.36822200000018557,0.35147099999969167,0.3598464999999386
2014-12-09,0.32571700000026743,0.35089099999964685,0.33830399999995714
2014-12-10,0.4349740000000001,0.4486800000000044,0.44182700000000225
2014-12-11,0.4341519999998023,0.4597339999998859,0.4469429999998441
2014-12-12,0.38501800000000136,0.38176900000000014,0.3833935000000007
2014-12-15,0.4201009999999933,0.37869799999997966,0.3993994999999865
2014-12-16,0.39837700000000104,0.37571900000000036,0.3870480000000007
2014-12-17,0.36417300000000086,0.3471439999999963,0.35565849999999855
2014-12-18,0.24978199999996,0.2903559999999914,0.2700689999999757
2014-12-19,0.06927099999999896,0.18366199999999785,0.1264664999999984
2014-12-22,0.24685100000000057,0.2585430000000022,0.2526970000000014
2014-12-23,0.2034029999999998,0.182871000000002,0.1931370000000009
2014-12-24,0.23356999999999808,0.19767400000000232,0.2156220000000002
2014-12-26,0.22914999999983696,0.2154049999996985,0.22227749999976773
2014-12-29,0.30056199999980326,0.30081199999979025,0.30068699999979676
2014-12-30,0.2879800000000835,0.2636540000004615,0.27581700000027254
2014-12-31,0.28975999999999874,0.2469620000000009,0.26836099999999985
2015-01-02,0.27290900000000096,0.2540139999999993,0.2634615000000001
2015-01-05,0.3476870000000016,0.34645599999999765,0.34707149999999964
2015-01-06,0.4064949999999505,0.3459439999997257,0.37621949999983806
2015-01-07,0.32540099999999905,0.3527790000000011,0.3390900000000001
2015-01-08,0.304612999999998,0.3265630000000035,0.31558800000000076
2015-01-09,0.2641969999999718,0.25581799999995947,0.26000749999996564
2015-01-12,0.347684999999737,0.3335879999995915,0.3406364999996643
2015-01-13,0.3530009999999985,0.36311599999999866,0.3580584999999986
2015-01-14,0.33338399999999846,0.35246200000000183,0.34292300000000014
2015-01-15,0.30989299999999803,0.30314800000000464,0.3065205000000013
2015-01-16,0.12332600000000218,0.06440800000000238,0.09386700000000228
2015-01-20,0.3232710000000014,0.35483300000000056,0.339052000000001
2015-01-21,0.2847999999999954,0.2872569999999972,0.2860284999999963
2015-01-22,0.27446700000003654,0.3030550000000085,0.2887610000000225
2015-01-23,0.2699709999997118,0.26450999999964225,0.26724049999967703
2015-01-26,0.25486900000000007,0.28151399999999677,0.2681914999999984
2015-01-27,0.26895000000000036,0.2602939999999996,0.26462199999999997
2015-01-28,0.4053560000000006,0.3919519999999987,0.3986539999999996
2015-01-29,0.3055450000000026,0.35698700000000394,0.3312660000000033
2015-01-30,0.3136780000000014,0.31947299999999945,0.31657550000000045
2015-02-02,0.29583500000023516,0.31464999999957577,0.3052424999999055
2015-02-03,0.3178109999999961,0.3146570000000013,0.3162339999999987
2015-02-04,0.3260470000000001,0.37170299999999595,0.34887499999999805
2015-02-05,0.3139479999999997,0.32321799999999923,0.3185829999999995
2015-02-06,0.2708730000003937,0.267796000000317,0.26933450000035536
2015-02-09,0.31706399999999096,0.30392099999998784,0.3104924999999894
2015-02-10,0.28630800000000134,0.28834399999999333,0.2873259999999973
2015-02-11,0.29432799999999687,0.27954700000000204,0.28693749999999946
2015-02-12,0.2591519999999988,0.2563180000000038,0.2577350000000013
2015-02-13,0.2115749999999851,0.19880000000019785,0.20518750000009148
2015-02-17,0.26008199999999654,0.27051299999999845,0.2652974999999975
2015-02-18,0.26004300000000075,0.2707690000000009,0.2654060000000008
2015-02-19,0.22702600000000014,0.26870100000000574,0.24786350000000296
2015-02-20,0.23306200000006563,0.22675399999999313,0.22990800000002937
2015-02-23,0.255647,0.2605160000000006,0.2580815000000003
2015-02-24,0.23329799999997267,0.24392199999998504,0.23860999999997884
2015-02-25,0.2121540000000009,0.2502259999999981,0.2311899999999995
2015-02-26,0.22990000000000385,0.26654300000000086,0.24822150000000237
2015-02-27,0.20936499999999952,0.19722099999999937,0.20329299999999945
2015-03-02,0.2377489999999989,0.2350489999999978,0.23639899999999836
2015-03-03,0.2234300000000002,0.21842100000000106,0.22092550000000064
2015-03-04,0.22680400000000156,0.23356500000000432,0.23018450000000296
2015-03-05,0.25987100000000635,0.2163760000001163,0.23812350000006133
2015-03-06,0.2240910000000009,0.22580000000000083,0.22494550000000085
2015-03-09,0.2782939999999979,0.24858499999999878,0.26343949999999833
2015-03-10,0.30075099999999627,0.26409099999999835,0.2824209999999973
2015-03-11,0.2707079999999968,0.2529549999999995,0.2618314999999981
2015-03-12,0.24802499999999914,0.24499800000000133,0.24651150000000022
2015-03-13,0.23002699999977483,0.21035300000044177,0.2201900000001083
2015-03-16,0.22916400000000084,0.2541140000000019,0.24163900000000138
2015-03-17,0.19175699999999807,0.22490800000000455,0.2083325000000013
2015-03-18,0.16086599999994597,0.22028499999999882,0.1905754999999724
2015-03-19,0.13212499999989016,0.220533000000342,0.1763290000001161
2015-03-20,0.2006809999999916,0.18232799999996976,0.19150449999998068
2015-03-23,0.22584400000000399,0.2073869999999999,0.21661550000000196
2015-03-24,0.23534299999999636,0.2174180000000031,0.22638049999999973
2015-03-25,0.2560640000000035,0.22764899999999727,0.2418565000000004
2015-03-26,0.25783599999999895,0.2673480000000032,0.26259200000000105
2015-03-27,0.19932599999999825,0.1834440000000018,0.19138500000000003
2015-03-30,0.1929929999997112,0.20854199999985315,0.20076749999978216
2015-03-31,0.18931500000000465,0.23771299999999815,0.2135140000000014
2015-04-01,0.20938599999999966,0.24052100000000726,0.22495350000000347
2015-04-02,0.18744299999999947,0.1704190000000002,0.17893099999999984
2015-04-06,0.1885279999999995,0.19801700000000072,0.19327250000000012
2015-04-07,0.20648200000000289,0.17861599999999928,0.19254900000000108
2015-04-08,0.20249499999999454,0.20059399999999986,0.20154449999999718
2015-04-09,0.17561200000000038,0.16641799999999995,0.17101500000000017
2015-04-10,0.16307699999999914,0.15664299999999928,0.15985999999999922
2015-04-13,0.18272199999999938,0.16945100000000338,0.17608650000000137
2015-04-14,0.17653600000000583,0.1976620000000021,0.18709900000000396
2015-04-15,0.20218800000000184,0.2190530000000012,0.21062050000000151
2015-04-16,0.2146369999999988,0.20902299999999768,0.21182999999999824
2015-04-17,0.18156199999998457,0.17968999999998256,0.18062599999998358
2015-04-20,0.18464800000000223,0.1968059999999997,0.19072700000000098
2015-04-21,0.1923230000000014,0.19777399999999892,0.19504850000000018
2015-04-22,0.19946800000000126,0.1935100000000008,0.19648900000000102
2015-04-23,0.19698300000000402,0.19135199999999733,0.19416750000000066
2015-04-24,0.18017100000000305,0.18266699999999922,0.18141900000000113
2015-04-27,0.19663400000000192,0.1984700000000006,0.19755200000000125
2015-04-28,0.19768700000000028,0.22508100000000086,0.21138400000000057
2015-04-29,0.2057329999998728,0.20191699999984591,0.20382499999985937
2015-04-30,0.21327100000004523,0.21937600000003446,0.21632350000003986
2015-05-01,0.16672700000000074,0.16699600000000123,0.166861500000001
2015-05-04,0.2033700000000024,0.209574,0.2064720000000012
2015-05-05,0.2313210000000039,0.21277500000000066,0.2220480000000023
2015-05-06,0.22878699999999702,0.22275699999999884,0.22577199999999792
2015-05-07,0.25242000000009485,0.22280499999999617,0.23761250000004552
2015-05-08,0.1764550000000005,0.16916300000000034,0.17280900000000043
2015-05-11,0.2133830000000034,0.2107569999999984,0.2120700000000009
2015-05-12,0.21228800000020978,0.19714400000000226,0.20471600000010604
2015-05-13,0.2093900000000004,0.20330900000000263,0.20634950000000152
2015-05-14,0.2022130000000126,0.1720830000001289,0.18714800000007076
2015-05-15,0.15254199999999907,0.15258900000000103,0.15256550000000005
2015-05-18,0.15910900000000586,0.16703800000000127,0.16307350000000356
2015-05-19,0.18884099999999576,0.1839459999999993,0.18639349999999755
2015-05-20,0.1976790000001248,0.17617400000000158,0.1869265000000632
2015-05-21,0.14265799999999831,0.16664599999999574,0.15465199999999701
2015-05-22,0.13639200000000176,0.13370100000000062,0.13504650000000118
2015-05-26,0.18339499999969947,0.1907349999997866,0.18706499999974302
2015-05-27,0.19399600000001446,0.17238600000014437,0.18319100000007943
2015-05-28,0.18896800000000322,0.18305899999999276,0.186013499999998
2015-05-29,0.21409399999995832,0.201896999999925,0.20799549999994166
2015-06-01,0.24705600000000386,0.24281700000000098,0.24493650000000242
2015-06-02,0.24209999999999973,0.24952900000000228,0.245814500000001
2015-06-03,0.28632200000000285,0.31930500000000095,0.3028135000000019
2015-06-04,0.40875899999999843,0.4058310000000027,0.4072950000000006
2015-06-05,0.17046499999999964,0.16159500000000054,0.1660300000000001
2015-06-08,0.20272099999999785,0.18269599999999894,0.1927084999999984
2015-06-09,0.199926999999997,0.1784430000000048,0.18918500000000088
2015-06-10,0.1729860000000006,0.1644450000000079,0.16871550000000424
2015-06-11,0.14701700000000362,0.17909700000000003,0.16305700000000184
2015-06-12,0.14375699999999866,0.1418229999999987,0.1427899999999987
2015-06-15,0.14814000000002503,0.17879500000000137,0.1634675000000132
2015-06-16,0.14726699999999696,0.18629100000000162,0.1667789999999993
2015-06-17,0.14357300000035225,0.17146900000001145,0.15752100000018185
2015-06-18,0.052394000000005075,0.15697200000010947,0.10468300000005727
2015-06-19,0.15799099999984445,0.134620000000261,0.1463055000000527
2015-06-22,0.13691299999999654,0.14515100000000353,0.14103200000000005
2015-06-23,0.14098200000000186,0.1449150000000017,0.14294850000000178
2015-06-24,0.1690359999999967,0.14255300000000035,0.1557944999999985
2015-06-25,0.1679800000000042,0.15182900000000443,0.15990450000000433
2015-06-26,0.14745100000000114,0.1572959999999995,0.15237350000000033
2015-06-29,0.19998899999999256,0.21781400000000561,0.20890149999999907
2015-06-30,0.22805500000000348,0.18733699999999695,0.2076960000000002
2015-07-01,0.21341799999999622,0.22689899999998694,0.2201584999999916
2015-07-02,0.2053289999999995,0.19791700000000054,0.20162300000000002
2015-07-06,0.2211489999999999,0.2361899999999979,0.22866949999999892
2015-07-07,0.22689599999999935,0.24230600000000263,0.234601000000001
2015-07-08,0.2907830000000011,0.2674839999999984,0.27913349999999976
2015-07-09,0.3137039999999946,0.24809999999999885,0.2809019999999967
2015-07-10,0.21276499999999854,0.20218400000000017,0.20747449999999934
2015-07-13,0.2052429999998195,0.20562599999983544,0.20543449999982746
2015-07-14,0.19080200000000005,0.1799969999999964,0.18539949999999822
2015-07-15,0.25332899999999725,0.25360900000000053,0.2534689999999989
2015-07-16,0.2005309999995095,0.19069200000000197,0.19561149999975574
2015-07-17,0.18390300000000032,0.1828069999999977,0.183354999999999
2015-07-20,0.23088200000013742,0.23126900000014514,0.23107550000014127
2015-07-21,0.22407900000000353,0.22247699999999845,0.22327800000000098
2015-07-22,0.2285180000000307,0.22878500000003538,0.22865150000003304
2015-07-23,0.22333499999999598,0.2371890000000065,0.23026200000000124
2015-07-24,0.2307099999999985,0.22330199999999795,0.2270059999999982
2015-07-27,0.28465399999999885,0.27455499999999955,0.2796044999999992
2015-07-28,0.24297799999999523,0.23546499999999823,0.23922149999999673
2015-07-29,0.23878300000039043,0.23193100000021646,0.23535700000030346
2015-07-30,0.2421080000000036,0.24229999999999727,0.24220400000000042
2015-07-31,0.20877699999951752,0.20746400000048495,0.20812050000000124
2015-08-03,0.26205099999996545,0.26948799999997713,0.2657694999999713
2015-08-04,0.2597519999999986,0.2559700000000016,0.2578610000000001
2015-08-05,0.2776160000000029,0.2727989999999996,0.27520750000000127
2015-08-06,0.29999299999999346,0.2929899999999976,0.2964914999999955
2015-08-07,0.25805799999999857,0.25864499999999885,0.25835149999999873
2015-08-10,0.24997100000000136,0.25035700000000066,0.250164000000001
2015-08-11,0.26888300000000176,0.26320099999999585,0.2660419999999988
2015-08-12,0.26125699999991775,0.271141999999944,0.26619949999993087
2015-08-13,0.2824009999999996,0.2619220000000031,0.2721615000000014
2015-08-14,0.23140300000000155,0.22967399999999694,0.23053849999999926
2015-08-17,0.23063300000000397,0.2430849999999975,0.23685900000000074
2015-08-18,0.2572199999999992,0.23329000000000055,0.2452549999999999
2015-08-19,0.3041650000000023,0.2588610000000027,0.28151300000000246
2015-08-20,0.369620000000003,0.31452400000001457,0.3420720000000088
2015-08-21,0.4002470000000003,0.37653000000000014,0.38838850000000025
2015-08-24,0.7036050000000001,0.6162010000000013,0.6599030000000008
2015-08-25,0.6018750000000025,0.5388900000000008,0.5703825000000016
2015-08-26,0.45473000000000036,0.5077409999999976,0.48123549999999893
2015-08-27,0.4492469999999968,0.49446199999999496,0.47185449999999585
2015-08-28,0.3770010000000031,0.3701459999999991,0.3735735000000011
2015-08-31,0.3941580000000004,0.37292899999999646,0.3835434999999984
2015-09-01,0.5219759999999996,0.474797999999997,0.49838699999999825
2015-09-02,0.4096799999999968,0.46522399999999914,0.43745199999999795
2015-09-03,0.46273400000000137,0.37028300000000075,0.41650850000000106
2015-09-04,0.36301900000000087,0.3351399999999995,0.3490795000000002
2015-09-08,0.36451199999999995,0.37341699999999867,0.3689644999999993
2015-09-09,0.3939649999999737,0.40224799999998434,0.39810649999997905
2015-09-10,0.3250470000001528,0.3702219999997343,0.34763449999994356
2015-09-11,0.31903499999996887,0.31967499999996746,0.3193549999999682
2015-09-14,0.3459339999999996,0.3737559999999958,0.3598449999999977
2015-09-15,0.30923100000000014,0.32145699999999916,0.3153439999999996
2015-09-16,0.30133000000000115,0.3456060000000087,0.3234680000000049
2015-09-17,0.17429399999970563,0.36369500000001126,0.26899449999985847
2015-09-18,0.2906329999999923,0.2982989999999983,0.29446599999999534
2015-09-21,0.2863979999999993,0.30000100000000113,0.2931995000000002
2015-09-22,0.3385390000000003,0.3079140000000064,0.32322650000000336
2015-09-23,0.33576400000000167,0.3169249999999985,0.3263445000000001
2015-09-24,0.39168700000006273,0.3580110000003956,0.37484900000022914
2015-09-25,0.2525800000000013,0.25806200000000257,0.2553210000000019
2015-09-28,0.42270700000000516,0.40034600000000226,0.4115265000000037
2015-09-29,0.36964800000001713,0.3332070000001157,0.3514275000000664
2015-09-30,0.404797000000003,0.3716020000000007,0.38819950000000186
2015-10-01,0.3463160000000061,0.36625399999999314,0.35628499999999963
2015-10-02,0.277444000000257,0.27763100000026153,0.27753750000025923
2015-10-05,0.3234970000000018,0.3129419999999996,0.3182195000000007
2015-10-06,0.31660800000000133,0.31072999999999973,0.31366900000000053
2015-10-07,0.31534600000008894,0.32559800000032274,0.3204720000002058
2015-10-08,0.3156710000000037,0.3020129999999968,0.3088420000000003
2015-10-09,0.23977800000000055,0.23374399999999806,0.2367609999999993
2015-10-12,0.2672070000000028,0.2887350000000028,0.2779710000000028
2015-10-13,0.2836520000000004,0.27781799999999773,0.28073499999999907
2015-10-14,0.25597600000000276,0.2787150000000874,0.2673455000000451
2015-10-15,0.26398700000000036,0.26068400000000347,0.26233550000000194
2015-10-16,0.21688300000000013,0.21281100000000072,0.21484700000000043
2015-10-19,0.25106700000000043,0.2744430000000024,0.2627550000000014
2015-10-20,0.2455749999999969,0.24389099999999966,0.24473299999999829
2015-10-21,0.2792339999999942,0.2871780000000026,0.2832059999999984
2015-10-22,0.26477900000000193,0.24742499999999415,0.25610199999999805
2015-10-23,0.22014800000000123,0.2188589999999975,0.21950349999999935
2015-10-26,0.28915999999994957,0.27514299999991126,0.2821514999999304
2015-10-27,0.3083439999999998,0.3150189999999987,0.3116814999999993
2015-10-28,0.28701900000000535,0.3011330000000015,0.29407600000000345
2015-10-29,0.31436099999999034,0.3145630000000017,0.314461999999996
2015-10-30,0.24187200000000128,0.20646699999996687,0.2241694999999841
2015-11-02,0.2643290000000035,0.24402900000000127,0.2541790000000024
2015-11-03,0.2644500000000958,0.25897799999999954,0.26171400000004763
2015-11-04,0.28041200000000205,0.29521099999999945,0.2878115000000008
2015-11-05,0.35253599999999474,0.3733920000000018,0.3629639999999983
2015-11-06,0.22319200000000006,0.22451799999999555,0.2238549999999978
2015-11-09,0.28891699999968024,0.2893189999996841,0.28911799999968213
2015-11-10,0.2640979999999998,0.2905989999999983,0.277348499999999
2015-11-11,0.3087729999999983,0.28638800000000525,0.2975805000000018
2015-11-12,0.38787500000002534,0.3733320000000547,0.38060350000004
2015-11-13,0.3258650000000028,0.3254119999999991,0.32563850000000094
2015-11-16,0.3205650000000027,0.3244969999999991,0.3225310000000009
2015-11-17,0.33567999999999576,0.33192799999999645,0.3338039999999961
2015-11-18,0.3135569999999982,0.2940669999999996,0.30381199999999886
2015-11-19,0.2992210000000018,0.3208219999999966,0.3100214999999992
2015-11-20,0.2292859999999648,0.2271089999999609,0.22819749999996286
2015-11-23,0.22817999999999986,0.2214599999999978,0.22481999999999883
2015-11-24,0.2186239999999996,0.20479799999999904,0.21171099999999932
2015-11-25,0.17422700000000066,0.1538660000000034,0.16404650000000204
2015-11-27,0.27346500000000096,0.2730359999999999,0.2732505000000004
2015-11-30,0.36769799999999925,0.3434480000004361,0.3555730000002177
2015-12-01,0.3527040000000007,0.34497600000000017,0.3488400000000004
2015-12-02,0.470927,0.5017930000000017,0.48636000000000085
2015-12-03,0.7021599999998263,0.6986809999998178,0.700420499999822
2015-12-04,0.2825260000000004,0.28325199999999995,0.28288900000000017
2015-12-07,0.38153699999999824,0.3684020000000024,0.3749695000000003
2015-12-08,0.43517899999996296,0.41530499999994636,0.42524199999995466
2015-12-09,0.42230199999988055,0.42533399999988636,0.42381799999988345
2015-12-10,0.40688799999999886,0.3686840000000051,0.38778600000000196
2015-12-11,0.38687200000000244,0.3879229999999995,0.38739750000000095
2015-12-14,0.40668099999999746,0.4534880000000032,0.4300845000000003
2015-12-15,0.3497390000000015,0.4178600000000019,0.38379950000000174
2015-12-16,0.316136000000001,0.37776299999999624,0.34694949999999863
2015-12-17,0.24672400000000247,0.32834199999999686,0.28753299999999965
2015-12-18,0.3185670000000016,0.29144099999999656,0.30500399999999905
2015-12-21,0.3079999999999996,0.33477000000000195,0.3213850000000008
2015-12-22,0.2526249999999888,0.2846429999999958,0.26863399999999227
2015-12-23,0.2198310000000162,0.2124950000000216,0.21616300000001892
2015-12-24,0.2594949999999981,0.24462499999999826,0.2520599999999982
2015-12-28,0.30345399999999995,0.32947299999999957,0.3164634999999998
2015-12-29,0.28999399999999675,0.2878980000000013,0.28894599999999904
2015-12-30,0.2944840000002856,0.3029780000004452,0.2987310000003654
2015-12-31,0.2592029999999996,0.24936899999999945,0.2542859999999995
2016-01-04,0.31908799999999876,0.3479549999999998,0.33352149999999925
2016-01-05,0.3193200000000011,0.32474700000000034,0.32203350000000075
2016-01-06,0.39026500000000514,0.4144489999999949,0.402357
2016-01-07,0.507912,0.48286900000000543,0.49539050000000273
2016-01-08,0.3924170000000345,0.3915100000000645,0.3919635000000495
2016-01-11,0.46309800000046525,0.42477599999999893,0.44393700000023206
2016-01-12,0.454578,0.4353189999999993,0.44494849999999964
2016-01-13,0.5258179999999968,0.4757910000000008,0.5008044999999988
2016-01-14,0.4743620000000026,0.46202300000000096,0.4681925000000018
2016-01-15,0.4248999999999789,0.4265729999999817,0.4257364999999803
2016-01-19,0.5216270000000026,0.5172699999999993,0.519448500000001
2016-01-20,0.629946,0.5584800000000015,0.5942130000000008
2016-01-21,0.5896540000000019,0.4732699999999944,0.5314619999999981
2016-01-22,0.37879400000000074,0.3637850000000013,0.37128950000000105
2016-01-25,0.4951739999997885,0.48487199999972785,0.4900229999997582
2016-01-26,0.4579169999999994,0.45627200000000084,0.4570945000000001
2016-01-27,0.43639500000000403,0.47723400000005534,0.45681450000002966
2016-01-28,0.48640299999992437,0.4402759999998083,0.46333949999986634
2016-01-29,0.3463219999999989,0.3557780000000007,0.3510499999999998
2016-02-01,0.40526200000000084,0.397840999999998,0.4015514999999994
2016-02-02,0.45487500000000014,0.4432359999999971,0.4490554999999986
2016-02-03,0.4247910000000027,0.4699879999999991,0.4473895000000009
2016-02-04,0.47345500000000157,0.48241000000000245,0.477932500000002
2016-02-05,0.3955969999999996,0.39484200000000047,0.39521950000000006
2016-02-08,0.4813619999996148,0.49531499999972367,0.4883384999996693
2016-02-09,0.5241879999999977,0.5097799999999978,0.5169839999999977
2016-02-10,0.5160529999999224,0.5104969999999126,0.5132749999999175
2016-02-11,0.6278619999999988,0.4955430000000036,0.5617025000000012
2016-02-12,0.35558099999999887,0.35744700000000135,0.3565140000000001
2016-02-16,0.40864300000000126,0.41199099999999755,0.4103169999999994
2016-02-17,0.388893,0.383699999999999,0.3862964999999995
2016-02-18,0.38589500000049004,0.41164499999971177,0.3987700000001009
2016-02-19,0.3161120000000015,0.3183089999999993,0.3172105000000004
2016-02-22,0.3253019999999979,0.32837199999999883,0.3268369999999984
2016-02-23,0.36707999999999863,0.3457049999999993,0.356392499999999
2016-02-24,0.37253599999999787,0.36727100000000157,0.3699034999999997
2016-02-25,0.35526199999999997,0.3642209999999954,0.3597414999999977
2016-02-26,0.318036999999997,0.29710000000000164,0.30756849999999936
2016-02-29,0.41216200000000014,0.3135739999999539,0.362867999999977
2016-03-01,0.3137849999999875,0.35041799999999906,0.3321014999999933
2016-03-02,0.3155019999999992,0.3162200000000005,0.31586099999999984
2016-03-03,0.31840499999999594,0.29895999999999906,0.30868249999999753
2016-03-04,0.28344400000000025,0.28135399999978333,0.2823989999998918
2016-03-07,0.29619500000048665,0.3356139999998539,0.3159045000001703
2016-03-08,0.36884200000000167,0.3836639999999923,0.37625299999999695
2016-03-09,0.361535000000004,0.37920200000000226,0.3703685000000031
2016-03-10,0.3153530000002081,0.37194200000001015,0.34364750000010913
2016-03-11,0.2598140000003273,0.2593690000003148,0.25959150000032105
2016-03-14,0.3034110000000027,0.27006100000000016,0.28673600000000143
2016-03-15,0.2713719999999994,0.3058470000000028,0.2886095000000011
2016-03-16,0.23619100000000104,0.22631900000000268,0.23125500000000188
2016-03-17,0.17143500000000006,0.232388999999995,0.20191199999999754
2016-03-18,0.22933999999999963,0.2256299999999969,0.22748499999999827
2016-03-21,0.2427660000000016,0.2635339999999988,0.2531500000000002
2016-03-22,0.25454300000000224,0.24178299999999603,0.24816299999999913
2016-03-23,0.2874689999999116,0.2607049999997881,0.27408699999984987
2016-03-24,0.21755499999999817,0.21871699999999775,0.21813599999999794
2016-03-28,0.2625090000000656,0.2858579999999993,0.27418350000003244
2016-03-29,0.2502670000000034,0.27870799999999857,0.264487500000001
2016-03-30,0.2577869999999961,0.2576750000000055,0.2577310000000008
2016-03-31,0.2721000000000002,0.2375099999999965,0.25480499999999834
2016-04-01,0.21870299999999784,0.2152319999999987,0.21696749999999826
2016-04-04,0.24614299999999836,0.25477300000000036,0.25045799999999935
2016-04-05,0.24285199999999782,0.2878859999999988,0.2653689999999983
2016-04-06,0.22812200000017116,0.24260000000019477,0.23536100000018295
2016-04-07,0.2586990000000012,0.2909909999999961,0.2748449999999987
2016-04-08,0.2119020000000002,0.197245999999997,0.2045739999999986
2016-04-11,0.2380799999999984,0.21587899999999932,0.22697949999999886
2016-04-12,0.2695489999999993,0.25529799999999364,0.2624234999999965
2016-04-13,0.26313000000003206,0.253136000000067,0.2581330000000495
2016-04-14,0.23226999999999803,0.21781899999999596,0.22504449999999698
2016-04-15,0.2900309999999989,0.2897350000000011,0.289883
2016-04-18,0.24206799999950696,0.2598149999997477,0.25094149999962734
2016-04-19,0.23562399999999928,0.2449270000000003,0.2402754999999998
2016-04-20,0.25675899999999635,0.26002899999999973,0.258393999999998
2016-04-21,0.2888500000000031,0.24933499999999947,0.2690925000000013
2016-04-22,0.22848899999999814,0.2292180000000007,0.22885349999999943
2016-04-25,0.26649399999999906,0.2838410000000003,0.2751674999999997
2016-04-26,0.26086999999999966,0.2699920000000032,0.2654310000000014
2016-04-27,0.2551299999999966,0.2757120000000024,0.26542099999999946
2016-04-28,0.2886809999999996,0.34263599999999617,0.31565849999999784
2016-04-29,0.2592750000000009,0.25917100000000176,0.2592230000000013
2016-05-02,0.2903389999999964,0.2753929999999944,0.2828659999999954
2016-05-03,0.29826799999999826,0.30758500000000066,0.30292649999999943
2016-05-04,0.327329999999998,0.3385120000000019,0.33292099999999997
2016-05-05,0.3244549999999986,0.34330800000000633,0.3338815000000025
2016-05-06,0.24422199999999986,0.24492199999999686,0.24457199999999835
2016-05-09,0.2845129999999999,0.2855460000000008,0.2850295000000004
2016-05-10,0.25065699999999674,0.2515489999999936,0.2511029999999952
2016-05-11,0.2533230000000039,0.24885999999999744,0.2510915000000007
2016-05-12,0.22668700000039202,0.23523700000018918,0.2309620000002906
2016-05-13,0.2206849999999989,0.21787600000000173,0.21928050000000032
2016-05-16,0.23836799999951813,0.23940499999953838,0.23888649999952827
2016-05-17,0.21946000000000304,0.23704199999999928,0.22825100000000115
2016-05-18,0.23878100000012756,0.2839900000000041,0.26138550000006583
2016-05-19,0.256468999999999,0.24193499999999848,0.24920199999999876
2016-05-20,0.20670699999999723,0.2055609999999993,0.20613399999999826
2016-05-23,0.21533300000000308,0.22725100000000026,0.22129200000000165
2016-05-24,0.20558799999999938,0.19596600000000283,0.2007770000000011
2016-05-25,0.19121999999999703,0.17420300000000719,0.1827115000000021
2016-05-26,0.17641000000000331,0.20937200000000347,0.1928910000000034
2016-05-27,0.1686990000000003,0.170076999999999,0.16938799999999965
2016-05-31,0.23611199999999952,0.1996640000000006,0.21788800000000005
2016-06-01,0.2794960000000036,0.21421300000000593,0.24685450000000475
2016-06-02,0.2029780000000052,0.22575899999999524,0.21436850000000024
2016-06-03,0.18288499999999927,0.16929400000000008,0.17608949999999968
2016-06-06,0.17886900000000233,0.16786899999997762,0.17336899999998998
2016-06-07,0.16435399999985684,0.1752139999999181,0.16978399999988747
2016-06-08,0.17634000000000186,0.19670799999999994,0.1865240000000009
2016-06-09,0.23979100000000003,0.1227550000000092,0.18127300000000462
2016-06-10,0.20302600000000098,0.19392500000000182,0.19847550000000141
2016-06-13,0.23119699999999632,0.2439820000000011,0.2375894999999987
2016-06-14,0.23639200000000035,0.2614750000000017,0.24893350000000103
2016-06-15,0.20319300000000254,0.2746350000000036,0.23891400000000307
2016-06-16,0.1292479999999928,0.25925800000000354,0.19425299999999818
2016-06-17,0.24574799999995986,0.24580099999996136,0.2457744999999606
2016-06-20,0.2566580000000002,0.2417419999999956,0.24919999999999792
2016-06-21,0.253613,0.24840499999999832,0.25100899999999915
2016-06-22,0.3503119999999968,0.36603500000000044,0.3581734999999986
2016-06-23,0.3119879999999991,0.35069400000000284,0.331341000000001
2016-06-24,0.2924900000000001,0.30078199999999733,0.2966359999999987
2016-06-27,0.35408399999999823,0.3507559999999986,0.3524199999999984
2016-06-28,0.2387269999997556,0.2905119999999592,0.2646194999998574
2016-06-29,0.25191399999984493,0.25975600000047117,0.255835000000158
2016-06-30,0.18430599999977032,0.25501799999999997,0.21966199999988514
2016-07-01,0.17182700000011422,0.1468359999999997,0.15933150000005697
2016-07-05,0.2335449999999972,0.23869899999999997,0.23612199999999858
2016-07-06,0.24305999999993705,0.23091200000018167,0.23698600000005937
2016-07-07,0.25244200000011585,0.28159100000001624,0.26701650000006605
2016-07-08,0.18927800000000286,0.17862499999999965,0.18395150000000127
2016-07-11,0.19738300000000084,0.20027000000000142,0.19882650000000113
2016-07-12,0.1963519999999967,0.19532899999999903,0.19584049999999786
2016-07-13,0.21018099999999623,0.2060429999999966,0.2081119999999964
2016-07-14,0.22561300000000084,0.19367300000000373,0.2096430000000023
2016-07-15,0.16103700000000068,0.15326299999999973,0.1571500000000002
2016-07-18,0.16583000000000855,0.17571400000000495,0.17077200000000675
2016-07-19,0.1671939999999993,0.18597499999999845,0.17658449999999887
2016-07-20,0.18934500000031176,0.16997099999999518,0.17965800000015347
2016-07-21,0.21205500000000196,0.22328999999999935,0.21767250000000066
2016-07-22,0.16097899999999843,0.16190100000000066,0.16143999999999953
2016-07-25,0.2209920000000015,0.23820299999999975,0.22959750000000062
2016-07-26,0.22373699999999874,0.2185199999999975,0.22112849999999812
2016-07-27,0.2250600000000034,0.2644980000000011,0.24477900000000224
2016-07-28,0.28512100000011403,0.2746920000002185,0.27990650000016626
2016-07-29,0.17862799999999926,0.17339999999999928,0.17601399999999928
2016-08-01,0.22811200000000317,0.2477559999999996,0.23793400000000137
2016-08-02,0.22014800000002313,0.2531090000000054,0.23662850000001429
2016-08-03,0.2218790000000013,0.21257299999999796,0.21722599999999964
2016-08-04,0.19507700000000017,0.2423820000000105,0.21872950000000535
2016-08-05,0.16481899999999924,0.16481000000000148,0.16481450000000036
2016-08-08,0.17402899999970578,0.17865899999977014,0.17634399999973796
2016-08-09,0.1677300000000022,0.18704200000000085,0.17738600000000154
2016-08-10,0.17720900000002845,0.1958899999999953,0.18654950000001186
2016-08-11,0.14888099999999113,0.17152499999999943,0.16020299999999527
2016-08-12,0.1507110000000032,0.1482280000000007,0.14946950000000195
2016-08-15,0.1423510000000044,0.1666220000001311,0.15448650000006775
2016-08-16,0.1592809999999995,0.15623700000000038,0.15775899999999993
2016-08-17,0.15235099999999532,0.16781899999999988,0.1600849999999976
2016-08-18,0.10087399999999472,0.17225600000001234,0.13656500000000354
2016-08-19,0.13639800000008862,0.13273599999999874,0.13456700000004368
2016-08-22,0.1865030000000037,0.1582829999999997,0.17239300000000168
2016-08-23,0.16876500000000244,0.16151300000000127,0.16513900000000187
2016-08-24,0.20219300000000903,0.20053600000000957,0.2013645000000093
2016-08-25,0.18957300000000765,0.2319840000000019,0.21077850000000478
2016-08-26,0.17085299999999895,0.16972800000000132,0.17029050000000012
2016-08-29,0.1625529999999992,0.16022900000000154,0.16139100000000037
2016-08-30,0.16148599999999777,0.20242299999999844,0.1819544999999981
2016-08-31,0.20716899999999802,0.1881990000000003,0.19768399999999917
2016-09-01,0.23173699999999833,0.20346900000000134,0.21760299999999982
2016-09-02,0.1446200000004894,0.14250000000040905,0.14356000000044922
2016-09-06,0.16609700000000205,0.16311799999999876,0.1646075000000004
2016-09-07,0.16040699999999702,0.15400199999999575,0.1572044999999964
2016-09-08,0.164088000000002,0.14043899999999404,0.15226349999999803
2016-09-09,0.21106499999999848,0.19282600000000108,0.20194549999999978
2016-09-12,0.19125399999999865,0.19356000000000045,0.19240699999999955
2016-09-13,0.25171200000000105,0.2616550000000013,0.2566835000000012
2016-09-14,0.20967100000000183,0.2784959999996813,0.24408349999984155
2016-09-15,0.13738800000000434,0.24962100000000004,0.1935045000000022
2016-09-16,0.21915000000000048,0.22021400000000124,0.21968200000000088
2016-09-19,0.251125999999854,0.22740599999962346,0.23926599999973874
2016-09-20,0.2696299999998709,0.245834999999678,0.25773249999977443
2016-09-21,0.20715599999999768,0.21540299999999998,0.21127949999999884
2016-09-22,0.1948560000000016,0.18143100000000484,0.18814350000000324
2016-09-23,0.21562999999999746,0.20373799999999795,0.2096839999999977
2016-09-26,0.2559349999999988,0.2642180000000002,0.2600764999999995
2016-09-27,0.23836899999999928,0.23108500000000018,0.23472699999999974
2016-09-28,0.28719999999999923,0.24876300000000587,0.26798150000000254
2016-09-29,0.3513879999999993,0.31725700000000084,0.3343225000000001
2016-09-30,0.19766599999956078,0.18250500000002837,0.19008549999979457
2016-10-03,0.20119799999997603,0.20747799999998257,0.20433799999997931
2016-10-04,0.21753199999999992,0.220533000000002,0.21903250000000096
2016-10-05,0.194515999999998,0.2049200000000071,0.19971800000000256
2016-10-06,0.1985550000000041,0.22949599999999856,0.2140255000000013
2016-10-07,0.19895399999956354,0.16964699999999988,0.1843004999997817
2016-10-10,0.1791560000000006,0.18712200000000165,0.1831390000000011
2016-10-11,0.201549000000001,0.22599900000000134,0.21377400000000119
2016-10-12,0.20986100000000135,0.19622899999999818,0.20304499999999975
2016-10-13,0.17476799999999645,0.2568809999997508,0.21582449999987363
2016-10-14,0.18976900000000171,0.15872700000000145,0.17424800000000157
2016-10-17,0.20437400000000053,0.19865200000000172,0.2015130000000011
2016-10-18,0.19020200000007342,0.18110300000018684,0.18565250000013012
2016-10-19,0.20335400000037043,0.20666600000027055,0.2050100000003205
2016-10-20,0.2473960000000026,0.1858110000004431,0.21660350000022285
2016-10-21,0.172326999999998,0.16478299999999904,0.1685549999999985
2016-10-24,0.19266800000000356,0.18356799999999537,0.18811799999999945
2016-10-25,0.19447100000000006,0.21552200000000032,0.2049965000000002
2016-10-26,0.20742300000000125,0.21561399999999717,0.21151849999999922
2016-10-27,0.2332710000000066,0.21313900000000136,0.22320500000000398
2016-10-28,0.2034569999999976,0.20354499999999845,0.20350099999999804
2016-10-31,0.23450599999999758,0.22168000000000043,0.228092999999999
2016-11-01,0.24250700000000186,0.23543199999999948,0.23896950000000067
2016-11-02,0.2550019999999984,0.2357889999999956,0.245395499999997
2016-11-03,0.23558399999999627,0.2540049999999978,0.24479449999999703
2016-11-04,0.315619,0.30780500000000094,0.31171200000000043
2016-11-07,0.28687399999999796,0.28806299999999985,0.2874684999999989
2016-11-08,0.29289799999999994,0.30191999999999863,0.29740899999999926
2016-11-09,0.2276099999999707,0.23564699999998315,0.23162849999997692
2016-11-10,0.21922600000000037,0.24876200000000134,0.23399400000000087
2016-11-11,0.20366499999979512,0.20130299999963455,0.20248399999971484
2016-11-14,0.2038749999999978,0.20160400000000317,0.2027395000000005
2016-11-15,0.21112099999999853,0.22376500000000188,0.21744300000000022
2016-11-16,0.20546100000000067,0.22789200000000326,0.21667650000000196
2016-11-17,0.2320870000000206,0.22236600000004203,0.2272265000000313
2016-11-18,0.1760100000000024,0.17695099999999972,0.17648050000000104
2016-11-21,0.18184100000000017,0.17141999999999977,0.17663049999999997
2016-11-22,0.18816800000000514,0.15634300000014123,0.17225550000007317
2016-11-23,0.15414099999999784,0.1339970000000001,0.14406899999999895
2016-11-25,0.31125900000000134,0.3103160000000009,0.3107875000000011
2016-11-28,0.44996299999999817,0.4645470000000009,0.4572549999999995
2016-11-29,0.5408239999998654,0.5242759999998087,0.5325499999998371
2016-11-30,0.3221959999999825,0.24336699999972403,0.28278149999985325
2016-12-01,0.31637499999999663,0.2847080000000015,0.3005414999999991
2016-12-02,0.1736539999999998,0.1679249999999998,0.17078949999999982
2016-12-05,0.17857800000000074,0.18927000000000108,0.18392400000000092
2016-12-06,0.1907029999999983,0.17882399999999507,0.1847634999999967
2016-12-07,0.19545699999994673,0.20303699999995944,0.1992469999999531
2016-12-08,0.18114800000003772,0.21687300000000886,0.1990105000000233
2016-12-09,0.16944399999951457,0.16623800000041275,0.16784099999996366
2016-12-12,0.17261999999999958,0.21675400000000175,0.19468700000000067
2016-12-13,0.1881289999999974,0.19163499999999878,0.1898819999999981
2016-12-14,0.1743959999999984,0.282698,0.22854699999999922
2016-12-15,0.11792399999999907,0.18831500000000342,0.15311950000000124
2016-12-16,0.15083699999965847,0.150670999999639,0.15075399999964872
2016-12-19,0.14868399999999882,0.15844600000000267,0.15356500000000073
2016-12-20,0.14289099999999882,0.15899600000000993,0.1509435000000044
2016-12-21,0.16508499999999535,0.1394319999999967,0.15225849999999602
2016-12-22,0.11688800000000059,0.12097000000001076,0.11892900000000567
2016-12-23,0.11884200000000134,0.11850200000000088,0.11867200000000111
2016-12-27,0.13127899999999973,0.13503400000000335,0.13315650000000154
2016-12-28,0.15734499999996138,0.15154599999986418,0.15444549999991278
2016-12-29,0.14108499999968857,0.17533599999993899,0.1582104999998138
2016-12-30,0.1502840000000009,0.1502849999999992,0.15028450000000004
2017-01-03,0.1900910000000013,0.18804700000000144,0.18906900000000137
2017-01-04,0.15746300000000155,0.2010890000000013,0.17927600000000143
2017-01-05,0.22210500000010328,0.12152399999971687,0.17181449999991008
2017-01-06,0.14620700000000061,0.13547000000000253,0.1408385000000016
2017-01-09,0.17940100000000067,0.1780000000000002,0.17870050000000043
2017-01-10,0.18132000000000112,0.1810490000000028,0.18118450000000197
2017-01-11,0.170278999999999,0.16022600000000153,0.16525250000000025
2017-01-12,0.18073399999999998,0.15566200000000938,0.16819800000000468
2017-01-13,0.1283870000000003,0.1234750000000011,0.1259310000000007
2017-01-17,0.14311799999999897,0.1503110000000021,0.14671450000000053
2017-01-18,0.15043400000011653,0.17029000000001113,0.16036200000006384
2017-01-19,0.17222699999990157,0.18683999999999232,0.17953349999994694
2017-01-20,0.12754899999999755,0.12368199999999777,0.12561549999999766
2017-01-23,0.14305100000038432,0.15176800000025606,0.1474095000003202
2017-01-24,0.14353200000000083,0.13955599999999932,0.14154400000000006
2017-01-25,0.1390739999999992,0.11773900000000012,0.12840649999999965
2017-01-26,0.1335599999999998,0.13129000000000166,0.13242500000000074
2017-01-27,0.11713900000002621,0.11830100000002085,0.11772000000002353
2017-01-30,0.16897999999999824,0.1675169999999959,0.16824849999999708
2017-01-31,0.15959699999999855,0.16879599999999947,0.16419649999999902
2017-02-01,0.1727560000000026,0.1645990000000046,0.1686775000000036
2017-02-02,0.16272999999971519,0.1706939999999387,0.16671199999982694
2017-02-03,0.12904400000000021,0.12280999999999942,0.12592699999999982
2017-02-06,0.142471000000042,0.15601900000000796,0.149245000000025
2017-02-07,0.16806599999960736,0.18187400000023513,0.17496999999992124
2017-02-08,0.1917140000000003,0.16704200000000405,0.17937800000000217
2017-02-09,0.19797500000000617,0.15339200000000203,0.1756835000000041
2017-02-10,0.14277599999999882,0.13269500000000226,0.13773550000000054
2017-02-13,0.14050999999999958,0.1439569999999991,0.14223349999999935
2017-02-14,0.1455260000000067,0.14332800000000384,0.14442700000000527
2017-02-15,0.13565300000000294,0.16030099999999928,0.1479770000000011
2017-02-16,0.15448600000041063,0.18912700000000224,0.17180650000020642
2017-02-17,0.12374700000000126,0.12685200000000055,0.1252995000000009
2017-02-21,0.1383039999999847,0.13414699999997795,0.13622549999998132
2017-02-22,0.15599000000000027,0.16928499999999916,0.1626374999999997
2017-02-23,0.1436459999999963,0.18615900000000174,0.164902499999999
2017-02-24,0.14982600000000068,0.15064899999999964,0.15023750000000016
2017-02-27,0.17082500000000087,0.15081399999999803,0.16081949999999945
2017-02-28,0.18992200000000037,0.1759319999999968,0.1829269999999986
2017-03-01,0.1889170000000153,0.1451000000000004,0.16700850000000783
2017-03-02,0.17264400000001415,0.1735800000000156,0.17311200000001487
2017-03-03,0.13475699999962162,0.13615899999963366,0.13545799999962765
2017-03-06,0.153823999999996,0.1338429999999992,0.14383349999999762
2017-03-07,0.14029000000000094,0.15539900000000104,0.147844500000001
2017-03-08,0.22366800000000242,0.21273699999999834,0.21820250000000038
2017-03-09,0.19187399999999352,0.22403300000000073,0.20795349999999713
2017-03-10,0.17166100000002493,0.16739199999956525,0.16952649999979508
2017-03-13,0.18415899999999585,0.1822330000000015,0.1831959999999987
2017-03-14,0.2178780000000007,0.23174500000000006,0.22481150000000039
2017-03-15,0.1537009999999995,0.17650100000000077,0.16510100000000014
2017-03-16,0.0873610000000041,0.1963990000000021,0.14188000000000311
2017-03-17,0.14335100000000028,0.12294699999999975,0.13314900000000002
2017-03-20,0.16605299999999815,0.16889000000000248,0.16747150000000033
2017-03-21,0.20813900000000554,0.24063400000000013,0.22438650000000282
2017-03-22,0.22851300000000155,0.20312099999999925,0.2158170000000004
2017-03-23,0.20962599999964235,0.2037160000000017,0.20667099999982202
2017-03-24,0.18475899999999282,0.18340599999999035,0.1840824999999916
2017-03-27,0.21745299999999929,0.2056550000000017,0.2115540000000005
2017-03-28,0.21422400000000058,0.17775000000002783,0.1959870000000142
2017-03-29,0.177515000000004,0.1719010000000138,0.1747080000000089
2017-03-30,0.15518099999999763,0.16349100000000014,0.15933599999999887
2017-03-31,0.14425800000009847,0.11759300000000313,0.1309255000000508
2017-04-03,0.15010600000003052,0.13854000000013975,0.14432300000008513
2017-04-04,0.17668700000000795,0.16879300000002567,0.17274000000001682
2017-04-05,0.19926100000000307,0.1646060000000006,0.18193350000000186
2017-04-06,0.18943300000001848,0.1733780000001144,0.18140550000006644
2017-04-07,0.14512099999999925,0.14146699999999796,0.1432939999999986
2017-04-10,0.1715750000000014,0.15406799999999746,0.16282149999999943
2017-04-11,0.1555349999999999,0.20761700000000047,0.18157600000000018
2017-04-12,0.15301500000000087,0.18177700000000022,0.16739600000000054
2017-04-13,0.1562789999999997,0.1563740000000014,0.15632650000000053
2017-04-17,0.16926999999999945,0.18546299999999688,0.17736649999999815
2017-04-18,0.18718700000000263,0.1648510000000129,0.17601900000000775
2017-04-19,0.17428499999963873,0.18366500000023955,0.17897499999993915
2017-04-20,0.20000100000001456,0.16893300000037503,0.18446700000019478
2017-04-21,0.20254800000000003,0.18693600000000138,0.1947420000000007
2017-04-24,0.170576000000001,0.18015099999999984,0.17536350000000042
2017-04-25,0.19019500000002149,0.14502400000000068,0.16760950000001107
2017-04-26,0.17433699999985558,0.18099499999989468,0.17766599999987515
2017-04-27,0.17292499999998828,0.22940999999999465,0.20116749999999145
2017-04-28,0.13735799999999976,0.13113300000000044,0.1342455000000001
2017-05-01,0.16020699999999782,0.13578599999999968,0.14799649999999875
2017-05-02,0.14550300000012184,0.1559680000000317,0.15073550000007677
2017-05-03,0.17468400000001796,0.14879799999999815,0.16174100000000807
2017-05-04,0.14182399999999257,0.19416799999993384,0.1679959999999632
2017-05-05,0.14749999999999838,0.13303800000000224,0.1402690000000003
2017-05-08,0.14944000000002094,0.135652000000132,0.14254600000007647
2017-05-09,0.17383600000046462,0.16754999999993778,0.1706930000002012
2017-05-10,0.15640700000000293,0.15059100000000145,0.1534990000000022
2017-05-11,0.15775999999999674,0.1730589999999965,0.1654094999999966
2017-05-12,0.14451900000000303,0.1438650000000005,0.14419200000000176
2017-05-15,0.151643000000038,0.15583900000002054,0.15374100000002927
2017-05-16,0.1471180000000897,0.15734600000049762,0.15223200000029366
2017-05-17,0.22572500000008616,0.19915999999992492,0.21244250000000553
2017-05-18,0.1736460000000008,0.19824799999983195,0.18594699999991637
2017-05-19,0.19490099999992647,0.19692099999993168,0.19591099999992906
2017-05-22,0.21170499999997514,0.20882099999997478,0.21026299999997494
2017-05-23,0.23203899999999994,0.2606070000000048,0.24632300000000237
2017-05-24,0.3035409999999975,0.29007899999999875,0.29680999999999813
2017-05-25,0.18299199999999982,0.20220599999999908,0.19259899999999947
2017-05-26,0.13532599999999792,0.13691500000000004,0.13612049999999898
2017-05-30,0.17822000000019156,0.1825400000001225,0.18038000000015703
2017-05-31,0.1927110000000001,0.19183099999999884,0.19227099999999947
2017-06-01,0.16449900000000012,0.17323100000000252,0.16886500000000132
2017-06-02,0.1582529999999982,0.15779200000000002,0.15802249999999912
2017-06-05,0.17048200000001945,0.17483400000001026,0.17265800000001486
2017-06-06,0.18742399999999848,0.16437899999999958,0.17590149999999904
2017-06-07,0.16535299999999975,0.20624599999956333,0.18579949999978154
2017-06-08,0.1753210000000014,0.20307400000007672,0.18919750000003904
2017-06-09,0.16138199999997602,0.16019499999997477,0.1607884999999754
2017-06-12,0.1737979999999998,0.20344200000000046,0.18862000000000012
2017-06-13,0.1498819999999999,0.20152000000000095,0.17570100000000044
2017-06-14,0.1589409999995202,0.23504399999999928,0.19699249999975973
2017-06-15,0.0412080000000596,0.19718399999999678,0.1191960000000282
2017-06-16,0.13998300000000155,0.14109600000000125,0.1405395000000014
2017-06-19,0.15554899999999924,0.17681100000000335,0.1661800000000013
2017-06-20,0.20471299999998385,0.19883599999998638,0.20177449999998512
2017-06-21,0.21846400000008456,0.22060900000008393,0.21953650000008423
2017-06-22,0.1745319999999986,0.21358199999999267,0.19405699999999565
2017-06-23,0.16745399999999966,0.15732299999999927,0.16238849999999946
2017-06-26,0.19661700000001742,0.18259200000006726,0.18960450000004234
2017-06-27,0.19335599999999922,0.18948399999999627,0.19141999999999776
2017-06-28,0.18001299999988007,0.17426999999977696,0.17714149999982853
2017-06-29,0.1917940000001039,0.2160210000000141,0.203907500000059
2017-06-30,0.13286199999978562,0.13263499999978068,0.13274849999978316
2017-07-03,0.16856500000000185,0.14409400000000405,0.15632950000000295
2017-07-05,0.2178609999999991,0.17496400000004506,0.19641250000002208
2017-07-06,0.2247539999999945,0.22252400000000291,0.2236389999999987
2017-07-07,0.17393199999956094,0.17205499999960158,0.17299349999958125
2017-07-10,0.18390500000001156,0.19269900000000387,0.1883020000000077
2017-07-11,0.18454299999999693,0.1850259999999988,0.18478449999999785
2017-07-12,0.17411199999999807,0.18986600000000337,0.18198900000000073
2017-07-13,0.17965499999999943,0.15169800000000583,0.1656765000000026
2017-07-14,0.14293599999999979,0.14251000000000075,0.14272300000000027
2017-07-17,0.1556560000000026,0.15125099999999936,0.15345350000000096
2017-07-18,0.16235699999999822,0.16709999999999914,0.16472849999999867
2017-07-19,0.15267399999987658,0.15737399999990256,0.15502399999988958
2017-07-20,0.13869199999999612,0.16450699999999888,0.1515994999999975
2017-07-21,0.16287900000000177,0.15293599999999982,0.1579075000000008
2017-07-24,0.1605109999999785,0.16353500000000284,0.16202299999999067
2017-07-25,0.18487500000000248,0.15122600000007433,0.1680505000000384
2017-07-26,0.1770389999999985,0.17399900000000024,0.17551899999999937
2017-07-27,0.1929859999999933,0.18730200000000083,0.19014399999999707
2017-07-28,0.14490899999999998,0.13936900000000055,0.14213900000000027
2017-07-31,0.15923299999999962,0.1496279999999995,0.15443049999999958
2017-08-01,0.1511050000000004,0.15796100000000016,0.15453300000000028
2017-08-02,0.15185300000001095,0.1746980000000007,0.16327550000000585
2017-08-03,0.15891000000000124,0.18988599999999906,0.17439800000000016
2017-08-04,0.14458600000000063,0.1361359999999997,0.14036100000000018
2017-08-07,0.1476830000000004,0.1749129999999993,0.16129799999999983
2017-08-08,0.17303300000021174,0.1714040000001967,0.17221850000020422
2017-08-09,0.1833979999999992,0.17773700000000006,0.18056749999999963
2017-08-10,0.22215200000002175,0.21612200000002785,0.21913700000002478
2017-08-11,0.18118599999999963,0.18214800000000064,0.18166700000000013
2017-08-14,0.16888100000022724,0.1815060000000517,0.17519350000013947
2017-08-15,0.18145700000000173,0.17973499999999865,0.1805960000000002
2017-08-16,0.15892899999999985,0.1962880000000046,0.17760850000000222
2017-08-17,0.2115550000000057,0.22080699999999845,0.21618100000000207
2017-08-18,0.160632999999999,0.1573259999999986,0.1589794999999988
2017-08-21,0.1702630000004364,0.17523099999956357,0.17274699999999998
2017-08-22,0.1573050000000014,0.15770499999999807,0.15750499999999973
2017-08-23,0.16452799999999973,0.14721600000000098,0.15587200000000034
2017-08-24,0.16524100000000494,0.1501729999999999,0.15770700000000243
2017-08-25,0.13723600000039968,0.12829999999999958,0.13276800000019962
2017-08-28,0.1472960000000007,0.15830000000029168,0.1527980000001462
2017-08-29,0.14211300000000215,0.14931100000000208,0.14571200000000212
2017-08-30,0.1399459999999978,0.15060099999999751,0.14527349999999767
2017-08-31,0.14340999999999837,0.1449360000000666,0.14417300000003247
2017-09-01,0.11561899999999958,0.11251000000000057,0.11406450000000007
2017-09-05,0.16900900000000102,0.14346100000000211,0.15623500000000157
2017-09-06,0.14989299999999364,0.13899699999998874,0.1444449999999912
2017-09-07,0.12890000000013677,0.14922400000000727,0.13906200000007202
2017-09-08,0.16219400000049453,0.14175099999999852,0.15197250000024654
2017-09-11,0.12289899999999596,0.25067300000007686,0.18678600000003642
2017-09-12,0.1184830000000012,0.3107689999999084,0.2146259999999548
2017-09-13,0.10303499999999553,0.31694099999999886,0.2099879999999972
2017-09-14,0.02771500000000371,0.20845999999999817,0.11808750000000094
2017-09-15,0.11681500000000003,0.11762499999999994,0.11721999999999999
2017-09-18,0.12388599999999578,0.11964100000000065,0.12176349999999822
2017-09-19,0.11174200000000002,0.11646400000000064,0.11410300000000033
2017-09-20,0.13177999999999973,0.13653999999991054,0.13415999999995515
2017-09-21,0.11032499999991807,0.13450499999999388,0.12241499999995598
2017-09-22,0.12388300000000849,0.11011400000006884,0.11699850000003867
2017-09-25,0.15642999999999907,0.14169100000000145,0.14906050000000026
2017-09-26,0.1284430000000076,0.14762700000000417,0.1380350000000059
2017-09-27,0.1243299999999991,0.14386799999999547,0.13409899999999728
2017-09-28,0.11453799999999441,0.13354200000000138,0.1240399999999979
2017-09-29,0.1088809999999984,0.10885800000000097,0.10886949999999967
2017-10-02,0.1399469999999979,0.1499839999999986,0.14496549999999825
2017-10-03,0.14511399999999897,0.1314690000000019,0.13829150000000043
2017-10-04,0.12631899999999693,0.12083200000000154,0.12357549999999923
2017-10-05,0.12843399999998528,0.11150000000042434,0.11996700000020481
2017-10-06,0.11118300000000235,0.10887699999999934,0.11003000000000085
2017-10-09,0.12291600000000004,0.12610200000000057,0.12450900000000031
2017-10-10,0.11641199999999878,0.11485199999999897,0.11563199999999887
2017-10-11,0.11188499999999989,0.11652600000000081,0.11420550000000035
2017-10-12,0.0864860000000049,0.13539300000047422,0.11093950000023955
2017-10-13,0.11772600000000168,0.11644999999999943,0.11708800000000055
2017-10-16,0.12120299999983064,0.11164799999999624,0.11642549999991345
2017-10-17,0.12518300000013516,0.12990300000006333,0.12754300000009924
2017-10-18,0.13282700000030245,0.14773200000004333,0.1402795000001729
2017-10-19,0.11634299999995903,0.14401300000000317,0.1301779999999811
2017-10-20,0.10529700000016828,0.10461900000018828,0.10495800000017828
2017-10-23,0.1222260000000006,0.13593799999999961,0.1290820000000001
2017-10-24,0.13136500000000206,0.1422300000000005,0.1367975000000013
2017-10-25,0.15706299999999973,0.1592509999999997,0.15815699999999971
2017-10-26,0.17330699999979293,0.1518959999999974,0.16260149999989515
2017-10-27,0.1251749999999998,0.12513900000000303,0.1251570000000014
2017-10-30,0.15527400000000768,0.14399400000002716,0.14963400000001742
2017-10-31,0.14854300000000023,0.13279099999999863,0.14066699999999943
2017-11-01,0.1500009999999967,0.1573369999999807,0.15366899999998868
2017-11-02,0.1424449999999969,0.1859490000000004,0.16419699999999865
2017-11-03,0.128187000000001,0.12026600000000094,0.12422650000000096
2017-11-06,0.18454800000002217,0.15630399999955455,0.17042599999978836
2017-11-07,0.13815500000002234,0.16690600000000122,0.15253050000001178
2017-11-08,0.14508899999999936,0.15720300000026333,0.15114600000013134
2017-11-09,0.16311399999955314,0.1303919999999959,0.14675299999977454
2017-11-10,0.1399309999999996,0.13924399999999992,0.13958749999999975
2017-11-13,0.14683600000022937,0.15166400000012512,0.14925000000017724
2017-11-14,0.17983499999999988,0.1927630000000005,0.1862990000000002
2017-11-15,0.18040999999999974,0.19777599999999643,0.18909299999999807
2017-11-16,0.13535200000024306,0.176913,0.15613250000012152
2017-11-17,0.12341799999997306,0.12297499999997404,0.12319649999997355
2017-11-20,0.12233999999999992,0.11436099999999617,0.11835049999999805
2017-11-21,0.10449700000000146,0.10092799999999914,0.1027125000000003
2017-11-22,0.09633500000000056,0.06493300000000024,0.0806340000000004
2017-11-24,0.15602599999999917,0.14934599999999895,0.15268599999999904
2017-11-27,0.1908179999999969,0.1849029999999993,0.1878604999999981
2017-11-28,0.2020730000000034,0.21308300000000274,0.20757800000000307
2017-11-29,0.274573999999997,0.279250000000001,0.276911999999999
2017-11-30,0.2228079999999998,0.14361400000005117,0.1832110000000255
2017-12-01,0.16034499999999827,0.1537260000000002,0.15703549999999922
2017-12-04,0.19852900000000098,0.16871999999999956,0.18362450000000027
2017-12-05,0.16631799999999886,0.16093899999999708,0.16362849999999796
2017-12-06,0.1692209999996974,0.17389699999975125,0.17155899999972432
2017-12-07,0.16117700000000293,0.15930000000000136,0.16023850000000214
2017-12-08,0.10513300000003409,0.5769160000000007,0.3410245000000174
2017-12-11,0.1339240000001792,0.3614950000000021,0.24770950000009068
2017-12-12,0.13116900000000156,0.05821600000000141,0.09469250000000148
2017-12-13,0.11738400000026186,0.0850929999999986,0.10123850000013024
2017-12-14,0.09422599999998882,0.1028169999999794,0.09852149999998411
2017-12-15,0.10227299999999752,0.10305399999999927,0.1026634999999984
2017-12-18,0.12313899999999989,0.10294699999997343,0.11304299999998665
2017-12-19,0.11359100000004138,0.10864500000009333,0.11111800000006736
2017-12-20,0.13688399999990247,0.11218699999999775,0.12453549999995012
2017-12-21,0.13047799999987736,0.12528299999954273,0.12788049999971005
2017-12-22,0.11808600000000066,0.10289699999999818,0.11049149999999942
2017-12-26,0.1594059999999979,0.14161800000000102,0.15051199999999948
2017-12-27,0.14133000000000878,0.14400000000000587,0.1426650000000073
2017-12-28,0.12102700000017774,0.1361409999996959,0.1285839999999368
2017-12-29,0.125547000000002,0.11902100000000577,0.12228400000000389
2018-01-02,0.15998999999998884,0.159461999999985,0.15972599999998693
2018-01-03,0.18008100000043228,0.17136000000011595,0.17572050000027412
2018-01-04,0.18716900000000167,0.16016300000003988,0.17366600000002078
2018-01-05,0.1338069999999967,0.12420799999969705,0.12900749999984687
2018-01-08,0.14376500000029985,0.13792400000000152,0.1408445000001507
2018-01-09,0.12788300000000374,0.1407800000000022,0.134331500000003
2018-01-10,0.14052100000001638,0.13403800000003496,0.13727950000002567
2018-01-11,0.1873199999999959,0.21492400000025624,0.2011220000001261
2018-01-12,0.14494499999999533,0.14563199999999754,0.14528849999999643
2018-01-16,0.17532899999997364,0.18215899999997875,0.1787439999999762
2018-01-17,0.16214799999999868,0.18694099999999927,0.174544499999999
2018-01-18,0.1742700000000026,0.1636069999999948,0.16893849999999871
2018-01-19,0.1322660000000016,0.13201500000000063,0.1321405000000011
2018-01-22,0.14988999999999816,0.15821199999999774,0.15405099999999794
2018-01-23,0.1664000000000033,0.155382999999998,0.16089150000000063
2018-01-24,0.19164300000001874,0.16094199999950118,0.17629249999975996
2018-01-25,0.16837899999999817,0.18908100000000042,0.17872999999999928
2018-01-26,0.15158500000000158,0.15360699999999958,0.15259600000000056
2018-01-29,0.20088200000000017,0.18412399999999832,0.19250299999999926
2018-01-30,0.22172000000000125,0.20073200000000063,0.21122600000000094
2018-01-31,0.23219699999999915,0.1847179999999978,0.20845749999999846
2018-02-01,0.2378349999999969,0.25251799999999985,0.24517649999999838
2018-02-02,0.21696500000000024,0.22162600000000032,0.21929550000000028
2018-02-05,0.40474700000000136,0.3412189999999981,0.37298299999999973
2018-02-06,0.336083,0.38080799999999615,0.3584454999999981
2018-02-07,0.3776129999999981,0.3308200000000039,0.354216500000001
2018-02-08,0.6212640000000021,0.507375000000001,0.5643195000000016
2018-02-09,0.31631900000000096,0.314869999999997,0.315594499999999
2018-02-12,0.2801860000000006,0.29634500000000247,0.2882655000000015
2018-02-13,0.30555900000034636,0.29445700000019515,0.3000080000002707
2018-02-14,0.2902839999999989,0.265722,0.27800299999999945
2018-02-15,0.22983899999999954,0.2927510000000796,0.2612950000000396
2018-02-16,0.21767799999999865,0.1932970000000009,0.20548749999999977
2018-02-20,0.24776799999999835,0.26399699999999926,0.2558824999999988
2018-02-21,0.26726100000000025,0.2494979999999998,0.25837950000000004
2018-02-22,0.27241000000000287,0.2526680000000071,0.26253900000000496
2018-02-23,0.1961849999999996,0.18656799999999837,0.191376499999999
2018-02-26,0.2106730000000028,0.20572500000000216,0.20819900000000247
2018-02-27,0.25735999999999876,0.20148900000000086,0.2294244999999998
2018-02-28,0.2814210000000016,0.2453420000001069,0.2633815000000542
2018-03-01,0.3165040000000031,0.3147919999999968,0.31564799999999993
2018-03-02,0.2311750000000015,0.20096199999991918,0.21606849999996033
2018-03-05,0.24844699999999942,0.22017899999999924,0.23431299999999933
2018-03-06,0.22479400000000116,0.22190399999999902,0.22334900000000008
2018-03-07,0.22737700000000605,0.2377890000000021,0.2325830000000041
2018-03-08,0.20736800000000224,0.25678400000004165,0.23207600000002193
2018-03-09,0.15947100000000167,0.160852,0.16016150000000084
2018-03-12,0.17771399999995321,0.1633499999998961,0.17053199999992466
2018-03-13,0.15661399999976564,0.22109599999999371,0.18885499999987967
2018-03-14,0.1485290000000053,0.1926199999998572,0.17057449999993124
2018-03-15,0.11829800000000376,0.16243399999998606,0.1403659999999949
2018-03-16,0.1693999999999988,0.1477659999999987,0.15858299999999875
2018-03-19,0.2410329999999991,0.21613800000000186,0.2285855000000005
2018-03-20,0.2195779999999988,0.21083599999999889,0.21520699999999884
2018-03-21,0.2596690000000042,0.21078699999999903,0.2352280000000016
2018-03-22,0.290401000000005,0.2963050000000083,0.29335300000000664
2018-03-23,0.2517799999999986,0.24245499999999856,0.2471174999999986
2018-03-26,0.25623299999999916,0.23563699999999504,0.2459349999999971
2018-03-27,0.2777450000000017,0.26567500000000493,0.27171000000000334
2018-03-28,0.3216039999999985,0.31656500000000054,0.31908449999999955
2018-03-29,0.19995099999999924,0.17853899999999867,0.18924499999999894
2018-04-02,0.2930489999999961,0.2811689999999923,0.2871089999999942
2018-04-03,0.2560930000000001,0.24966799999999625,0.2528804999999982
2018-04-04,0.2710740000000015,0.2313390000000026,0.25120650000000205
2018-04-05,0.28410600000000896,0.2582729999999999,0.2711895000000044
2018-04-06,0.23684699999960207,0.22786300000040918,0.23235500000000564
2018-04-09,0.2639409999999977,0.25593299999999963,0.25993699999999864
2018-04-10,0.2743859999999076,0.2821609999999282,0.2782734999999179
2018-04-11,0.28490399999999727,0.27600800000000175,0.2804559999999995
2018-04-12,0.28499500000000266,0.27013500000000273,0.2775650000000027
2018-04-13,0.21344900000000025,0.19895999999999753,0.2062044999999989
2018-04-16,0.20934700000000167,0.19376699999999933,0.20155700000000049
2018-04-17,0.20759899999978856,0.18465700000038876,0.19612800000008868
2018-04-18,0.23521499999963116,0.21298900000011162,0.2241019999998714
2018-04-19,0.24291899999999902,0.2781170000000041,0.2605180000000016
2018-04-20,0.20689199999999924,0.20889700000000294,0.2078945000000011
2018-04-23,0.21923200000000032,0.2334600000000018,0.22634600000000105
2018-04-24,0.24042499999999992,0.2745639999999986,0.25749449999999924
2018-04-25,0.25614199999999304,0.2731149999999946,0.2646284999999938
2018-04-26,0.23146599999999892,0.2725249999999949,0.25199549999999693
2018-04-27,0.19350199999999998,0.16735799999999643,0.1804299999999982
2018-04-30,0.22008000000000263,0.20004699999999834,0.21006350000000049
2018-05-01,0.194709999999999,0.23635899999999901,0.21553449999999902
2018-05-02,0.20780199999999852,0.22727700000000228,0.21753950000000039
2018-05-03,0.19755599999999432,0.255171000000055,0.22636350000002464
2018-05-04,0.17267800000000028,0.17388099999999979,0.17327950000000003
2018-05-07,0.2824890000000003,0.28045799999999893,0.2814734999999996
2018-05-08,0.24280199999999647,0.2596550000000025,0.2512284999999995
2018-05-09,0.22751199999991756,0.2284439999999208,0.2279779999999192
2018-05-10,0.23134800000000053,0.20202800000000723,0.21668800000000388
2018-05-11,0.1745000000000007,0.175424000000002,0.17496200000000134
2018-05-14,0.19217500000000218,0.19035100000000152,0.19126300000000185
2018-05-15,0.197611999999998,0.20507300000000148,0.20134249999999976
2018-05-16,0.2034029999998017,0.19562399999971974,0.1995134999997607
2018-05-17,0.22375699999999127,0.18506700000000062,0.20441199999999593
2018-05-18,0.190147000000001,0.16582400000000178,0.1779855000000014
2018-05-21,0.17182499999981668,0.18383299999989955,0.17782899999985813
2018-05-22,0.2047400000000002,0.18005300000000254,0.19239650000000136
2018-05-23,0.1813689999999982,0.19327300000000003,0.18732099999999913
2018-05-24,0.19507300000000644,0.17846000000000212,0.18676650000000428
2018-05-25,0.18485099999976054,0.185865999999771,0.18535849999976578
2018-05-29,0.25163000000000085,0.2442910000000002,0.24796050000000053
2018-05-30,0.24091699999999772,0.1996849999999989,0.2203009999999983
2018-05-31,0.2539220000000012,0.21518800000000352,0.23455500000000234
2018-06-01,0.17556099999993321,0.17663299999993834,0.17609699999993578
2018-06-04,0.19815800000000106,0.2122820000000015,0.2052200000000013
2018-06-05,0.19737699999998937,0.19756699999998892,0.19747199999998916
2018-06-06,0.1803909999999984,0.20146599999999523,0.19092849999999684
2018-06-07,0.20040200000000422,0.1840450000000036,0.1922235000000039
2018-06-08,0.16250199999999068,0.16397699999999465,0.16323949999999265
2018-06-11,0.16473999999999894,0.18080199999999894,0.17277099999999895
2018-06-12,0.15879600000006286,0.197152000000004,0.17797400000003344
2018-06-13,0.15102199999999885,0.17708199999999946,0.16405199999999914
2018-06-14,0.08323100000012255,0.2162610000003256,0.1497460000002241
2018-06-15,0.19953000000000118,0.20719599999999982,0.20336300000000052
2018-06-18,0.24319499999998684,0.23378599999998495,0.2384904999999859
2018-06-19,0.24877699999999922,0.2513229999999997,0.25004999999999944
2018-06-20,0.27307699999967666,0.2608169999995101,0.26694699999959337
2018-06-21,0.3927569999999971,0.4411759999999996,0.41696649999999835
2018-06-22,0.2080059999999986,0.1977419999999998,0.20287399999999922
2018-06-25,0.24879800000000055,0.2701930000000007,0.2594955000000006
2018-06-26,0.22181399999957177,0.2299069999996915,0.22586049999963165
2018-06-27,0.2482500000000006,0.2378129999999983,0.24303149999999946
2018-06-28,0.23597000000000745,0.24609700000000634,0.2410335000000069
2018-06-29,0.18832099999999943,0.1579479999999994,0.1731344999999994
2018-07-02,0.18802200000000124,0.19782799999999778,0.1929249999999995
2018-07-03,0.19917600000000005,0.1942230000000056,0.19669950000000283
2018-07-05,0.2347020000000022,0.23731299999999933,0.23600750000000076
2018-07-06,0.175150000000003,0.17335700000000095,0.17425350000000198
2018-07-09,0.18282000000000073,0.18461900000000053,0.18371950000000065
2018-07-10,0.1862449999999975,0.17618299999999856,0.18121399999999804
2018-07-11,0.21337800000006757,0.2170010000000478,0.21518950000005768
2018-07-12,0.18154300000001944,0.21605799999999822,0.19880050000000882
2018-07-13,0.1620639999999989,0.16321799999999906,0.16264099999999898
2018-07-16,0.18580600000000105,0.19391499999999906,0.18986050000000004
2018-07-17,0.19257099999999938,0.18209499999999948,0.18733299999999942
2018-07-18,0.17003999999999905,0.17588300000000182,0.17296150000000043
2018-07-19,0.14988800000000452,0.1917780000001139,0.17083300000005922
2018-07-20,0.1645879999999544,0.16774899999996334,0.16616849999995886
2018-07-23,0.19154399999983426,0.1997069999998911,0.19562549999986267
2018-07-24,0.18085299999957222,0.19061999999987114,0.1857364999997217
2018-07-25,0.19698999999999955,0.19155399999999972,0.19427199999999964
2018-07-26,0.2286999999999748,0.21249999999994532,0.22059999999996005
2018-07-27,0.14771200000000034,0.15166000000000127,0.14968600000000082
2018-07-30,0.1809869999999997,0.15924700000000364,0.17011700000000168
2018-07-31,0.18335899999999977,0.16784300000000102,0.1756010000000004
2018-08-01,0.1894189999995299,0.1840010000003906,0.18670999999996024
2018-08-02,0.17607200000003947,0.19151000000000643,0.18379100000002296
2018-08-03,0.1443710000000037,0.14499900000000446,0.14468500000000406
2018-08-06,0.15907199999999666,0.15447999999999718,0.15677599999999692
2018-08-07,0.1535319999999971,0.15053900000000153,0.15203549999999932
2018-08-08,0.15271899999993305,0.1607099999999622,0.15671449999994763
2018-08-09,0.14603400000000033,0.17174000000000517,0.15888700000000275
2018-08-10,0.13768999999999915,0.14070999999999756,0.13919999999999835
2018-08-13,0.1781279999999991,0.1668399999999996,0.17248399999999936
2018-08-14,0.17399699999999935,0.15785500000000274,0.16592600000000104
2018-08-15,0.24239799999999953,0.2388209999999995,0.24060949999999953
2018-08-16,0.19618500000000325,0.18207700000000362,0.18913100000000344
2018-08-17,0.16189800000000037,0.15095499999999945,0.1564264999999999
2018-08-20,0.17211399999999993,0.17545499999999695,0.17378449999999845
2018-08-21,0.18397900000000064,0.16190399999999636,0.1729414999999985
2018-08-22,0.18520800000000004,0.15184700000000173,0.16852750000000088
2018-08-23,0.15400500000034667,0.19208199999994788,0.1730435000001473
2018-08-24,0.1433719999999716,0.14139299999996524,0.14238249999996844
2018-08-27,0.16436700000000168,0.14693200000000103,0.15564950000000136
2018-08-28,0.1588270000000637,0.15368200000012358,0.15625450000009364
2018-08-29,0.14987499999999684,0.14889500000000028,0.14938499999999855
2018-08-30,0.142209999999956,0.1670639999999857,0.15463699999997085
2018-08-31,0.1350749999999977,0.12941099999999797,0.13224299999999783
2018-09-04,0.16208000000002004,0.18526700000000007,0.17367350000001006
2018-09-05,0.1939680000000054,0.17431700000004974,0.18414250000002758
2018-09-06,0.21657099999977664,0.18865000000000062,0.20261049999988862
2018-09-07,0.17951100000000061,0.17103399999999958,0.1752725000000001
2018-09-10,0.18916199999999986,0.1791430000000001,0.1841525
2018-09-11,0.20465499999999937,0.18071500000000001,0.1926849999999997
2018-09-12,0.18389799999999884,0.1688329999999993,0.17636549999999906
2018-09-13,0.15064300000027075,0.19601999999999792,0.17333150000013434
2018-09-14,0.1365890000000005,0.13804300000000005,0.13731600000000027
2018-09-17,0.15679500000000124,0.19780799999999518,0.17730149999999822
2018-09-18,0.15589899999999818,0.13566900000000168,0.1457839999999999
2018-09-19,0.13926399999999334,0.12794199999999906,0.1336029999999962
2018-09-20,0.04948599999999968,0.15133800000015207,0.10041200000007588
2018-09-21,0.14585099999999973,0.1405139999999986,0.14318249999999916
2018-09-24,0.1759980000000007,0.16076300000000465,0.16838050000000268
2018-09-25,0.14983700000000214,0.17882299999999857,0.16433000000000036
2018-09-26,0.16271999999993633,0.16880799999995322,0.1657639999999448
2018-09-27,0.16202600000000422,0.13634699999999733,0.14918650000000078
2018-09-28,0.14950100000000247,0.14241400000000712,0.1459575000000048
2018-10-01,0.17609099999999764,0.1343310000000057,0.15521100000000165
2018-10-02,0.1691519999999996,0.14866599999999938,0.1589089999999995
2018-10-03,0.1748960000000716,0.14606100000004327,0.16047850000005742
2018-10-04,0.19567399999953144,0.18902600000000003,0.19234999999976574
2018-10-05,0.16480100000000067,0.16869599999999865,0.16674849999999966
2018-10-08,0.20944600000000088,0.17765299999999737,0.19354949999999913
2018-10-09,0.20680899999999783,0.17395900000000292,0.1903840000000004
2018-10-10,0.2661270000000003,0.37143000000000354,0.3187785000000019
2018-10-11,0.41912999999999917,0.4616380000000034,0.4403840000000013
2018-10-12,0.2701450000000016,0.23904900000000137,0.25459700000000146
2018-10-15,0.2942979999999788,0.25191799999989123,0.273107999999935
2018-10-16,0.2228289999999973,0.23336299999999613,0.22809599999999672
2018-10-17,0.21961899999999343,0.2492829999999999,0.23445099999999666
2018-10-18,0.2702950000000025,0.3068250000000001,0.2885600000000013
2018-10-19,0.2187879999999993,0.21224500000000174,0.2155165000000005
2018-10-22,0.26094900000000265,0.25637400000000066,0.25866150000000165
2018-10-23,0.29582599999965287,0.3227719999998505,0.3092989999997517
2018-10-24,0.4294060000000009,0.41541099999999914,0.4224085
2018-10-25,0.3666440000000023,0.3658960000000019,0.3662700000000021
2018-10-26,0.3330110000000003,0.3352600000000013,0.3341355000000008
2018-10-29,0.39982400000000456,0.4276810000000027,0.41375250000000363
2018-10-30,0.3841179999999978,0.34533800000000436,0.36472800000000105
2018-10-31,0.342066000000003,0.35369399999999895,0.34788000000000097
2018-11-01,0.27388500000000066,0.38167500000000354,0.32778000000000207
2018-11-02,0.2807230000000005,0.2803320000000022,0.2805275000000014
2018-11-05,0.33972599999999903,0.3120890000000009,0.32590749999999996
2018-11-06,0.3054630000000019,0.3021359999999999,0.3037995000000009
2018-11-07,0.24758000000000294,0.24917700000000093,0.24837850000000194
2018-11-08,0.2546300000000001,0.2715910000000013,0.2631105000000007
2018-11-09,0.26565400000000206,0.2228300000004258,0.24424200000021393
2018-11-12,0.32003199999996124,0.3399659999999813,0.3299989999999713
2018-11-13,0.3660500000001372,0.3580660000002039,0.3620580000001705
2018-11-14,0.37531999999999427,0.3689339999999896,0.37212699999999194
2018-11-15,0.31056600000000223,0.3712720000000043,0.3409190000000033
2018-11-16,0.2148719999999962,0.20876299999999984,0.21181749999999802
2018-11-19,0.22772000000000023,0.25313799999999914,0.24042899999999967
2018-11-20,0.27186499999999786,0.2724649999999988,0.2721649999999983
2018-11-21,0.1826280000000016,0.13526599999999994,0.15894700000000078
2018-11-23,0.2921370000000006,0.2933180000000001,0.29272750000000036
2018-11-26,0.2952930000004204,0.29351100000038494,0.2944020000004027
2018-11-27,0.31446199999999647,0.2914280000000005,0.30294499999999847
2018-11-28,0.2829520000000008,0.273966999999998,0.2784594999999994
2018-11-29,0.29502500000000176,0.279363999999995,0.28719449999999835
2018-11-30,0.34074499999997954,0.3427249999999813,0.3417349999999804
2018-12-03,0.30699199999994264,0.3055239999999409,0.30625799999994174
2018-12-04,0.4268219999999993,0.42329300000000103,0.4250575000000002
2018-12-06,0.6147929999999965,0.6027749999999883,0.6087839999999924
2018-12-07,0.34227599999999997,0.328473999999999,0.3353749999999995
2018-12-10,0.39765699999999776,0.38046399999999975,0.38906049999999875
2018-12-11,0.35666399999976567,0.3922709999999105,0.3744674999998381
2018-12-12,0.3943990000000023,0.3420929999999958,0.3682459999999991
2018-12-13,0.3299419999999499,0.33662199999996323,0.33328199999995656
2018-12-14,0.28389999999994464,0.284688999999945,0.2842944999999448
2018-12-17,0.34697300000000053,0.393806000000016,0.37038950000000825
2018-12-18,0.417738,0.4100220000000017,0.41388000000000086
2018-12-19,0.376695,0.3430049999999988,0.3598499999999994
2018-12-20,0.2675709999999956,0.6019790000000007,0.43477499999999814
2018-12-21,0.37324699999997124,0.35223999999993305,0.36274349999995215
2018-12-24,0.5046939999998088,0.484131999999685,0.49441299999974686
2018-12-26,0.4043030000000033,0.4295979999999984,0.4169505000000009
2018-12-27,0.40651100000000145,0.45957199999984544,0.4330414999999235
2018-12-28,0.28547899999996845,0.30049999999998,0.29298949999997426
2018-12-31,0.2857530000000008,0.40888699999954164,0.34731999999977126
2019-01-02,0.3595699999999984,0.3696939999999995,0.36463199999999896
2019-01-03,0.4269530000000001,0.37199000000000115,0.39947150000000065
2019-01-04,0.30211699999999414,0.28594999999998255,0.29403349999998835
2019-01-07,0.33127499999999926,0.32152599999999815,0.3264004999999987
2019-01-08,0.3405660000000036,0.3162670000000007,0.3284165000000021
2019-01-09,0.29694299999999874,0.32065699999999714,0.30879999999999797
2019-01-10,0.26060200000000106,0.25591899999999457,0.2582604999999978
2019-01-11,0.21069499999999994,0.21113599999999969,0.2109154999999998
2019-01-14,0.2474290000000019,0.22824200000000053,0.2378355000000012
2019-01-15,0.22840700000000302,0.24934100000000006,0.23887400000000153
2019-01-16,0.2571650000002864,0.23143500000019404,0.24430000000024021
2019-01-17,0.2616260000000041,0.23780100000000165,0.24971350000000286
2019-01-18,0.17272299999999974,0.1764710000000037,0.17459700000000172
2019-01-22,0.24498300000000045,0.3033890000000026,0.2741860000000015
2019-01-23,0.2655610000000003,0.2726590000000048,0.26911000000000257
2019-01-24,0.25690600000000696,0.25613000000000685,0.2565180000000069
2019-01-25,0.21795400000000037,0.2201890000000012,0.21907150000000078
2019-01-28,0.271675,0.2854649999999979,0.278569999999999
2019-01-29,0.28701799999999855,0.27682300000000065,0.2819204999999996
2019-01-30,0.2687499999999993,0.26770800000000194,0.2682290000000006
2019-01-31,0.28726599999988767,0.3210220000001145,0.3041440000000011
2019-02-01,0.17698399999991568,0.17972099999992988,0.17835249999992278
2019-02-04,0.18812399999996046,0.19052999999996337,0.18932699999996191
2019-02-05,0.1737740000000025,0.20916499999999769,0.1914695000000001
2019-02-06,0.18617099999965278,0.19341199999989755,0.18979149999977518
2019-02-07,0.2502060000000018,0.25344200000000056,0.25182400000000116
2019-02-08,0.20183700000026786,0.20822999999981756,0.20503350000004272
2019-02-11,0.24412300000000076,0.23304900000000148,0.23858600000000113
2019-02-12,0.21297099999996172,0.21395899999996557,0.21346499999996366
2019-02-13,0.19074600000000222,0.18977900000000517,0.1902625000000037
2019-02-14,0.21451600000000545,0.18799199999999783,0.20125400000000165
2019-02-15,0.15419500000000022,0.15804399999999993,0.15611950000000008
2019-02-19,0.18670599999999818,0.18985899999999398,0.18828249999999608
2019-02-20,0.1795609999999992,0.1941970000000026,0.1868790000000009
2019-02-21,0.1908210000000006,0.20494499999999685,0.19788299999999873
2019-02-22,0.16593099999999847,0.16139699999999974,0.1636639999999991
2019-02-25,0.19405600000000126,0.18917300000000095,0.1916145000000011
2019-02-26,0.20599200000000237,0.19220299999999874,0.19909750000000054
2019-02-27,0.2050029999999983,0.20416000000000395,0.20458150000000114
2019-02-28,0.2057609999999471,0.2128529999999469,0.209306999999947
2019-03-01,0.15825200000004255,0.16408300000017143,0.161167500000107
2019-03-04,0.16909500000000025,0.22388899999950848,0.19649199999975436
2019-03-05,0.18942900000000065,0.19050500000000073,0.1899670000000007
2019-03-06,0.19671900000000267,0.2449939999999985,0.22085650000000057
2019-03-07,0.2608430000000026,0.2379260000000005,0.24938450000000156
2019-03-08,0.189422999999989,0.19303299999998996,0.19122799999998946
2019-03-11,0.17014000000000196,0.19388400000000003,0.182012000000001
2019-03-12,0.14026800000005343,0.20372700000000019,0.1719975000000268
2019-03-13,0.13568400000000252,0.16261799999999363,0.1491509999999981
2019-03-14,0.03459700000000718,0.19710500000000078,0.11585100000000398
2019-03-15,0.149671999999999,0.1499220000000005,0.14979699999999974
2019-03-18,0.1695149999997667,0.16112299999962718,0.16531899999969696
2019-03-19,0.17834399999999961,0.2009760000001684,0.189660000000084
2019-03-20,0.22793300000000058,0.14981599999994066,0.18887449999997064
2019-03-21,0.1921539999999994,0.19526700000000446,0.19371050000000195
2019-03-22,0.21692899999983864,0.1972879999998454,0.20710849999984202
2019-03-25,0.22344700000007126,0.21856799999997162,0.22100750000002145
2019-03-26,0.20299099999998563,0.20824899999999394,0.20561999999998978
2019-03-27,0.2157980000000011,0.21497200000000177,0.21538500000000144
2019-03-28,0.22075800000000237,0.20122999999999813,0.21099400000000024
2019-03-29,0.1758470000000013,0.1729719999999997,0.1744095000000005
2019-04-01,0.18800499999988085,0.17265400000044234,0.1803295000001616
2019-04-02,0.18621699999998392,0.18320099999998782,0.18470899999998586
2019-04-03,0.20208199999999826,0.1883080000000035,0.1951950000000009
2019-04-04,0.16694700000000126,0.2242209999999996,0.19558400000000042
2019-04-05,0.14910300000000126,0.1502210000000008,0.14966200000000102
2019-04-08,0.16563300000004064,0.1822869999995979,0.17395999999981926
2019-04-09,0.16561800000000254,0.20611900000000133,0.18586850000000193
2019-04-10,0.17561100000001284,0.18248400000000395,0.1790475000000084
2019-04-11,0.20168400000000306,0.16141400000008538,0.1815490000000442
2019-04-12,0.1764049999996728,0.17371199999962017,0.17505849999964648
2019-04-15,0.22211999999999898,0.206696,0.2144079999999995
2019-04-16,0.18444500000000302,0.1938689999999967,0.18915699999999985
2019-04-17,0.21826800000000152,0.1929520000000012,0.20561000000000135
2019-04-18,0.15662800000000107,0.15388499999999963,0.15525650000000035
2019-04-22,0.17929799999999696,0.1994769999999995,0.1893874999999982
2019-04-23,0.20306400000019867,0.18211000000000063,0.19258700000009965
2019-04-24,0.2102940000000113,0.19929700000003694,0.2047955000000241
2019-04-25,0.2217699999999989,0.21768499999999985,0.21972749999999938
2019-04-26,0.19371000000000255,0.1798120000000013,0.18676100000000193
2019-04-29,0.23091399999999812,0.19149400000000097,0.21120399999999956
2019-04-30,0.22020499999999726,0.19191699999999945,0.20606099999999836
2019-05-01,0.2525590000000019,0.19046000000044955,0.22150950000022573
2019-05-02,0.26498800000001377,0.2374120000001806,0.2512000000000972
2019-05-03,0.19509600000000382,0.15920399999999815,0.17715000000000097
2019-05-06,0.21090000000000056,0.2413059999999973,0.22610299999999894
2019-05-07,0.2733880000000003,0.27866099999999944,0.2760244999999999
2019-05-08,0.28746500000000913,0.2729020000000262,0.2801835000000177
2019-05-09,0.35061100000024903,0.31526299999999846,0.3329370000001237
2019-05-10,0.2067439999999863,0.20724499999998564,0.20699449999998598
2019-05-13,0.3124040000003358,0.2670820000000028,0.2897430000001693
2019-05-14,0.2526920000000012,0.2293970000000052,0.24104450000000321
2019-05-15,0.23279999999960876,0.1947030000000023,0.21375149999980553
2019-05-16,0.19324400000000358,0.1812320000000008,0.18723800000000218
2019-05-17,0.1868610000000007,0.18191399999999744,0.18438749999999907
2019-05-20,0.22529199999999894,0.19911699999999816,0.21220449999999855
2019-05-21,0.20290000000000366,0.17383799999999905,0.18836900000000134
2019-05-22,0.20827100000000198,0.18589099999999725,0.19708099999999962
2019-05-23,0.2966530000000001,0.26044799999999924,0.2785504999999997
2019-05-24,0.1985789999999968,0.2005199999999984,0.1995494999999976
2019-05-28,0.2556550000002003,0.2427530000000883,0.2492040000001443
2019-05-29,0.2681399999999967,0.25561999999999613,0.26187999999999645
2019-05-30,0.2355570000000043,0.2836460000000762,0.25960150000004023
2019-05-31,0.25128499999999915,0.22522899999999987,0.2382569999999995
2019-06-03,0.3146789999999971,0.24825400000000056,0.28146649999999884
2019-06-04,0.26884799999996795,0.21690499999974994,0.24287649999985894
2019-06-05,0.28194800000000036,0.23794399999999669,0.2599459999999985
2019-06-06,0.27712500000012036,0.20947900000000488,0.24330200000006263
2019-06-07,0.20087200000000094,0.19239699999999998,0.19663450000000046
2019-06-10,0.22465399999999855,0.21116300000000032,0.21790849999999945
2019-06-11,0.21920000000000545,0.20867000000000022,0.21393500000000282
2019-06-12,0.2077649999995706,0.2350170000000554,0.221390999999813
2019-06-13,0.19138300000000208,0.23758699999999572,0.2144849999999989
2019-06-14,0.1609539999999992,0.16380200000000092,0.16237800000000008
2019-06-17,0.1749159999999961,0.17784899999999965,0.1763824999999979
2019-06-18,0.17584099999999955,0.19768699999999814,0.18676399999999885
2019-06-19,0.15555000000000055,0.17819099999999724,0.1668704999999989
2019-06-20,0.10934400000000012,0.1467289999995042,0.12803649999975217
2019-06-21,0.18636399999988715,0.18622999999988749,0.1862969999998873
2019-06-24,0.19640599999999772,0.21000399999999958,0.20320499999999864
2019-06-25,0.2118480000003771,0.19933700000033608,0.2055925000003566
2019-06-26,0.21630799999995898,0.18318199999982185,0.19974499999989043
2019-06-27,0.2036320000000028,0.19142599999999516,0.19752899999999898
2019-06-28,0.19843000000000063,0.19810499999999864,0.19826749999999965
2019-07-01,0.1662140000000263,0.1607430000000542,0.16347850000004027
2019-07-02,0.1151189999998694,0.18458099999974176,0.14984999999980558
2019-07-03,0.13479799999999914,0.14713900000000077,0.14096849999999994
2019-07-05,0.1503010000000012,0.14992299999999995,0.15011200000000058
2019-07-08,0.1649740000000072,0.1711300000000031,0.16805200000000514
2019-07-09,0.1694250000000003,0.17261700000000113,0.1710210000000007
2019-07-10,0.18260499999952107,0.14979200000000198,0.16619849999976152
2019-07-11,0.18160900000000352,0.14948999999998222,0.16554949999999286
2019-07-12,0.13898099999999858,0.12576800000000174,0.13237450000000017
2019-07-15,0.1587219999999999,0.17033699999999746,0.16452949999999866
2019-07-16,0.1893170000000112,0.17237700000003306,0.18084700000002213
2019-07-17,0.1900529999999894,0.18614699999998932,0.18809999999998936
2019-07-18,0.1860189999999346,0.1890269999999432,0.1875229999999389
2019-07-19,0.16390999999999947,0.14255100000000168,0.15323050000000057
2019-07-22,0.1770359999996639,0.16401700000032565,0.17052649999999478
2019-07-23,0.16762799999999783,0.1685420000000024,0.16808500000000012
2019-07-24,0.17378300000002334,0.1539770000000069,0.16388000000001512
2019-07-25,0.15062199999999476,0.23109200000000568,0.19085700000000022
2019-07-26,0.1670130000004862,0.1703799999997953,0.16869650000014075
2019-07-29,0.21233899999999786,0.20834300000000092,0.2103409999999994
2019-07-30,0.20993600000000012,0.22134200000000492,0.21563900000000252
2019-07-31,0.20957400000024579,0.24669300000001193,0.22813350000012886
2019-08-01,0.3071379999995726,0.36169900000002353,0.33441849999979806
2019-08-02,0.22959099999999452,0.21285599999998647,0.2212234999999905
2019-08-05,0.3524749999997242,0.3538839999997352,0.3531794999997297
2019-08-06,0.3163870000000012,0.30458000000000224,0.3104835000000017
2019-08-07,0.36483299999999974,0.3073259999999989,0.3360794999999993
2019-08-08,0.2302509999999895,0.2582250000000019,0.2442379999999957
2019-08-09,0.22201500000000113,0.22183199999999972,0.22192350000000044
2019-08-12,0.2790869999997845,0.2659849999996584,0.27253599999972145
2019-08-13,0.2599459999999899,0.2364779999999761,0.248211999999983
2019-08-14,0.34368400000000066,0.35658599999999824,0.3501349999999994
2019-08-15,0.3388630000004746,0.31983199999999457,0.3293475000002346
2019-08-16,0.2661420000003463,0.2319130000000003,0.24902750000017332
2019-08-19,0.2574590000000015,0.2213670000000023,0.2394130000000019
2019-08-20,0.23808600000000105,0.26934499999999867,0.25371549999999987
2019-08-21,0.2515530000000034,0.2436699999999999,0.24761150000000165
2019-08-22,0.26942100000000085,0.2388049999999935,0.25411299999999715
2019-08-23,0.28605400000000114,0.2944560000000002,0.2902550000000007
2019-08-26,0.27868100000000257,0.318571999999998,0.2986265000000003
2019-08-27,0.29786800000000324,0.2926190000000018,0.29524350000000255
2019-08-28,0.30095200000000066,0.2716440000000015,0.28629800000000105
2019-08-29,0.2567380000000019,0.2344610000000029,0.2455995000000024
2019-08-30,0.2245419999999991,0.1985870000000005,0.21156449999999982
2019-09-03,0.2778799999999953,0.27776800000000323,0.2778239999999993
2019-09-04,0.26655700000002913,0.21783000000009398,0.24219350000006157
2019-09-05,0.2495059999999963,0.205066999999911,0.22728649999995365
2019-09-06,0.17223599999999858,0.17272099999999738,0.17247849999999798
2019-09-09,0.2072719999999994,0.2026880000000037,0.20498000000000155
2019-09-10,0.2012739999999972,0.20592200000000396,0.20359800000000058
2019-09-11,0.2006550000000007,0.2016429999999998,0.20114900000000024
2019-09-12,0.21764300000000206,0.19629799999999986,0.20697050000000095
2019-09-13,0.1672990000000002,0.1732319999999986,0.1702654999999994
2019-09-16,0.2889460000000027,0.28937499999999905,0.2891605000000009
2019-09-17,0.2312550000000703,0.262779000000007,0.24701700000003862
2019-09-18,0.16993600000047354,0.23116199999996698,0.20054900000022025
2019-09-19,0.09886999999998972,0.28935599999962286,0.1941129999998063
2019-09-20,0.19722499999999937,0.1873439999999994,0.1922844999999994
2019-09-23,0.20205400000000145,0.19509200000000368,0.19857300000000255
2019-09-24,0.23395899999999942,0.21738400000000324,0.22567150000000133
2019-09-25,0.22173899999999735,0.2083819999999993,0.21506049999999832
2019-09-26,0.23133200000006998,0.22976500000007838,0.23054850000007418
2019-09-27,0.12985800000004422,0.1530479999999999,0.14145300000002206
2019-09-30,0.20529800000000234,0.20614100000000257,0.20571950000000244
2019-10-01,0.23213299999999923,0.23146700000000228,0.23180000000000076
2019-10-02,0.26137799999999856,0.29183700000000323,0.2766075000000009
2019-10-03,0.27583699999999456,0.2530259999999938,0.26443149999999416
2019-10-04,0.20590400000023446,0.18688600000000022,0.19639500000011734
2019-10-07,0.2596180000000005,0.22005000000000227,0.23983400000000138
2019-10-08,0.2913449999999999,0.288013000000001,0.28967900000000046
2019-10-09,0.27342200000000155,0.2587400000000015,0.26608100000000157
2019-10-10,0.32347600000000043,0.2877739999999999,0.30562500000000015
2019-10-11,0.24171799999995716,0.19629999999961528,0.21900899999978624
2019-10-14,0.22388299999999958,0.2202870000000012,0.2220850000000004
2019-10-15,0.22794800000000237,0.19855599999999818,0.21325200000000027
2019-10-16,0.22019400000043568,0.2023430000000035,0.21126850000021957
2019-10-17,0.20393599999999557,0.18896299999999777,0.19644949999999667
2019-10-18,0.19191599999999917,0.16312899999999703,0.17752249999999808
2019-10-21,0.19124099999979313,0.18558799999972658,0.18841449999975984
2019-10-22,0.21555600000000114,0.1838120000000356,0.19968400000001837
2019-10-23,0.18049499999999885,0.19850900000000263,0.18950200000000073
2019-10-24,0.20116400000000256,0.17094099999999454,0.18605249999999857
2019-10-25,0.18235099999999896,0.1609200000000009,0.17163549999999994
2019-10-28,0.21838100000000046,0.20241799999999951,0.2103995
2019-10-29,0.21618399999999982,0.20594800000000213,0.21106600000000098
2019-10-30,0.19905400000000095,0.24107200000015924,0.2200630000000801
2019-10-31,0.19674199999999722,0.2650199999998472,0.23088099999992223
2019-11-01,0.1660259999999992,0.15911399999999978,0.1625699999999995
2019-11-04,0.21055600000000357,0.19489300000000384,0.2027245000000037
2019-11-05,0.23631199999999944,0.15037800000000112,0.19334500000000027
2019-11-06,0.20698199999982292,0.2155389999998782,0.21126049999985055
2019-11-07,0.18657699999999855,0.20440100000000153,0.19548900000000002
2019-11-08,0.1761619999999992,0.16957199999999992,0.17286699999999955
2019-11-11,0.18479899999999974,0.18885499999999736,0.18682699999999855
2019-11-12,0.18221599999988777,0.19495699999994012,0.18858649999991395
2019-11-13,0.1902699999999999,0.18732700000000194,0.18879850000000092
2019-11-14,0.1960310000000842,0.1899000000001413,0.19296550000011276
2019-11-15,0.16564800000000113,0.16036999999999962,0.16300900000000038
2019-11-18,0.17780900000000271,0.20820599999999848,0.1930075000000006
2019-11-19,0.203776999999999,0.21198800000000123,0.2078825000000001
2019-11-20,0.20448500000000205,0.2188530000000008,0.21166900000000144
2019-11-21,0.21014299999977323,0.2081719999997534,0.2091574999997633
2019-11-22,0.15000999999999842,0.15080599999999944,0.15040799999999893
2019-11-25,0.16288899999999887,0.16089199999999962,0.16189049999999924
2019-11-26,0.1348120000001244,0.17146900000000095,0.15314050000006268
2019-11-27,0.12086899999999887,0.12086199999999782,0.12086549999999835
2019-11-29,0.1973809999996695,0.19949599999970166,0.19843849999968557
2019-12-02,0.2227930000000004,0.2471329999999987,0.23496299999999953
2019-12-03,0.2674809999995245,0.2709520000001153,0.2692164999998199
2019-12-04,0.2730259999999987,0.25277999999999756,0.2629029999999981
2019-12-05,0.242025999999993,0.26469300000000373,0.25335949999999835
2019-12-06,0.19246399999999833,0.1824969999999994,0.18748049999999888
2019-12-09,0.21543299999999882,0.21950100000000008,0.21746699999999947
2019-12-10,0.20417700000006844,0.20059000000009783,0.20238350000008315
2019-12-11,0.20785900000003243,0.20498500000003875,0.20642200000003558
2019-12-12,0.260619000000003,0.17959400000000655,0.22010650000000476
2019-12-13,0.156477999999999,0.15498399999999984,0.15573099999999943
2019-12-16,0.17793799999999896,0.16711800000000024,0.1725279999999996
2019-12-17,0.16291100000001305,0.18536599999999934,0.1741385000000062
2019-12-18,0.15401199999999882,0.21286799999999972,0.18343999999999927
2019-12-19,0.06525999999999992,0.3436449999999956,0.20445249999999776
2019-12-20,0.12993500000000058,0.13040900000000347,0.130172000000002
2019-12-23,0.13112200000029187,0.13323200000030105,0.13217700000029647
2019-12-24,0.125159999999951,0.13983499999998286,0.13249749999996693
2019-12-26,0.12910100000000138,0.14672500000000935,0.13791300000000536
2019-12-27,0.1679380000000009,2.1389010000000015,1.1534195000000012
2019-12-30,0.09953599999998093,0.1989260000000078,0.14923099999999437
2019-12-31,0.16562200000000368,0.1715350000000089,0.1685785000000063
2020-01-02,0.18006299999959355,0.18210500000047752,0.18108400000003555
2020-01-03,0.19221899999999686,0.18853099999999975,0.1903749999999983
2020-01-06,0.1974379999999997,0.20537300000000058,0.20140550000000013
2020-01-07,0.1871690000000009,0.20659200000001182,0.19688050000000634
2020-01-08,0.22252400000000302,0.19699300000001882,0.20975850000001092
2020-01-09,0.20105800000000182,0.1870570000000046,0.1940575000000032
2020-01-10,0.16121200000000147,0.16012700000000069,0.16066950000000108
2020-01-13,0.17698600000000067,0.18100499999999944,0.17899550000000006
2020-01-14,0.17911399999999786,0.17093299999999878,0.17502349999999833
2020-01-15,0.18525699999999964,0.16795999999999595,0.17660849999999778
2020-01-16,0.1518779999999307,0.16995399999999092,0.1609159999999608
2020-01-17,0.13269399999999962,0.13482799999999817,0.1337609999999989
2020-01-21,0.169258000000004,0.1894079999999985,0.17933300000000124
2020-01-22,0.18109500000001444,0.18977200000001868,0.18543350000001657
2020-01-23,0.17295600000000055,0.19607099999999764,0.1845134999999991
2020-01-24,0.19350399999994727,0.19230899999994228,0.19290649999994477
2020-01-27,0.26535899999998525,0.27368899999999297,0.2695239999999891
2020-01-28,0.24765199999999862,0.23605000000000106,0.24185099999999984
2020-01-29,0.22438999999999906,0.2581559999999999,0.24127299999999946
2020-01-30,0.2587650000000018,0.24772399999999384,0.2532444999999978
2020-01-31,0.26460400000000023,0.25636600000000137,0.2604850000000008
2020-02-03,0.28165900000000277,0.29704100000000133,0.28935000000000205
2020-02-04,0.2510219999996789,0.2701829999998375,0.2606024999997582
2020-02-05,0.25045500000000126,0.25637999999999833,0.2534174999999998
2020-02-06,0.27181900000000897,0.22450800000033388,0.24816350000017143
2020-02-07,0.21933600000000125,0.22139799999999896,0.2203670000000001
2020-02-10,0.24269100000000005,0.25809900000000247,0.25039500000000126
2020-02-11,0.2418350000000004,0.2350270000000003,0.23843100000000034
2020-02-12,0.2506079999999369,0.21341599999971445,0.23201199999982566
2020-02-13,0.19440799999998132,0.25424300000000616,0.22432549999999374
2020-02-14,0.17796900000000251,0.1815999999999994,0.17978450000000096
2020-02-18,0.22738699999999964,0.2334169999999999,0.23040199999999977
2020-02-19,0.23692099999999872,0.2053780000000047,0.22114950000000172
2020-02-20,0.23775699999999825,0.21334700000000073,0.22555199999999948
2020-02-21,0.22268299999999908,0.22288599999999956,0.22278449999999933
2020-02-24,0.33806500000000184,0.36310600000000065,0.3505855000000012
2020-02-25,0.5145549999999985,0.5067150000000001,0.5106349999999993
2020-02-26,0.4988539999999988,0.46628299999999534,0.48256849999999707
2020-02-27,0.7459420000000107,0.5621970000000184,0.6540695000000145
2020-02-28,0.8485889999999997,0.7719039999999987,0.8102464999999992
2020-03-02,0.5828739999999974,0.6683799999999993,0.6256269999999984
2020-03-03,0.7495019999997798,0.7377129999997172,0.7436074999997485
2020-03-04,0.5977259999999979,0.6107929999999973,0.6042594999999975
2020-03-05,0.7332020000000009,0.8729659999999939,0.8030839999999975
2020-03-06,0.7199619999999981,0.7011069999999979,0.7105344999999981
2020-03-09,1.4837220000000002,1.525350000000001,1.5045360000000008
2020-03-10,1.1276280000000012,1.0949340000000014,1.1112810000000013
2020-03-11,1.3387640000000014,1.24967899999991,1.2942214999999557
2020-03-12,2.066150999999991,1.9760180000000012,2.021084499999996
2020-03-13,0.883325,0.9814250000000011,0.9323750000000006
2020-03-16,1.7637809999999952,1.864603999999997,1.814192499999996
2020-03-17,1.3280919999999985,1.6611369999999994,1.494614499999999
2020-03-18,1.920425000000001,2.162506000000001,2.041465500000001
2020-03-19,1.3612100000001106,1.9284009999999954,1.644805500000053
2020-03-20,1.189652000000001,1.1695279999999995,1.1795900000000001
2020-03-23,1.3738089999999998,1.2279729999999962,1.300890999999998
2020-03-24,1.258567000000001,1.1472170000000008,1.202892000000001
2020-03-25,1.3999160000000002,1.3477489999999988,1.3738324999999993
2020-03-26,1.130625000000284,1.358082000000004,1.244353500000144
2020-03-27,1.0393379999999997,0.9980880000000008,1.0187130000000002
2020-03-30,1.0245020000000005,1.0680650000000016,1.046283500000001
2020-03-31,1.051942999999999,1.019675,1.0358089999999995
2020-04-01,1.135696999999999,1.1364849999999995,1.1360909999999993
2020-04-02,1.1583590000000055,1.1588779999999983,1.158618500000002
2020-04-03,0.968495999999998,0.9965369999999967,0.9825164999999974
2020-04-06,1.017503000000004,0.9733360000000012,0.9954195000000026
2020-04-07,1.0986059999999989,1.0409439999999972,1.0697749999999981
2020-04-08,1.215229000000002,1.1096119999999954,1.1624204999999987
2020-04-09,0.7576119999999993,0.7410680000000001,0.7493399999999997
2020-04-13,0.7358399999999995,0.7222629999999988,0.7290514999999991
2020-04-14,0.6473600000000138,0.6644850000000065,0.6559225000000102
2020-04-15,0.7235929999999946,0.7874730000000001,0.7555329999999973
2020-04-16,0.8078600000000017,0.703885000000004,0.7558725000000028
2020-04-17,0.6526799999999996,0.6548949999999978,0.6537874999999986
2020-04-20,0.8679579999999997,0.8284050000000014,0.8481815000000006
2020-04-21,1.0135119999999984,0.9143070000000004,0.9639094999999994
2020-04-22,0.7775290000000006,0.709385999999998,0.7434574999999992
2020-04-23,0.720480999999964,0.654325000000008,0.687402999999986
2020-04-24,0.5968419999999987,0.5963159999999992,0.5965789999999989
2020-04-27,0.5934790000002202,0.6040600000003745,0.5987695000002974
2020-04-28,0.5333219999999975,0.5413320000000023,0.5373269999999999
2020-04-29,0.5981240000000033,0.5547409999999957,0.5764324999999995
2020-04-30,0.8190719999999237,0.6679949999999902,0.743533499999957
2020-05-01,0.5833059999999661,0.5871469999999721,0.5852264999999691
2020-05-04,0.6232479999999974,0.659101000000001,0.6411744999999992
2020-05-05,0.7152799999998709,0.6931159999997943,0.7041979999998327
2020-05-06,0.6216259999999963,0.5935320000000003,0.6075789999999983
2020-05-07,0.6122219999999973,0.6771739999999957,0.6446979999999964
2020-05-08,0.43115999999999727,0.43040900000000026,0.4307844999999988
2020-05-11,0.5184679999998965,0.4808989999997332,0.4996834999998148
2020-05-12,0.4939279999999745,0.5089269999999807,0.5014274999999776
2020-05-13,0.6255539999999978,0.5925489999999997,0.6090514999999987
2020-05-14,0.554410999999996,0.7403219999999971,0.6473664999999966
2020-05-15,0.4885669999999996,0.4892179999999995,0.4888924999999995
2020-05-18,0.5035109999999982,0.4976179999999956,0.5005644999999969
2020-05-19,0.5338330000000028,0.5120749999999958,0.5229539999999993
2020-05-20,0.4729880000000011,0.47316499999999934,0.47307650000000023
2020-05-21,0.5156250000002985,0.5220900000002288,0.5188575000002636
2020-05-22,0.4254439999999986,0.42340500000000125,0.4244244999999999
2020-05-26,0.3913729999999908,0.4440839999999981,0.41772849999999445
2020-05-27,0.38851199999953584,0.4056159999996961,0.39706399999961595
2020-05-28,0.45366799999999474,0.37987000000000076,0.4167689999999977
2020-05-29,0.39309300000000025,0.3769960000000004,0.38504450000000034
2020-06-01,0.4333999999999986,0.4124019999999962,0.4229009999999974
2020-06-02,0.37843499999999763,0.41618699999999903,0.3973109999999983
2020-06-03,0.41637000000001245,0.3916990000000363,0.4040345000000244
2020-06-04,0.38707799999999287,0.44086099999999845,0.41396949999999566
2020-06-05,0.43663499999959166,0.43527299999957797,0.43595399999958484
2020-06-08,0.608995999999959,0.6577889999999934,0.6333924999999763
2020-06-09,0.6162429999999895,0.5427419999999342,0.5794924999999619
2020-06-10,0.6731490000001913,0.6180329999999988,0.6455910000000951
2020-06-11,0.968896,0.962856999999997,0.9658764999999985
2020-06-12,0.5825359999998869,0.5837259999998897,0.5831309999998884
2020-06-15,0.5808239999999976,0.6470530000000001,0.6139384999999988
2020-06-16,0.5989439999999829,0.6464009999999958,0.6226724999999893
2020-06-17,0.6208739999999967,0.556531999999999,0.5887029999999979
2020-06-18,0.3987819999999901,0.5538819999999988,0.4763319999999944
2020-06-19,0.46909700000000076,0.47962100000000074,0.47435900000000075
2020-06-22,0.47023999999999716,0.5198680000000023,0.49505399999999977
2020-06-23,0.4452159999999975,0.4773059999999972,0.46126099999999737
2020-06-24,0.6154750000000017,0.5744419999999986,0.5949585000000002
2020-06-25,0.5098220000000176,0.6059859999999976,0.5579040000000076
2020-06-26,0.48157399999999856,0.4953390000000017,0.4884565000000001
2020-06-29,0.4852710000000357,0.6018960000000376,0.5435835000000366
2020-06-30,0.5195399999999976,0.46581899999999843,0.492679499999998
2020-07-01,0.5103879999999986,0.504027000000003,0.5072075000000008
2020-07-02,0.37950499999999865,0.379188,0.37934649999999936
2020-07-06,0.4597350000000001,0.4824029999999983,0.4710689999999992
2020-07-07,0.5000429999999987,0.49645100000000036,0.49824699999999955
2020-07-08,0.4607040000000297,0.503791000000003,0.48224750000001637
2020-07-09,0.526815000000002,0.4991100000000022,0.5129625000000021
2020-07-10,0.4419749999999987,0.439531999999998,0.44075349999999835
2020-07-13,0.5086289999999996,0.4953479999999983,0.501988499999999
2020-07-14,0.532583999999737,0.5176799999996367,0.5251319999996868
2020-07-15,0.436427,0.44118799999999475,0.43880749999999735
2020-07-16,0.41171300000000693,0.4185380000000011,0.41512550000000403
2020-07-17,0.37063699999999944,0.3680690000000015,0.3693530000000005
2020-07-20,0.4045789999996998,0.3948899999996065,0.39973449999965316
2020-07-21,0.43753100000000034,0.4851470000000021,0.4613390000000012
2020-07-22,0.4539600000000018,0.4179000000000146,0.4359300000000082
2020-07-23,0.36492399999999453,0.3916900000000001,0.3783069999999973
2020-07-24,0.3740349999999996,0.36921900000000185,0.3716270000000007
2020-07-27,0.3729249999999991,0.4274780000000001,0.4002014999999996
2020-07-28,0.36175699999999994,0.4332479999999973,0.39750249999999865
2020-07-29,0.3680700000000146,0.41850500000000174,0.39328750000000817
2020-07-30,0.607592999999993,0.5537740000000428,0.5806835000000179
2020-07-31,0.34272399999999886,0.3405439999999985,0.34163399999999866
2020-08-03,0.3824380000000037,0.3626870000000018,0.3725625000000028
2020-08-04,0.36189699999999647,0.3845619999999975,0.373229499999997
2020-08-05,0.3741489999999972,0.35169999999999907,0.3629244999999981
2020-08-06,0.33563300000009044,0.3883650000000064,0.3619990000000484
2020-08-07,0.34207400000000115,0.3355890000000022,0.3388315000000017
2020-08-10,0.3714780000000015,0.3874399999999992,0.3794590000000003
2020-08-11,0.40943699999999866,0.4316720000000003,0.4205544999999995
2020-08-12,0.367846000000001,0.3944939999999996,0.38117000000000034
2020-08-13,0.3689570000000008,0.3300660000000081,0.3495115000000044
2020-08-14,0.3167020000000019,0.32362700000000005,0.32016450000000096
2020-08-17,0.340161,0.3467640000000004,0.3434625000000002
2020-08-18,0.30216899999999924,0.3577500000002365,0.32995950000011787
2020-08-19,0.34211000000000286,0.3331570000000012,0.33763350000000203
2020-08-20,0.37380399999998626,0.2596919999999942,0.31674799999999026
2020-08-21,0.30632900000000246,0.30166300000000135,0.30399600000000193
2020-08-24,0.32653499999999835,0.35592500000000143,0.3412299999999999
2020-08-25,0.34452299999977926,0.3371989999997549,0.34086099999976704
2020-08-26,0.35528200000000276,0.3799470000000017,0.36761450000000223
2020-08-27,0.4062840000000014,0.3158069999999892,0.3610454999999953
2020-08-28,0.33214299999999786,0.2927699999999946,0.31245649999999625
2020-08-31,0.4186110000000005,0.3410330000000012,0.3798220000000009
2020-09-01,0.34187200000000195,0.38122000000000134,0.36154600000000164
2020-09-02,0.4040000000000009,0.38933499999999915,0.39666750000000006
2020-09-03,0.4719730000000035,0.47894900000000334,0.4754610000000034
2020-09-04,0.3643110000000002,0.3643250000000015,0.36431800000000086
2020-09-08,0.493265999999999,0.4645919999999991,0.47892899999999905
2020-09-09,0.39855400000000224,0.3936960000000093,0.3961250000000058
2020-09-10,0.4530100000000017,0.4086699999999998,0.4308400000000008
2020-09-11,0.3657740000000024,0.3549750000000004,0.3603745000000014
2020-09-14,0.3833640000000025,0.3507449999999986,0.3670545000000005
2020-09-15,0.3280489999999987,0.353978000000002,0.34101350000000036
2020-09-16,0.2780040000000028,0.3531679999999981,0.3155860000000005
2020-09-17,0.232287000000002,0.4085329999999979,0.32041
2020-09-18,0.2677319999999983,0.2937230000000002,0.28072749999999924
2020-09-21,0.3927809999999985,0.4454899999999997,0.4191354999999991
2020-09-22,0.3909460000000027,0.39116999999999935,0.391058000000001
2020-09-23,0.502902000000026,0.49736600000003406,0.50013400000003
2020-09-24,0.5010080000000064,0.4682179999999941,0.4846130000000003
2020-09-25,0.37719799999999676,0.35232500000000005,0.3647614999999984
2020-09-28,0.41296600000000117,0.44069199999999464,0.4268289999999979
2020-09-29,0.525732999999701,0.4220270000000003,0.47387999999985064
2020-09-30,0.47385199999982763,0.39483999999999864,0.43434599999991313
2020-10-01,0.4203339999997883,0.46176199999991313,0.4410479999998507
2020-10-02,0.40967600000000076,0.3758850000000011,0.3927805000000009
2020-10-05,0.3850259999999972,0.40138500000000094,0.3932054999999991
2020-10-06,0.41502000000037403,0.4200240000002946,0.41752200000033435
2020-10-07,0.3929930000000148,0.38745200000001906,0.3902225000000169
2020-10-08,0.37498099999997797,0.43127499999999797,0.40312799999998794
2020-10-09,0.3421779999999996,0.34219099999999747,0.34218449999999856
2020-10-12,0.39650299999999994,0.3850789999999997,0.39079099999999983
2020-10-13,0.4248860000000016,0.3657620000000018,0.3953240000000017
2020-10-14,0.40490600000000254,0.3995369999999967,0.4022214999999996
2020-10-15,0.3729260000000138,0.38092200000000537,0.3769240000000096
2020-10-16,0.33656799999999865,0.3126110000000006,0.32458949999999964
2020-10-19,0.3806839999999671,0.36472099999994867,0.37270249999995786
2020-10-20,0.40442599999999895,0.3443529999999989,0.37438949999999893
2020-10-21,0.442019000000007,0.3718480000002273,0.40693350000011713
2020-10-22,0.36780999999999386,0.4622630000001408,0.4150365000000673
2020-10-23,0.34647099999999936,0.34671399999999797,0.34659249999999864
2020-10-26,0.4760199999999987,0.47628500000000185,0.4761525000000003
2020-10-27,0.49065900000000195,0.4478090000000017,0.4692340000000018
2020-10-28,0.5734220000000108,0.5548930000000207,0.5641575000000157
2020-10-29,0.5271449999999943,0.518862999999998,0.5230039999999961
2020-10-30,0.6324830000000007,0.6323819999999988,0.6324324999999997
2020-11-02,0.7008119999999968,0.7457800000000014,0.723295999999999
2020-11-03,0.7774270000000008,0.7448510000000017,0.7611390000000012
2020-11-04,0.5895160000003352,0.5839610000002677,0.5867385000003015
2020-11-05,0.5574940000000045,0.5088080000000008,0.5331510000000026
2020-11-06,0.4025459999999901,0.3903809999999821,0.3964634999999861
2020-11-09,0.43448899999998575,0.4710339999999968,0.45276149999999127
2020-11-10,0.4239190000000049,0.5016009999999994,0.46276000000000217
2020-11-11,0.4000269999995471,0.4410620000000823,0.4205444999998147
2020-11-12,0.5244140000003227,0.5845220000000324,0.5544680000001776
2020-11-13,0.4017009999999987,0.3860199999999989,0.39386049999999884
2020-11-16,0.4139260000000013,0.4674429999999969,0.4406844999999991
2020-11-17,0.42794499999999897,0.43196100000000337,0.42995300000000114
2020-11-18,0.5051280000000019,0.3904439999999997,0.4477860000000008
2020-11-19,0.41893900000000833,0.43237400000001536,0.4256565000000119
2020-11-20,0.320233000000001,0.31548399999999843,0.3178584999999997
2020-11-23,0.38572599999954443,0.4212810000000937,0.40350349999981905
2020-11-24,0.386459999999575,0.40782000000019947,0.39713999999988725
2020-11-25,0.33912100000036244,0.3300119999999982,0.3345665000001803
2020-11-27,0.445100999999998,0.44836499999999996,0.446732999999999
2020-11-30,0.5250430000000019,0.5055020000000007,0.5152725000000014
2020-12-01,0.5843949999995969,0.5730429999998807,0.5787189999997389
2020-12-02,0.5629360000000022,0.5586630000000001,0.5607995000000012
2020-12-03,0.4410659999999954,0.47229899999999286,0.4566824999999941
2020-12-04,0.40731700000000237,0.40997899999999976,0.40864800000000107
2020-12-07,0.44102400000000375,0.43212000000000705,0.4365720000000054
2020-12-08,0.437951000000004,0.4067030000000108,0.4223270000000074
2020-12-09,0.5340600000000009,0.41666500000000045,0.4753625000000007
2020-12-10,0.4626459999999949,0.4565859999999994,0.45961599999999714
2020-12-11,0.4157629999999152,0.4120269999999048,0.41389499999991
2020-12-14,0.4715109999999991,0.4412790000000046,0.4563950000000019
2020-12-15,0.3921269999999955,0.44990299999999833,0.4210149999999969
2020-12-16,0.46851800000002963,0.4213780000001971,0.44494800000011336
2020-12-17,0.3872480000000044,0.5133310000000035,0.450289500000004
2020-12-18,0.30301700000000253,0.36588300000035107,0.3344500000001768
2020-12-21,0.41585199999999867,0.40147800000000217,0.4086650000000004
2020-12-22,0.37696599999999736,0.35672999999999894,0.3668479999999982
2020-12-23,0.31782500000000363,0.25904699999996966,0.28843599999998665
2020-12-24,0.3004340000000011,0.29696600000000084,0.29870000000000096
2020-12-28,0.3845669999999986,0.3884449999999974,0.386505999999998
2020-12-29,0.36584199999983325,0.3612539999997501,0.3635479999997917
2020-12-30,0.3864109999999999,0.30044899999969715,0.3434299999998485
2020-12-31,0.3607939999999601,0.3566819999999496,0.3587379999999548
2021-01-04,0.46000800000000025,0.46656499999999745,0.4632864999999988
2021-01-05,0.5289410000000019,0.5291720000000006,0.5290565000000013
2021-01-06,0.5525180000000018,0.5361060000000014,0.5443120000000017
2021-01-07,0.34595499999995943,0.3922929999999919,0.3691239999999757
2021-01-08,0.385969999999999,0.3797610000000004,0.3828654999999997
2021-01-11,0.37834299999997306,0.43276299999999546,0.4055529999999843
2021-01-12,0.4413079999999986,0.38751200000000163,0.4144100000000001
2021-01-13,0.41920000000000057,0.3723500000000016,0.3957750000000011
2021-01-14,0.49498600000000076,0.4143679999999995,0.4546770000000001
2021-01-15,0.37961199999999995,0.3586379999999983,0.36912499999999915
2021-01-19,0.3988449999999975,0.4054300000000016,0.4021374999999996
2021-01-20,0.39876100000000775,0.40678300000000467,0.40277200000000624
2021-01-21,0.4590080000001854,0.4012689999999964,0.4301385000000909
2021-01-22,0.39366899999999855,0.363837,0.3787529999999993
2021-01-25,0.43358400000000075,0.4367230000000001,0.4351535000000004
2021-01-26,0.4685890000000009,0.4380090000000034,0.4532990000000022
2021-01-27,0.6084530000000031,0.544852999999998,0.5766530000000005
2021-01-28,0.5665949999999996,0.46517500000000855,0.5158850000000041
2021-01-29,0.49946399999999896,0.4283810000000036,0.4639225000000013
2021-02-01,0.45939999999971254,0.447484999999613,0.4534424999996628
2021-02-02,0.42476000000000214,0.4111249999999963,0.4179424999999992
2021-02-03,0.4570529999999999,0.41588800000002774,0.4364705000000138
2021-02-04,0.39915599999999785,0.4516550000001097,0.4254055000000538
2021-02-05,0.32313700000000006,0.31705300000000125,0.3200950000000007
2021-02-08,0.3810940000000002,0.4245919999999981,0.4028429999999992
2021-02-09,0.4108279999999991,0.41101799999999905,0.41092299999999904
2021-02-10,0.37025000000000285,0.4280960000000039,0.3991730000000034
2021-02-11,0.3425779999999965,0.3807850000000048,0.36168150000000066
2021-02-12,0.30308100000000243,0.30135399999999984,0.30221750000000114
2021-02-16,0.4276989999999989,0.3914750000000007,0.4095869999999998
2021-02-17,0.4041120000000008,0.38605400000000617,0.3950830000000035
2021-02-18,0.3618249999999958,0.31958800000000354,0.3407064999999997
2021-02-19,0.3482429999999994,0.33869199999999877,0.3434674999999991
2021-02-22,0.4502850000000013,0.42287100000000105,0.4365780000000012
2021-02-23,0.4077960000000004,0.4225639999999999,0.4151800000000001
2021-02-24,0.41806700000001923,0.4148040000000269,0.41643550000002305
2021-02-25,0.5409790000000041,0.46070299999999853,0.5008410000000013
2021-02-26,0.4737619999999735,0.37034000000026607,0.42205100000011975
2021-03-01,0.4449689999999676,0.44761499999997256,0.44629199999997005
2021-03-02,0.4864819999999995,0.42172500000000196,0.45410350000000077
2021-03-03,0.5172289999999999,0.4697479999999999,0.4934884999999999
2021-03-04,0.48308799999999996,0.5724090000000033,0.5277485000000016
2021-03-05,0.37155999999999834,0.38220100000000146,0.3768804999999999
2021-03-08,0.4988139999999985,0.45385700000000057,0.4763354999999995
2021-03-09,0.4339030000000179,0.4448510000000123,0.4393770000000151
2021-03-10,0.43663099999999117,0.4367879999999947,0.4367094999999929
2021-03-11,0.35782999999996046,0.3982609999999879,0.37804549999997417
2021-03-12,0.3802689999999985,0.3802790000000009,0.3802739999999997
2021-03-15,0.40432199999999996,0.41585400000000095,0.41008800000000045
2021-03-16,0.41604100000000166,0.3866749999999987,0.4013580000000002
2021-03-17,0.37615700000000035,0.35007899999999803,0.36311799999999916
2021-03-18,0.5318620000000055,0.4594139999999971,0.4956380000000013
2021-03-19,0.34705600000004083,0.3549950000000273,0.3510255000000341
2021-03-22,0.3872110000000008,0.3577949999999969,0.37250299999999886
2021-03-23,0.3903579999999979,0.4050370000000003,0.3976974999999991
2021-03-24,0.3966049999996273,0.3930629999995002,0.3948339999995637
2021-03-25,0.38402599999999937,0.4395830000000015,0.41180450000000046
2021-03-26,0.31352100000000077,0.32739299999962024,0.3204569999998105
2021-03-29,0.42485299999999976,0.3737790000000038,0.3993160000000018
2021-03-30,0.334347999999998,0.36135499999999654,0.34785149999999726
2021-03-31,0.47795499999968155,0.43406000000020967,0.4560074999999456
2021-04-01,0.2758299999999997,0.2769970000000005,0.2764135000000001
2021-04-05,0.3237769999999957,0.331335000000001,0.32755599999999835
2021-04-06,0.321553999999997,0.3245680000000029,0.32306099999999993
2021-04-07,0.33201399999999887,0.29736899999999994,0.3146914999999994
2021-04-08,0.29608999999999996,0.25670400000000143,0.27639700000000067
2021-04-09,0.27498899999999876,0.25446199999999974,0.2647254999999993
2021-04-12,0.29740800000000045,0.29257199999999645,0.2949899999999984
2021-04-13,0.2778310000000012,0.3041339999999981,0.29098249999999964
2021-04-14,0.2742830000000308,0.3024950000000029,0.2883890000000169
2021-04-15,0.2614260000000016,0.27180899999999564,0.2666174999999986
2021-04-16,0.25736099999959783,0.2617629999996607,0.25956199999962926
2021-04-19,0.3050480000000025,0.33008799999999927,0.31756800000000085
2021-04-20,0.3433869999998543,0.32297799999973653,0.33318249999979543
2021-04-21,0.3452489999999986,0.28057500000000335,0.31291200000000097
2021-04-22,0.3122429999999997,0.3123579999999947,0.3123004999999972
2021-04-23,0.2778379999999986,0.27050800000000125,0.2741729999999999
2021-04-26,0.30085500000000104,0.30608899999999906,0.3034720000000001
2021-04-27,0.32761299999996535,0.299255999999914,0.31343449999993966
2021-04-28,0.2994970000000001,0.3234359999999948,0.3114664999999974
2021-04-29,0.2862439999998543,0.34435400000002486,0.3152989999999396
2021-04-30,0.29889499999981584,0.2996079999998197,0.29925149999981776
2021-05-03,0.3093519999999978,0.31345100000000226,0.3114015
2021-05-04,0.3416059999999997,0.31982400000000094,0.3307150000000003
2021-05-05,0.3543530000000025,0.367422000000129,0.36088750000006575
2021-05-06,0.3109989999997174,0.3715140000000233,0.3412564999998704
2021-05-07,0.2667350000000006,0.2711720000000016,0.26895350000000107
2021-05-10,0.365421999999999,0.34767799999999993,0.3565499999999995
2021-05-11,0.3874949999999992,0.3876549999999983,0.3875749999999988
2021-05-12,0.44485799999999825,0.4353159999999966,0.44008699999999745
2021-05-13,0.3753939999999963,0.3986850000000013,0.38703949999999876
2021-05-14,0.29159499999999994,0.2931340000000027,0.29236450000000136
2021-05-17,0.34392599999999607,0.33968600000000004,0.34180599999999806
2021-05-18,0.3823999999999975,0.34118500000000196,0.36179249999999974
2021-05-19,0.4311339999999984,0.405157999999999,0.4181459999999987
2021-05-20,0.3262099999999987,0.39080699999979457,0.35850849999989665
2021-05-21,0.3059109999999994,0.3059920000000001,0.3059514999999997
2021-05-24,0.3192420000000036,0.2965070000000019,0.3078745000000027
2021-05-25,0.3235330000000001,0.29946800000000084,0.3115005000000005
2021-05-26,0.26287300000000224,0.28906499999999874,0.27596900000000046
2021-05-27,0.2590050000000012,0.20771200000004286,0.23335850000002203
2021-05-28,0.2325640000000011,0.23276300000000033,0.23266350000000072
2021-06-01,0.28769299999999925,0.3007579999999993,0.29422549999999925
2021-06-02,0.2922579999998769,0.2672169999999946,0.27973749999993575
2021-06-03,0.29508199999999757,0.31695800000000657,0.30602000000000207
2021-06-04,0.24827999999999933,0.24751300000000007,0.2478964999999997
2021-06-07,0.28246700000000047,0.2847809999999979,0.2836239999999992
2021-06-08,0.26654900000000575,0.2814960000000125,0.27402250000000916
2021-06-09,0.32416999999999835,0.27521599999999824,0.2996929999999983
2021-06-10,0.2964810000000019,0.28790300000000135,0.2921920000000016
2021-06-11,0.2216050000000008,0.22259400000000087,0.22209950000000084
2021-06-14,0.25311200000000134,0.2860179999999978,0.26956499999999955
2021-06-15,0.28085300000000124,0.2536260000000001,0.26723950000000063
2021-06-16,0.3166079999999988,0.26810000000000206,0.29235400000000045
2021-06-17,0.3768509999999997,0.3813860000000021,0.3791185000000009
2021-06-18,0.33349299999997667,0.3174039999999546,0.3254484999999656
2021-06-21,0.3209079999999877,0.3167019999999862,0.31880499999998696
2021-06-22,0.2990709999998749,0.2891029999998318,0.2940869999998533
2021-06-23,0.29726600000000325,0.28810399999999603,0.29268499999999964
2021-06-24,0.24736299999999692,0.28672500000000084,0.2670439999999989
2021-06-25,0.20672800000000177,0.20031900000000052,0.20352350000000113
2021-06-28,0.2975109999999922,0.30801299999999626,0.3027619999999942
2021-06-29,0.3062830000000056,0.3203290000000056,0.3133060000000056
2021-06-30,0.3531569999999999,0.3564780000000001,0.3548175
2021-07-01,0.3202260000001728,0.3647840000000205,0.34250500000009665
2021-07-02,0.2433960000000024,0.24498999999999913,0.24419300000000077
2021-07-06,0.34137400000044404,0.2997339999999995,0.3205540000002218
2021-07-07,0.3120569999999599,0.3480579999999852,0.3300574999999726
2021-07-08,0.3094689999999991,0.3813539999999981,0.3454114999999986
2021-07-09,0.2673099999999997,0.2708919999999981,0.2691009999999989
2021-07-12,0.28438399999999864,0.2891869999999982,0.2867854999999984
2021-07-13,0.30186999999999947,0.2967709999999996,0.29932049999999955
2021-07-14,0.3354060000000027,0.31200599999999806,0.3237060000000004
2021-07-15,0.30372600000000105,0.3520120000000019,0.32786900000000146
2021-07-16,0.30664400000000047,0.31136200000000147,0.30900300000000097
2021-07-19,0.4610820000000007,0.4485649999999986,0.45482349999999966
2021-07-20,0.37268499999999943,0.3848190000000003,0.37875199999999987
2021-07-21,0.36569800000002245,0.35533200000004744,0.36051500000003495
2021-07-22,0.38107100000018373,0.3559859999996795,0.36852849999993165
2021-07-23,0.29006099999999907,0.284612000000002,0.28733650000000055
2021-07-26,0.3375139999999998,0.36204599999999987,0.34977999999999987
2021-07-27,0.35989099999999935,0.38271299999999975,0.3713019999999996
2021-07-28,0.3571489999999971,0.346932000000004,0.35204050000000053
2021-07-29,0.33140899999954687,0.34619500000023873,0.3388019999998928
2021-07-30,0.29661699999981167,0.29757499999981807,0.29709599999981484
2021-08-02,0.3442940000000044,0.3445190000000046,0.3444065000000045
2021-08-03,0.31403399999999954,0.30865999999999955,0.31134699999999954
2021-08-04,0.34546599999999733,0.3456229999999991,0.34554449999999826
2021-08-05,0.3116110000000024,0.3411019999999976,0.3263565
2021-08-06,0.2567889999999994,0.25320399999999904,0.2549964999999992
2021-08-09,0.2987140000000002,0.28413699999999953,0.2914254999999999
2021-08-10,0.290180999999999,0.3072390000000016,0.2987100000000003
2021-08-11,0.2701630000000013,0.2906620000002397,0.2804125000001205
2021-08-12,0.23452999999999524,0.2729499999999994,0.2537399999999973
2021-08-13,0.241736999999948,0.24459499999995493,0.24316599999995148
2021-08-16,0.28618499999999947,0.3061579999999987,0.2961714999999991
2021-08-17,0.3310570000000049,0.3254880000000022,0.3282725000000035
2021-08-18,0.385312,0.37466100000000163,0.3799865000000008
2021-08-19,0.3651840000000029,0.45073000000005625,0.40795700000002955
2021-08-20,0.2723240000000014,0.27559600000005297,0.2739600000000272
2021-08-23,0.28856200000000193,0.29635299999999987,0.2924575000000009
2021-08-24,0.2786110000000005,0.2845199999999996,0.2815655
2021-08-25,0.2837809999997562,0.26971699999999965,0.2767489999998779
2021-08-26,0.3338359999999901,0.318973999999979,0.3264049999999845
2021-08-27,0.243683,0.24609400000000112,0.24488850000000056
2021-08-30,0.2993920000000012,0.2821570000000004,0.2907745000000008
2021-08-31,0.3072349999999984,0.2730649999999984,0.2901499999999984
2021-09-01,0.2901840000000236,0.32645499999999905,0.3083195000000113
2021-09-02,0.2809640000000017,0.3697619999999974,0.32536299999999957
2021-09-03,0.21905799999999942,0.20996199999999998,0.2145099999999997
2021-09-07,0.2943529999999976,0.25701600000000197,0.2756844999999998
2021-09-08,0.2890010000001602,0.2891340000001502,0.28906750000015524
2021-09-09,0.2796659999999968,0.27976199999999585,0.27971399999999635
2021-09-10,0.2749660000000006,0.2742689999999984,0.2746174999999995
2021-09-13,0.3105809999999983,0.3083229999999986,0.30945199999999845
2021-09-14,0.3219699999999951,0.32498799999999456,0.32347899999999485
2021-09-15,0.3160440000001209,0.30931300000018525,0.31267850000015307
2021-09-16,0.33970500000041537,0.2852079999999954,0.3124565000002054
2021-09-17,0.2629139999999998,0.270741999999999,0.2668279999999994
2021-09-20,0.4214369999999981,0.41651200000000266,0.41897450000000036
2021-09-21,0.3948390000000007,0.3422900000000004,0.36856450000000057
2021-09-22,0.31057100000000204,0.33876500000000226,0.3246680000000022
2021-09-23,0.27478299999999867,0.2985880000000022,0.2866855000000004
2021-09-24,0.2815129999997424,0.25675500000034146,0.26913400000004195
2021-09-27,0.30520400000006365,0.32667600000002134,0.3159400000000425
2021-09-28,0.38907399999999737,0.3763779999999922,0.3827259999999948
2021-09-29,0.35502399999999906,0.34145999999999643,0.3482419999999977
2021-09-30,0.4634449999999995,0.3388900000000017,0.40116750000000057
2021-10-01,0.3392350000000003,0.33760600000000024,0.33842050000000024
2021-10-04,0.39265099999999936,0.36419599999999924,0.3784234999999993
2021-10-05,0.3440410000000002,0.3240960000000003,0.3340685000000002
2021-10-06,0.347852999999998,0.3728609999999993,0.36035699999999865
2021-10-07,0.3153550000000064,0.35059999999999536,0.33297750000000087
2021-10-08,0.308696999999999,0.29934500000000036,0.30402099999999965
2021-10-11,0.33854299999999865,0.3217209999999977,0.3301319999999982
2021-10-12,0.317767000000416,0.3179330000004216,0.3178500000004188
2021-10-13,0.2739330000000002,0.2952160000000021,0.2845745000000012
2021-10-14,0.23869700000000357,0.2598319999999997,0.2492645000000016
2021-10-15,0.24532300000000096,0.2445629999999987,0.24494299999999983
2021-10-18,0.280486,0.2869479999999989,0.28371699999999944
2021-10-19,0.2643980000000001,0.2979329999999988,0.2811654999999994
2021-10-20,0.27488399999982543,0.2981739999999681,0.2865289999998968
2021-10-21,0.2733780000000006,0.2986129999999995,0.28599550000000007
2021-10-22,0.25144900000000003,0.25240799999999913,0.25192849999999956
2021-10-25,0.2846800000000009,0.297139000000001,0.29090950000000093
2021-10-26,0.29833399999999793,0.28674999999999934,0.29254199999999864
2021-10-27,0.3177939999999196,0.2913829999998137,0.30458849999986665
2021-10-28,0.3018080000000021,0.30608800000000463,0.3039480000000033
2021-10-29,0.28795300000000074,0.26616099999999837,0.27705699999999955
2021-11-01,0.30281799999999875,0.3111999999999999,0.3070089999999993
2021-11-02,0.31431900000049695,0.3097050000004199,0.3120120000004584
2021-11-03,0.3118089999995545,0.3266949999997105,0.3192519999996325
2021-11-04,0.28305900000000517,0.33728600000000064,0.3101725000000029
2021-11-05,0.25700899999999854,0.25493599999999855,0.25597249999999855
2021-11-08,0.28451399999999966,0.2908429999999997,0.28767849999999967
2021-11-09,0.271579999999997,0.2881409999999979,0.27986049999999746
2021-11-10,0.30026099999999906,0.3003969999999973,0.3003289999999982
2021-11-11,0.27973199999993487,0.2840919999996928,0.28191199999981387
2021-11-12,0.2367530000000007,0.23482100000000053,0.23578700000000063
2021-11-15,0.24748000000000023,0.24973499999999924,0.24860749999999973
2021-11-16,0.24409800000000204,0.23469300000000037,0.2393955000000012
2021-11-17,0.24286299999972685,0.2612090000001804,0.25203599999995363
2021-11-18,0.26226800000000144,0.2920670000000016,0.2771675000000015
2021-11-19,0.26961899999999966,0.2708509999999995,0.27023499999999956
2021-11-22,0.28542499999999726,0.25534200000000146,0.27038349999999933
2021-11-23,0.2558940000000023,0.25606600000000157,0.25598000000000193
2021-11-24,0.20042000000000004,0.20349499999999704,0.20195749999999854
2021-11-26,0.4006110000000003,0.37152100000000093,0.3860660000000006
2021-11-29,0.3911219999999621,0.3613319999999059,0.37622699999993403
2021-11-30,0.4557629999999814,0.43310199999996135,0.44443249999997136
2021-12-01,0.5266230000000257,0.5048110000000013,0.5157170000000135
2021-12-02,0.365361999999998,0.4648380000000017,0.41509999999999986
2021-12-03,0.3980339999999733,0.39005099999996534,0.3940424999999693
2021-12-06,0.3398759999999986,0.35718700000000037,0.3485314999999995
2021-12-07,0.29534900000000164,0.30526599999999876,0.30030750000000017
2021-12-08,0.2891730000000552,0.28407700000007846,0.28662500000006685
2021-12-09,0.3265210000000221,0.3143350000000386,0.32042800000003036
2021-12-10,0.2522960000000009,0.23809299999999983,0.24519450000000037
2021-12-13,0.31922499999999976,0.2946170000000011,0.30692100000000044
2021-12-14,0.30311099999965924,0.36166999999993765,0.3323904999997984
2021-12-15,0.3912510000000008,0.3613300000000002,0.3762905000000005
2021-12-16,0.38359900000001257,0.32820300000001085,0.3559010000000117
2021-12-17,0.2963789999999996,0.30214800000002673,0.29926350000001317
2021-12-20,0.3775409999999981,0.37614099999999906,0.37684099999999854
2021-12-21,0.2976089999999986,0.3079260000000007,0.30276749999999963
2021-12-22,0.2261920000000826,0.24910300000000746,0.23764750000004503
2021-12-23,0.21589799999976392,0.19627400000036438,0.20608600000006416
2021-12-27,0.22499999999999828,0.2242750000000007,0.2246374999999995
2021-12-28,0.23097099999975088,0.24206499999983877,0.23651799999979484
2021-12-29,0.2629290000000201,0.22663600000029727,0.2447825000001587
2021-12-30,0.22788300000024855,0.24620500000005882,0.2370440000001537
2021-12-31,0.2502150000000013,0.23891700000000127,0.24456600000000128
2022-01-03,0.25657000000000113,0.26848899999999953,0.2625295000000003
2022-01-04,0.2870040000000012,0.27633500000000005,0.2816695000000006
2022-01-05,0.3203160000000035,0.33856399999999837,0.32944000000000095
2022-01-06,0.3439410000001294,0.3445620000002127,0.344251500000171
2022-01-07,0.28741899999999926,0.28163499999999964,0.2845269999999994
2022-01-10,0.3160300000000022,0.3251299999999993,0.32058000000000075
2022-01-11,0.3188479999999993,0.3354010000000028,0.32712450000000104
2022-01-12,0.34515400000044366,0.32683900000000254,0.3359965000002231
2022-01-13,0.3225129999999968,0.39535399999999843,0.3589334999999976
2022-01-14,0.28680799999999845,0.27286500000000125,0.2798364999999998
2022-01-18,0.36173499999999986,0.3756589999999996,0.3686969999999997
2022-01-19,0.3758619999996708,0.3529880000004059,0.36442500000003836
2022-01-20,0.3644519999999979,0.39969300000048374,0.38207250000024084
2022-01-21,0.3772419999999985,0.3455299999999989,0.3613859999999987
2022-01-24,0.45744399999997326,0.4720119999999819,0.4647279999999776
2022-01-25,0.4461589999999981,0.4515240000000016,0.44884149999999984
2022-01-26,0.49192600000000014,0.4432300000000027,0.4675780000000014
2022-01-27,0.43817800000000573,0.4679270000000047,0.4530525000000052
2022-01-28,0.39258599999999994,0.39167899999999983,0.3921324999999999
2022-01-31,0.38940599999999836,0.387105000000001,0.38825549999999964
2022-02-01,0.3919170000000002,0.3504059999999981,0.37116149999999914
2022-02-02,0.34309500000004656,0.33908600000005945,0.34109050000005303
2022-02-03,0.37066000000000016,0.3713239999999944,0.37099199999999727
2022-02-04,0.3402520000000002,0.3262220000000008,0.3332370000000005
2022-02-07,0.36645199999999784,0.3763589999999992,0.3714054999999985
2022-02-08,0.37378100000000153,0.3403670000000023,0.3570740000000019
2022-02-09,0.327437000000001,0.3455700000000041,0.3365035000000025
2022-02-10,0.3872869999999957,0.3563529999999923,0.37181999999999404
2022-02-11,0.373456000000001,0.37390899999999905,0.37368250000000003
2022-02-14,0.4344149999999971,0.40413299999999847,0.4192739999999978
2022-02-15,0.35921900000000295,0.37034800000000195,0.3647835000000025
2022-02-16,0.3425789999998473,0.34337099999985504,0.34297499999985115
2022-02-17,0.4016869999999985,0.3882570000000041,0.3949720000000013
2022-02-18,0.36242200000000135,0.3586019999999922,0.3605119999999968
2022-02-22,0.4225680000000002,0.45038499999999965,0.43647649999999993
2022-02-23,0.4472240000000029,0.4379929999999964,0.4426084999999996
2022-02-24,0.4055590000000086,0.4920450000000007,0.44880200000000464
2022-02-25,0.339814999999999,0.3390120000000023,0.33941350000000065
2022-02-28,0.41166799999999937,0.41108800000000134,0.41137800000000035
2022-03-01,0.4883610000000021,0.5048719999999997,0.4966165000000009
2022-03-02,0.45651899999999745,0.459641000000002,0.4580799999999997
2022-03-03,0.3818559999999897,0.47115700000000016,0.4265064999999949
2022-03-04,0.4246309999998656,0.4190269999998404,0.421828999999853
2022-03-07,0.533732,0.5175030000000007,0.5256175000000003
2022-03-08,0.5879459999999986,0.5889120000000013,0.588429
2022-03-09,0.5896119999995607,0.601687999999642,0.5956499999996013
2022-03-10,0.52315199999982,0.49826299999999907,0.5107074999999095
2022-03-11,0.44265600000000144,0.43582800000000077,0.43924200000000113
2022-03-14,0.4909390000000013,0.5097439999999999,0.5003415000000005
2022-03-15,0.4659100000000018,0.4957140000004376,0.48081200000021973
2022-03-16,0.4163970000003754,0.459782999999827,0.43809000000010123
2022-03-17,0.4429729999999933,0.5568359999999934,0.49990449999999337
2022-03-18,0.35147700000000076,0.3524799999999987,0.35197849999999975
2022-03-21,0.4162279999999839,0.43619799999999126,0.4262129999999876
2022-03-22,0.38119900000000606,0.36177300000000495,0.37148600000000553
2022-03-23,0.4061270000002095,0.3517559999999989,0.3789415000001042
2022-03-24,0.35686999999992236,0.40717199999997716,0.38202099999994976
2022-03-25,0.3249039999999985,0.3265830000000008,0.32574349999999963
2022-03-28,0.35255300000000234,0.376907000000001,0.36473000000000166
2022-03-29,0.36775200000003555,0.3662580000000375,0.36700500000003655
2022-03-30,0.3509099999999737,0.3776959999999949,0.3643029999999843
2022-03-31,0.4065049999999852,0.3412269999999181,0.3738659999999516
2022-04-01,0.2976399999999984,0.2825889999999961,0.2901144999999973
2022-04-04,0.3140990000000002,0.3229700000000003,0.3185345000000003
2022-04-05,0.34334900000000307,0.357017000000003,0.350183000000003
2022-04-06,0.3557469999997975,0.3653729999998401,0.3605599999998188
2022-04-07,0.34201099999999934,0.3363559999999988,0.3391834999999991
2022-04-08,0.29411100000000073,0.2910470000000009,0.2925790000000008
2022-04-11,0.36307000000013695,0.36402500000016286,0.3635475000001499
2022-04-12,0.35755699999998486,0.3540179999999819,0.3557874999999834
2022-04-13,0.31468299999999827,0.31840199999999963,0.31654249999999895
2022-04-14,0.27115299999999076,0.2705879999999893,0.27087049999999
2022-04-18,0.3319280000000027,0.3286140000000114,0.3302710000000071
2022-04-19,0.3255170000002283,0.3282380000002873,0.32687750000025784
2022-04-20,0.3155130000000007,0.32058000000000103,0.3180465000000009
2022-04-21,0.40676900000000366,0.43198000000000075,0.4193745000000022
2022-04-22,0.3852069999998767,0.3677749999997889,0.3764909999998328
2022-04-25,0.4868729999998433,0.47020799999977014,0.47854049999980675
2022-04-26,0.5448249999999952,0.5196820000000029,0.532253499999999
2022-04-27,0.4982919999997368,0.4992099999997446,0.4987509999997407
2022-04-28,0.5237400000000071,0.49016499999999863,0.5069525000000028
2022-04-29,0.4361090000000025,0.43273400000000095,0.43442150000000174
2022-05-02,0.47047999999999235,0.47972799999999416,0.47510399999999325
2022-05-03,0.4378889999999993,0.4285720000000001,0.43323049999999974
2022-05-04,0.39440600000000225,0.42578599999999844,0.41009600000000035
2022-05-05,0.5021850000000031,0.505924000000003,0.5040545000000031
2022-05-06,0.38390000000000096,0.3807469999999992,0.3823235000000001
2022-05-09,0.5991489999999999,0.599158000000001,0.5991535000000004
2022-05-10,0.5718949999999997,0.5841139999999954,0.5780044999999976
2022-05-11,0.521931999999997,0.5143889999999998,0.5181604999999984
2022-05-12,0.5203380000003365,0.6041279999998461,0.5622330000000912
2022-05-13,0.398985999999979,0.3967519999999766,0.3978689999999778
2022-05-16,0.4030630000000036,0.40920600000000085,0.40613450000000223
2022-05-17,0.3776309999999549,0.39078399999996744,0.3842074999999612
2022-05-18,0.4688160000000051,0.49098299999999817,0.47989950000000164
2022-05-19,0.4929659999999759,0.464522999999961,0.4787444999999685
2022-05-20,0.38923999999995146,0.3837799999999425,0.38650999999994695
2022-05-23,0.39101300000000133,0.40586799999999873,0.39844050000000003
2022-05-24,0.40690900000000113,0.42683999999999994,0.41687450000000054
2022-05-25,0.3634619999998378,0.386602999999999,0.3750324999999184
2022-05-26,0.34885499999998143,0.3747199999999938,0.3617874999999876
2022-05-27,0.2856289999999987,0.28316299999999955,0.2843959999999991
2022-05-31,0.3917689999999979,0.43347300000000055,0.41262099999999924
2022-06-01,0.40119799999999955,0.3912550000000061,0.3962265000000028
2022-06-02,0.38331600000005667,0.39833400000002644,0.39082500000004156
2022-06-03,0.30968000000000045,0.3046279999999997,0.30715400000000004
2022-06-06,0.3610839999999976,0.36481799999999825,0.3629509999999979
2022-06-07,0.35625599999999946,0.3357759999999975,0.3460159999999985
2022-06-08,0.4030820000000012,0.3752250000000016,0.3891535000000014
2022-06-09,0.3945949999999983,0.41188100000000333,0.4032380000000008
2022-06-10,0.391971999999763,0.3624370000003957,0.3772045000000793
2022-06-13,0.5871109999999977,0.5951969999999988,0.5911539999999982
2022-06-14,0.5617330000000025,0.5308999999999983,0.5463165000000003
2022-06-15,0.5553649999999964,0.5201099999999962,0.5377374999999963
2022-06-16,0.6382429999999988,0.6674000000000023,0.6528215000000006
2022-06-17,0.47694400000000026,0.47957899999999926,0.4782614999999998
2022-06-21,0.5122259999999985,0.4891469999999984,0.5006864999999985
2022-06-22,0.5934859999999941,0.5376659999999841,0.5655759999999891
2022-06-23,0.648764999999997,0.728590999999995,0.688677999999996
2022-06-24,0.44652999999999876,0.44775499999999946,0.4471424999999991
2022-06-27,0.4758539999999976,0.4839930000000018,0.4799234999999997
2022-06-28,0.498106,0.47772399999999954,0.48791499999999977
2022-06-29,0.5892539999999963,0.56782,0.5785369999999981
2022-06-30,0.5203549999999998,0.5905389999996071,0.5554469999998035
2022-07-01,0.3730219999999983,0.37419199999999975,0.373606999999999
2022-07-05,0.532948,0.5457069999999977,0.5393274999999988
2022-07-06,0.5495740000000066,0.5644559999999977,0.5570150000000021
2022-07-07,0.5050149999999992,0.5033579999999993,0.5041864999999992
2022-07-08,0.4158939999999975,0.4039210000000004,0.409907499999999
2022-07-11,0.49347800000000297,0.4919460000000028,0.4927120000000029
2022-07-12,0.5194790000000011,0.5467260000000048,0.5331025000000029
2022-07-13,0.5452260000000004,0.5207630000000032,0.5329945000000018
2022-07-14,0.5666040000000262,0.5436910000000452,0.5551475000000357
2022-07-15,0.4369130000000002,0.41036800000000045,0.4236405000000003
2022-07-18,0.47060799999976677,0.4660719999997419,0.46833999999975434
2022-07-19,0.43270199999999936,0.41137499999999894,0.42203849999999915
2022-07-20,0.4320940000000026,0.4118630000000008,0.4219785000000017
2022-07-21,0.4455239999999986,0.4443289999999985,0.44492649999999856
2022-07-22,0.41619699999998483,0.41492399999998564,0.41556049999998523
2022-07-25,0.44078399999999957,0.44036999999999865,0.4405769999999991
2022-07-26,0.5068609999999988,0.4918839999999964,0.49937249999999755
2022-07-27,0.48864599999999675,0.4349769999999998,0.46181149999999827
2022-07-28,0.4208700000000021,0.4809390000000031,0.4509045000000026
2022-07-29,0.3350900000000002,0.33716099999999943,0.33612549999999985
2022-08-01,0.4109569999996007,0.41590699999965,0.4134319999996253
2022-08-02,0.43792799999993487,0.4423129999999392,0.4401204999999371
2022-08-03,0.45043499999999975,0.40855899999999507,0.4294969999999974
2022-08-04,0.4380240000000006,0.474280999999999,0.4561524999999998
2022-08-05,0.3497559999999976,0.347386000000001,0.3485709999999993
2022-08-08,0.39967500000000283,0.38872199999999685,0.39419849999999984
2022-08-09,0.37445999999999957,0.4136029999999978,0.39403149999999865
2022-08-10,0.3261179999999993,0.36614100000000094,0.3461295000000001
2022-08-11,0.37844700000000187,0.3904779999999892,0.38446249999999554
2022-08-12,0.3104840000000019,0.31125800000000253,0.31087100000000223
2022-08-15,0.376546000000001,0.3744669999999988,0.37550649999999985
2022-08-16,0.3519749999999966,0.353357000000004,0.35266600000000026
2022-08-17,0.3472719999999074,0.35796299999993036,0.35261749999991887
2022-08-18,0.3388079999999992,0.36888799999970373,0.3538479999998515
2022-08-19,0.3563559999999997,0.34246299999999935,0.3494094999999995
2022-08-22,0.4246010000000005,0.4246190000000007,0.4246100000000006
2022-08-23,0.4243260000000014,0.4009389999999996,0.4126325000000005
2022-08-24,0.4694910000000001,0.44935000000000014,0.4594205000000001
2022-08-25,0.3930450000000002,0.4391479999999994,0.4160964999999998
2022-08-26,0.3798509999999993,0.3596020000000002,0.36972649999999974
2022-08-29,0.41256199999999693,0.38171499999999564,0.3971384999999963
2022-08-30,0.4474860000000012,0.4495170000000021,0.44850150000000166
2022-08-31,0.4729110000000052,0.4432900000000522,0.45810050000002867
2022-09-01,0.47712499999999686,0.5260620000000004,0.5015934999999986
2022-09-02,0.38156700000000077,0.3763439999999982,0.37895549999999945
2022-09-06,0.4415499999999979,0.47340199999999977,0.45747599999999883
2022-09-07,0.4261739999999981,0.44155199999999906,0.43386299999999856
2022-09-08,0.39290699999999523,0.4267759999999961,0.40984149999999564
2022-09-09,0.3401779999999984,0.33296399999999854,0.3365709999999985
2022-09-12,0.39483699999999705,0.3999310000000005,0.39738399999999874
2022-09-13,0.4445780000000027,0.40879899999999697,0.4266884999999998
2022-09-14,0.42383400000000576,0.45138500000000126,0.43760950000000354
2022-09-15,0.4302500000000037,0.4516410000000043,0.440945500000004
2022-09-16,0.3852909999999996,0.3888849999999983,0.387087999999999
2022-09-19,0.44830399999993065,0.4643719999999571,0.45633799999994384
2022-09-20,0.5062499999999974,0.5014039999999975,0.5038269999999975
2022-09-21,0.4899139999997407,0.44128799999999935,0.46560099999987004
2022-09-22,0.5150349999999972,0.413352000000003,0.46419350000000015
2022-09-23,0.5117680000000006,0.5124959999999985,0.5121319999999996
2022-09-26,0.6023319999998261,0.5779329999996969,0.5901324999997615
2022-09-27,0.5378340000000027,0.5478799999999951,0.5428569999999989
2022-09-28,0.5361339999999829,0.4453509999998352,0.49074249999990904
2022-09-29,0.5221840000002061,0.496008000000001,0.5090960000001036
2022-09-30,0.4589549999999999,0.44569700000000123,0.45232600000000056
2022-10-03,0.4447869999999966,0.46457299999999857,0.4546799999999976
2022-10-04,0.4629109999999928,0.47614100000000104,0.4695259999999969
2022-10-05,0.46762900000004803,0.47071200000004026,0.4691705000000441
2022-10-06,0.514734000000001,0.48357099999999575,0.4991524999999984
2022-10-07,0.41801699999999803,0.4178079999999993,0.4179124999999987
2022-10-10,0.4968539999999991,0.4923499999999956,0.4946019999999973
2022-10-11,0.5357979999999977,0.5214339999999995,0.5286159999999986
2022-10-12,0.5847449999999816,0.5477889999999573,0.5662669999999694
2022-10-13,0.49961699999979803,0.4804569999997102,0.49003699999975414
2022-10-14,0.4235800000000023,0.41244100000000133,0.41801050000000184
2022-10-17,0.4441159999998645,0.4488709999998808,0.44649349999987265
2022-10-18,0.40453099999999703,0.4567820000000003,0.43065649999999867
2022-10-19,0.4360120000000021,0.48766799999999744,0.4618399999999998
2022-10-20,0.44285700000009237,0.40427200000006885,0.4235645000000806
2022-10-21,0.3970379999999997,0.3994559999999986,0.39824699999999913
2022-10-24,0.44081199999999965,0.44867999999999925,0.4447459999999994
2022-10-25,0.4373969999999984,0.4521470000000027,0.44477200000000056
2022-10-26,0.45510900000000126,0.44342100000000206,0.4492650000000017
2022-10-27,0.44454100000000435,0.5292730000000007,0.48690700000000253
2022-10-28,0.3615769999999973,0.3648249999999997,0.3632009999999985
2022-10-31,0.44688200000019884,0.4028729999996877,0.4248774999999433
2022-11-01,0.4310600000000001,0.41203600000000284,0.4215480000000015
2022-11-02,0.43106499999999814,0.4078870000000051,0.4194760000000016
2022-11-03,0.4413229999999984,0.40500500000000994,0.4231640000000042
2022-11-04,0.36016199999999976,0.36490599999999923,0.36253399999999947
2022-11-07,0.4104189999999999,0.4080950000000024,0.40925700000000115
2022-11-08,0.4375340000000033,0.4474710000000018,0.4425025000000026
2022-11-09,0.5208500000000008,0.5208099999999984,0.5208299999999997
2022-11-10,0.3823620000000015,0.4208290000000007,0.4015955000000011
2022-11-11,0.3286309999999525,0.31605599999992184,0.32234349999993717
2022-11-14,0.37375899999999007,0.38073099999999194,0.377244999999991
2022-11-15,0.4121070000000006,0.40020599999999584,0.40615649999999826
2022-11-16,0.3987659999999979,0.3697269999999999,0.38424649999999894
2022-11-17,0.3319260000000023,0.39475700000005937,0.36334150000003085
2022-11-18,0.2817359999996606,0.2855629999997076,0.2836494999996841
2022-11-21,0.31357600000000024,0.32768000000000147,0.32062800000000086
2022-11-22,0.2841240000000027,0.26931600000000117,0.27672000000000196
2022-11-23,0.22592699999999963,0.2452360000000003,0.23558149999999994
2022-11-25,0.2986919999999994,0.30278699999999814,0.30073949999999877
2022-11-28,0.3860940000000007,0.3682469999999948,0.37717049999999774
2022-11-29,0.3748570000000017,0.37818200000000063,0.3765195000000012
2022-11-30,0.33591499999999436,0.3648019999999986,0.35035849999999646
2022-12-01,0.35186599999999907,0.35383899999999796,0.3528524999999985
2022-12-02,0.2959280000000001,0.2959469999999999,0.29593749999999996
2022-12-05,0.3570369999997242,0.35542499999970817,0.3562309999997162
2022-12-06,0.3756339999996904,0.3918459999997972,0.3837399999997438
2022-12-07,0.4040020000002688,0.38678300000000027,0.39539250000013454
2022-12-08,0.3782029999999953,0.4230660000000017,0.4006344999999985
2022-12-09,0.39056599999977243,0.2864469999999999,0.33850649999988613
2022-12-12,0.4239199999999969,0.28565799999995817,0.35478899999997754
2022-12-13,0.37743100000000357,0.2004950000000407,0.2889630000000221
2022-12-14,0.3729790000000019,0.1737019999999253,0.27334049999996357
2022-12-15,0.3468319999995222,0.10709699999999835,0.22696449999976026
2022-12-16,0.3022529999999996,0.2707179999999993,0.28648549999999945
2022-12-19,0.32758500000015534,0.3086149999995941,0.3180999999998747
2022-12-20,0.3200520000000019,0.2941089999999997,0.30708050000000076
2022-12-21,0.27389200000000047,0.2768809999999987,0.2753864999999996
2022-12-22,0.33661799999999803,0.35862100000000213,0.3476195000000001
2022-12-23,0.25378099999998927,0.25183199999998523,0.2528064999999873
2022-12-27,0.31600599999950335,0.30257799999970814,0.30929199999960577
2022-12-28,0.360453,0.3182660000000011,0.3393595000000006
2022-12-29,0.29435899999953624,0.30209999999962717,0.2982294999995817
2022-12-30,0.27970299999999937,0.2762310000000012,0.2779670000000003
2023-01-03,0.399738,0.4001830000000031,0.39996050000000155
2023-01-04,0.3769789999999845,0.42017899999999525,0.3985789999999899
2023-01-05,0.4065949999999942,0.3530929999999855,0.37984399999998986
2023-01-06,0.28868099999999736,0.29477999999999766,0.2917304999999975
2023-01-09,0.34652799999999734,0.32074700000000084,0.3336374999999991
2023-01-10,0.3300939999999888,0.3057009999999762,0.3178974999999825
2023-01-11,0.3356930000000016,0.3351380000000003,0.335415500000001
2023-01-12,0.2746299999999996,0.27159499999999565,0.27311249999999765
2023-01-13,0.2153890000000004,0.2113910000000009,0.21339000000000066
2023-01-17,0.26018599999999903,0.28120900000000004,0.27069749999999954
2023-01-18,0.28328800000030185,0.2884270000002787,0.2858575000002903
2023-01-19,0.3014800000000066,0.303825000000003,0.30265250000000476
2023-01-20,0.2521729999999995,0.24020200000000014,0.2461874999999998
2023-01-23,0.29194899999971374,0.3018969999997971,0.2969229999997554
2023-01-24,0.33123600000000203,0.28436999999999957,0.3078030000000008
2023-01-25,0.2753629999999991,0.3389390000000008,0.30715099999999995
2023-01-26,0.30000800000000116,0.33860399999999885,0.319306
2023-01-27,0.3001580000000009,0.28846100000000086,0.2943095000000009
2023-01-30,0.3720469999996586,0.36993399999963983,0.3709904999996492
2023-01-31,0.344283000000005,0.34829399999999866,0.34628850000000183
2023-02-01,0.3315879999999961,0.3387059999999997,0.33514699999999786
2023-02-02,0.3544870000000045,0.39308700000000374,0.3737870000000041
2023-02-03,0.2834730000000001,0.28236300000000003,0.28291800000000006
2023-02-06,0.3291239999999902,0.30827999999998107,0.3187019999999856
2023-02-07,0.28744899999976004,0.2944989999998117,0.2909739999997859
2023-02-08,0.31909599999997257,0.30103699999994904,0.31006649999996083
2023-02-09,0.322824,0.30284000000000105,0.31283200000000055
2023-02-10,0.28354300000000143,0.2776580000000008,0.28060050000000114
2023-02-13,0.327375999999722,0.33073299999986755,0.32905449999979475
2023-02-14,0.29339200000000304,0.27134999999999926,0.28237100000000115
2023-02-15,0.27179400000037407,0.2884740000004525,0.2801340000004133
2023-02-16,0.2805690000000028,0.2884179999999935,0.2844934999999982
2023-02-17,0.2651189999999976,0.2579499999999998,0.26153449999999867
2023-02-21,0.339054999999981,0.31317899999995574,0.32611699999996835
2023-02-22,0.3287820000000031,0.321684999999999,0.32523350000000106
2023-02-23,0.2635040000000254,0.32578900000001265,0.294646500000019
2023-02-24,0.2580780000000001,0.2592559999999992,0.25866699999999965
2023-02-27,0.27797300000000236,0.28371400000000196,0.28084350000000213
2023-02-28,0.3199819999999959,0.2572829999999997,0.2886324999999978
2023-03-01,0.2907670000000044,0.2739929999999962,0.2823800000000003
2023-03-02,0.2635790000000029,0.27147299999999874,0.2675260000000008
2023-03-03,0.23289399999966623,0.22637299999955623,0.22963349999961125
2023-03-06,0.2639750000000007,0.2630750000000011,0.2635250000000009
2023-03-07,0.2905179999999979,0.27829700000000135,0.2844074999999996
2023-03-08,0.306864999999969,0.3061179999999699,0.3064914999999695
2023-03-09,0.41849100000000305,0.3775709999999954,0.39803099999999925
2023-03-10,0.35361299999990253,0.35618299999990893,0.35489799999990573
2023-03-13,0.4456079999999996,0.45594800000000246,0.450778000000001
2023-03-14,0.4214719999999991,0.4050530000000025,0.4132625000000008
2023-03-15,0.5715669999999999,0.6165970000000014,0.5940820000000007
2023-03-16,0.4789740000000003,0.46578999999999904,0.47238199999999964
2023-03-17,0.40348100000000275,0.4182560000000019,0.4108685000000023
2023-03-20,0.41470000000000046,0.42207800000000056,0.4183890000000005
2023-03-21,0.381761000000001,0.39773600000000087,0.38974850000000094
2023-03-22,0.41382799999999764,0.3736149999999915,0.39372149999999456
2023-03-23,0.44184699999981736,0.3806659999999955,0.41125649999990643
2023-03-24,0.34167599999999965,0.3499170000000018,0.34579650000000073
2023-03-27,0.3299690000000026,0.33293999999999957,0.3314545000000011
2023-03-28,0.31028100000000114,0.3297430000000028,0.32001200000000196
2023-03-29,0.30567499999994385,0.28423799999988636,0.29495649999991513
2023-03-30,0.27581200000000666,0.2963160000003103,0.28606400000015847
2023-03-31,0.2464149999999911,0.23933599999998714,0.24287549999998914
2023-04-03,0.290321999999789,0.28046699999970603,0.28539449999974753
2023-04-04,0.3026999999999966,0.2764690000000031,0.2895844999999998
2023-04-05,0.22848000000004193,0.3489789999999962,0.28872950000001907
2023-04-06,0.2557049999999997,0.2576010000000018,0.25665300000000074
2023-04-10,0.278830000000005,0.2925619999999972,0.2856960000000011
2023-04-11,0.27479399999999954,0.29700899999999997,0.28590149999999975
2023-04-12,0.25413999999999315,0.2736519999999949,0.263895999999994
2023-04-13,0.24683099999999866,0.24411199999999997,0.24547149999999932
2023-04-14,0.21429699999999846,0.20384199999999772,0.20906949999999808
2023-04-17,0.2458530000000008,0.2248119999999992,0.2353325
2023-04-18,0.22487499999995864,0.22166699999994924,0.22327099999995392
2023-04-19,0.2401350000000054,0.2441920000000051,0.24216350000000525
2023-04-20,0.2435330000001593,0.29392900000045624,0.26873100000030775
2023-04-21,0.2414700000000017,0.23263199999999945,0.23705100000000057
2023-04-24,0.2456220000000019,0.24275599999999797,0.24418899999999993
2023-04-25,0.30121799999999804,0.31587299999999946,0.30854549999999875
2023-04-26,0.3606960000000052,0.33819800000000194,0.34944700000000356
2023-04-27,0.3059350000000033,0.35175200000000195,0.3288435000000026
2023-04-28,0.2358309999999981,0.23688799999999852,0.2363594999999983
2023-05-01,0.28075000000000466,0.26344000000000195,0.2720950000000033
2023-05-02,0.35721799999999554,0.31713000000000097,0.33717399999999825
2023-05-03,0.35376800000021363,0.33172600000035896,0.3427470000002863
2023-05-04,0.40090999999999594,0.35739299999999724,0.3791514999999966
2023-05-05,0.2610770000000019,0.2649489999999985,0.26301300000000016
2023-05-08,0.30024299999999565,0.2816039999999995,0.29092349999999756
2023-05-09,0.3065430000000008,0.28520499999999877,0.29587399999999975
2023-05-10,0.30195499999999814,0.2885960000000039,0.295275500000001
2023-05-11,0.28918899999999675,0.31938100000000264,0.3042849999999997
2023-05-12,0.2513999999999987,0.2502169999999966,0.25080849999999766
2023-05-15,0.25630699999999834,0.2737169999999996,0.26501199999999897
2023-05-16,0.2839170000002293,0.302772999999521,0.2933449999998752
2023-05-17,0.25893999999999984,0.2713250000000046,0.2651325000000022
2023-05-18,0.26955199999998447,0.2510369999999708,0.26029449999997767
2023-05-19,0.24619000000000102,0.2430269999999988,0.2446084999999999
2023-05-22,0.2814480000000019,0.2670859999999972,0.2742669999999996
2023-05-23,0.2732490000000005,0.28496900000000297,0.2791090000000017
2023-05-24,0.29646299999999953,0.2961499999999985,0.29630649999999903
2023-05-25,0.3264770000000012,0.3231599999999921,0.3248184999999967
2023-05-26,0.26017499999982746,0.2567379999998008,0.2584564999998141
2023-05-30,0.3263219999999969,0.3149680000000031,0.32064499999999996
2023-05-31,0.3513430000001025,0.3329440000000017,0.3421435000000521
2023-06-01,0.28704999999990427,0.35159499999997784,0.31932249999994106
2023-06-02,0.30336700000000105,0.2935999999999998,0.29848350000000046
2023-06-05,0.2861619999999961,0.2614259999999871,0.2737939999999916
2023-06-06,0.25560600000000133,0.2500599999999984,0.25283299999999986
2023-06-07,0.25653200000000076,0.2440850000000009,0.2503085000000008
2023-06-08,0.2524670000000452,0.27912200000000564,0.2657945000000254
2023-06-09,0.24855399999999844,0.12083799999999863,0.18469599999999853
2023-06-12,0.29551599999999234,0.15156399999999756,0.22353999999999496
2023-06-13,0.2889789999999973,0.04680900000000018,0.16789399999999874
2023-06-14,0.28444099999999684,1.1581900000000025,0.7213154999999997
2023-06-15,0.23810499999999793,0.4145969999999605,0.32635099999997924
2023-06-16,0.15943699999999936,0.2633020000000003,0.21136949999999982
2023-06-20,0.2710110000004287,0.24926299999999763,0.26013700000021317
2023-06-21,0.2528790000003036,0.21610100000018043,0.234490000000242
2023-06-22,0.23895299999999242,0.229392000000002,0.23417249999999723
2023-06-23,0.21706000000001485,0.21752900000001255,0.2172945000000137
2023-06-26,0.23690999999999943,0.23321299999999928,0.23506149999999937
2023-06-27,0.2467249999999995,0.20775400000000077,0.22723950000000015
2023-06-28,0.21842200000003242,0.2353390000000084,0.2268805000000204
2023-06-29,0.20984600000005868,0.2380449999999945,0.2239455000000266
2023-06-30,0.16344800000000018,0.15541799999999967,0.15943299999999994
2023-07-03,0.18461700000024261,0.1548959999999993,0.16975650000012096
2023-07-05,0.2086419999995849,0.1812749999999952,0.19495849999979004
2023-07-06,0.2714889999999965,0.2379019999999973,0.2546954999999969
2023-07-07,0.2040609999997155,0.1902140000004252,0.19713750000007035
2023-07-10,0.2156999999999975,0.23771599999999699,0.22670799999999725
2023-07-11,0.2336449999999981,0.2154850000000015,0.2245649999999998
2023-07-12,0.20323000000005184,0.20553400000006883,0.20438200000006035
2023-07-13,0.25749800000000095,0.21712800000001098,0.23731300000000596
2023-07-14,0.21479500000000004,0.2247239999999998,0.21975949999999994
2023-07-17,0.24451699999999835,0.2415419999999976,0.24302949999999796
2023-07-18,0.25672200000000006,0.2332849999999994,0.24500349999999974
2023-07-19,0.23279999999999906,0.23717399999999944,0.23498699999999925
2023-07-20,0.19685399999999725,0.22587800000000158,0.21136599999999942
2023-07-21,0.201861999999945,0.2030399999999502,0.2024509999999476
2023-07-24,0.25716600000000345,0.23543899999999873,0.2463025000000011
2023-07-25,0.2799369999999959,0.23233699999999766,0.2561369999999968
2023-07-26,0.24406099999999817,0.24867799999999798,0.24636949999999808
2023-07-27,0.27020800000000217,0.273480999999995,0.2718444999999986
2023-07-28,0.18919699999999934,0.19628299999999854,0.19273999999999894
2023-07-31,0.21671999999999764,0.22597199999999992,0.22134599999999877
2023-08-01,0.23398800000013834,0.219002999999998,0.22649550000006818
2023-08-02,0.26917400000000175,0.22449399999999864,0.2468340000000002
2023-08-03,0.283107999999998,0.24173700000000153,0.2624224999999998
2023-08-04,0.20808400000000252,0.21267899999999992,0.21038150000000122
2023-08-07,0.2315550000000003,0.2092519999999912,0.22040349999999576
2023-08-08,0.21728100000000541,0.22147100000000527,0.21937600000000534
2023-08-09,0.2522810000000006,0.24123499999999826,0.24675799999999942
2023-08-10,0.22748600000000269,0.19190799999999839,0.20969700000000052
2023-08-11,0.1945420000000011,0.20119599999999976,0.19786900000000043
2023-08-14,0.21406600000020914,0.20849700000034643,0.2112815000002778
2023-08-15,0.26795199999999814,0.22477200000000028,0.2463619999999992
2023-08-16,0.2541309999998989,0.2160039999995544,0.23506749999972665
2023-08-17,0.2632879999999762,0.24767099999995312,0.25547949999996467
2023-08-18,0.21175499999999545,0.22402699999999606,0.21789099999999575
2023-08-21,0.25233800000000156,0.23882199999999928,0.2455800000000004
2023-08-22,0.25145799999956375,0.22580899999999818,0.23863349999978095
2023-08-23,0.22502100000000325,0.2531909999999979,0.23910600000000057
2023-08-24,0.26162000000008573,0.2453260000002799,0.2534730000001828
2023-08-25,0.19162099999999962,0.1921059999999997,0.19186349999999966
2023-08-28,0.2204490000000008,0.20150699999999935,0.21097800000000008
2023-08-29,0.19743000000000066,0.19873600000000038,0.1980830000000005
2023-08-30,0.19449199999999836,0.19175600000000237,0.19312400000000035
2023-08-31,0.2196410000000042,0.19077300000000016,0.2052070000000022
