,0
0,2.4699205839878827e-06
1,0.0001414307589041189
2,5.892000302172443e-05
3,6.545648997895229e-05
4,6.342855606039973e-05
5,5.0587862521299156e-05
6,4.636040851208304e-05
7,2.5280708245098882e-05
8,0.00015648270936424554
9,0.00023256621204623465
10,0.00035563224183884093
11,0.0003759289150674923
12,3.107329579913469e-06
13,5.366035351126011e-05
14,0.0005350843009235761
15,0.0004177812425456009
16,0.0004235668304579009
17,0.000402953572075034
18,4.577225487422882e-05
19,3.904856630455846e-06
20,7.241465478874139e-06
21,6.6911607552646635e-06
22,3.3843990579133945e-05
23,6.457956434915506e-05
24,7.131284338588122e-05
25,6.260626877396127e-05
26,8.828311255298999e-07
27,8.924190672841416e-06
28,0.0001971316396662871
29,0.00017930048676785833
30,0.00017453581605836953
31,0.00019130644840303622
32,0.0001955502709790868
33,0.0004114232996200174
34,0.0004878210101398779
35,0.0007113372589079305
36,0.00029245629351681206
37,0.0001783784969493521
38,0.0005588819324064793
39,0.0006284607194975996
40,0.0003429374489599349
41,0.00021601928883095348
42,0.0001849295311014636
43,1.2496473545512438e-05
44,2.7887702110923853e-05
45,2.421081755430839e-05
46,0.0002458007915691706
47,0.0002737197818587043
48,0.00026961724429430667
49,0.00024722224370150517
50,0.0004211156203182404
51,0.00024491559650738657
52,0.00015970537185648788
53,0.00023170425920980364
54,0.00017656940621291949
55,0.00013209078408378492
56,0.00012141899596078481
57,2.281946482638255e-05
58,1.5346080140453005e-05
59,3.156672741530352e-05
60,3.399525749707813e-05
61,1.2831382292000332e-05
62,3.6113139370232604e-05
63,5.0340715147857284e-05
64,0.00022133354964265465
65,0.00010662770513060476
66,0.00011637646695268656
67,0.0004241955099343515
68,0.0004505533429081499
69,0.0002859453455319738
70,0.0002872896919538362
71,0.00028931540882285703
72,0.0001790812646930798
73,0.0002626484000450483
74,0.00019801225545877473
75,0.000359873237076419
76,0.0004023481728483782
77,0.0002635776303901781
78,0.0004233591418713471
79,0.00024899726460690473
80,0.00022496917180416168
81,0.00023258008777248316
82,6.402602105356665e-05
83,1.3070303853947683e-05
84,0.0002532615014131366
85,6.480499086436033e-05
86,0.00016078637644173326
87,0.0001981392751683668
88,0.00020355869208372695
89,0.00022042571202427353
90,0.00018730560136867014
91,0.0002054645753918083
92,0.00012835870966232377
93,0.00016127179131230322
94,0.00022262080359629121
95,0.0002257335138644233
96,0.00027514282404669354
97,0.00026823089886636513
98,0.0001660607900614847
99,3.2647358997360277e-06
100,5.355345380903681e-05
101,0.0001352659520107694
102,0.0003079077238471136
103,0.0002228766549814438
104,0.0002398112238244947
105,1.2989555994934397e-05
106,8.475440309411853e-05
107,0.0002427960130066132
108,0.00011374765252393829
109,0.00011983952556459579
110,0.00013359054864207632
111,0.00016374282058250744
112,9.996103602075383e-05
113,0.00010626888484541297
114,0.00010734616727758309
115,4.176207257049969e-05
116,2.9809618881523542e-05
117,0.00012722385302569802
118,0.0001503096305322635
119,0.00016829559677534466
120,0.0001812605350300047
121,0.00046657352396296294
122,0.0003594950766389677
123,8.533852021360989e-06
124,3.310633728082859e-05
125,0.00011123788726327055
126,4.522299132665663e-05
127,4.460322615612925e-05
128,4.3045914347709484e-05
129,8.527625165969178e-05
130,5.651189372244956e-05
131,1.3677088608630381e-05
132,7.2953365424884e-05
133,8.602829939389716e-05
134,0.00011835374471939953
135,9.880227267917849e-05
136,0.00010615013370538795
137,0.00010267692270030684
138,5.8724028658214835e-05
139,3.877114831110474e-05
140,3.137694959613577e-05
141,0.0001242990335221291
142,0.0001265560404132162
143,0.00010687646026127229
144,9.890018180221215e-05
145,0.00011051842901487956
146,0.0009521295573371112
147,0.00023989940823952757
148,0.00025254947404095224
149,0.00021469945658863512
150,0.0001988008063479109
151,8.989160990538876e-05
152,7.779190610813969e-05
153,0.00011292981612063654
154,9.462910742965388e-05
155,9.952539233640426e-05
156,9.008719299195166e-05
157,9.090349519078996e-05
158,5.754412259744812e-05
159,1.2944855171357412e-05
160,0.00010018276800295677
161,8.450337518006353e-05
162,8.786477710410578e-05
163,8.824195176274012e-05
164,3.097417451312616e-05
165,5.4118092355740656e-05
166,1.1042182074683837e-05
167,2.4097354250490534e-05
168,0.0005185245064599661
169,0.00013101806916828248
170,0.00016754983971782066
171,0.00023431114313740955
172,0.00030604788342097504
173,0.00016391783866368193
174,5.50297117675818e-05
175,7.939554577542933e-05
176,9.642511053295792e-05
177,0.00013252881081668024
178,0.00026146359221485195
179,0.00027892536429892996
180,0.00019286487139774202
181,8.070177003456115e-05
182,0.00016252780064906122
183,0.00013160079444592433
184,0.00014601705758869008
185,0.00023989472144608526
186,0.0002190340607636136
187,8.575946252067325e-05
188,5.78656465008592e-05
189,4.6428818678882834e-05
190,2.1837114859412554e-05
191,6.080048906091886e-05
192,4.1527432110906624e-05
193,0.00023688470469671196
194,0.00013563214372670117
195,0.00010094659272155225
196,0.0001330081951954898
197,8.449775069326726e-05
198,6.614767833295089e-05
199,0.00013735527216284963
200,0.00011609477172421246
201,0.00011187947877676257
202,0.00010804959296943992
203,0.0001707530378363794
204,0.0003200785356395862
205,0.00030154399105616805
206,0.00026364280133995746
207,0.0002517593632428767
208,0.00026204369007335203
209,1.0759230867315169e-05
210,8.991573550344882e-06
211,1.3291040694388789e-05
212,1.9725981952990164e-05
213,1.3233092646659372e-05
214,3.0361541239903708e-06
215,7.715557319695628e-05
216,7.048876989749022e-05
217,9.280002662575349e-05
218,0.00012825578237755705
219,0.00014630561604600845
220,0.00011085931895422618
221,0.00012164178644789743
222,3.4897748074420126e-05
223,5.296361660877751e-05
224,7.855385880870169e-05
225,5.492568303495399e-05
226,5.7539157041790744e-05
227,0.00013147858586801272
228,0.00014345372707153707
229,0.00011431721099998988
230,0.00011204410124566294
231,2.263502350425835e-05
232,0.00015346094055965936
233,0.00012681122370058857
234,0.00011756880138037243
235,0.00022404161340186347
236,0.00024308266292394026
237,0.00013486845147033872
238,0.00013858350041656212
239,0.00035414255101275853
240,0.00013878738464951563
241,0.0001435704526094951
242,0.00026907088789172184
243,0.00046520251088974317
244,0.00021388084806551251
245,0.00018883722528533688
246,0.00016859207814298678
247,0.0002291513431547953
248,0.0001317407057721259
249,0.00013133332020125838
250,3.3815100048257236e-05
251,0.00016119642404733154
252,0.00018011620013393635
253,0.0001160191582929815
254,0.00016638284754686927
255,0.00017079661491599342
256,0.0001404600834278989
257,0.00013802527376023522
258,0.0002308043587130812
259,0.0001305281152656128
260,0.00011378955431302655
261,5.803642522013184e-05
262,1.2458594708252728e-05
263,1.2817088784015726e-05
264,5.219543810184225e-05
265,0.0002250071498502211
266,6.550025102741594e-05
267,9.392994805971425e-05
268,0.00010880556580483137
269,0.00011646794937177617
270,8.105471342645895e-05
271,2.0658439562450042e-05
272,1.8013993482133242e-05
273,3.327306672793714e-05
274,2.3626574803101303e-05
275,1.435700195924276e-05
276,1.8355144492286425e-05
277,0.00033151807254229107
278,6.972502662262427e-05
279,7.932899400692755e-05
280,8.156377208098089e-05
281,8.489786205447689e-05
282,5.75955504740353e-05
283,6.642795570954378e-05
284,8.442848614139298e-05
285,8.142414844108851e-05
286,6.96647454332338e-05
287,7.090465737226038e-05
288,7.599071010329878e-05
289,3.593966282486895e-05
290,1.028234360004359e-05
291,6.484127237064046e-06
292,0.00029359395412482416
293,0.000271473015574974
294,0.00016040094760610342
295,0.0002613131182938706
296,0.00041557372453863333
297,0.00041548055105313197
298,0.0003997263037822942
299,0.00042082405758301803
300,0.00030459281720607285
301,0.00023346132339383265
302,0.0001431920775432509
303,0.00014755413136399002
304,0.0003753578396232958
305,0.0005524006631428837
306,0.0006196597124689682
307,0.000484019473400943
308,0.00045906864669786933
309,3.205269193117053e-06
310,1.4690333406357844e-05
311,8.453108843278974e-05
312,2.8378689804197566e-05
313,6.757452892566829e-05
314,0.0003792430595507109
315,0.0002444509393118334
316,0.00029476342541685335
317,1.4220898767163811e-08
318,0.0001939462647245296
319,0.00020164935203794687
320,0.0003739752032637329
321,0.0002287507091486375
322,0.00028078445687560664
323,5.701507654445399e-05
324,9.964551789593821e-05
325,8.139679447279824e-05
326,9.108976539073924e-05
327,3.6800535985089184e-05
328,3.773422130820947e-05
329,3.8737970191599075e-05
330,0.0002491590034890529
331,7.521105916361995e-05
332,0.00010351153798229695
333,7.936990162273962e-05
334,0.0001092094420941509
335,0.00010048677219239347
336,6.803733853311093e-05
337,2.534052315377326e-06
338,7.643758522660347e-05
339,5.9679843122161804e-05
340,0.0002873073702086541
341,0.0001215269470543017
342,0.00012034182093677382
343,2.342339264788816e-06
344,5.427075156583432e-05
345,5.092072958287402e-06
346,1.3540451719092088e-05
347,4.235704450024174e-05
348,3.2815694509546034e-05
349,3.30187184543498e-05
350,0.00010097416200177876
351,0.00010198421051590177
352,6.57437053645108e-05
353,0.00010628183736145855
354,0.00011036256389474093
355,2.4557270623151823e-05
356,4.469259063068548e-05
357,7.694514710942358e-05
358,6.170890282079527e-05
359,0.00038846474366092184
360,0.00026884287251066353
361,0.000278739054456883
362,0.00024821782992171876
363,0.0002155368325172755
364,7.248893089681445e-05
365,0.00014561877225728904
366,0.00016705824898951137
367,0.00017830063427104118
368,0.0002371972507059788
369,0.00023333603372250185
370,4.667899428318608e-07
371,4.515073133161352e-05
372,2.6869213925026558e-05
373,1.1030705365911938e-05
374,1.1927252148198398e-05
375,1.7169815195703046e-05
376,1.902744243743191e-05
377,1.5285290333508717e-05
378,8.369186117832472e-06
379,4.253266169469003e-05
380,4.1914391983600315e-05
381,3.748072739429495e-05
382,3.7304730278651625e-05
383,4.33901381094722e-05
384,4.289919983042776e-05
385,0.0003486558495987367
386,0.0001667714563643373
387,0.00016742851224460614
388,0.0025725174905922386
389,0.0007528341074454561
390,2.0255229596423875e-06
391,7.459142001758341e-05
392,0.0003183219298720777
393,6.66273656272341e-05
394,6.001588737373609e-05
395,3.061716359431912e-05
396,9.993075900134967e-05
397,0.00010858358132296438
398,0.00014025219795297064
399,0.000127417986589914
400,0.0002104462707433318
401,0.0001963843190907453
402,0.00017930012253943018
403,0.0001350832352563065
404,0.00015344476171561086
405,8.516119494441812e-05
406,9.677879095025256e-05
407,1.5410463297486187e-05
408,1.794468463818081e-05
409,9.141625383228572e-06
410,1.8620273483310736e-05
411,1.109029233914117e-05
412,1.6731289299628273e-05
413,2.2188586563995466e-05
414,4.286763903427183e-05
415,2.4419318627636724e-05
416,5.318873871447539e-05
417,6.356867290514535e-05
418,6.090686696601755e-05
419,4.0516798989114856e-05
420,8.183280325896776e-05
421,8.715549285120702e-05
422,9.073091444495018e-05
423,9.314577609201439e-05
424,0.00010866366419131605
425,0.000467112644202665
426,0.00020245477599050785
427,0.0002585001116977991
428,0.000328607084930265
429,0.00027197728804691614
430,0.00029886750006776093
431,0.00032232296323306524
432,0.00028932091692903566
433,2.4580362743048417e-05
434,0.00011140779299579544
435,6.19946077243654e-05
436,6.51599837221915e-05
437,6.39359688223595e-05
438,4.294155723341617e-05
439,6.580900691840547e-05
440,6.857353042905288e-05
441,3.233882989949479e-05
442,5.760246760724438e-05
443,5.2268125641228915e-05
444,7.622577292602944e-05
445,0.00016834841686438564
446,0.00022434285512827859
447,0.00024968548357266344
448,0.00023027139198156617
449,0.0002542144311961841
450,0.00015404937128720117
451,0.00013328764813942188
452,6.232390877643147e-05
453,5.9777792565277304e-05
454,5.864949650712136e-05
455,6.2125038004156e-05
456,8.061940316217989e-05
457,1.8017694014656966e-05
458,6.626259809552325e-05
459,8.232152993866798e-05
460,8.294844531397355e-05
461,8.591767772105793e-05
462,1.8689040622189826e-05
463,6.782097314065679e-05
464,3.139926177384869e-05
465,4.400437931529384e-05
466,4.9917275137622534e-05
467,4.535365412855581e-05
468,3.637876716244437e-05
469,3.566950165441548e-05
470,1.1363912397866921e-05
471,3.482316860423887e-05
472,3.671435160014448e-05
473,4.283275211476065e-05
474,7.44047110754301e-06
475,4.1720985824216056e-05
476,6.324853360057761e-05
477,3.1585275151635624e-05
478,5.559333817741735e-05
479,5.624288788745503e-05
480,5.688205972836555e-05
481,6.630641354055496e-05
482,0.00016574275839336498
483,7.8124140822038e-05
484,8.271087470836257e-05
485,5.788853422755659e-05
486,4.188159724370576e-05
487,9.20138572569532e-05
488,9.809285469040621e-05
489,0.00010483080954229111
490,0.00010668425335525218
491,1.620589356269948e-05
492,6.0272191181623966e-05
493,5.9704966941616196e-05
494,3.909761439700613e-05
495,5.376558859189116e-05
496,4.950091116001002e-05
497,4.7017103939102185e-05
498,4.050058948710077e-05
499,7.988261638935783e-05
500,4.008486981019269e-05
501,5.1787746078595575e-05
502,6.548060367908955e-05
503,8.277562836449017e-05
504,6.420307585724127e-05
505,2.7318631336590918e-05
506,5.386075610694248e-05
507,4.050692412814955e-05
508,6.38832641744103e-05
509,0.0005435660244882256
510,0.00013750651680052424
511,0.00014374024606617213
512,3.016081783219065e-05
513,8.349512535863503e-05
514,2.1843625855922592e-05
515,4.1619363931281855e-05
516,4.324004183311149e-05
517,5.236404281866201e-05
518,5.647662890584146e-05
519,9.960918797839739e-05
520,0.0004590643044632214
521,0.0001616664486457597
522,1.4786795778322504e-05
523,3.620172658076069e-05
524,2.0592968420070368e-05
525,6.521659751095516e-06
526,1.0542678211691395e-05
527,6.41803810351433e-05
528,9.995687521226562e-05
529,0.00019513228895344167
530,0.00022224348298386225
531,0.0002348248009934611
532,0.00016446891573452098
533,3.396370185269849e-05
534,2.9067299344509783e-05
535,6.191163864180109e-05
536,5.9665364558205366e-05
537,5.7139651839609514e-05
538,7.186693773300178e-05
539,0.00011241219735435757
540,9.095209683479162e-05
541,7.855352005668674e-05
542,9.978933201770489e-05
543,2.1790795027193598e-05
544,2.073685290019998e-05
545,3.9425608536611126e-05
546,4.287565641647987e-05
547,1.829828916381863e-05
548,2.978006224461361e-05
549,3.293386706535767e-05
550,0.0001760652927101239
551,6.097476359165286e-05
552,6.228908923590192e-05
553,2.227556855644035e-05
554,4.989493568574632e-05
555,6.059434463731414e-05
556,4.8875272603068864e-05
557,4.418869706916426e-05
558,9.555930484472037e-06
559,1.6577075932597718e-05
560,2.1301991931248685e-05
561,6.63396275397347e-05
562,0.0004221426357250763
563,0.0006860928528259897
564,0.0003376106497906671
565,0.0003571266672195266
566,0.00044937360992221303
567,0.0003637354941223624
568,0.00017541608837846434
569,0.00010299671149092007
570,0.00018432423167371616
571,5.89892358032614e-05
572,5.4028473863423135e-05
573,5.700957507594275e-05
574,7.817472020800147e-05
575,7.4098753471878e-05
576,0.0006200934539291444
577,0.00020978103222367574
578,0.00021638832596276741
579,2.350921143568596e-05
580,0.00011927112024609039
581,2.958922268117501e-05
582,0.0003185972472897362
583,7.661898273028546e-05
584,0.00014710790088956626
585,0.00021136399518829983
586,0.0002352887682956189
587,0.00019747269677881943
588,1.8612596600965273e-05
589,9.132103981380005e-05
590,7.418421248045854e-05
591,4.493336201437425e-05
592,6.909530947925027e-05
593,0.00010092378026623127
594,0.0003877101238568512
595,0.00010555961970610903
596,0.0002033899468430991
597,0.00016256574343865196
598,6.147831239469809e-05
599,0.00010249185196845315
600,0.0002845879072151959
601,7.409998338978761e-05
602,0.00015167300736835065
603,0.00024631688705707385
604,0.00020028635228919596
605,0.00022233370119885748
606,0.00033807037233216813
607,0.00015231839721847507
608,0.00017625624909980002
609,0.0002609682417908088
610,0.00017369383081909835
611,0.0002893917022574596
612,0.00032534200910327364
613,0.0002930408527366361
614,0.0001710680329186831
615,0.00010304588848645322
616,4.760639990082551e-05
617,4.119243399769759e-05
618,0.00016242681364464503
619,0.00018746776431093236
620,0.0002383930454205541
621,0.00023544345979369685
622,0.0002609282790532702
623,0.00016515403770619958
624,0.0001734763000568171
625,0.0005472535806118913
626,0.0015735863112547694
627,0.0009658654206574056
628,0.0011995888247603172
629,0.0005615855927868567
630,8.148414913032919e-05
631,7.612867690216812e-06
632,0.0005456499725008004
633,0.00019123360901460778
634,0.0005866066288188217
635,0.014982739867372395
636,0.0034957334662548867
637,0.0032370235740069872
638,0.0001378754213814787
639,0.0013182780690012379
640,0.001110620744303438
641,0.001179888707945468
642,0.0012015811561816492
643,9.771444580741132e-05
644,0.0005112295301089138
645,0.0005206759560202689
646,0.0005130156674697095
647,0.00011605524146735372
648,0.0001716147530147283
649,0.0002814751146804789
650,0.0003980460442505532
651,0.0003665080100997501
652,0.00046177442605900055
653,0.00036294625657514617
654,0.00023417786798168765
655,0.000235542582174633
656,0.00027738213253825143
657,0.00027328078024531897
658,0.000301016617095634
659,0.00029397415949704856
660,4.462829489132391e-05
661,0.00012879230989972458
662,4.856509455385707e-05
663,5.3432792208833065e-05
664,6.132547887034759e-05
665,7.469188238028674e-05
666,9.761068037251708e-05
667,7.6416610011456e-06
668,6.950811425725084e-05
669,7.952262501446763e-05
670,0.00014238886497883394
671,0.0004392906087162178
672,0.00022370608618889275
673,0.00031968888011056325
674,0.0008769308209555806
675,0.0006033908970210098
676,0.0005790559498200697
677,0.0006000299370595686
678,9.030459468852323e-05
679,0.002098600867783465
680,0.0026757223125425315
681,0.00088789127681772
682,0.0007464899172895753
683,3.3393947252022675e-07
684,0.0006097859492894209
685,0.0003135727336527683
686,0.0006062705252918785
687,0.000494391309175275
688,0.0002656525128977217
689,0.000916984165941054
690,0.005853976794454436
691,0.0025834632481487796
692,0.0028179202617307363
693,3.1273028407669666e-06
694,0.0010610630123873875
695,0.00034169394003958253
696,0.0003145614243414005
697,0.0008568005468257081
698,0.0009058344987576455
699,0.0005005964417917115
700,0.000592684123927654
701,2.9380692496794096e-05
702,0.00015332515265081584
703,0.00018575467401263102
704,0.0001250654246369727
705,0.0001367015651774779
706,2.3796103982342157e-05
707,0.000248261527286399
708,0.00022316408335686653
709,0.0002067425225968128
710,0.0007863110375606053
711,0.0009314711551741057
712,0.0005934383154964144
713,7.383590588559376e-06
714,0.00032873399736923245
715,0.00035081084807230825
716,0.00023505530630607644
717,0.000192427595966836
718,7.654574422938188e-05
719,8.661638353179787e-05
720,6.036967455078991e-05
721,0.00013074579644741
722,0.00012022497048241255
723,0.0003059068852354728
724,0.00035008497343745154
725,0.0002770787392118662
726,0.00015484566376551258
727,0.000193670464482915
728,0.0004022010084785684
729,0.00014821014113051558
730,0.000142557434366115
731,0.00017161409504568514
732,0.0001529504900886896
733,4.0527854176404514e-05
734,1.3470740697880836e-05
735,1.1505551047392093e-05
736,1.5471448974067168e-05
737,2.7099390504089764e-05
738,4.467478160215225e-05
739,4.831386382511819e-05
740,4.6362561329730454e-05
741,2.593534058545011e-05
742,3.036761738799207e-05
743,3.282262787277365e-05
744,3.780478616257212e-05
745,1.8763763360049295e-05
746,1.0806375834342868e-05
747,9.286702587716137e-05
748,9.678086469172731e-05
749,0.000274871015775192
750,0.0008853485509443777
751,0.00044821432289130967
752,0.0004966545290118011
753,1.9197677199836015e-06
754,0.00013577241794309852
755,9.484102688042514e-05
756,6.926619710539468e-05
757,7.199064849988893e-05
758,1.4229392108963319e-05
759,6.402502346456532e-05
760,6.015513056808647e-05
761,0.0001582338274527252
762,0.00023756353092972807
763,0.0003757039192318192
764,0.0008861882957157278
765,0.0006718495915356581
766,0.0005855180177576088
767,0.00033315697038262916
768,0.00021753156784810903
769,8.609848657586628e-05
770,0.00011114181016377922
771,8.52598573088054e-05
772,5.5895596176102706e-05
773,0.00012408391575747802
774,6.094823870020902e-05
775,0.00014808163202854237
776,0.0003521530891930385
777,0.0003876224940384048
778,0.0004169040238596141
779,2.2118017266061296e-05
780,4.920714493827301e-05
781,4.683361644700982e-05
782,0.0001417983307637669
783,4.336433644209554e-05
784,0.00011035459914218996
785,0.00012127314829045037
786,6.989072350094943e-05
787,7.879976066491149e-05
788,6.744902464365814e-05
789,8.390451624970117e-05
790,3.337138373850608e-05
791,3.160015666903907e-05
792,0.0001316990604992688
793,0.00012995418837715092
794,0.00010063275276292951
795,0.0001757562069678229
796,0.00017759736383024776
797,8.742933124929154e-05
798,6.551306304753579e-05
799,8.665958319239678e-05
800,8.859421754469284e-05
801,8.560318416981899e-05
802,0.0007666956773047087
803,0.00024149392649449315
804,0.00025705562819869555
805,3.438841405378457e-05
806,1.7646108446824555e-07
807,4.22987213021327e-05
808,3.492495894883254e-05
809,1.6336960609764555e-05
810,1.8496052628151457e-05
811,4.272645066895754e-05
812,3.1663230221405645e-05
813,4.199788318752718e-05
814,4.232369539930038e-05
815,4.5632932281107124e-05
816,2.997777583852156e-05
817,5.5117879997055376e-05
818,5.0341293459843494e-05
819,4.6426819052634105e-05
820,1.6084135132956048e-05
821,3.27076664215431e-05
822,3.5348715857989105e-05
823,3.201030736124967e-05
824,2.567515535739273e-05
825,3.633043435081717e-05
826,4.8781845883153066e-05
827,3.5612468401866865e-05
828,4.058097019338742e-05
829,7.176115530802083e-05
830,8.03189130147241e-05
831,5.323683126481352e-05
832,5.6351247713909975e-05
833,1.1581475008676413e-05
834,1.5350560313075797e-05
835,1.1630862390239246e-05
836,3.1207244390104075e-05
837,1.4636159848918446e-05
838,3.214998017073996e-06
839,1.9035614743403046e-05
840,4.8408142650680644e-05
841,0.0005423905890270625
842,0.00015484465756826507
843,5.557164402477776e-06
844,0.000202058977170011
845,0.0003253994286145194
846,0.00019914250919703715
847,0.0002152549672098455
848,0.000301560342766301
849,0.0003172125936048975
850,0.00011889080474355263
851,8.70880615330739e-05
852,5.1587345788344355e-05
853,0.00034495081350800717
854,0.00010563589411655148
855,9.051423966503601e-05
856,1.3587638677819565e-05
857,6.036344253583632e-05
858,6.184879515805214e-05
859,0.0002666793863388089
860,0.0002743162855702042
861,0.0001344265337524525
862,0.000134123364717621
863,2.6288210514579127e-05
864,6.722041964752029e-05
865,3.0356916040134794e-05
866,3.48140115644457e-05
867,1.9883122071109212e-05
868,4.5975252514071874e-05
869,6.350826632748132e-05
870,6.233072693786615e-05
871,6.525598875913544e-05
872,7.59464596296939e-05
873,5.854140703330464e-05
874,3.169928241672247e-05
875,3.427346935946932e-05
876,3.5219639778492956e-05
877,3.9632846980673554e-05
878,7.088904035323852e-05
879,6.174833227990244e-05
880,9.684317642896197e-05
881,0.00010820614856233819
882,9.882983984705956e-05
883,0.0001445489348761415
884,0.0001585567427181916
885,0.00020351645479570744
886,0.00015116241550899823
887,2.012871692994435e-05
888,5.948370255632156e-05
889,8.828851725880868e-05
890,3.1064184645052604e-05
891,3.4141497685634705e-05
892,3.476572151504446e-05
893,9.84805834029333e-06
894,1.0336560150731985e-05
895,3.7254409616014365e-05
896,5.4054450485251595e-05
897,7.638465777350658e-05
898,7.755391965867099e-05
899,2.1136667423867508e-05
900,3.0506952503522943e-05
901,0.00022467882971647418
902,5.3923855325943446e-05
903,5.998261358110519e-05
904,1.446831161319435e-05
905,8.286832698740317e-06
906,1.942674971804615e-05
907,2.1446204836609206e-05
908,6.118093395370832e-05
909,7.465887727294483e-05
910,6.638562051067707e-05
911,5.0036264579408526e-05
912,1.0700437175324475e-05
913,8.222132406663904e-07
914,3.910679084178129e-05
915,3.869398335565183e-05
916,4.352270787505389e-05
917,5.305043914806806e-05
918,5.077623378234588e-05
919,1.2919817020886798e-05
920,1.3383616715833597e-05
921,1.4782278975169388e-05
922,2.189596051659432e-05
923,1.9300709201381146e-05
924,5.088085463216132e-05
925,3.448468784376961e-05
926,4.381166648457446e-05
927,4.3070612446419845e-05
928,3.7407807328572114e-05
929,3.375600080925233e-05
930,6.370782293258248e-05
931,4.1660389570011305e-05
932,5.585670980175903e-05
933,6.265296968824457e-05
934,6.72398455656474e-05
935,2.3045709697480976e-05
936,2.5484090959226457e-05
937,2.3423628067333885e-05
938,1.7092660708401854e-05
939,1.7663666713676187e-05
940,2.3639757773087783e-05
941,5.989626512137358e-06
942,3.987278549673372e-06
943,1.5231754650332123e-05
944,1.3778165749993885e-05
945,4.348148573824818e-05
946,4.902541089281819e-05
947,5.376783519257706e-05
948,5.0553945780425373e-05
949,4.528570549591008e-05
950,4.429567085532643e-06
951,5.345418395610397e-06
952,8.02708880990923e-06
953,1.1192895544975186e-05
954,7.792130078216252e-06
955,7.87204436183827e-06
956,1.926250285073024e-05
957,1.865546882480391e-05
958,1.850501135549552e-05
959,2.164119683011883e-05
960,2.3102976125122507e-05
961,1.2852050083602347e-05
962,1.865253965481175e-05
963,4.423552485897923e-06
964,5.689692526382023e-06
965,9.475311209491615e-06
966,1.0247084967868846e-05
967,2.996579264086151e-06
968,1.331660631271305e-05
969,5.82508314101899e-05
970,0.00018523028508394697
971,9.720678964711287e-05
972,0.00010554538268487247
973,0.0001451169190969507
974,5.2212778509303736e-05
975,1.2015378382046383e-05
976,1.5039747338740544e-05
977,2.215298850491127e-05
978,4.303878177468829e-06
979,8.362922156634858e-06
980,2.8828143262793128e-06
981,5.199947134175426e-06
982,5.573166238423391e-06
983,2.1826855047310445e-05
984,2.6562932290049608e-05
985,2.7257523675737075e-05
986,2.384672226649678e-05
987,1.863724355645522e-05
988,1.1451281168621029e-05
989,1.158377923436611e-05
990,2.7828848231117627e-05
991,2.737860212801465e-05
992,1.330247623149208e-05
993,1.4090930864292849e-05
994,1.7825116264532157e-05
995,8.910257541858985e-06
996,9.511776124896091e-06
997,5.191250394643762e-06
998,8.665420569898395e-06
999,1.1559841287745603e-05
1000,1.2800492325027848e-05
1001,4.6004021752422955e-06
1002,8.713671310420689e-06
1003,8.496671130995602e-06
1004,9.367096621753853e-06
1005,8.859586533720223e-06
1006,1.1598722317507142e-05
1007,8.741294254532617e-05
1008,3.8052914619195424e-05
1009,3.655957081415575e-05
1010,4.320349513859006e-05
1011,5.917589496586687e-05
1012,5.9714879641504654e-05
1013,7.203146571987971e-05
1014,8.61538295218241e-05
1015,8.70077391541389e-05
1016,2.659076629111927e-05
1017,3.777890031226453e-05
1018,2.7438227464219962e-05
1019,2.502248277061927e-05
1020,3.197985288374673e-05
1021,0.0002781371382795453
1022,6.430548816270816e-05
1023,9.48473023018813e-05
1024,9.852274447729802e-05
1025,9.706245984185235e-05
1026,3.268067983660487e-05
1027,2.2998729660459307e-05
1028,1.989015093780608e-05
1029,2.1518864388195775e-05
1030,1.511065355127805e-05
1031,2.4574186233364842e-05
1032,3.820233215331714e-05
1033,4.304081794382655e-05
1034,3.128159765111843e-05
1035,5.4525550216358515e-05
1036,5.5370532466663006e-05
1037,3.594466444802386e-05
1038,3.431837281930903e-05
1039,3.025711447802051e-05
1040,3.0178603399437022e-05
1041,2.901766719358728e-05
1042,2.155921977923477e-05
1043,2.5061292536684197e-05
1044,2.8618377259943943e-05
1045,5.471882832067789e-05
1046,5.997022987687318e-05
1047,0.00025465830682039103
1048,7.077923316988224e-05
1049,0.00010626887399118851
1050,0.00011796251488067245
1051,6.124803201789209e-05
1052,7.446602190673341e-05
1053,0.00010556988021829398
1054,8.508712091134403e-05
1055,2.2566190292993365e-05
1056,2.7103625507258363e-05
1057,1.2763947391327108e-05
1058,4.829244236850628e-06
1059,2.7051236106787093e-06
1060,2.2156693178533245e-06
1061,1.3251232103060243e-06
1062,1.4813108466642517e-05
1063,1.2236064251586967e-05
1064,1.0751888269273314e-05
1065,2.6202225906027867e-05
1066,2.477069828314038e-05
1067,5.112833822137525e-05
1068,5.598721989213802e-05
1069,7.106610060495338e-05
1070,9.254657215300549e-05
1071,0.00010354463582294675
1072,7.569052213245679e-05
1073,3.9925801164758614e-05
1074,5.376537866946306e-05
1075,7.140859449165927e-05
1076,7.358123851206727e-05
1077,1.408954014703027e-05
1078,1.63361104480944e-05
1079,5.441419624697159e-06
1080,5.931123749443663e-05
1081,4.402376985171469e-05
1082,5.810447359359339e-05
1083,6.0730533966510266e-05
1084,6.348860220832087e-05
1085,2.6095060765100796e-05
1086,0.00019096881615399494
1087,0.00015620701777497082
1088,0.0001417257564928688
1089,0.00015185982153237217
1090,0.0001549345291065318
1091,4.78602692230912e-05
1092,0.0001151216803387607
1093,4.4800450308992356e-05
1094,5.616690514947337e-05
1095,7.340912450595004e-05
1096,7.11069732959024e-05
1097,5.82312608886134e-05
1098,8.795503174666188e-05
1099,5.8051452280556936e-05
1100,5.541366793383847e-05
1101,4.537352168250174e-05
1102,5.0800433160584835e-05
1103,1.7821453462444963e-05
1104,4.4215576590488065e-05
1105,2.5993298462578464e-05
1106,4.0354625251539475e-05
1107,5.827248361606121e-05
1108,5.84305285140751e-05
1109,5.185015793062825e-05
1110,5.70328645923555e-05
1111,4.219931687746911e-05
1112,3.651511596215723e-05
1113,2.6869202510594655e-05
1114,6.198474305126506e-06
1115,8.756530672743554e-07
1116,1.6085810999481092e-05
1117,1.8177258894886404e-05
1118,1.6714755501071852e-05
1119,2.724585180214522e-05
1120,2.7129189910441306e-05
1121,3.4559968533564234e-05
1122,2.8576953718028314e-05
1123,4.426709885164568e-05
1124,6.810972932678498e-05
1125,6.145345328882983e-05
1126,5.707759673341375e-05
1127,1.8042163360335368e-05
1128,2.5323648205089e-05
1129,5.609622687011333e-06
1130,6.017680347476708e-06
1131,2.0926300138443127e-05
1132,1.680736382975684e-05
1133,1.5517573208193354e-05
1134,3.377986897449334e-06
1135,5.498590151455984e-06
1136,6.022669200544103e-05
1137,7.767567561772719e-05
1138,5.192078987523726e-05
1139,1.3892633654174399e-05
1140,2.5489253228320782e-05
1141,5.1669415339829935e-05
1142,4.679617082072229e-05
1143,9.164799225416473e-06
1144,4.553617829826634e-06
1145,2.3459530582040817e-05
1146,1.489734126512461e-05
1147,0.00021726041982143764
1148,6.262085536736284e-05
1149,5.718239030304342e-05
1150,6.321358110788884e-05
1151,2.9909419077238123e-05
1152,1.641275914737871e-05
1153,1.757703760831473e-05
1154,1.4774595305861624e-05
1155,9.421710207566746e-06
1156,1.2746753595123993e-05
1157,1.951495987586004e-05
1158,1.6441757849302533e-05
1159,1.7254065920905993e-05
1160,5.359595211455259e-06
1161,1.2380958079034078e-05
1162,5.6375240298981375e-06
1163,4.500924107773786e-06
1164,2.785767227751567e-06
1165,1.2139914635668288e-05
1166,1.8482054513368266e-05
1167,2.6074944818401428e-05
1168,3.265357134032703e-05
1169,3.6398929924027626e-05
1170,4.856484915428202e-05
1171,5.058191937184658e-05
1172,3.6548819328400186e-05
1173,4.506270727290361e-05
1174,8.63129025803672e-06
1175,1.9187372174668997e-05
1176,2.197823625542463e-05
1177,2.7256134694272267e-05
1178,1.7473477494599443e-05
1179,1.3399822642786924e-05
1180,2.251242030919566e-05
1181,3.4019560812785494e-05
1182,2.8076141342660175e-05
1183,2.765216476485219e-05
1184,3.0651848543758806e-05
1185,2.8728957756001864e-05
1186,7.48953466204259e-06
1187,1.26680259696836e-05
1188,1.2622325835881951e-05
1189,1.066114426295816e-05
1190,1.010895450392129e-06
1191,2.1437192812218826e-05
1192,1.5773154180425364e-05
1193,1.7467459141385546e-05
1194,2.377518363398341e-05
1195,0.0001194235068232451
1196,5.214653281882616e-05
1197,6.464401406887551e-05
1198,7.190248021177005e-05
1199,5.2813122073829795e-05
1200,2.4759777249707705e-05
1201,1.5335263921063716e-05
1202,2.1894634001281153e-05
1203,3.2286040922172066e-05
1204,2.4162740428844952e-05
1205,2.914137118120216e-05
1206,5.288109435785352e-05
1207,5.862893862994881e-05
1208,3.331633530803445e-05
1209,0.0003351880632802696
1210,0.0005545381777603138
1211,0.00021681257146558184
1212,0.00023548554694555418
1213,2.7768421123361642e-05
1214,9.903876458621834e-05
1215,2.359458603244453e-05
1216,3.2783479853938534e-05
1217,2.838916160305268e-05
1218,7.517678422800538e-05
1219,4.7399977610310736e-05
1220,6.958348945122555e-05
1221,4.775691993016879e-05
1222,8.071810636153602e-06
1223,6.600833157757537e-05
1224,6.569974103833381e-05
1225,1.2703441936960866e-06
1226,9.006292473421526e-06
1227,8.604318698086053e-05
1228,6.633929555798644e-05
1229,1.6089045678082683e-05
1230,2.0992719398004212e-05
1231,5.8864366775125886e-05
1232,0.00024748001092550227
1233,8.066937065477652e-05
1234,8.49629741165803e-06
1235,2.5071050220770262e-05
1236,1.4337920682390325e-05
1237,6.137417503124087e-05
1238,4.545234564093453e-05
1239,2.4418256371512065e-05
1240,2.435178024300817e-05
1241,2.557371598113283e-05
1242,3.1177903030673087e-06
1243,1.0448790345125682e-05
1244,1.1553849183785053e-05
1245,1.3535160457503316e-05
1246,3.139266828875162e-05
1247,2.9074051470218566e-05
1248,1.2228826090331383e-05
1249,1.1225503665247787e-05
1250,1.5107073699874523e-05
1251,2.994636956437043e-05
1252,2.7388476540042923e-05
1253,3.067996164256361e-05
1254,0.0002136179745337598
1255,5.6187402195325664e-05
1256,6.651735276682638e-05
1257,2.9340068915819185e-05
1258,9.583347507757026e-06
1259,9.339596374504e-06
1260,1.411627107435814e-05
1261,1.7406134479337336e-05
1262,8.126461694649567e-05
1263,3.4117155603248337e-05
1264,1.8209101850539228e-05
1265,3.758221232623368e-05
1266,2.787280623433784e-05
1267,0.00016595417876108244
1268,5.7342528205997286e-05
1269,4.9239998820940345e-05
1270,4.502927606960433e-05
1271,2.1950567364209513e-05
1272,1.1932799049413938e-05
1273,6.86399465508869e-06
1274,1.0480128822132332e-05
1275,2.5285135860745867e-05
1276,1.4152099456612094e-05
1277,2.842045041373732e-05
1278,3.176301209014428e-05
1279,1.5645976476011347e-05
1280,2.529801417480725e-05
1281,2.174555709105034e-05
1282,1.2716132201058817e-05
1283,1.644734605002895e-05
1284,4.024577798190746e-05
1285,9.032644348578839e-05
1286,0.00011334853331119643
1287,0.0001340741704540198
1288,0.00023085152391447915
1289,0.00021740493388831334
1290,6.898943945893819e-05
1291,8.25369252041194e-05
1292,1.6497381355741326e-05
1293,5.539439958270548e-05
1294,3.405979883750405e-05
1295,5.411541162549517e-05
1296,0.0001372540680448542
1297,0.00013868105673198316
1298,8.734607450700448e-05
1299,0.00012677964104594282
1300,0.0001318173427088433
1301,8.141792376014838e-05
1302,7.87912440379261e-05
1303,7.498807264578383e-05
1304,2.533694562206283e-05
1305,7.937983553586233e-05
1306,7.098938185322934e-05
1307,9.918585588723436e-05
1308,0.00010799287079289164
1309,0.00011144340551248952
1310,0.00010612199125071937
1311,9.790041863409093e-05
1312,9.659572334728858e-05
1313,1.602598587743868e-05
1314,2.403539251144596e-05
1315,1.7377895772088134e-05
1316,4.395285136173019e-05
1317,0.00011301495711506697
1318,4.8840574966490624e-05
1319,5.583066571997006e-05
1320,6.669553010463614e-05
1321,7.693426304268139e-05
1322,0.00011765847441911455
1323,9.024063149242425e-05
1324,0.00012035086071750829
1325,0.00013853428136924553
1326,0.00012839425185081038
1327,5.968595003877179e-05
1328,1.4656035927509145e-05
1329,8.078680679602079e-05
1330,6.550909891117348e-05
1331,6.493179873317139e-05
1332,8.512326803558649e-05
1333,8.819112180945697e-05
1334,5.302195547668971e-05
1335,4.725220547651686e-05
1336,4.637699985021303e-05
1337,2.519555282913473e-06
1338,2.3312062499287517e-05
1339,2.848353348812424e-05
1340,3.267041341733885e-05
1341,5.208244242086982e-05
1342,8.895483762954029e-05
1343,8.004206997030523e-05
1344,0.0001176374670625125
1345,0.00011665508507979861
1346,5.911233996410388e-06
1347,1.92880641794185e-05
1348,2.84552158112769e-05
1349,1.101245139629333e-05
1350,1.0077514608252346e-05
1351,5.2729661506459715e-06
1352,7.602911539208115e-06
1353,2.8175887305037478e-06
1354,9.397249751019408e-05
1355,2.4900313698385734e-05
1356,2.5241209632264236e-05
1357,2.9249911924516004e-05
1358,1.4888367496612577e-05
1359,1.4275548506345331e-06
1360,6.285272816350709e-07
1361,2.3521888592415438e-06
1362,1.3147910489510302e-06
1363,1.3827727676609836e-06
1364,9.810928022191387e-06
1365,1.3501265342962065e-05
1366,3.5567221844450586e-05
1367,4.128360304227763e-05
1368,3.4967632570123634e-05
1369,2.0665787314739824e-05
1370,2.042148845969007e-05
1371,2.5660246082409046e-05
1372,3.3397754038773124e-05
1373,3.89939882338504e-05
1374,3.890125794478959e-05
1375,3.6593421095023685e-05
1376,2.4031617934013824e-05
1377,2.4245050208539792e-05
1378,7.498040458442631e-05
1379,8.815256196724755e-05
1380,0.00010802429760177824
1381,0.00010094048097477487
1382,1.821263338913855e-05
1383,1.0701789195510137e-05
1384,4.902026847707136e-05
1385,2.7318859578154425e-05
1386,2.268032263558252e-05
1387,9.127252632413664e-06
1388,2.4766604947669415e-05
1389,0.0002784741610257558
1390,7.646367481204434e-05
1391,7.733091799861361e-05
1392,8.004524948481328e-05
1393,2.4559413873741075e-05
1394,4.340127872804481e-06
1395,5.3289288320547635e-06
1396,4.823606305984989e-05
1397,0.00027632129380325966
1398,0.00012870487984821598
1399,0.0001518730609995577
1400,0.00021210878410101203
1401,0.00024658599551329925
1402,0.00021486993647487342
1403,0.00012873398835885333
1404,6.508176470940938e-05
1405,1.7743490076228472e-05
1406,1.8373466916093573e-05
1407,5.812486337729604e-05
1408,5.789351256247427e-05
1409,5.28085553777066e-05
1410,6.299420332280449e-05
1411,6.9132190680515e-05
1412,8.943510585085166e-06
1413,5.0581587401253576e-05
1414,2.2131909772805124e-05
1415,2.7995721607018387e-05
1416,9.273178173862531e-06
1417,9.879743336665763e-06
1418,1.664229387489564e-05
1419,4.1194317085515395e-05
1420,4.1532288510704105e-05
1421,4.142388304148238e-05
1422,3.3584734373260576e-05
1423,6.948359038755666e-05
1424,5.3351941182904946e-05
1425,5.3974162005427596e-05
1426,5.771798345984142e-05
1427,6.0153056831337425e-05
1428,5.135370815453292e-05
1429,4.3544671209114184e-05
1430,4.7814409195830194e-05
1431,3.181068422529017e-05
1432,9.615241779119745e-05
1433,6.990331426753582e-05
1434,4.520199562151242e-05
1435,6.702093978152165e-05
1436,7.652571531336729e-05
1437,3.1983752759046714e-05
1438,1.6488601295478353e-05
1439,2.3399573855123943e-05
1440,2.731703539995203e-05
1441,0.00012058779126905694
1442,0.0002513858462797502
1443,0.00020727651458736802
1444,0.0002245271157291328
1445,0.0001770471122090384
1446,0.00017615243346744635
1447,0.00012805635177464328
1448,0.00015421118866533871
1449,0.0004050020572541896
1450,0.00020527075621726079
1451,0.00022166765783372065
1452,8.461767178621314e-05
1453,0.0002365643379746364
1454,0.00024824261203435915
1455,0.0003561139841571913
1456,0.0003159393225960127
1457,0.00032505539987360253
1458,0.00020051477659226906
1459,0.00023826611285008109
1460,0.00016381717704944888
1461,0.00024217346140688862
1462,0.00023880141235405644
1463,0.00018372983740620304
1464,2.5060529501358718e-05
1465,1.3903085468640434e-05
1466,4.8840487353391025e-06
1467,1.6430355767085473e-05
1468,2.1602922959422025e-05
1469,3.518371235619055e-05
1470,3.943694688129726e-05
1471,4.195479046694464e-05
1472,4.3756284703930854e-05
1473,7.911503160498603e-05
1474,5.505179114988448e-05
1475,3.409452844553194e-05
1476,3.918417643503322e-05
1477,4.636106580655769e-05
1478,2.288128907793405e-05
1479,2.8949198072290323e-05
1480,3.2616552603797866e-05
1481,5.588620043520462e-05
1482,2.8402575465102257e-05
1483,2.560326591543522e-05
1484,2.379639620406638e-05
1485,5.869568476066085e-06
1486,9.416301692446723e-06
1487,0.00010532974724874097
1488,0.00012610355276283184
1489,9.372636863905573e-05
1490,9.328627451852686e-05
1491,7.483847513306414e-05
1492,7.644909884703745e-05
1493,9.157783576724915e-07
1494,9.407268982498356e-05
1495,6.363265246828524e-05
1496,4.001558574283706e-05
1497,4.4602662886633704e-05
1498,4.9052132133144606e-05
1499,2.2036120440028245e-05
1500,1.2780230360568308e-05
1501,1.0802739847204616e-05
1502,6.770370492174075e-06
1503,8.54389581748143e-05
1504,7.794963290508379e-05
1505,8.91712372083842e-05
1506,9.478602959330076e-05
1507,9.55303849810883e-05
1508,4.028368886200635e-05
1509,1.2179939013171335e-05
1510,6.558527174412939e-06
1511,1.77112599505646e-05
1512,2.0387187188499743e-05
1513,2.162324249229266e-05
1514,1.4054926900979401e-05
1515,3.439768915442977e-05
1516,3.665114919487255e-05
1517,3.332198702032927e-05
1518,7.58412421316164e-05
1519,5.766082377026833e-05
1520,7.312326762727585e-05
1521,4.3059868628293495e-05
1522,4.392963356437357e-05
1523,2.3576580019935414e-05
1524,4.517536757645546e-05
1525,2.8743776948375508e-05
1526,4.428507073378036e-05
1527,4.698866096366214e-05
1528,3.79565550734277e-05
1529,2.1958184198933743e-05
1530,4.002553268346318e-06
1531,9.723359440584535e-06
1532,2.7319643834847137e-06
1533,3.0647411115506754e-06
1534,9.930957547154828e-06
1535,1.8794592602752243e-05
1536,1.5093979689184514e-05
1537,9.941688014451741e-06
1538,1.465128086659922e-05
1539,1.130403069256713e-05
1540,8.501348457450457e-06
1541,3.8627906106962704e-05
1542,2.4952990774584043e-05
1543,2.651334795096234e-05
1544,1.5097141298229872e-05
1545,2.9075869983425803e-05
1546,3.5140602656559794e-05
1547,3.389489718940361e-05
1548,2.8376186855481047e-05
1549,5.3297068525549636e-05
1550,1.3730970242285005e-05
1551,2.4266433236851543e-05
1552,2.1797069261594125e-05
1553,9.476528889967367e-06
1554,1.990286212942583e-05
1555,8.034370736689607e-05
1556,6.569840380665917e-05
1557,5.516146696982836e-05
1558,4.496648051118314e-05
1559,4.202062909864073e-05
1560,2.096328967082572e-05
1561,1.4562703074705314e-05
1562,1.8339480377747422e-05
1563,3.0237315888865625e-05
1564,2.888733584085705e-05
1565,3.226417763912664e-05
1566,5.5224491728460296e-05
1567,6.629844055282788e-05
1568,8.323522805443766e-05
1569,0.000111786438876223
1570,0.00011070811084539962
1571,8.280567500795299e-05
1572,4.4191727282992664e-05
1573,4.160154728242791e-05
1574,2.3164961351612957e-05
1575,0.00010348592157730102
1576,7.476858625350398e-05
1577,6.64019226231345e-05
1578,1.4270366937281909e-05
1579,1.2853091511332597e-05
1580,0.00031785997832881925
1581,9.204635131097778e-05
1582,0.0001172717904261031
1583,0.00011672444878016763
1584,0.00010654923349254055
1585,0.00011620773216454983
1586,8.9786241677973e-05
1587,7.35074976117629e-05
1588,0.0001401938686431095
1589,0.00013245762753738346
1590,0.00012782643488139675
1591,0.00012964811163155359
1592,0.00015554889747544366
1593,4.819534267126936e-05
1594,6.752243079153062e-05
1595,6.245799225940507e-05
1596,5.6430396391860925e-05
1597,6.062517785436211e-05
1598,6.956669603489676e-05
1599,7.38900398954616e-05
1600,0.00010564452974852432
1601,6.741039530707206e-05
1602,7.705858186165576e-05
1603,8.400850123687659e-05
1604,0.00010285065283661148
1605,8.223554241975839e-05
1606,8.179004857427567e-05
1607,8.599541734818235e-05
1608,0.00014152611646444218
1609,9.532013808727722e-05
1610,2.0830022617463853e-05
1611,2.0782921996319094e-05
1612,4.8641870672328354e-05
1613,1.5846961780360588e-05
1614,4.6967071847401664e-05
1615,5.929818184528143e-05
1616,0.00010008539090802347
1617,0.00010208799522905815
1618,0.00011429400053646582
1619,9.866575919085529e-05
1620,8.112662843197616e-05
1621,3.1318108440505965e-05
1622,2.6306372341513275e-05
1623,7.010123453675183e-06
1624,9.288924826114021e-06
1625,1.061365972413709e-05
1626,2.735421467604436e-05
1627,3.035187744008241e-05
1628,3.196540899729149e-05
1629,4.8517599307537756e-05
1630,6.346180874973525e-05
1631,4.988214931509912e-05
1632,1.818279693393081e-05
1633,2.210148621788104e-05
1634,3.493700183077727e-05
1635,3.0887181207731204e-05
1636,1.1769785984284905e-05
1637,7.258403430319203e-06
1638,8.682895841490884e-06
1639,4.0520364224860956e-05
1640,2.764311717275721e-05
1641,2.692030966195122e-05
1642,2.791740773036034e-05
1643,1.00791967467637e-05
1644,6.468307656991788e-06
1645,3.1637444201644626e-05
1646,3.227788860975555e-05
1647,3.112893709858851e-05
1648,5.2333375241419726e-05
1649,5.9644825020432864e-05
1650,4.639467579266346e-05
1651,3.926628425196005e-05
1652,6.244518297206848e-05
1653,0.00017868286894439736
1654,4.721604270771225e-05
1655,4.85680175836031e-05
1656,1.053549370710033e-05
1657,2.216699577921538e-05
1658,2.1711249984122015e-05
1659,5.9582418674759514e-05
1660,3.637094576463098e-05
1661,5.4266576856079504e-05
1662,5.0504702673563835e-05
1663,4.177381379016932e-05
1664,4.8233315936717845e-05
1665,4.587982842125801e-05
1666,2.8696031714814044e-05
1667,3.938248770934871e-05
1668,3.670850635363408e-05
1669,2.0289342445844903e-05
1670,3.0350146356020506e-05
1671,2.898890151308456e-05
1672,4.7893312354761566e-05
1673,5.1834690013283794e-05
1674,4.46691767452231e-05
1675,2.037747477678957e-05
1676,1.7680869420744322e-05
1677,6.3872546933563905e-06
1678,8.075233607228816e-06
1679,7.448573654274329e-06
1680,7.882168092857962e-06
1681,3.1181138304302235e-06
1682,6.553219291917083e-06
1683,5.197617972714926e-06
1684,3.069944428440628e-06
1685,6.52051662086688e-07
1686,3.512608542885329e-05
1687,3.7537230913426804e-05
1688,5.53020128203408e-05
1689,6.23790852617871e-05
1690,8.351902159887984e-05
1691,7.154711779786796e-05
1692,6.79321461491061e-05
1693,3.9701313695151674e-05
1694,1.833097226235097e-05
1695,2.3082323031653547e-05
1696,1.5479596195234402e-05
1697,2.01018385703908e-05
1698,2.1483828445599428e-05
1699,1.718796957814148e-05
1700,8.544150899263338e-06
1701,7.1235444724062175e-06
1702,4.037557454670081e-06
1703,1.4894513184429471e-05
1704,1.059905346696903e-05
1705,6.4469539490428726e-06
1706,1.0390066456087924e-05
1707,1.3141221078309185e-05
1708,4.138775328680852e-05
1709,8.054347393805126e-05
1710,2.8369185401670533e-05
1711,2.8911636000067544e-05
1712,6.022759577542735e-06
1713,1.3922776822786312e-05
1714,1.4584145096425676e-05
1715,2.177366210870746e-05
1716,2.404146006919929e-05
1717,5.009031371539975e-06
1718,3.6884412319789823e-05
1719,3.305433762129618e-05
1720,3.24637529405158e-05
1721,2.5933303512539754e-05
1722,1.7264614715131468e-05
1723,1.3526473289228239e-05
1724,1.3288673981215382e-05
1725,5.773150945282287e-06
1726,8.644254783830514e-06
1727,8.01806433372907e-06
1728,5.867529134120177e-06
1729,5.681288169459296e-06
1730,0.0001062502841031495
1731,3.909198262372008e-05
1732,6.13472765897454e-05
1733,6.448107121040294e-05
1734,6.573480145481033e-05
1735,1.8970951309022936e-05
1736,1.8451397931939302e-05
1737,1.88861481047415e-05
1738,1.7007866903426223e-05
1739,2.0230132684634463e-05
1740,1.3399680588540542e-05
1741,1.4930683905140147e-05
1742,1.0556032348132743e-05
1743,2.4987248604059446e-06
1744,4.822319898450165e-06
1745,1.6370583651234304e-05
1746,1.7326661029043436e-05
1747,1.5030441075845525e-05
1748,1.4489294726599696e-05
1749,5.168369977540856e-06
1750,1.2805553479348697e-05
1751,1.5093493453872679e-05
1752,2.652537563453221e-05
1753,2.039487139020131e-05
1754,1.8140592488499888e-05
1755,5.676472145803728e-06
1756,5.346602413256002e-05
1757,5.516679129670821e-05
1758,5.680000920008762e-05
1759,5.186293160740472e-05
1760,1.5816620267279283e-05
1761,1.2522952082102716e-05
1762,1.5446684825637507e-05
1763,1.6855996958211827e-05
1764,1.6780014526425935e-05
1765,3.6398794381719886e-06
1766,2.0819423229893386e-06
1767,5.576251615117838e-06
1768,6.173276954561615e-06
1769,6.3738176604626765e-06
1770,8.83561126818896e-06
1771,9.290615951276323e-06
1772,6.012094545260979e-06
1773,5.766766878285602e-06
1774,1.1701999376617723e-05
1775,4.687359771187212e-06
1776,9.276331872424968e-06
1777,7.714016398191135e-06
1778,6.284707298027542e-06
1779,7.318319987819319e-06
1780,9.476983221623399e-06
1781,9.682873096152664e-06
1782,1.5414571264032818e-05
1783,1.8859096395498117e-05
1784,4.295956636164026e-05
1785,4.7651343144963245e-05
1786,3.8342502159932004e-05
1787,1.6696258910964338e-05
1788,1.870105607077536e-05
1789,2.455780188270543e-05
1790,9.374876115464877e-05
1791,0.0015010473296105892
1792,0.00042796657672255773
1793,0.00044017390249679786
1794,8.57186803833724e-05
1795,1.1008224871384495e-06
1796,0.00014656574274965383
1797,0.00013346199808567916
1798,0.00012701884476925147
1799,2.383054077850023e-05
1800,4.1919449460881006e-05
1801,0.0002574983866160753
1802,6.543941256879691e-05
1803,8.877810737366939e-05
1804,9.136326119405828e-05
1805,8.140247004646748e-05
1806,4.051573667989578e-05
1807,4.118563560293947e-05
1808,4.610174367621611e-05
1809,3.27893960204878e-05
1810,3.048442483568871e-05
1811,2.45598167194391e-05
1812,8.945424935340589e-06
1813,1.1842813023625016e-05
1814,0.00011938637250217738
1815,0.0005564756649983959
1816,0.00012054825678823061
1817,0.00013717668726417577
1818,8.686194987491593e-06
1819,6.138704523877369e-06
1820,1.70747972805544e-05
1821,1.8880000037861626e-05
1822,1.8527315928540267e-05
1823,1.5882317789518108e-05
1824,1.1116432526237118e-05
1825,1.5823662362902808e-05
1826,1.8976878923497018e-05
1827,3.5378416885240696e-05
1828,2.0853258263865567e-05
1829,2.2800817254397188e-05
1830,2.3938002333169445e-05
1831,6.580069665151656e-06
1832,1.8526946390793432e-05
1833,3.6693784179738434e-05
1834,2.9619403953023625e-05
1835,3.1712699046600164e-05
1836,4.001011345303683e-05
1837,3.6307444022072396e-05
1838,1.2861531795325137e-05
1839,3.969391742502827e-05
1840,3.506811494036036e-05
1841,3.1848993866470646e-05
1842,5.3108654351677505e-05
1843,5.622761705538773e-05
1844,3.128197981032812e-05
1845,3.513718399405898e-05
1846,7.570689819739505e-06
1847,7.107010404349595e-06
1848,8.597307285944927e-06
1849,1.0686041254994488e-05
1850,9.075271110962265e-06
1851,4.7752851300459074e-05
1852,0.00010495401478116427
1853,8.557198699580106e-05
1854,0.00010089788384599915
1855,0.00016351787768216985
1856,0.00013495739974836164
1857,3.229240832043615e-05
1858,3.866617021972952e-05
1859,7.370010662831343e-05
1860,4.415152720281004e-05
1861,9.677133175772655e-05
1862,0.0002610906035122364
1863,0.00026494675622588715
1864,0.0002900608153272252
1865,0.0003733843128532923
1866,0.0001474736379412482
1867,0.0001581849216412289
1868,0.00019390168392592025
1869,9.896879446922275e-05
1870,0.0002102284116239729
1871,0.00020078128472934346
1872,0.00017726739374789474
1873,0.00020570465552663395
1874,0.000125320899087856
1875,0.0001372422100614676
1876,0.000127127184540709
1877,4.855721521199583e-05
1878,6.319693237076039e-05
1879,4.208489100414492e-05
1880,3.854575076881511e-05
1881,4.912975945447927e-05
1882,4.471539692968309e-05
1883,4.837066109268084e-05
1884,2.848469959451512e-05
1885,5.0967947190793994e-05
1886,6.961660333722602e-05
1887,0.0001744973570645501
1888,0.00010877445212635037
1889,0.00011555947093870787
1890,0.00012985847871101858
1891,0.00012305864065895143
1892,7.551688689659742e-05
1893,0.0002592958254222262
1894,0.00023741509503557773
1895,0.00016444802570347983
1896,0.0002126336705282974
1897,0.00032742507948784236
1898,0.0002637287981525988
1899,0.0004165554555798175
1900,0.00033493011684789415
1901,0.0003945813172153136
1902,0.0005211774382608659
1903,0.0005234091097127959
1904,0.0004947143955144472
1905,0.000412059767091496
1906,0.00038256387060026136
1907,0.0002393631165096974
1908,0.00018849776136149976
1909,7.929137272774383e-05
1910,0.00011953619672688098
1911,0.00012248930135562861
1912,6.455695002869243e-05
1913,9.659572425301458e-06
1914,1.7177323459123857e-05
1915,1.835895230076604e-05
1916,1.7517209230523378e-05
1917,0.00016803322188347228
1918,0.00019280857701788835
1919,0.00026159090005875904
1920,0.00028046732761353386
1921,0.000233434737617174
1922,0.00020035451074044145
1923,0.00011029854542106962
1924,7.004297073858526e-05
1925,8.805555409397648e-05
1926,8.162066017034203e-05
1927,2.0606808290080937e-05
1928,2.8122708152103298e-05
1929,3.038931598089111e-05
1930,1.121552009397433e-05
1931,1.130524036876648e-05
1932,7.403509942710584e-05
1933,7.666295660548662e-05
1934,0.00014889241872073161
1935,0.0001586635641172996
1936,0.0001412344627261851
1937,1.3812356139407088e-05
1938,2.3255661519284866e-05
1939,3.8462253091606075e-05
1940,6.071482396259021e-05
1941,0.00015421098463172517
1942,0.00010183632468714282
1943,0.00010197609455753293
1944,3.076136345649296e-05
1945,2.8001923612759473e-05
1946,1.818065840174328e-05
1947,2.866246920290525e-05
1948,0.00014402040181803454
1949,5.293512247927012e-05
1950,5.4883485174791506e-05
1951,6.771266240267135e-05
1952,4.159296279093993e-05
1953,3.5255864516644226e-05
1954,1.625009072863843e-05
1955,6.751383406907691e-05
1956,0.00010542819975351265
1957,0.00010901894751354686
1958,0.0001073240887767248
1959,0.00022191760799254593
1960,8.561486879456774e-05
1961,2.2877536599381965e-05
1962,8.336084408656512e-05
1963,5.513802549033399e-05
1964,0.00015709551337297778
1965,0.00013863146435569738
1966,0.00014668121207460965
1967,0.00014522049457121034
1968,0.00018745473314821126
1969,0.0002087649488591749
1970,0.00021350581819526594
1971,0.0002302042877028632
1972,0.0002529972898869949
1973,0.00016667663806334181
1974,0.00010521075522382726
1975,9.776520612766352e-05
1976,8.01129649095587e-06
1977,4.122250953130512e-05
1978,0.0001059874225346624
1979,4.230837629074705e-05
1980,4.751459869087374e-05
1981,1.548873494551202e-05
1982,7.269680775763856e-05
1983,6.683704825861668e-05
1984,6.465857672886333e-05
1985,6.446679079363697e-05
1986,1.2562741027530768e-05
1987,6.010597701254799e-05
1988,0.00024263723151931433
1989,5.319047891553017e-05
1990,5.65725015778882e-05
1991,0.00018383752181960113
1992,0.00011171516314435368
1993,0.00016800305138712357
1994,0.00020978630693168024
1995,0.00018741138485546958
1996,0.00014857139671053848
1997,8.805159079219608e-06
1998,8.906086318212555e-05
1999,9.212964018375514e-06
2000,4.652091078367527e-06
2001,1.5360024794802698e-05
2002,3.011682649155456e-05
2003,4.196682684143843e-05
2004,0.00010279576845450127
2005,4.785616331832579e-05
2006,5.365454403208511e-05
2007,6.804457967627873e-05
2008,0.0001386742660619363
2009,8.086863616909768e-05
2010,6.381842194236426e-05
2011,7.644321668248248e-05
2012,9.032064265910622e-05
2013,3.202629657582503e-05
2014,5.315143148440209e-05
2015,5.035310822679677e-05
2016,0.000217019080930654
2017,0.00019032093928041978
2018,0.00012773097769100178
2019,0.0005406081654009257
2020,0.0005243549551925571
2021,0.000458376888966807
2022,0.0005001139870138238
2023,9.580864277933113e-07
2024,0.00020250203464484788
2025,0.000103051786784074
2026,0.000107176594039882
2027,0.00011483787646616971
2028,0.0003877804876552541
2029,0.0004444879187467878
2030,0.0003660070504501816
2031,4.626353333477291e-05
2032,0.00016332679915248221
2033,8.523135598575454e-05
2034,0.0001025857318122076
2035,0.0001189808156071192
2036,0.00013495255184986467
2037,0.00014487397048620353
2038,8.723036777640613e-05
2039,0.00014578277315603603
2040,0.0002113268490110038
2041,0.00016409614239689147
2042,0.00019681077390230084
2043,0.0002982715466918248
2044,0.0002103325807405032
2045,0.0002524122115090473
2046,0.000329587670167018
2047,0.00037658233781802527
2048,0.00029087752162249914
2049,0.0003509977688695011
2050,0.00020678280959499938
2051,0.00013815858994771046
2052,0.0001430688304712154
2053,0.0001531012929605892
2054,6.937815605227241e-05
2055,7.288498145965378e-05
2056,6.940870400513504e-05
2057,7.190849413714555e-05
2058,0.0001977893870600321
2059,0.0001427539359240711
2060,0.00015068308399330524
2061,9.350102877429855e-06
2062,7.321671030688971e-05
2063,2.1427222314009856e-05
2064,7.356104675652507e-05
2065,5.1048463770750505e-05
2066,0.00011915547260889472
2067,0.0001304427167247067
2068,0.00014322802275003842
2069,0.00011791887888172862
2070,0.00011975011841347528
2071,1.3324241059277516e-05
2072,1.8901366914606392e-05
2073,2.3702977901965724e-05
2074,2.6081367377565408e-05
2075,1.9717212128663753e-05
2076,3.592982135241915e-05
2077,9.731102277959892e-05
2078,7.624896571183551e-05
2079,6.515229657892402e-05
2080,9.774278799880286e-05
2081,9.959714079155875e-05
2082,2.1125052237980653e-05
2083,5.370233748349023e-06
2084,1.7778803909730737e-05
2085,8.689158778857633e-05
2086,2.5506421549329727e-05
2087,3.0412511147075593e-05
2088,5.854043041414653e-05
2089,0.00010230747206423732
2090,0.0002281830280274118
2091,0.00012903978492193147
2092,0.0001735528086765238
2093,0.0001388301284011729
2094,6.835662304874557e-05
2095,6.950162625178308e-05
2096,6.880157225832156e-05
2097,1.2958472778044736e-05
2098,1.673900578038848e-05
2099,1.9660238818238722e-05
2100,2.3705962522460004e-05
2101,1.7446685741136965e-05
2102,3.333278192932025e-05
2103,3.542363649695678e-05
2104,9.393684305138748e-05
2105,7.339655658488877e-05
2106,6.297051242726818e-05
2107,8.40194309550892e-05
2108,8.39672139672081e-05
2109,4.747428363118757e-05
2110,5.440551318520202e-05
2111,8.570559447012611e-05
2112,0.00014120361132739036
2113,0.0006456370190213554
2114,0.0002599885156829618
2115,0.00024162329795249942
2116,0.00021669042862682418
2117,3.872751124490086e-05
2118,5.4125756440925476e-05
2119,1.922808618666065e-05
2120,2.2652446156931427e-05
2121,2.7199623210003323e-05
2122,1.9679544562082252e-05
2123,3.416533341877203e-05
2124,9.97178849505671e-05
2125,6.818274156071829e-05
2126,9.602338476089407e-05
2127,0.0002515676493441941
2128,0.00023498366632072572
2129,0.00034411443175373397
2130,0.00035835382915219905
2131,0.0003027359923998925
2132,0.0001638908286741748
2133,0.00016277976219401636
2134,4.708823211043394e-05
2135,7.497813366369253e-05
2136,7.955665333143745e-05
2137,6.070981715426809e-05
2138,5.339219808650731e-05
2139,5.83588741874331e-05
2140,4.949990620558123e-05
2141,2.964178516632468e-05
2142,5.5148778614983185e-05
2143,0.00017838733172680007
2144,0.0001917656899082745
2145,0.00019480023406753466
2146,0.00019483547056465655
2147,0.0001758243310927765
2148,9.509201431410927e-05
2149,0.00010470758912354686
2150,0.0001033819173442562
2151,0.0001206367429831946
2152,0.0002511228737707351
2153,0.0002686312155625208
2154,0.00026161423941306584
2155,0.0001743243278851391
2156,0.00018213021734092246
2157,1.1963887369888468e-05
2158,1.6160433756934777e-05
2159,0.000126830538815307
2160,5.143250855976546e-05
2161,6.90341084839547e-05
2162,5.541104167017729e-05
2163,3.588938621996342e-05
2164,2.4189430843169716e-05
2165,2.5309496838686804e-05
2166,7.067575507622685e-06
2167,6.922693890388338e-06
2168,4.692197981797727e-05
2169,5.8448576323307085e-05
2170,6.053323702236263e-05
2171,5.4940661352175246e-05
2172,9.53754027988693e-05
2173,9.893582083437213e-05
2174,8.587994113383485e-05
2175,1.4364812662959221e-05
2176,1.0700972334721464e-05
2177,0.0011993375246336115
2178,0.00037073079720585515
2179,0.000431608003151731
2180,3.972237597694149e-05
2181,0.00039557045937925304
2182,0.000510143657285376
2183,0.00039297096392850654
2184,0.0006558378701251441
2185,0.0010347803374514014
2186,0.0012069532330858037
2187,0.0011213455819470723
2188,5.026415187728334e-07
2189,0.00061714454840062
2190,0.0003006077255280175
2191,0.0002856087398485069
2192,0.0006630120724725568
2193,0.0007179675804297471
2194,0.00069883950434842
2195,0.0005443225053906232
2196,1.39276224221459e-05
2197,0.00044074896081822216
2198,0.0002985124364971857
2199,0.0002289982714107905
2200,0.00041717034330247935
2201,0.000272047374967013
2202,0.00419833015464222
2203,0.004520179287696445
2204,0.004943911296838049
2205,0.004347110840132917
2206,0.0036670650972387623
2207,0.002553029363196918
2208,0.0028002864088310245
2209,0.001999178223587249
2210,0.001986946985157244
2211,0.0006267944097815031
2212,0.0006042262699834596
2213,0.002788019007803958
2214,0.002610819956577379
2215,0.0030352815814129407
2216,0.0030011496864278085
2217,0.0017484395542039113
2218,1.3543940882705845e-05
2219,0.0007270842940673481
2220,0.0005595251321395335
2221,0.0013039820635190507
2222,0.0010176677648454163
2223,0.0009545780821545494
2224,0.0005941686812754997
2225,0.0016487968835841014
2226,0.0015274879449861704
2227,0.0014246051685368054
2228,0.00028136500487111897
2229,0.00016658679231223983
2230,0.00039363871093868604
2231,0.010761092618037852
2232,0.002636158375299457
2233,0.002780761489893725
2234,0.00028188326649557504
2235,0.0012028193930681927
2236,0.0010802240088308096
2237,0.0012127733667777376
2238,0.00119190868613748
2239,0.0013838902430677589
2240,0.0003762200726430693
2241,0.0005042164739035774
2242,0.00042454585586570873
2243,0.0004080496426800586
2244,0.00014886391697902003
2245,4.9523076692224945e-05
2246,0.00014666782546335572
2247,0.0006501205951683348
2248,0.001147066029137576
2249,0.0004748046378582688
2250,0.0004915328170875564
2251,0.00016178428625814945
2252,2.3801093573142624e-05
2253,8.69470596572006e-05
2254,3.899555123503577e-05
2255,8.70062112050139e-07
2256,7.142066930147223e-05
2257,6.192524359547243e-05
2258,6.84478742327787e-05
2259,4.5945529792268386e-05
2260,0.00016855345976837333
2261,0.00022606158345610158
2262,0.00020258436971990582
2263,2.079171630210567e-05
2264,2.2419639202647176e-05
2265,0.00017884904850454318
2266,4.16713131645852e-05
2267,7.612560275185718e-05
2268,0.00016857193896207263
2269,0.00021209804750578224
2270,0.00019262417047602942
2271,0.00015937898365577752
2272,3.4696802748781776e-05
2273,0.00018308148544286568
2274,7.432553849203047e-05
2275,7.489776840829198e-05
2276,0.00010248460694737474
2277,0.0002102072565995636
2278,0.00010623326821005091
2279,0.00010687074325124607
2280,0.00011289984010684621
2281,1.8960524379053446e-05
2282,1.2122621559513354e-06
2283,2.433356778342946e-05
2284,0.00019311051965448955
2285,0.0001910469631733266
2286,0.00013855919425230842
2287,8.62446313986295e-05
2288,0.00025170230892382264
2289,0.00022415442934997857
2290,0.0002715905229347089
2291,0.0002789855181086383
2292,0.00023767822426972653
2293,0.0012985799863164326
2294,0.0003797794280795414
2295,0.00039153888401799436
2296,0.000345017378531688
2297,0.0004087086071636848
2298,0.00012078188331224536
2299,0.0009086361722576042
2300,0.00027351425908076003
2301,0.0003423210193059915
2302,3.48061647501164e-05
2303,0.0002639896724523223
2304,0.00022267342029197115
2305,0.00014544119715023646
2306,8.852183910334002e-05
2307,7.529619758997183e-05
2308,8.257315322774649e-05
2309,5.9590442902471084e-05
2310,5.5664131046709794e-05
2311,0.00016631004358074776
2312,0.0002467437630975323
2313,0.0008668722089897302
2314,0.0004072661462762942
2315,0.00041341557566130724
2316,0.00025720137619409257
2317,0.0001527361783135981
2318,0.00015312238638448864
2319,0.00015552229410268384
2320,0.00015986059549227277
2321,3.076406902796449e-05
2322,5.4453385481306755e-05
2323,6.177063123671793e-05
2324,6.970471155070252e-05
2325,4.844366105555845e-05
2326,6.010860699517627e-05
2327,7.185937057203344e-05
2328,0.00010235516191670544
2329,9.189443433726683e-05
2330,2.2099861804445894e-05
2331,8.330372187135178e-05
2332,5.9593596457375715e-05
2333,5.082986488057536e-05
2334,4.284487438265075e-05
2335,4.2807513764543805e-05
2336,3.8830637514627466e-05
2337,3.840474116992859e-05
2338,1.0793384718714993e-05
2339,1.2292309794653015e-05
2340,0.0003569489781034217
2341,7.752318610841942e-05
2342,0.00010280592293012644
2343,0.0001383395556468262
2344,0.00013413622340307502
2345,6.499526139726929e-05
2346,5.856394106445039e-05
2347,5.99872846691886e-05
2348,0.0002064450419658377
2349,0.00018565011198220594
2350,0.0001803815727276009
2351,0.00019110157843141206
2352,0.00025811839368512427
2353,0.00023813334821190497
2354,0.00022283581896356645
2355,0.0001772068816807164
2356,0.0003157793365631003
2357,0.0003496683035076503
2358,0.0003399553976495512
2359,0.00028527038138824587
2360,0.0003770225737611242
2361,0.00036919949882921726
2362,0.0003443956613059853
2363,0.00030657004190311985
2364,1.4807071653038482e-05
2365,3.248346325522247e-05
2366,1.4847651253135633e-05
2367,6.322075038511943e-05
2368,0.00010244501414158948
2369,0.00010371653649434359
2370,0.00021469612875319423
2371,0.0002575842952167172
2372,0.00019776464183822128
2373,0.00022157957456451555
2374,0.00020206239507829243
2375,0.00013987861483121723
2376,0.00015429826805492153
2377,0.00011422586987447676
2378,0.00011587151229740056
2379,9.578233337738336e-05
2380,9.10284846720105e-05
2381,8.645751287008313e-05
2382,9.919724856267232e-05
2383,0.00024080286360564238
2384,0.00023868129222716448
2385,0.00024652897304282555
2386,2.0202521905469567e-05
2387,0.0001233251890065757
2388,1.7338651232980325e-05
2389,0.0001397545781206354
2390,5.7041568435029724e-05
2391,7.334371374171312e-05
2392,7.106930587282618e-05
2393,8.604338107663203e-05
2394,7.266317286111216e-05
2395,6.98226738742934e-05
2396,3.806680983993416e-05
2397,0.0004551036495042131
2398,0.00010030174275551318
2399,0.00013354948924911803
2400,0.00023134343472837787
2401,0.00022878767376664647
2402,0.00014100466530675806
2403,0.0001359859827954402
2404,0.0001522550535186537
2405,0.00014750176053963525
2406,0.00014804053728621628
2407,8.565582283435419e-05
2408,9.17014215719779e-05
2409,6.975336371262119e-05
2410,2.544083963229354e-05
2411,1.0084207407743414e-05
2412,1.823723710625718e-05
2413,7.1552923145011e-06
2414,3.9975999889237376e-05
2415,3.9070577717360425e-05
2416,4.9817040659956326e-05
2417,6.0856937855642696e-05
2418,0.00011726482164692158
2419,4.084512532563313e-05
2420,7.179385250985715e-05
2421,7.959765671009447e-05
2422,7.654525719437762e-05
2423,2.1783771958473067e-06
2424,9.732144891450886e-06
2425,1.2809811656146584e-05
2426,1.1349090565314118e-05
2427,9.435463036405734e-06
2428,2.6643340085585326e-05
2429,2.5069863427961195e-05
2430,1.6225803684952774e-05
2431,5.412391002095388e-06
2432,5.082067477619499e-06
2433,3.396036031475938e-05
2434,3.511256966488027e-05
2435,4.6765120339756196e-05
2436,7.380250790277683e-05
2437,6.16738215761461e-05
2438,6.959328250389264e-05
2439,5.317283378563817e-06
2440,4.1341056623062155e-06
2441,2.291331046118566e-06
2442,4.351542884972624e-07
2443,2.095399415238798e-05
2444,1.9519995002665774e-05
2445,2.6756825546935614e-05
2446,7.38877515262223e-05
2447,8.164196322621995e-05
2448,9.482538235637263e-05
2449,0.00012147500979922176
2450,0.00011437286606845222
2451,1.3368175785642845e-05
2452,1.7717126198633496e-05
2453,1.4752931229737177e-05
2454,9.316399307955203e-05
2455,3.379489950128885e-05
2456,3.914995574236637e-05
2457,2.6626405500052843e-06
2458,4.9956997468447534e-05
2459,0.000144430302297921
2460,6.050076586952459e-05
2461,6.136502067708248e-05
2462,0.00011187128615317681
2463,5.921587723626836e-05
2464,6.129750324057645e-05
2465,1.134932035182673e-05
2466,8.129233312846952e-05
2467,9.128442473828904e-05
2468,8.170876165952622e-05
2469,8.916164624631754e-05
2470,8.664813357062872e-05
2471,0.00013510228951725325
2472,5.290977446024023e-05
2473,7.152499404792152e-05
2474,5.22271832370915e-05
2475,6.834369145781831e-05
2476,9.807321009167948e-05
2477,0.00010972802468784246
2478,9.407915385052288e-05
2479,0.00010962635033714686
2480,0.00010309190249259638
2481,9.462101620037596e-05
2482,8.174321870692663e-05
2483,7.350397027850552e-05
2484,7.019252754106822e-05
2485,7.934812811144727e-05
2486,0.00011396358041784263
2487,0.00011115628249109088
2488,0.00014745262859088348
2489,0.00015416703283419416
2490,0.0001522847039256031
2491,7.308101508020976e-05
2492,7.925982622443922e-05
2493,5.191263103602501e-05
2494,3.079862336785296e-05
2495,5.2211234467946197e-05
2496,5.001220543906404e-05
2497,5.716380482362799e-05
2498,6.122098564072229e-05
2499,8.170872071253106e-05
2500,8.012057349849274e-05
2501,3.716696375214625e-05
2502,3.2352672032583666e-05
2503,3.878482528939745e-05
2504,3.904661716746567e-05
2505,3.612884622391524e-05
2506,2.7115162264861714e-05
2507,2.4893020212095032e-05
2508,8.481092765482183e-06
2509,5.022687629081132e-05
2510,3.586315086866959e-05
2511,4.507222299353726e-05
2512,6.317069953190279e-05
2513,6.480870564571523e-05
2514,3.677783599360783e-05
2515,6.134826469667602e-05
2516,3.637039245983243e-05
2517,4.7808935126165955e-05
2518,4.866245217383821e-05
2519,5.747624702488078e-05
2520,6.391693375192706e-05
2521,8.275183686711449e-05
2522,8.036477817561526e-05
2523,0.00011688327686129806
2524,0.00016115627586683038
2525,0.00016380445925902762
2526,0.00011945937405846318
2527,2.5785386778949473e-05
2528,3.645509889864845e-05
2529,3.5513025577511595e-05
2530,7.026971327285494e-05
2531,4.7614658447838654e-05
2532,0.00015417135026135544
2533,0.00017501527028916574
2534,0.0001291947843877741
2535,0.00012906429577150865
2536,0.00014578532293005257
2537,5.970837874559822e-05
2538,3.1878022043462374e-05
2539,6.874811320385106e-05
2540,7.09788900626513e-05
2541,6.174096614140774e-05
2542,7.714004272833636e-05
2543,8.285941073928398e-05
2544,6.278662744880994e-05
2545,5.710744511370577e-05
2546,1.3447744009216759e-05
2547,1.0637213689440612e-05
2548,0.0002476307586460184
2549,5.10601162021893e-05
2550,5.713650852783694e-05
2551,1.2140294725065093e-05
2552,3.158718718932941e-05
2553,1.8741198034520937e-05
2554,1.9014115591270796e-05
2555,1.6511666997959033e-05
2556,4.18127337927922e-06
2557,1.984226105911435e-05
2558,1.557143493556182e-05
2559,3.226730172667581e-05
2560,3.4424211174092055e-05
2561,3.9412552594474914e-05
2562,3.0186011877607142e-05
2563,4.237861271883252e-05
2564,1.8886971566787422e-05
2565,6.32125669469071e-05
2566,2.5087278198266997e-05
2567,3.215573048409987e-05
2568,6.0006943238267245e-05
2569,6.619842658060246e-05
2570,4.25264627128782e-05
2571,4.93372487142035e-05
2572,4.811163383630578e-05
2573,1.3154129480448517e-05
2574,6.759750691580853e-05
2575,7.637230386147661e-05
2576,5.704171273639522e-05
2577,5.208870818719719e-05
2578,3.931633255301521e-05
2579,2.499886426719831e-05
2580,1.7141897701204324e-05
2581,2.695285741455746e-05
2582,2.3863712212910516e-05
2583,5.75196372998043e-05
2584,6.352097837564153e-05
2585,5.663064934110712e-05
2586,2.1592535949743643e-05
2587,3.080812679350139e-05
2588,7.35454622563434e-05
2589,9.743502302684636e-05
2590,9.525810990350192e-05
2591,8.957565131600008e-05
2592,0.00010615859641383093
2593,0.00045705883641644233
2594,0.00010322548989666242
2595,0.00021076301520131464
2596,0.00018376139568137916
2597,0.00038811327496072865
2598,0.0003886624658875583
2599,0.0003401500730849836
2600,0.00017142817923732417
2601,0.0001871737647926286
2602,3.5002703615452125e-05
2603,4.3553283272805245e-05
2604,1.9216331316928567e-05
2605,0.00010586756840530958
2606,0.00014888346549649103
2607,0.00012099322167529651
2608,0.0001381525649553981
2609,2.510177662893732e-05
2610,9.694577704873325e-05
2611,0.00010692436230267337
2612,0.00017839898186838938
2613,0.00025830062648770925
2614,0.00026219124481811565
2615,0.00038231682032007896
2616,0.00041622302189018776
2617,0.00032461449489482464
2618,0.00024886284168706816
2619,0.0003441028767026664
2620,0.00010624225953235224
2621,0.00011034676276661581
2622,0.00010744030954940419
2623,5.046362762403402e-05
2624,3.749971590640309e-05
2625,3.762259033657964e-05
2626,7.261975502143656e-05
2627,0.0001419994943507327
2628,0.00012857285788545685
2629,7.742928473959573e-05
2630,8.37640118752012e-05
2631,0.0001280554656996194
2632,0.00027758227848071875
2633,9.30289743206385e-05
2634,2.5043322220262496e-05
2635,3.935352683007264e-05
2636,0.00010797249997655163
2637,0.0001833364916605778
2638,0.00015680845521044576
2639,0.00010391874737710186
2640,9.541879473924752e-05
2641,2.3212585414590983e-05
2642,7.203073849368087e-06
2643,5.684925260031156e-06
2644,0.0003292595181972242
2645,0.0003026395436045126
2646,0.0001229081748095955
2647,0.00018188057190010357
2648,0.00021842187667989873
2649,0.00013609063218038904
2650,0.0001127846126399563
2651,0.0001021649785849143
2652,5.97177363226617e-05
2653,0.0001048304841506966
2654,0.00011528688850320177
2655,0.0001674245779346043
2656,0.0001695531524740827
2657,0.00014754738622456556
2658,9.079547499065876e-05
2659,1.6529352741573042e-05
2660,1.0185039242943191e-05
2661,6.3915610108927e-06
2662,0.00036029145946879856
2663,8.858534656347046e-05
2664,9.391956972014317e-05
2665,8.608470736709762e-05
2666,0.0001017997596339796
2667,2.691973571992215e-05
2668,6.445402581266895e-05
2669,7.108847145237548e-05
2670,7.428177666414091e-05
2671,5.632279875710095e-05
2672,1.2534827821593937e-05
2673,1.3306266341111645e-05
2674,0.00023470010814360023
2675,0.0003577230204704294
2676,0.0001216909963996834
2677,0.00019072305186042986
2678,0.00017735850038948163
2679,0.00013078690957285804
2680,8.161338074864619e-05
2681,9.583769913594176e-05
2682,8.633481354737098e-05
2683,3.9615837065800435e-05
2684,3.8264381819212096e-05
2685,1.2946424909364246e-05
2686,3.530011077164718e-05
2687,1.2119301062834234e-05
2688,9.542494336151834e-06
2689,4.4757470405483275e-05
2690,4.937955200325888e-05
2691,4.910326949348208e-05
2692,7.228076228538392e-05
2693,0.00011279501072098461
2694,8.8884718716614e-05
2695,8.59138032900261e-05
2696,1.6691681348334703e-05
2697,2.157028538655396e-05
2698,2.9645859315033557e-05
2699,9.177028164572295e-06
2700,3.015136317487338e-05
2701,3.5755130835590204e-05
2702,3.042546572092721e-05
2703,2.8662512971815498e-05
2704,7.891823527144574e-06
2705,9.189455330503295e-06
2706,7.742952022621067e-06
2707,8.718498782006183e-06
2708,8.705948411098836e-06
2709,6.648271743362075e-06
2710,1.2773199594054208e-06
2711,1.1020711290983223e-05
2712,1.622460102219576e-05
2713,2.6219763810698705e-05
2714,2.7690608177986106e-05
2715,5.5173538288417565e-06
2716,2.4388759139149627e-06
2717,8.735119916744754e-06
2718,7.887934058238937e-06
2719,3.968774305636274e-05
2720,0.0001079245735967979
2721,4.66965479795965e-05
2722,6.583220963770173e-05
2723,6.58944404695248e-05
2724,4.39484694610955e-05
2725,3.181527339913694e-05
2726,3.496280353032832e-05
2727,4.416853878380878e-06
2728,6.5377829007405775e-06
2729,5.063550203959307e-05
2730,7.913454944799652e-05
2731,3.1196907124624e-05
2732,4.370947393456198e-05
2733,3.829134624554148e-05
2734,3.534095318252003e-05
2735,3.3625321579789196e-05
2736,4.28003075580849e-05
2737,3.8729288666587285e-05
2738,2.1811563609069115e-05
2739,8.493972578056561e-06
2740,4.175000695448352e-05
2741,4.0135215433980186e-05
2742,2.4617524841851896e-05
2743,2.6368529571560844e-05
2744,3.8054477345447504e-05
2745,1.3751146085191317e-05
2746,1.5003893352688075e-05
2747,1.9012517561644357e-05
2748,2.2525123388360915e-05
2749,2.3370953031832954e-06
2750,2.5624446061764783e-05
2751,3.461783216651711e-05
2752,3.5260777438664306e-05
2753,3.5592634068271725e-05
2754,8.082730816735766e-06
2755,9.768812140956631e-06
2756,4.171892549657319e-06
2757,2.3639011952621687e-06
2758,2.9958672396911173e-06
2759,1.3391372617911857e-05
2760,5.484509095194184e-06
2761,5.672974970686062e-06
2762,9.536915789591158e-06
2763,1.0843463427023213e-05
2764,3.350917448705198e-05
2765,1.6506806092612396e-05
2766,1.8002284941752063e-05
2767,2.152933769263605e-05
2768,1.592511750487153e-05
2769,1.2784567553875133e-05
2770,1.3530692832202981e-05
2771,1.4622154481140746e-05
2772,4.922495811119263e-06
2773,8.645814243906037e-06
2774,1.745065857974978e-05
2775,1.3236781245765886e-05
2776,1.4574480562383356e-05
2777,1.7074483609796936e-05
2778,1.922109477583917e-05
2779,1.2469635060067911e-05
2780,0.00015300686733668117
2781,3.6892534141679704e-05
2782,6.472207781562815e-05
2783,6.716949560047958e-05
2784,6.280244366309437e-05
2785,3.738974546186545e-05
2786,4.245662528708003e-05
2787,2.5395447028164228e-05
2788,1.9292232740764884e-05
2789,4.939642265837266e-06
2790,8.501642922800893e-06
2791,8.798221398677535e-06
2792,1.317671044989761e-05
2793,1.3014377259360303e-05
2794,1.3612335228562185e-05
2795,5.332744352125208e-06
2796,8.125112208284328e-06
2797,5.864664912592662e-06
2798,7.060205652821803e-06
2799,1.423074660246633e-05
2800,3.637786087657989e-05
2801,0.00011179304475442985
2802,5.182088078450236e-05
2803,6.203500435647918e-05
2804,7.272900000343231e-05
2805,5.619748256168042e-05
2806,4.2133072710997215e-05
2807,4.359995244931123e-05
2808,7.836263928739949e-05
2809,6.468166538636219e-05
2810,9.548480685795771e-05
2811,0.00011625177437642324
2812,5.359621972787071e-05
2813,7.472528603398458e-05
2814,9.325088955411966e-05
2815,0.00014296619474473622
2816,8.133450961839858e-05
2817,1.8565369418303462e-05
2818,1.793908925544872e-05
2819,2.018042679571817e-05
2820,6.1972565503578656e-06
2821,3.9390127478832416e-05
2822,3.253083724071729e-05
2823,4.001696359261651e-05
2824,4.041802683191963e-05
2825,3.247196364300789e-05
2826,3.678693979914324e-05
2827,2.408437710512635e-05
2828,2.7100081669379634e-05
2829,1.780241778753792e-05
2830,3.877450015577253e-05
2831,4.1633521608669214e-05
2832,2.6274461889447872e-05
2833,3.83449355941389e-05
2834,6.804235978444454e-05
2835,0.00013710850549923342
2836,4.142122411542684e-05
2837,6.162402565738987e-05
2838,6.338687489352486e-05
2839,4.597527276406061e-05
2840,2.591953536213734e-05
2841,6.891510109391931e-06
2842,1.2130896725688828e-05
2843,1.0492511047476351e-05
2844,4.146707785659503e-05
2845,1.219071954366204e-05
2846,1.3966708382185846e-05
2847,1.8545880742664993e-05
2848,2.6384371862249045e-05
2849,2.524441886753252e-05
2850,5.070179676911895e-05
2851,5.250807138611849e-05
2852,3.689928745303175e-05
2853,5.513598151685952e-05
2854,5.547117934261436e-05
2855,3.456268601106659e-05
2856,3.315772828483802e-05
2857,1.960787852848287e-05
2858,1.2556642455453618e-05
2859,4.0099940942668444e-05
2860,2.6835442757225685e-05
2861,2.367150205225847e-05
2862,1.872138389510333e-05
2863,6.983645907321063e-06
2864,1.1364826611383371e-05
2865,7.084344229226833e-05
2866,3.152640180517453e-05
2867,3.89034941130514e-05
2868,7.793181418721215e-06
2869,1.5147242649928565e-05
2870,1.1891246736634655e-05
2871,1.3341336020319264e-05
2872,1.251934947762136e-05
2873,1.4057745862261755e-05
2874,1.6268005391631725e-05
2875,7.785535144896943e-05
2876,5.893799734380215e-05
2877,5.500275574935601e-05
2878,5.643243191943553e-05
2879,1.4311017759906253e-05
2880,2.8941100167802695e-05
2881,3.826786341091247e-05
2882,2.982854497737323e-05
2883,3.522933930493974e-05
2884,3.9842479511099124e-05
2885,3.2404581800165225e-05
2886,3.853194103292269e-06
2887,1.5104564539084886e-05
2888,0.00013205915967007937
2889,3.3157321171756095e-05
2890,3.2876240162606614e-05
2891,3.307262056539839e-05
2892,2.70023555619406e-05
2893,3.364473426065594e-05
2894,3.19927087070306e-05
2895,2.4625417934301677e-05
2896,1.8692260955458123e-05
2897,2.3106340274534022e-05
2898,0.0001353541042589482
2899,4.445832344672763e-05
2900,6.747896808286201e-05
2901,8.253418335877369e-05
2902,4.536447084849172e-05
2903,5.709857299522964e-05
2904,1.7663186847923794e-05
2905,1.3097993730806335e-05
2906,2.0050698436604165e-05
2907,5.35003937588934e-05
2908,0.00015370123486042257
2909,4.846684574433255e-05
2910,0.00017031114643867206
2911,0.00023433864353210215
2912,0.0017009162676938315
2913,0.002536875677047989
2914,0.0009120006069286655
2915,0.0012408527789519294
2916,0.0012207310098130148
2917,0.0005866361543958466
2918,0.00033561626025124683
2919,4.777359673201714e-05
2920,0.0002618704529434805
2921,0.00025267681363364735
2922,4.1816485808791816e-05
2923,0.00011002367660200152
2924,0.000172870636964706
2925,0.00031445836780011344
2926,0.00019438373178198032
2927,0.00022288853114505724
2928,0.00020035093203832707
2929,0.00012775248952165622
2930,8.144015741769245e-05
2931,0.0001148807839085886
2932,3.899906095030358e-05
2933,6.531146215684663e-05
2934,6.578200061725091e-05
2935,0.00010786444188718492
2936,0.00014006338667179103
2937,0.00013255453706552373
2938,0.00011648163575412716
2939,3.9761394400853564e-05
2940,5.551770661111346e-06
2941,9.670884400355911e-05
2942,5.1622806802086716e-05
2943,0.0005012768933698617
2944,0.000190985106845486
2945,0.0001831994598175698
2946,6.896187192979779e-05
2947,2.658391579872527e-05
2948,8.159171880200263e-05
2949,7.681003234999168e-05
2950,0.00013004253758391125
2951,0.0001851290691170636
2952,0.00017800376674469967
2953,0.00016748908494181765
2954,0.00018537469641683325
2955,0.000182545612807076
2956,8.27365713109108e-05
2957,0.00011417853079340882
2958,0.0001195738186969575
2959,9.540058596659611e-05
2960,3.259297581446643e-05
2961,3.5247188324836245e-05
2962,2.818123106777577e-05
2963,2.519760570924687e-05
2964,9.05514291608888e-06
2965,4.859685468063946e-05
2966,5.514937073454857e-05
2967,8.942254778358455e-05
2968,9.783475016609844e-05
2969,0.00015031083919377086
2970,0.0001642346382994049
2971,0.0001596928852009247
2972,0.00022013097192027326
2973,0.0002673715768748876
2974,0.00019531162297717884
2975,0.0001945770330340632
2976,5.509020918835451e-05
2977,5.396441897421123e-05
2978,0.00014388783080244232
2979,0.00012144838299206026
2980,0.00015575917412792757
2981,0.00018301654742005222
2982,0.00017001080155443836
2983,0.00010957440106952577
2984,9.72659899128518e-05
2985,4.998479185455952e-05
2986,5.822746321674729e-05
2987,5.646926144468735e-05
2988,6.807823205034868e-05
2989,9.253576129230745e-05
2990,0.00012675189901693748
2991,0.00013630898086226692
2992,0.00020450722103080402
2993,0.00010708237826935844
2994,0.0001803662462756322
2995,0.00018761838733672828
2996,5.276065310041182e-06
2997,3.8049008776216334e-05
2998,6.818512075963753e-05
2999,8.68802750195523e-05
3000,8.78223297840328e-05
3001,9.250934903559087e-05
3002,2.5035129349344176e-05
3003,7.943521162062676e-05
3004,5.392240465731928e-05
3005,5.380142672485726e-05
3006,0.0003340931534361472
3007,0.00011792518089611559
3008,0.0001210398952699732
3009,1.7397631803402554e-05
3010,4.787368474146664e-05
3011,3.851273681571329e-05
3012,2.0234494398637203e-05
3013,4.105995434412319e-05
3014,8.950909070164983e-05
3015,7.200435849913778e-05
3016,7.170500165133148e-05
3017,4.2933448840621405e-05
3018,5.168889537516576e-05
3019,1.2347718944112702e-05
3020,1.0563218547755328e-05
3021,4.799234662641481e-06
3022,5.941979942249584e-06
3023,8.791962916177463e-07
3024,1.817586329338492e-06
3025,9.288376700467093e-06
3026,1.1398618351937113e-05
3027,1.7153258632576767e-05
3028,2.6512620551676593e-05
3029,0.00028430589858314864
3030,5.8325626852420565e-05
3031,0.00010352663116596521
3032,0.00010589304205985297
3033,9.518754180487876e-05
3034,4.6016810799602054e-05
3035,4.039210101315638e-05
3036,7.091331846136093e-06
3037,1.1850449865891748e-05
3038,3.128304204128099e-05
3039,1.473462811233661e-05
3040,1.813456872323639e-05
3041,1.670744446288836e-05
3042,1.3078099074414746e-05
3043,1.7302485109348287e-06
3044,1.1886738166370633e-06
3045,2.4114726594868104e-05
3046,2.119254979717673e-05
3047,2.5551436093071417e-05
3048,2.520089627882442e-05
3049,2.4132521046598722e-05
3050,6.457283831366725e-06
3051,7.371316260182323e-06
3052,8.3456089568542e-06
3053,8.976064139001691e-06
3054,9.794898829412683e-06
3055,5.446436637302975e-06
3056,7.031928685057304e-06
3057,5.6268902128100506e-06
3058,6.0195386132127365e-06
3059,6.234986775343354e-06
3060,7.741197806577053e-06
3061,2.4329698212968406e-05
3062,1.2098151747228532e-05
3063,7.590073726512508e-05
3064,8.63090914652624e-05
3065,7.177881787015337e-05
3066,1.4227219170337306e-05
3067,3.485420756566624e-05
3068,7.337802899490871e-06
3069,1.0487485882966924e-05
3070,1.0793573347933461e-05
3071,8.046444151682628e-06
3072,9.751730155194172e-06
3073,2.7752361663322806e-05
3074,2.906541208009992e-05
3075,3.10368026742543e-05
3076,2.7659090577537713e-05
3077,2.6647691712232778e-05
3078,1.586644841586683e-05
3079,2.21515596929143e-05
3080,1.822852096961026e-05
3081,1.9924086887147235e-05
3082,2.702355309192272e-05
3083,3.736581015307513e-05
3084,3.45120096696128e-05
3085,5.671769652047272e-05
3086,1.670472254081799e-05
3087,2.3222263675901014e-05
3088,2.5731422943447962e-05
3089,2.7456415334981217e-05
3090,2.8409970713880044e-05
3091,3.1253154087325514e-05
3092,1.0719782302419178e-05
3093,6.169558196898865e-06
3094,3.738617730513472e-06
3095,3.637211718835267e-06
3096,2.5276645409359317e-06
3097,1.733747762311504e-05
3098,1.634877799458705e-05
3099,1.5069812245044018e-05
3100,4.6589228490681215e-06
3101,7.860459477854569e-06
3102,3.720415844572284e-06
3103,1.409777024023932e-05
3104,1.33936310615064e-05
3105,1.3297088658727436e-05
3106,2.381539307075398e-05
3107,2.682471161754003e-05
3108,1.1170427980575248e-05
3109,9.031777565042895e-06
3110,1.1835955106058376e-05
3111,1.6491087650006616e-05
3112,2.0605381784233473e-05
3113,1.8142402545051603e-05
3114,1.755500198285455e-05
3115,4.294135391528341e-06
3116,2.0247436595650276e-05
3117,1.6479039708305274e-05
3118,2.066374094388226e-05
3119,2.095770569923853e-05
3120,1.3256735144117803e-05
3121,3.162913831424901e-05
3122,3.3722876965483705e-05
3123,1.8429517452831708e-05
3124,2.3673241289045685e-05
3125,2.8283217752125928e-05
3126,8.743897376066975e-06
3127,6.8728286366025765e-06
3128,8.085426967287662e-06
3129,1.507362725742384e-06
3130,1.0281938479734172e-05
3131,3.6437723608088424e-05
3132,4.125247891558157e-05
3133,3.1727067505390034e-05
3134,1.9507529893194344e-05
3135,2.538079540630149e-05
3136,3.827203145663034e-05
3137,2.4047190908067568e-05
3138,1.9166693276132424e-05
3139,2.5321420726563675e-06
3140,1.9055617990652138e-05
3141,2.29080427509925e-05
3142,2.3806417657250234e-05
3143,1.6686124259068847e-05
3144,5.478520476165608e-06
3145,1.5034120871625207e-05
3146,9.557608971678799e-06
3147,1.642680090103209e-05
3148,1.118503952628034e-05
3149,1.0791653063139925e-05
3150,1.0294981612117807e-05
3151,2.687519421198926e-06
3152,1.5488289233545145e-06
3153,1.316752029805689e-05
3154,7.085566358653548e-05
3155,2.244996076598666e-05
3156,7.357807023745525e-05
3157,9.65380499975669e-05
3158,7.480087380996127e-05
3159,6.889794083084757e-05
3160,9.190025165454452e-05
3161,5.948165297027504e-05
3162,5.9863934940242426e-05
3163,5.3915216676919084e-05
3164,6.067424841695048e-05
3165,5.946390599054815e-05
3166,4.827700483179052e-05
3167,2.256190917482545e-05
3168,2.178578429140283e-05
3169,2.339782810188371e-06
3170,5.72237658563624e-06
3171,6.2486036659421935e-06
3172,1.913972791622055e-06
3173,4.587027057665976e-06
3174,9.032454080165346e-06
3175,8.789483054537398e-06
3176,1.7101351593685238e-05
3177,3.1200781207541486e-05
3178,3.107926579737336e-05
3179,2.6719031914371935e-05
3180,5.607458966297454e-06
3181,1.1260220262292049e-05
3182,5.774000895247133e-06
3183,7.457123301365268e-06
3184,1.0550554158986662e-05
3185,0.00011889449484420339
3186,3.279774265269951e-05
3187,3.333011046845138e-05
3188,3.2625613740846075e-05
3189,2.3970186983780377e-05
3190,0.00020721985095128098
3191,5.618871437458196e-05
3192,6.209761400362774e-05
3193,6.219080830656201e-05
3194,1.5122305998160769e-05
3195,1.7540944066692186e-05
3196,1.382459396391585e-05
3197,1.7364860023482065e-05
3198,1.5269641151723505e-05
3199,1.4959414103676412e-05
3200,2.213272997594171e-05
3201,2.3424314432967725e-05
3202,1.6754461851474524e-05
3203,1.819176574980868e-05
3204,2.1176349581986238e-05
3205,1.5659964393735714e-05
3206,1.8273602414485967e-05
3207,7.744047744356866e-06
3208,9.887126009261582e-06
3209,5.525599044198307e-06
3210,2.3066157649355306e-06
3211,1.2298896114854904e-05
3212,3.275557990192643e-05
3213,1.3433016276342331e-05
3214,3.2620621877389295e-05
3215,3.162192969252734e-05
3216,4.031630221471815e-05
3217,4.930224837345925e-05
3218,6.473918833611834e-05
3219,2.5705730974919878e-05
3220,3.21950105102881e-05
3221,2.8335616447013548e-05
3222,4.7893183089715105e-05
3223,5.276091347078187e-05
3224,5.001930698488263e-05
3225,7.610516574696038e-05
3226,7.679738285111873e-05
3227,0.00014468612106445885
3228,7.067340234298154e-05
3229,2.742721190698687e-05
3230,1.2181133853079261e-05
3231,6.982370002061939e-05
3232,1.924776515330545e-05
3233,1.902150596015078e-05
3234,4.468905038342216e-05
3235,3.459571518214675e-05
3236,3.219059404306722e-05
3237,2.0466628477106068e-05
3238,2.031735067711252e-05
3239,3.652803049256951e-05
3240,3.699383856723199e-05
3241,3.538044818748598e-05
3242,6.1824767018299176e-06
3243,1.2407393269807925e-05
3244,0.0001096835995394591
3245,6.192991910576438e-05
3246,9.313015186136102e-05
3247,8.181950403607366e-05
3248,6.044502006568163e-05
3249,1.3973264629870907e-05
3250,7.228232385134685e-06
3251,1.7287788602163005e-06
3252,4.4202722095954525e-06
3253,5.581546959543009e-06
3254,0.00012394002804945014
3255,5.6540716405638884e-05
3256,7.220040912710674e-05
3257,6.704732834079436e-05
3258,5.78630333279688e-05
3259,1.253138735183449e-05
3260,1.7114501567335153e-05
3261,1.4105735319065519e-05
3262,1.75582933406308e-05
3263,0.00032020914957598534
3264,0.00013329299875164906
3265,0.00011726930350008812
3266,9.980627617350506e-05
3267,9.717753112335487e-05
3268,8.820103860859052e-05
3269,2.4438001223676094e-05
3270,2.9512920632440096e-05
3271,2.2059553663063198e-05
3272,7.230038188374989e-06
3273,6.369808015354782e-06
3274,1.0807348830730935e-05
3275,1.80250881896741e-05
3276,1.9154099085102583e-05
3277,2.1483145542234332e-05
3278,2.841588525864544e-05
3279,1.4888739184619833e-05
3280,1.578379493173849e-05
3281,1.3509079608679548e-05
3282,1.2559247598292414e-05
3283,7.509784100297994e-06
3284,4.196430215963711e-06
3285,1.4168820200701105e-06
3286,2.0174723685173033e-05
3287,1.3278330308186278e-05
3288,1.4752983261062838e-05
3289,1.4173170485981216e-05
3290,2.97711583134995e-06
3291,1.2838709225768545e-06
3292,2.084215787251769e-06
3293,2.7304118810655743e-06
3294,1.6720916177405608e-05
3295,2.2754163884942393e-05
3296,3.070004437770383e-05
3297,3.1881626595572034e-05
3298,3.211415359164093e-05
3299,3.5112100246009314e-05
3300,8.558459777539345e-05
3301,4.119917406679897e-05
3302,5.6471014326350445e-05
3303,4.57083915048775e-05
3304,3.452918257051927e-05
3305,1.152008536604245e-05
3306,1.0092746705307935e-05
3307,1.25423719710504e-05
3308,2.2393661050499056e-05
3309,2.5169736077098964e-05
3310,1.0546487174895713e-05
3311,7.219448293483848e-06
3312,1.1116001550325721e-05
3313,5.393364419045711e-06
3314,8.89621435196812e-06
3315,2.9955891019869215e-05
3316,1.7512467448824333e-05
3317,2.0856509623516044e-05
3318,2.954439498890419e-05
3319,2.3955266499953816e-05
3320,1.8361830255874328e-05
3321,2.9418541433987283e-05
3322,2.4393419499015943e-05
3323,2.6467561776097096e-05
3324,3.3057544531733505e-05
3325,2.407905564823717e-05
3326,3.0194200757274092e-05
3327,3.632483470612236e-05
3328,1.98769176109063e-05
3329,1.844104199875573e-05
3330,2.6631912401956254e-05
3331,1.8507223620212836e-05
3332,1.622330730721382e-05
3333,4.715752531118673e-06
3334,6.084598407462947e-05
3335,8.243518258259875e-05
3336,7.984522811295453e-05
3337,8.71569268554926e-05
3338,0.00011960260160902876
3339,6.043090842461219e-05
3340,4.952748196389373e-05
3341,2.9673370082658084e-05
3342,1.1457389050231791e-05
3343,2.5379883553499304e-06
3344,7.548862962297907e-06
3345,8.086308670608377e-06
3346,3.4573287084165735e-05
3347,3.988360212279118e-05
3348,3.460285281407622e-05
3349,3.708617943648732e-05
3350,0.00014675549439564697
3351,6.390944368271836e-05
3352,8.50250120454236e-05
3353,9.234673343333322e-05
3354,7.468363690963304e-05
3355,6.152098906328149e-05
3356,8.005387268428965e-05
3357,6.075481796885729e-05
3358,5.6433461525082e-05
3359,5.739325354135307e-05
3360,1.4517204136556488e-05
3361,7.427684273547508e-05
3362,7.829269269438968e-05
3363,4.1599665067531564e-05
3364,1.196968068289227e-05
3365,8.324144159170407e-06
3366,0.00013790460628538743
3367,3.664548541407946e-05
3368,5.1664588345332324e-05
3369,4.128697617793247e-05
3370,1.780854006619543e-05
3371,0.00018813285972436392
3372,5.02378772268871e-05
3373,5.3850640524605606e-05
3374,5.5204289159450604e-05
3375,6.192750451723774e-05
3376,0.00028363111620695797
3377,8.034452235557034e-05
3378,2.738389233845137e-07
3379,2.11148860297733e-05
3380,0.00017070297956255605
3381,0.0006730435505250637
3382,0.0003241003782151682
3383,0.00027398949155707324
3384,0.0003205295222568576
3385,5.1876707421232564e-05
3386,3.678939145402675e-05
3387,1.6160499134084983e-05
3388,8.495684814779747e-05
3389,6.657145135310568e-05
3390,2.915752843011272e-05
3391,6.1720733059924785e-06
3392,7.575323969766592e-05
3393,4.7314097274685324e-05
3394,1.1399737160898697e-05
3395,4.5933560648888896e-05
3396,2.513407018723058e-05
3397,3.7233503128856015e-05
3398,6.617500497670672e-05
3399,7.510943054630237e-05
3400,5.7697821434959956e-05
3401,2.5177905182418237e-05
3402,2.054498609770755e-05
3403,1.2646031178325848e-05
3404,6.255502174090283e-05
3405,6.459553718031924e-05
3406,6.6966678004447e-05
3407,6.831744424418059e-05
3408,1.6198552256881088e-05
3409,2.3392352123851326e-05
3410,2.5903316041288083e-05
3411,2.6255095666490265e-05
3412,3.6378061222156904e-05
3413,3.337011570344821e-05
3414,3.117953778893335e-05
3415,2.122916390626966e-05
3416,2.6033529012056667e-05
3417,2.4473541223416572e-05
3418,9.62265803173172e-06
3419,4.9168249354224e-06
3420,7.712164226496463e-06
3421,1.038695533087824e-05
3422,8.25208359705152e-06
3423,6.422996251679173e-05
3424,6.917197590602573e-05
3425,8.15054450470862e-05
3426,7.82953544790546e-05
3427,7.443624279206185e-05
3428,5.6438847540341e-05
3429,3.125537178878585e-05
3430,3.2885814995878816e-05
3431,1.733543132552813e-05
3432,2.8859205795526622e-05
3433,2.809417202583198e-05
3434,2.0366270073805938e-05
3435,3.53292357205541e-05
3436,4.118249849236634e-05
3437,2.0141438483606784e-05
3438,4.687676758591517e-05
3439,4.2414967463519376e-05
3440,4.616511692961872e-05
3441,4.501986564481831e-05
3442,4.052179373182361e-05
3443,0.0001208491135937825
3444,0.0001302947902185891
3445,0.0002187925484601217
3446,0.0002453573332372504
3447,0.00023450530448435142
3448,8.200332529313503e-05
3449,1.971810463214108e-05
3450,4.602389541776207e-05
3451,7.847138249128426e-06
3452,1.2178533816328808e-05
3453,9.909964304674727e-06
3454,2.8879356465255784e-05
3455,2.8779127151432212e-05
3456,3.120323332242984e-05
3457,3.809045669701634e-05
3458,4.573437248405478e-05
3459,4.103740828865862e-05
3460,4.0958613528326e-05
3461,4.063714323688666e-05
3462,8.922605816289845e-05
3463,0.00010300311051551668
3464,0.00011391895499649087
3465,0.00012054344587582846
3466,0.00010440284400323768
3467,4.783843082615423e-05
3468,4.8650495596466484e-05
3469,2.704125968341733e-05
3470,4.0196314443227525e-05
3471,4.0337375531729835e-05
3472,2.1489773416057916e-05
3473,3.282591459081914e-05
3474,3.4040325950652665e-05
3475,2.1784164493514923e-05
3476,2.5083816990689704e-05
3477,3.002951231110342e-05
3478,7.912420199223069e-05
3479,9.597912516839535e-05
3480,6.588507165672048e-05
3481,6.442133778515679e-05
3482,4.305921316365902e-05
3483,7.696857351373649e-05
3484,3.479360064478155e-05
3485,3.7232725450295185e-05
3486,3.793773487111348e-05
3487,3.349754941707152e-05
3488,5.580296457154416e-05
3489,3.7152805406495545e-05
3490,2.3553826014735987e-05
3491,2.2694557995360634e-05
3492,2.6673902988556135e-05
3493,1.7855077850404553e-05
3494,1.2062052371157084e-05
3495,1.0491171092562417e-05
3496,2.3215880219233334e-05
3497,1.3104952143934121e-05
3498,4.148470525102829e-05
3499,0.00011247654565536391
3500,6.29644477250317e-05
3501,8.106176543358246e-05
3502,7.70246160521017e-05
3503,7.474178893575377e-05
3504,1.9359089481117444e-05
3505,3.31693280282666e-05
3506,1.956927491645928e-05
3507,3.11214808884848e-05
3508,8.207316705900106e-05
3509,5.192899670245537e-05
3510,6.613606889598698e-05
3511,5.649153454749248e-06
3512,2.5242163464494087e-05
3513,2.9450432130812627e-05
3514,1.4564557131027478e-05
3515,9.821133780223752e-06
3516,2.3114049668837693e-05
3517,5.008779330330793e-05
3518,4.638759666403688e-05
3519,6.507589699656329e-05
3520,6.296420235356671e-05
3521,2.75540253558991e-05
3522,4.242848203168568e-05
3523,8.246909387659142e-05
3524,7.19600588247182e-05
3525,6.932315677620443e-05
3526,3.696106240989994e-05
3527,3.077607129255779e-05
3528,2.1666989059860555e-05
3529,2.3571050214367185e-05
3530,2.5422963831853676e-05
3531,4.571697348632322e-05
3532,5.175694074765385e-05
3533,2.9108982146711168e-05
3534,2.789268778264681e-05
3535,7.09271496370579e-05
3536,2.9185838507063875e-05
3537,6.148303052155172e-05
3538,7.859638258860463e-05
3539,8.308386083966964e-05
3540,4.73768908993299e-05
3541,3.752985822781908e-05
3542,1.7205797394018845e-05
3543,1.3018530831680698e-05
3544,1.4922579979483626e-05
3545,1.5359279037571e-05
3546,1.071185817840258e-05
3547,1.2860151859717649e-05
3548,2.9813951866521202e-05
3549,2.9616800794732163e-05
3550,2.2383127951210586e-05
3551,2.2385909833959624e-05
3552,5.3504329473558045e-06
3553,1.6234294827164568e-05
3554,2.489724101452602e-06
3555,1.4232838652364826e-05
3556,2.8477210186655236e-05
3557,5.047390671636026e-05
3558,4.904828949669618e-05
3559,1.72649224244083e-05
3560,2.671483155422495e-05
3561,9.989133078121928e-06
3562,1.1188525001041891e-05
3563,3.968472397064838e-05
3564,4.030097403523677e-05
3565,8.268144795278402e-06
3566,6.441364473539582e-06
3567,2.6024313247632254e-05
3568,8.508841224980391e-05
3569,7.635472274497725e-05
3570,7.565986788122075e-05
3571,6.528901899144407e-05
3572,2.373131811405706e-06
3573,1.3756706283582619e-05
3574,1.9159742886636058e-05
3575,1.5747386497933366e-05
3576,2.6366398010114868e-05
3577,4.722202887462484e-05
3578,4.0588241889971505e-05
3579,3.623292876108633e-05
3580,1.3254851967220981e-05
3581,1.8639299069205943e-05
3582,0.00012638936558771545
3583,4.046350650741733e-05
3584,4.4853629425712e-05
3585,4.3461699957792786e-05
3586,1.1717374047909882e-05
3587,4.2360110625992675e-05
3588,4.051268215827108e-05
3589,7.920752144660667e-05
3590,9.071421164981611e-05
3591,7.689812871821809e-05
3592,1.0312078604538938e-05
3593,4.008864858407138e-05
3594,2.1795029445141157e-05
3595,1.6936972514851996e-05
3596,2.6385532578182878e-05
3597,2.8764442249628636e-05
3598,2.6210173768306962e-05
3599,8.974188179804328e-05
3600,0.00010500648530462784
3601,0.0001050216518171739
3602,0.00016267879374225945
3603,0.00018072683425241718
3604,0.00014283319970908567
3605,0.00011825912429824956
3606,0.00012640038886409965
3607,6.040951447986342e-05
3608,5.473980452991218e-05
3609,2.8142981296857214e-05
3610,5.627714376682788e-05
3611,4.98537497612462e-05
3612,4.433190631083221e-05
3613,6.478581806023684e-05
3614,5.960599099571496e-05
3615,2.027910502135786e-05
3616,1.786968776925681e-05
3617,4.717378103053935e-06
3618,6.271693090127581e-06
3619,8.740881923148762e-06
3620,5.8016091166901685e-06
3621,6.974485511020662e-06
3622,1.2397180071096982e-05
3623,1.6535051362714415e-05
3624,2.8864328479327238e-05
3625,2.6744048430544328e-05
3626,4.7566255102050986e-05
3627,3.68018453862453e-05
3628,4.6512665348112026e-05
3629,5.1480097499199776e-05
3630,5.185205579672455e-05
3631,0.00029068113552279773
3632,5.6683791492490614e-05
3633,9.533519540386299e-05
3634,0.00010711081540546305
3635,0.0001024429043270057
3636,9.533942575660015e-06
3637,1.6102724947620766e-05
3638,2.482952192090077e-06
3639,3.459388261995363e-06
3640,0.0001621923833654415
3641,0.00010533776125963513
3642,0.0001063499657706537
3643,9.866586736479464e-05
3644,9.756312534154434e-05
3645,9.6857563938337e-05
3646,4.7627716197425974e-05
3647,3.357743368447074e-05
3648,5.2223534218913116e-05
3649,5.332703771831386e-05
3650,5.584755472158583e-05
3651,4.697510082767198e-05
3652,6.929306945675437e-05
3653,4.117741616051789e-05
3654,4.251670976327819e-05
3655,9.605363087698735e-06
3656,4.877332323658662e-06
3657,4.622335460475827e-05
3658,0.00020969208531816398
3659,9.02710989571018e-05
3660,0.00011918339006246829
3661,0.00012155278620921213
3662,0.0001428252336423891
3663,5.8143699267555286e-05
3664,6.249326014035883e-05
3665,2.4641658967838477e-05
3666,0.00014959374885221177
3667,0.00017249565638637905
3668,0.00017693692943878195
3669,0.00013201223562932091
3670,7.144971129655638e-05
3671,1.5127764739122916e-05
3672,1.9119518239487644e-05
3673,1.3387545579960864e-05
3674,3.1396076712203513e-05
3675,2.680891667932444e-05
3676,2.5424857955357392e-05
3677,3.2378917793959424e-05
3678,2.7235627015931095e-05
3679,0.00016298800302706715
3680,0.0001366811508591581
3681,6.97916202099451e-05
3682,6.534635211843283e-05
3683,8.820509878389113e-05
3684,4.363278076169533e-05
3685,3.794677253266443e-05
3686,5.1541936278577624e-05
3687,5.638218951504339e-05
3688,7.086655833535607e-05
3689,6.757411643177083e-05
3690,7.685220925307204e-05
3691,7.72233072702686e-05
3692,8.874842462401036e-05
3693,0.00011857467159914955
3694,0.00011332125188271156
3695,0.00010053158088507622
3696,5.5666852366385425e-05
3697,6.980988090565903e-05
3698,3.605423074124537e-05
3699,3.618901293504551e-05
3700,1.223351569076354e-05
3701,9.451089843877436e-06
3702,1.8073339586967397e-05
3703,1.9845214910838624e-05
3704,1.9487253288590058e-05
3705,8.323608467231154e-06
3706,1.026673971272151e-05
3707,9.504049922075279e-06
3708,1.1599714160146763e-05
3709,8.19799210512545e-05
3710,0.0005380970902214071
3711,0.00015053409389493538
3712,0.0001657273210569464
3713,4.4274679752102096e-05
3714,9.67169792495931e-05
3715,5.319760167937933e-05
3716,5.998008920259897e-05
3717,8.813660070332681e-05
3718,7.82223134125841e-05
3719,1.881240026775837e-05
3720,1.7569984064626123e-05
3721,1.8911628569850384e-05
3722,5.108160811485959e-05
3723,1.7440877354248435e-05
3724,3.1599809060369014e-05
3725,0.00021026402441334054
3726,9.418736738211769e-05
3727,8.737696563239863e-05
3728,0.0001036854384264739
3729,0.0001211225205075667
3730,0.000488509685242395
3731,0.000177743272322397
3732,0.00019079432532977182
3733,1.8130626949623352e-05
3734,0.00013239311255001433
3735,0.00010086498986287849
3736,5.212851052164694e-05
3737,9.882465676289944e-05
3738,0.00010313663497858621
3739,5.241921450326273e-05
3740,3.7342529354954086e-05
3741,3.0740404369632275e-05
3742,3.676373446663474e-05
3743,1.56334850270721e-05
3744,2.1762672602542055e-05
3745,3.630852716106843e-05
3746,3.736515555647958e-05
3747,1.3827764757871801e-05
3748,1.7995482094996342e-05
3749,2.3871971499166313e-05
3750,2.3173698206726505e-05
3751,3.519181251140678e-05
3752,3.1262491788726455e-05
3753,5.899873953149252e-05
3754,8.118468491074185e-05
3755,8.73815942182772e-05
3756,8.168094926365748e-05
3757,7.570988633231538e-06
3758,0.00010058011051443342
3759,0.00015409807344194572
3760,0.00012418256602408153
3761,4.032287395926376e-05
3762,1.6930686089729096e-05
3763,6.669117786733664e-05
3764,4.404183903357468e-05
3765,9.614172126340114e-06
3766,0.00018977495391915529
3767,0.0002682131548706804
3768,0.000211670889911484
3769,7.258618902666362e-05
3770,9.819241196463752e-05
3771,0.000110757303955026
3772,5.901441825986276e-05
3773,6.451485573661891e-05
3774,3.811182891498217e-05
3775,3.4577796196833986e-05
3776,3.1895936585804834e-05
3777,3.293748152572869e-05
3778,1.9043979531365254e-05
3779,8.054954133867127e-06
3780,6.47919723929797e-06
3781,9.986309042663053e-05
3782,2.442134430768241e-05
3783,2.196429345415212e-05
3784,4.59933545499301e-06
3785,1.70999446023288e-05
3786,0.00020593617894284745
3787,0.00048189240651759345
3788,0.00014671034025516027
3789,0.00015744782079313554
3790,7.828175738640006e-05
3791,0.00014026203641519418
3792,0.001435641623253266
3793,0.00029940739425237485
3794,0.00046424639016361656
3795,0.0004947386788436343
3796,0.0004068640742681113
3797,0.0002210364339235561
3798,0.00010210280555491621
3799,0.00024238048701064405
3800,0.00020364358509359124
3801,0.00018665906843864507
3802,0.00014018053704260665
3803,2.2575754279918977e-05
3804,0.00012668243540452854
3805,8.030703967118627e-05
3806,1.92581748561246e-05
3807,9.769933302728651e-05
3808,0.00016599565488368073
3809,6.79972227999348e-05
3810,9.806497646930843e-05
3811,0.0002175898747170943
3812,0.00018234144581207457
3813,0.00017648592665342092
3814,1.6308360317527803e-06
3815,0.00025212899616735125
3816,0.00010176710122205928
3817,0.0001595421258226329
3818,0.0001472056152845104
3819,0.00017961131213913543
3820,0.00021842245117249389
3821,0.0001620339136406454
3822,0.00014968603325364447
3823,0.00019976686037597512
3824,6.567667079355827e-05
3825,6.409388480412015e-05
3826,4.947959257353903e-05
3827,9.685627663012935e-05
3828,8.363770662575719e-05
3829,4.561744322160279e-05
3830,2.004377446201158e-05
3831,3.513375249393753e-05
3832,0.00013896411438525522
3833,6.525349686275018e-05
3834,7.464874467780333e-05
3835,5.7187284604521116e-05
3836,4.1630290598090194e-05
3837,3.999557446249763e-05
3838,4.166151096980853e-05
3839,3.666563409065401e-05
3840,8.058911244320284e-06
3841,5.553498616466953e-05
3842,7.249751502940355e-05
3843,7.192196506853942e-05
3844,6.690604109171827e-05
3845,3.164646669807088e-05
3846,0.00010755189168413868
3847,5.981431539758022e-05
3848,6.863137369622034e-05
3849,8.549017354262599e-05
3850,6.695821036399846e-05
3851,5.85970266034282e-05
3852,0.00032999310622852353
3853,0.00012282105748698304
3854,0.00012633321750553882
3855,0.00012760427989178623
3856,0.00010660093945425102
3857,2.8169484357238966e-05
3858,4.0026032625420987e-05
3859,6.555175597798783e-05
3860,8.738073232361102e-05
3861,7.106206937026824e-05
3862,1.6532534184496987e-05
3863,2.326040839437632e-05
3864,1.5946440330760846e-05
3865,3.713974297721598e-06
3866,9.39385759992146e-06
3867,1.1962073003743735e-05
3868,1.247224028357753e-05
3869,1.3363347960126088e-05
3870,4.364617695948043e-06
3871,3.856609866404584e-05
3872,0.00010334694945072466
3873,4.538482026026703e-05
3874,4.5531349832940714e-05
3875,2.7017219404507843e-05
3876,2.762845904286988e-05
3877,3.1933738558948964e-05
3878,5.339396905895764e-05
3879,5.4134762225080715e-05
3880,3.426167492530903e-05
3881,3.729543946843624e-05
3882,4.4139397747602844e-05
3883,5.914138902271642e-05
3884,0.00019851638251079272
3885,6.281058604818224e-05
3886,0.00010610682882276654
3887,8.838627569526587e-05
3888,1.7015689783899066e-05
3889,4.312553094002406e-05
3890,4.441002950129309e-05
3891,2.5510081524339696e-05
3892,3.056986800735907e-05
3893,3.885719531316028e-05
3894,4.2278141927834615e-05
3895,8.399775150085277e-05
3896,0.00028207777788447736
3897,0.00016038796986638212
3898,0.00015471487280597075
3899,8.631188239931681e-06
3900,3.2630553867743815e-05
3901,2.4221029150914383e-05
3902,3.120084754707262e-05
3903,9.27200850058571e-05
3904,7.163123535284921e-05
3905,9.1796075740368e-05
3906,7.193403490862457e-05
3907,4.225710580725519e-05
3908,4.819928654717813e-05
3909,8.859041013249447e-05
3910,8.440295276818785e-05
3911,8.17688953455884e-05
3912,5.241905195391484e-06
3913,1.1239755918785832e-05
3914,5.4062734012958675e-06
3915,8.771157889893632e-05
3916,0.00010560723520700693
3917,8.428921318218473e-05
3918,9.365055624794138e-05
3919,9.244970976809729e-05
3920,2.6394883977616897e-05
3921,5.327244277002505e-05
3922,6.36813456725849e-05
3923,5.667467011633618e-05
3924,3.596277832308408e-05
3925,4.833974381173612e-05
3926,1.3231534694433155e-05
3927,2.4748687043974688e-05
3928,4.039755019740271e-05
3929,0.00021445712727417838
3930,0.00024084111388211085
3931,0.0003907504516819212
3932,0.0005112799308888717
3933,0.0001187935725932991
3934,0.0001369108247737738
3935,0.00027609165793562873
3936,0.00017811437896969508
3937,0.00014080456965466498
3938,0.00014227725082797114
3939,0.00026682019642322574
3940,0.00017211972035478996
3941,0.00016477354842453325
3942,1.9335740245994825e-05
3943,3.4029472003030584e-06
3944,4.976738720831957e-05
3945,1.647772443037689e-05
3946,1.349220925155112e-05
3947,0.00014313873941623984
3948,4.216396409328192e-05
3949,9.423194572926763e-05
3950,8.34121272959045e-05
3951,5.6378817265543524e-05
3952,6.025320899812584e-05
3953,6.915421469588005e-05
3954,2.8047141662157785e-05
3955,6.143960164534417e-05
3956,0.00010958657170243492
3957,0.00012250097821586852
3958,0.00012017494415118626
3959,0.00014384686233276495
3960,2.00575823977125e-05
3961,7.87948274720809e-05
3962,7.57126140748317e-05
3963,6.141111675394634e-05
3964,4.960933923995326e-05
3965,1.6393009501173716e-05
3966,5.365421805028587e-05
3967,4.567687673658963e-05
3968,3.737065296000403e-05
3969,2.9932816835416432e-05
3970,3.3401521804209705e-05
3971,4.6948194772174814e-05
3972,0.0004021430884653371
3973,8.832148210418258e-05
3974,9.088530434566658e-05
3975,2.640939145075065e-05
3976,1.0955317384362455e-05
3977,2.373044274610647e-05
3978,2.9716764534256004e-05
3979,3.3175008126018196e-05
3980,1.3239361839242532e-05
3981,0.00010244691301925356
3982,0.0002267915300500391
3983,0.00023190152042490541
3984,0.00026352488504342
3985,0.00027523583598239944
3986,0.00027839562951198537
3987,5.138357426520943e-05
3988,9.051336277517667e-05
3989,0.00015697770815475715
3990,0.00014504073617637708
3991,0.00015516773798563533
3992,2.690829606664185e-06
3993,0.00011619115964904037
3994,5.179224193646985e-05
3995,4.7567458019295946e-05
3996,2.276468815673246e-05
3997,1.9147844989738368e-05
3998,2.058468641470052e-05
3999,0.00043524811162974907
4000,0.00011152218248252381
4001,0.0001632540306608367
4002,0.00016885327597904295
4003,0.00014529844779132816
4004,1.2991411636192975e-05
4005,9.56573152351572e-05
4006,4.698503855444007e-05
4007,5.277244599977311e-05
4008,6.81390457184246e-05
4009,0.00018099125085422574
4010,8.962926711125668e-05
4011,0.0001432665638270578
4012,0.0001562941738865334
4013,0.00014413114091810366
4014,7.784910109830935e-05
4015,8.9937527763172e-05
4016,3.89714182267355e-05
4017,3.145456277636857e-05
4018,3.4597424431259236e-05
4019,2.871551199767715e-05
4020,3.2454813006846454e-05
4021,3.825984485375284e-05
4022,3.4617086977866015e-05
4023,3.441144880149332e-05
4024,2.0988274010276382e-05
4025,2.3255334643320308e-05
4026,1.7860479525344188e-05
4027,1.682899035333826e-05
4028,4.4030007232972024e-05
4029,6.757818907776341e-05
4030,0.0001057808481415118
4031,0.0002079480833454686
4032,0.00020271574841629117
4033,0.00022872820642215065
4034,0.00022282305500229092
4035,0.00017504454030328485
4036,8.058730506523245e-05
4037,0.00010211636143502802
4038,9.895100522437007e-05
4039,4.295716991456253e-05
4040,4.148603085734388e-05
4041,3.0014128659488893e-05
4042,6.313207728149322e-05
4043,3.1178944866632315e-05
4044,3.735867911644759e-05
4045,3.572456039107106e-05
4046,1.0743385331179318e-05
4047,6.051649044785788e-05
4048,6.080915249195069e-05
4049,7.132243003843506e-05
4050,6.357957391246255e-05
4051,0.0001264633976154963
4052,6.775858606865206e-05
4053,7.141208832939268e-05
4054,7.435398814700117e-05
4055,1.5027456868340536e-05
4056,3.941303654205587e-05
4057,0.00020872391837740452
4058,0.00017974386043769346
4059,0.00018403086194331182
4060,0.00010585725165547402
4061,8.093144015455212e-05
4062,2.478996721334458e-05
4063,2.7447742599530082e-05
4064,6.199662613139899e-06
4065,6.5375390891654945e-06
4066,1.3851227278369373e-05
4067,1.0558676173775759e-05
4068,1.216272171663272e-05
4069,4.3157903350401e-07
4070,3.13569421200386e-05
4071,2.8792196286753193e-05
4072,4.8920470957625856e-05
4073,5.3633860694891395e-05
4074,5.8861332450974435e-05
4075,2.7162409268623713e-05
4076,2.1870892920998882e-05
4077,1.752386965521404e-05
4078,9.469155266299674e-05
4079,4.543253830882005e-05
4080,4.405050793764669e-05
4081,1.0512118782311454e-05
4082,4.502743821029494e-05
4083,7.606682754369899e-05
4084,8.639514785408328e-05
4085,6.281423158027095e-05
4086,6.735202392153268e-05
4087,6.612295469568457e-05
4088,2.5252735828411252e-05
4089,3.823834719956205e-05
4090,2.7116262587221775e-05
4091,2.775608789099175e-05
4092,9.192216796189986e-06
4093,1.7414308043658205e-05
4094,0.00012872230450711853
4095,0.00017690748478161618
4096,0.00019579089075063161
4097,0.000188234633189544
4098,5.036978004855336e-06
4099,0.0001288550865554851
4100,3.351884970424541e-05
4101,3.019410186163874e-05
4102,3.011645492108851e-05
4103,3.603690310923552e-05
4104,2.5484574881535708e-05
4105,8.062769192554995e-05
4106,4.901886202978055e-05
4107,4.58025833425234e-05
4108,4.2719799396188224e-05
4109,2.180603137630212e-05
4110,1.497750955124429e-05
4111,2.974531303073206e-05
4112,1.2606166788855031e-05
4113,6.818161887339394e-05
4114,9.382355093540308e-05
4115,0.00022708670904323188
4116,0.00013108865842251049
4117,4.2815799938842945e-05
4118,0.00012957828344952024
4119,5.425631311696392e-05
4120,5.908751530694556e-05
4121,5.895937532404722e-05
4122,1.6881947025059633e-05
4123,7.02778804312183e-06
4124,1.608956128015037e-05
4125,0.0001172384248688359
4126,3.681350366318524e-05
4127,4.02677061454264e-05
4128,4.1160318689119594e-05
4129,1.268949463974836e-05
4130,1.949205153520936e-05
4131,1.9513130552670797e-05
4132,1.8989082397322964e-05
4133,2.8647408044375044e-05
4134,2.996507352882363e-05
4135,2.2269385204116796e-05
4136,2.6815039479650543e-05
4137,7.511521718277e-06
4138,1.6843631717683224e-05
4139,1.220219344374005e-05
4140,9.5135769082362e-06
4141,2.988489451419324e-05
4142,3.020249095032422e-05
4143,1.5046832842754322e-05
4144,5.6692560871839226e-05
4145,6.081465451515214e-05
4146,5.644124497720453e-05
4147,5.901676354367001e-05
4148,0.0001628365278003866
4149,0.00010279750071021614
4150,0.00010285898493521108
4151,0.00011607916001240029
4152,0.0001327052863026023
4153,8.412350929693317e-05
4154,5.864097713941255e-05
4155,6.527693393886979e-06
4156,1.0219583538181407e-05
4157,1.6420958973510063e-05
4158,1.6733900517127383e-05
4159,4.1640453285748964e-05
4160,5.12926337291145e-05
4161,6.204432135628887e-05
4162,7.798240530970949e-05
4163,7.93345192090066e-05
4164,4.681339933402529e-05
4165,4.882658748264203e-05
4166,4.309425049455348e-05
4167,2.5207536852876886e-05
4168,2.1151118396599793e-05
4169,6.695198667724469e-05
4170,2.9562649804168592e-05
4171,3.0646251001940984e-05
4172,3.248319811334305e-05
4173,1.3956995189204548e-05
4174,1.1341137489551501e-06
4175,4.369868962991973e-05
4176,5.542069579645221e-05
4177,0.00011816543877956886
4178,0.00015198323968092163
4179,0.0001730894536425994
4180,0.00013226229908932865
4181,0.00010245264837416543
4182,1.4079032976462883e-05
4183,1.1210840838339622e-05
4184,7.264983187548385e-05
4185,9.313687235173054e-05
4186,9.987980379217115e-05
4187,0.00011659983251760417
4188,4.024039898125017e-05
4189,6.938951170420529e-05
4190,8.319680918696057e-05
4191,4.617031886167199e-05
4192,1.0009385767007617e-05
4193,0.00034867961377559503
4194,0.00037877536498270295
4195,0.00035074001224505387
4196,0.0003900155888966796
4197,0.00012001443887262621
4198,3.6126485509322476e-05
4199,1.2365619784288638e-07
4200,6.224554023384649e-05
4201,0.00010454777929897403
4202,4.805105149954678e-05
4203,6.519101183075807e-05
4204,7.280314480133919e-05
4205,0.00011954738791265871
4206,3.918370585483988e-05
4207,3.8250036512661704e-05
4208,3.0080651147555122e-05
4209,2.835098460435465e-05
4210,4.697443514061819e-05
4211,5.748692871248765e-05
4212,6.046238759744727e-05
4213,7.020023840963168e-05
4214,9.320684110473634e-05
4215,8.614438931620481e-05
4216,7.606473033847705e-05
4217,7.753210179105885e-05
4218,8.941289643252236e-05
4219,8.356154289182683e-05
4220,4.0530255550185396e-05
4221,4.084352300712112e-05
4222,2.6663702675297626e-05
4223,2.7271116861635715e-05
4224,2.4436103811160163e-05
4225,1.8322091311831047e-05
4226,1.8113115359630723e-05
4227,2.3267104914985295e-05
4228,2.0416966023031088e-05
4229,6.80838647907674e-05
4230,0.00022079729184401638
4231,0.00017694976710057385
4232,0.00018880401183641582
4233,5.94722154581314e-06
4234,0.000155358830410845
4235,9.97869943964888e-05
4236,0.00035275952967409664
4237,0.0004515768887268068
4238,0.00040901727501581206
4239,0.00015020785580913192
4240,0.0003484877211851463
4241,0.00016274978468770098
4242,6.2777838013216e-05
4243,6.510685366730802e-05
4244,6.542454236267566e-05
4245,3.382076444021011e-05
4246,4.680867320794202e-05
4247,7.839780131127477e-05
4248,0.00010244158998778012
4249,0.00010826235416136141
4250,0.0003280583378876934
4251,0.0003711569843008006
4252,0.0003123349780093855
4253,0.00020918957361010565
4254,0.00019487891804344622
4255,5.572172545051568e-05
4256,2.9327202699048012e-05
4257,3.377045022631886e-05
4258,1.6031143920483474e-05
4259,5.0023395791751826e-06
4260,0.00014635243025538057
4261,0.000149195335054547
4262,0.00015678408596964114
4263,0.00014402066338526512
4264,5.527656086742385e-06
4265,2.9396888240098347e-05
4266,2.747322694226984e-05
4267,8.290918398030965e-06
4268,6.34117025904659e-06
4269,2.0424629369284945e-05
4270,0.0001183141981963775
4271,6.0195490320109e-05
4272,6.243959381070345e-05
4273,2.1994804177311266e-05
4274,9.854902393424103e-07
4275,1.2101289962412396e-05
4276,3.842528942642039e-05
4277,3.644510091082111e-05
4278,6.0496548940824455e-05
4279,6.312144618317168e-05
4280,5.4412303169844914e-05
4281,3.506630331182889e-05
4282,3.025540471704673e-05
4283,4.067582420420124e-05
4284,3.929304591806655e-05
4285,4.205489786285069e-05
4286,1.5083743687737419e-05
4287,7.285928182766522e-06
4288,2.2523613270536526e-06
4289,9.958311374070534e-07
4290,2.7340864746502127e-07
4291,3.741879165416882e-05
4292,0.00024100870906975898
4293,0.0001268724437462585
4294,0.0001289465626496917
4295,2.4739782724367798e-05
4296,2.2309531898006735e-05
4297,2.4146240415292528e-05
4298,5.690899363418334e-05
4299,4.004920461964109e-05
4300,3.9541978739695084e-05
4301,5.660064453412574e-05
4302,1.0155114792017245e-05
4303,3.972956748159934e-05
4304,3.77733476939684e-05
4305,4.2465773080069505e-05
4306,2.5658432617671122e-05
4307,1.599569466786771e-05
4308,2.5833416923101608e-05
4309,0.0001755669706087225
4310,4.8870482102664076e-05
4311,8.33956798634832e-05
4312,8.609520692194409e-05
4313,5.153401442132583e-05
4314,1.3246149015893426e-05
4315,6.258378243103544e-06
4316,4.638177870078924e-05
4317,2.9284804333016142e-05
4318,5.2733388929959044e-05
4319,5.8197509120102066e-05
4320,5.5646693894016867e-05
4321,0.0001234065970534693
4322,0.00027788243229670323
4323,7.493381105440497e-05
4324,9.406704333285089e-05
4325,0.00011735304800014205
4326,8.603623876567425e-05
4327,5.4498132926941636e-05
4328,1.7007938420429663e-05
4329,4.1993869115117164e-05
4330,1.2764658987841163e-05
4331,7.453552439361164e-06
4332,1.4004802621317722e-05
4333,2.8529897192131004e-05
4334,1.431655586845638e-05
4335,1.8789123531927525e-05
4336,2.4010968669332106e-05
4337,1.2344297650921035e-05
4338,1.286320094260346e-05
4339,1.4381442644429862e-05
4340,1.2133978178888904e-05
4341,1.5594236560954277e-05
4342,1.723879536434439e-05
4343,1.3336544370545261e-05
4344,1.4246702144996746e-05
4345,2.67262888874482e-05
4346,1.9207678903306356e-05
4347,2.3323216043912317e-05
4348,2.431244621558091e-05
4349,2.4041849178653297e-05
4350,1.580041657012803e-05
4351,1.2929133719239218e-05
4352,1.4449802673112815e-05
4353,1.1060229799794649e-05
4354,1.3556227238477837e-05
4355,1.326360486204619e-05
4356,1.3316834211183463e-05
4357,1.8293408142383655e-05
4358,1.0274997744148088e-05
4359,1.960259901679758e-05
4360,2.1926086725337062e-05
4361,1.923805768984223e-05
4362,1.6664930633108274e-05
4363,1.916030539553964e-05
4364,1.8954473574712525e-05
4365,1.6656514987903577e-05
4366,2.084147039740569e-05
4367,1.919381007517018e-05
4368,2.728072845845247e-05
4369,5.090499110732622e-06
4370,4.477075533266406e-06
4371,5.389357112715976e-06
4372,1.067308339007773e-05
4373,7.482576395168812e-06
4374,7.68827867501756e-06
4375,7.074532483896995e-06
4376,6.543691821106041e-06
4377,1.1684972287384036e-05
4378,1.5283673605350226e-05
4379,1.3411667382675656e-05
4380,2.589863200124258e-05
4381,1.3519894846452485e-05
4382,1.4538544451540127e-05
4383,1.5415121239107875e-05
4384,2.1082463832643205e-05
4385,9.73976654138122e-06
4386,7.964877822688701e-06
4387,1.119796814103003e-05
4388,1.3988195251612722e-05
4389,2.003988044043496e-05
4390,1.4791077645152905e-05
4391,4.916680922209468e-06
4392,2.1076745758048776e-05
4393,3.444468938080114e-05
4394,3.9605325387349204e-05
4395,4.2154045500742514e-05
4396,8.946120752608205e-06
4397,1.2899081778532986e-05
4398,8.301268883659725e-06
4399,7.328699775686078e-06
4400,4.982288744362607e-06
4401,5.501335152469655e-06
4402,9.589020333565487e-07
4403,1.2566548409814183e-05
4404,1.6102764516940023e-05
4405,1.8402850656780073e-05
4406,1.0963755838619708e-05
4407,3.6293786627274258e-06
4408,2.7343953447001224e-06
4409,1.8394666073730655e-06
4410,2.906121435947225e-06
4411,0.00014860455941086362
4412,4.7954423391822336e-05
4413,5.969360375951163e-05
4414,5.452394802529157e-05
4415,4.3009364369795994e-05
4416,9.159614279874244e-06
4417,1.3374720787451963e-05
4418,5.266110082848324e-06
4419,6.4633115110110355e-06
4420,1.358247944450581e-05
4421,1.258778968968182e-05
4422,1.221872388069494e-05
4423,1.9191866435617246e-05
4424,1.6386133285300892e-05
4425,1.9193565213607425e-05
4426,2.516999363817358e-05
4427,2.709850469734461e-05
4428,1.8737869055450704e-05
4429,3.3143508010853386e-05
4430,2.5341614892975885e-05
4431,2.8061894633137223e-05
4432,2.115315259037862e-05
4433,4.9878797779966655e-06
4434,4.6967911876717445e-06
4435,2.540420904195361e-06
4436,2.1479100813956345e-06
4437,4.556381379426557e-06
4438,5.393321626807421e-06
4439,5.646967726215346e-06
4440,3.638514225940798e-06
4441,7.323059394410805e-06
4442,7.603888215087769e-06
4443,6.790794233308208e-05
4444,2.0872262633670338e-05
4445,2.2082362983246104e-05
4446,0.0003334117970016418
4447,8.944096220070912e-05
4448,9.539213160144861e-05
4449,8.954665387176716e-05
4450,7.44840694601137e-05
4451,4.1339949465011236e-05
4452,3.935845810263995e-05
4453,1.96729095437789e-05
4454,1.536859117965962e-05
4455,9.430110009922859e-05
4456,3.7139865912144286e-05
4457,5.835954382285005e-05
4458,6.630484022299751e-05
4459,5.77955855892186e-05
4460,3.7875440047238386e-05
4461,9.54714015382046e-06
4462,3.318953351404095e-05
4463,1.9833579573842106e-05
4464,2.052311523999113e-05
4465,5.328067857174068e-06
4466,2.4373997271182995e-05
4467,1.7637236865215576e-05
4468,1.3009614808819655e-05
4469,3.0561397949745355e-05
4470,3.2996052128534135e-05
4471,2.535237885215434e-05
4472,2.3913220052218353e-05
4473,3.896393916634887e-05
4474,2.299876326731067e-05
4475,2.0242710944960696e-05
4476,6.526965129073134e-06
4477,2.3271702803004268e-05
4478,4.091285202044318e-06
4479,1.0629825357104572e-05
4480,1.2209391273979289e-05
4481,1.16697929373693e-05
4482,1.3127247358131141e-05
4483,1.4765882381105759e-05
4484,1.150010430683382e-05
4485,1.4757605025492386e-05
4486,0.0001202948171884694
4487,2.5975379826623178e-05
4488,2.77769180525179e-05
4489,3.667732814417905e-05
4490,4.15963619768642e-05
4491,4.4882561854354195e-05
4492,9.359896285442153e-05
4493,7.848194425915798e-05
4494,3.878245587514271e-05
4495,2.1560911949060236e-05
4496,1.4196032009834319e-05
4497,1.1018156511308418e-05
4498,1.217625408890091e-05
4499,6.31314836787165e-06
4500,2.8898998819531534e-06
4501,3.5206049380219006e-06
4502,2.520994969961528e-06
4503,8.980385425798128e-06
4504,1.5273494672351595e-05
4505,3.0695965330037534e-05
4506,3.731214664087812e-05
4507,2.986225361314828e-05
4508,4.2400237905407906e-05
4509,2.501726490752275e-05
4510,0.000298855965959267
4511,7.042454858471748e-05
4512,7.050413189805978e-05
4513,6.971208661364219e-05
4514,6.700219504796619e-05
4515,7.298321219443591e-05
4516,5.3859571022107346e-05
4517,5.151505868890823e-05
4518,4.208674201576616e-05
4519,4.212963684820791e-05
4520,3.5434041532442057e-05
4521,4.3967011221981685e-05
4522,1.60212492574504e-05
4523,2.9948226770936778e-05
4524,3.789149080893059e-05
4525,3.47853875177996e-05
4526,1.8178783054195594e-05
4527,5.0083819312097247e-05
4528,5.1363697188154074e-05
4529,5.8729078616779244e-05
4530,5.3975691092980136e-05
4531,1.1982285930233988e-05
4532,1.1769877344682871e-05
4533,3.093728003207846e-05
4534,2.1128329827381334e-05
4535,2.3011354257161712e-05
4536,1.9040213002022633e-05
4537,3.3717448510209125e-05
4538,3.4709092922196877e-05
4539,0.00012532822129634729
4540,5.497906253398053e-05
4541,9.581902435720881e-05
4542,9.129660391372961e-05
4543,9.10942156371521e-05
4544,9.858073298903687e-05
4545,9.707156160746308e-05
4546,0.00011451792791501453
4547,1.5217298936716633e-05
4548,2.3926370074244782e-05
4549,2.2110152163088336e-05
4550,0.0001877560269299375
4551,0.00016472567315767604
4552,2.024627060167633e-06
4553,0.00015380762907055436
4554,0.0001459857272329299
4555,0.00010935581696151864
4556,0.00017087929220597242
4557,0.0002047355255976684
4558,0.00018506353947658576
4559,0.00019726072161617593
4560,0.0002330159268496703
4561,0.00022183958193894274
4562,0.00020335600493400985
4563,0.00019555623636879254
4564,3.184147641487501e-05
4565,0.00014330476517841655
4566,0.00012900045715720886
4567,0.0001287008739967523
4568,0.0001472603799134492
4569,1.0644708251645686e-05
4570,6.209791140229519e-05
4571,5.3742739099322195e-06
4572,1.3724552359235312e-05
4573,1.2660597241766802e-05
4574,1.56025055886263e-05
4575,3.654012957548311e-05
4576,4.6302442067610706e-05
4577,2.835449321967141e-05
4578,2.313652799688164e-05
4579,7.445597718313658e-05
4580,0.00018907832089295296
4581,0.00010304595013089833
4582,0.00010080742646864355
4583,1.5162458982160297e-05
4584,5.996473208458948e-05
4585,5.447454580514869e-05
4586,2.108885910616669e-05
4587,2.959000034837652e-05
4588,3.837987393630216e-05
4589,2.519629617859326e-05
4590,3.875347511384089e-05
4591,3.6178385468771816e-05
4592,2.6620900235133447e-05
4593,8.835386892023055e-05
4594,9.689870484596364e-05
4595,9.346057353362419e-05
4596,9.901409318705445e-05
4597,4.6128195967872276e-05
4598,7.252469669597039e-05
4599,3.941569015123491e-05
4600,2.61633699093285e-05
4601,2.696653876195257e-05
4602,4.280148468973421e-05
4603,1.9210223531090733e-05
4604,4.348067895523272e-05
4605,3.598645215779215e-05
4606,1.2969064013636493e-05
4607,5.472428900246552e-06
4608,7.616501276152217e-06
4609,1.0266716324952049e-05
4610,0.0001057809673378042
4611,0.00011509644981342304
4612,0.00016405492599284128
4613,0.00017051930506223163
4614,0.00015645909843917442
4615,6.894635912619266e-05
4616,6.812630421223539e-05
4617,1.4244888134031248e-05
4618,1.1365456441922308e-05
4619,3.0340167732773015e-05
4620,3.1015696852851275e-05
4621,3.360274686111035e-05
4622,1.0059996908549876e-05
4623,4.6067451356375645e-06
4624,9.725296336948735e-06
4625,1.0974663020834943e-05
4626,1.1069384829877012e-05
4627,6.482793200705315e-05
4628,7.265046780102134e-05
4629,6.493796292925637e-05
4630,7.549420371285516e-05
4631,0.0003729450180510081
4632,0.0001041755026193537
4633,0.0001148379793060426
4634,0.00011949516162068341
4635,3.1199785992963075e-05
4636,5.043122321791626e-05
4637,4.164787691914876e-05
4638,1.9520206267026808e-05
4639,1.928473730951009e-05
4640,1.7608758827519858e-05
4641,1.0101435359897481e-05
4642,1.0432751580489125e-05
4643,2.9329680126854673e-05
4644,3.276450268182931e-05
4645,2.7685972513003996e-05
4646,3.5882927404014355e-05
4647,1.2381623691454208e-05
4648,7.013309747475691e-06
4649,7.3283616545230005e-06
4650,7.113894778570411e-06
4651,5.761511939328678e-06
4652,0.00022290970348487268
4653,0.000232088237656066
4654,0.0002494558987563105
4655,0.00024170497500377867
4656,4.884554786989263e-08
4657,1.2590645549606433e-05
4658,4.474549925695767e-06
4659,4.364433109744344e-06
4660,9.876344615297842e-05
4661,3.1410984162881763e-05
4662,3.749793293066239e-05
4663,4.272495534859542e-05
4664,1.2566434322149942e-05
4665,4.602263171225448e-05
4666,3.546288964450734e-05
4667,3.392717432461124e-05
4668,4.538606557737685e-05
4669,5.553816178942156e-05
4670,3.859850070565849e-05
4671,5.030195840931803e-05
4672,3.906227708574377e-05
4673,3.378107090653845e-05
4674,2.8666329229563824e-05
4675,3.126177233693617e-05
4676,1.238874762638334e-05
4677,1.3190853676960718e-05
4678,7.006571195432513e-06
4679,1.9117528864868894e-05
4680,2.9689591346389367e-05
4681,1.5076385690875114e-05
4682,2.4086853997624725e-05
4683,4.872255666169022e-05
4684,5.2114858073408615e-05
4685,2.176486731437979e-05
4686,1.916986417425057e-05
4687,2.3891307265058024e-05
4688,1.7909048281599226e-05
4689,2.2378715653982e-05
4690,2.3560883616635923e-05
4691,2.267684715110851e-05
4692,1.7802770807208097e-05
4693,3.5405175202434284e-05
4694,3.902507438154686e-05
4695,7.681517353362211e-05
4696,8.467424110907758e-05
4697,7.614146110180046e-05
4698,1.0559260248684763e-05
4699,4.768784915681587e-05
4700,2.2935417244708036e-05
4701,2.0147062742175935e-05
4702,2.057588831765228e-05
4703,0.00010281671218274482
4704,8.313807076518203e-05
4705,9.557007093310965e-05
4706,8.943961615369462e-05
4707,3.837347855769999e-05
4708,5.060054050721265e-05
4709,8.454025024397734e-05
4710,0.00013426958195533552
4711,0.00013233672800491098
4712,9.647816046801356e-05
4713,0.00011050077337576958
4714,0.00010058407157010574
4715,0.00010769853338719312
4716,9.480079884626401e-05
4717,8.115200343147533e-05
4718,4.416104128189925e-05
4719,0.00013703026720269157
4720,9.318031983257603e-05
4721,7.288599218122199e-05
4722,8.684584662061115e-05
4723,9.334954613634629e-05
4724,1.9799922425396277e-05
4725,3.851987320888751e-05
4726,6.425526723700508e-05
4727,6.302451164832463e-05
4728,0.00023771077002243478
4729,0.00022145043507607439
4730,0.00022820106457535188
4731,0.0002908648118141803
4732,3.873462900313927e-06
4733,0.0001602574309019595
4734,7.293816833662605e-07
4735,7.852579430216672e-05
4736,8.003873369537774e-05
4737,8.275019136137955e-05
4738,3.1992666134718174e-05
4739,5.395275280932503e-05
4740,3.326755671026832e-05
4741,2.4657420043800372e-05
4742,9.515369563161665e-06
4743,0.00011013452713866509
4744,3.197933338446392e-05
4745,0.00016995654936616454
4746,8.826010921143961e-05
4747,9.215680327542833e-05
4748,0.00011023820429421591
4749,0.00010472902590410576
4750,5.6640531432436604e-05
4751,6.130701800904615e-05
4752,6.24806480632112e-05
4753,1.1764082610407048e-05
4754,0.00010376859767989258
4755,3.584267595944036e-05
4756,4.035971564207174e-05
4757,3.6236398059675374e-05
4758,2.9801677071665733e-05
4759,3.3557150057030975e-06
4760,1.7889703038930748e-06
4761,1.4336870757311107e-05
4762,2.3572918602594548e-05
4763,2.5489194847112318e-05
4764,0.000209248645914935
4765,0.00021910288837737326
4766,0.0002008332897706125
4767,0.0001486858839642279
4768,6.321480123061604e-05
4769,0.00025304028646533724
4770,0.00035446689960549817
4771,0.0003908146139152427
4772,0.00039961569615749523
4773,1.599951178113701e-05
4774,0.00010935509630467902
4775,6.986821059377971e-05
4776,0.00010495792111595921
4777,0.00011619830521909693
4778,0.00012833746108099908
4779,8.252216122112967e-05
4780,9.66156731742439e-05
4781,8.292424532746004e-05
4782,0.00015763776844713494
4783,0.00018536994899113771
4784,0.00017511055392166572
4785,0.0001492725834840765
4786,1.927511945345211e-05
4787,1.5759551534060812e-05
4788,9.920408231597948e-06
4789,1.0660289258452233e-05
4790,6.390079593902253e-05
4791,7.850740132691469e-05
4792,6.977613070586984e-05
4793,6.258132274388942e-05
4794,0.0001329463120381833
4795,8.104151092486845e-05
4796,6.87565081876927e-05
4797,7.504814604836812e-05
4798,2.1834197016230012e-05
4799,3.191733407147346e-05
4800,2.214350064631039e-05
4801,2.550257858297792e-05
4802,2.4919263240548473e-05
4803,2.9791764285370353e-05
4804,7.090218946803399e-06
4805,5.14499612052438e-06
4806,9.616522779556785e-06
4807,1.1908659106019056e-05
4808,9.113181768915207e-06
4809,2.181833759467448e-06
4810,2.5564571719294554e-05
4811,2.6743195598414752e-05
4812,2.5263204175383162e-05
4813,2.294515993575209e-05
4814,1.647894125732074e-05
4815,5.283147382074565e-06
4816,5.03424195383173e-06
4817,5.715452531310149e-06
4818,2.5263860362537302e-06
4819,3.3162547842293564e-06
4820,8.424746888899292e-06
4821,6.7701329532071506e-06
4822,7.367558529704653e-06
4823,8.58188137596474e-06
4824,9.120925211619279e-06
4825,1.295344481316744e-05
4826,2.5303018226846452e-05
4827,3.0674604968314205e-05
4828,5.4453340685576946e-05
4829,6.1622455350834e-05
4830,5.6584798457411604e-05
4831,1.437407774643443e-05
4832,3.86531588266709e-05
4833,5.806283263534166e-05
4834,5.587175786678748e-05
4835,5.783365236529184e-05
4836,3.9944958669601144e-05
4837,9.127934418329417e-06
4838,6.769200134213913e-06
4839,3.0254885557487853e-05
4840,3.0045968681342226e-05
4841,3.101887762821723e-05
4842,3.339905212141278e-05
4843,2.504428714470392e-05
4844,2.2484542572134892e-05
4845,9.471418076972728e-06
4846,4.081616937110084e-05
4847,4.547422763820663e-05
4848,3.385096824835431e-05
4849,2.2843131305488046e-05
4850,2.8022472596309648e-05
4851,1.2014122544603832e-05
4852,6.897249165227312e-06
4853,6.125880754642206e-06
4854,1.6176740334415282e-05
4855,0.00010540184953548906
4856,0.00015267265827379972
4857,8.19481725817606e-05
4858,8.779430551918395e-05
4859,5.2776326591009564e-05
4860,2.627426607572125e-05
4861,3.766008523158155e-05
4862,3.8508318075883975e-05
4863,0.0001036466656208
4864,0.00012500268911661187
4865,0.00012969682773209248
4866,8.47587226339704e-05
4867,7.54497447581563e-05
4868,1.2258307108832099e-05
4869,2.3172924352208075e-05
4870,2.2485180219568844e-06
4871,6.085138902496657e-06
4872,8.220107965890972e-06
4873,2.3165877162042914e-05
4874,8.136074014804927e-05
4875,0.00010632860368652238
4876,8.132849232149881e-05
4877,6.226485371271041e-05
4878,0.00010186298244913052
4879,6.016200472227179e-05
4880,6.515290526150098e-05
4881,4.55093384241306e-05
4882,8.844886232085001e-05
4883,0.0001070280155890023
4884,0.00012312444480312482
4885,6.86103137091118e-05
4886,5.786055476791639e-05
4887,6.633037281886956e-05
4888,5.383020470185322e-05
4889,4.724368637833912e-05
4890,3.387034598788864e-05
4891,1.3106796960434188e-05
4892,2.06373651153858e-06
4893,7.264948945379655e-06
4894,2.5021221972743842e-05
4895,0.00010315133638582638
4896,8.138875297577375e-05
4897,8.729848090079431e-05
4898,8.307261926577604e-05
4899,0.00013668015126559328
4900,2.810199543413869e-05
4901,3.2933272857593905e-05
4902,1.22628393951844e-05
4903,2.6311601539938798e-05
4904,1.360111691287139e-06
4905,9.59119390505109e-07
4906,1.0482175329666015e-05
4907,1.2865189751571204e-05
4908,1.8092220427183704e-05
4909,2.0595190477156876e-05
4910,3.1953291733642124e-05
4911,0.00020642869793210955
4912,6.251175838519908e-05
4913,6.837911698802775e-05
4914,2.251214701669063e-05
4915,2.8530158469379278e-05
4916,1.044883664786984e-05
4917,1.7195812695719437e-05
4918,6.18096413172772e-05
4919,2.3837954869070907e-05
4920,4.311965947029114e-05
4921,4.6896818669561294e-05
4922,6.605359550609771e-05
4923,9.695943134819866e-05
4924,8.966585091207937e-05
4925,9.36000736635584e-05
4926,3.0397639733497754e-05
4927,3.0053518399134046e-05
4928,1.7319891628930917e-05
4929,3.5570914224332475e-05
4930,0.00020855531921384383
4931,4.7991435858505946e-05
4932,5.152469870915851e-05
4933,2.7508143899656878e-05
4934,2.1800237040396366e-05
4935,1.0564695566993576e-05
4936,4.020664639648523e-05
4937,5.6811673224571815e-05
4938,5.354168029186496e-05
4939,5.3757615960625815e-05
4940,4.233081572983442e-05
4941,2.407555929880992e-05
4942,5.072636009413194e-05
4943,4.855792565971443e-05
4944,8.382334765520208e-05
4945,9.005864524884162e-05
4946,9.36832463460346e-05
4947,2.0568952925743353e-05
4948,4.846037798850744e-05
4949,3.0272007118967092e-05
4950,3.135204649883199e-05
4951,2.8206420422286364e-05
4952,3.281202415561757e-05
4953,2.5229762177509093e-05
4954,2.472778842376292e-05
4955,1.546498362950707e-06
4956,7.459021067367951e-06
4957,2.9716693905367426e-05
4958,2.3008060326732925e-05
4959,1.925336133696694e-05
4960,2.9160385282000567e-05
4961,2.8286852574165092e-05
4962,9.668044535482357e-06
4963,3.791633784418769e-05
4964,3.0063480300872828e-05
4965,7.475033264278073e-05
4966,8.515145736317648e-05
4967,8.935710825632577e-05
4968,6.687499966886097e-05
4969,6.287583679608874e-05
4970,2.2113255700367543e-05
4971,1.4543298881280972e-05
4972,1.4322514870356132e-05
4973,7.866793378961141e-06
4974,1.2022447413695291e-05
4975,1.4589657182505865e-05
4976,4.11365627796567e-06
4977,5.955288815624866e-07
4978,3.8536160895681743e-07
4979,1.271869347331214e-07
4980,3.196098929005452e-05
4981,0.00017266043419900535
4982,5.401792500284239e-05
4983,6.92786794545608e-05
4984,7.660484443836887e-05
4985,6.064988492274633e-05
4986,5.605368283746691e-05
4987,7.054315210269576e-05
4988,5.341079345194777e-05
4989,4.5357881838436935e-05
4990,4.2845364583587354e-05
4991,3.527439582711288e-05
4992,4.3504560236842204e-05
4993,9.062372584922314e-05
4994,5.856683141929314e-05
4995,4.251348743938467e-05
4996,2.2836739342023733e-05
4997,3.227158888787855e-05
4998,7.755150918370626e-06
4999,1.730524562287337e-05
5000,1.1618145398835295e-05
5001,1.3611451290220553e-05
5002,1.3939939915604019e-05
5003,7.640058812763455e-06
5004,5.400230962342272e-06
5005,1.2323130827540587e-05
5006,1.3488309085986296e-05
5007,2.152566926449198e-05
5008,2.2797633951673318e-05
5009,2.1959674595600786e-05
5010,1.5624621276951232e-05
5011,1.6129570070584377e-05
5012,5.58329349350121e-06
5013,6.541391947041097e-06
5014,6.361060778727698e-05
5015,3.395279935004762e-05
5016,3.3341679094618936e-05
5017,3.0023447949494315e-05
5018,1.7460754848909598e-05
5019,1.6633774235961795e-05
5020,0.0001389598649444422
5021,2.8292490499705325e-05
5022,2.866131284184234e-05
5023,1.021036140150939e-05
5024,4.755503971383549e-06
5025,3.012081745685943e-06
5026,3.6428308123112336e-05
5027,3.6670461502531224e-05
5028,3.4857046009212745e-05
5029,9.056862390820542e-06
5030,6.4315478564853195e-06
5031,5.6597574935262475e-06
5032,6.431116813202989e-06
5033,9.08469951890922e-06
5034,5.535034249309814e-06
5035,1.666669294812975e-05
5036,1.7247092136357598e-05
5037,1.3213486809174723e-05
5038,3.91939763972425e-06
5039,1.2860791537976055e-05
5040,4.915060120574462e-06
5041,7.577814931360344e-06
5042,1.6944848228968685e-05
5043,1.3957146329374751e-05
5044,1.3479400508881188e-05
5045,1.3872878181121572e-05
5046,2.364107259243017e-05
5047,1.846082889680712e-05
5048,4.2136111444216124e-05
5049,4.907252920186069e-05
5050,2.769456123643077e-05
5051,2.621405478474802e-05
5052,2.6980735167091912e-05
5053,8.034702085176222e-06
5054,6.577169991967041e-06
5055,2.203054674938497e-05
5056,1.1767459124212193e-05
5057,1.3650778630619908e-05
5058,6.116322972706647e-05
5059,5.9673443632959805e-05
5060,5.037309017159349e-05
5061,6.210104784046211e-05
5062,6.789673957350537e-05
5063,7.736247354013596e-05
5064,0.00023136554551440338
5065,0.0001788015818903047
5066,0.0013020060829414392
5067,0.0013155510991939181
5068,0.0017544292203492398
5069,0.001480813343352906
5070,0.0011211344270097025
5071,0.0012493535683658504
5072,0.0012871903288854086
5073,0.0006855604265543013
5074,0.0014723889463884243
5075,0.004366691741141736
5076,0.005328719606908985
5077,0.01625344261077453
5078,0.008473312711296243
5079,0.0076953761747687545
5080,0.0017679829209133046
5081,0.00023701871660223992
5082,0.004358297432185848
5083,0.005361044198083703
5084,0.005245670477658211
5085,0.0023332655299000424
5086,0.0013277823728447458
5087,0.0014710933237769824
5088,0.0026474443050865572
5089,0.0015297869636766725
5090,0.001673576999505735
5091,0.0026221164121301294
5092,0.0025665543301151986
5093,0.0017128568959754419
5094,0.00029929732137597777
5095,0.0016563138104565619
5096,0.0012497827843202338
5097,0.0013056421377449546
5098,0.0010218669035770597
5099,0.0008005408690352181
5100,0.0008644555482663714
5101,0.0006514924270976133
5102,0.0007242001484347622
5103,0.0007712801537560755
5104,0.0005126812750200751
5105,3.929165366484186e-06
5106,5.245745587820963e-05
5107,0.0001049513994683788
5108,0.00015159064074229896
5109,0.00019235822249103555
5110,0.00017506942759355074
5111,0.0002009247009967024
5112,0.00039819224217305777
5113,0.0003240937777914371
5114,0.00034970048137136816
5115,0.0003426927105559909
5116,0.00031370656264272236
5117,0.00011501803983887612
5118,0.00013290816997725205
5119,6.873657546544369e-05
5120,0.0015497458369030154
5121,0.00044605981491389765
5122,0.0004169179633162117
5123,0.000440283033636198
5124,0.00021236389163121057
5125,0.0001142395958732273
5126,6.603063846336154e-05
5127,0.000154667250651674
5128,6.682531413631924e-05
5129,6.724228961567289e-05
5130,6.970933709958347e-05
5131,6.366268456914459e-06
5132,0.00012599337726885887
5133,0.0001371854951769361
5134,0.00021163759227509055
5135,0.0003411460367625769
5136,0.00032909995808489307
5137,0.0005465957107461993
5138,0.0004729074832145371
5139,0.00026442783751392173
5140,0.0002808208057921404
5141,1.8564916288540536e-05
5142,1.5290522781338114e-05
5143,0.00016078290857401826
5144,0.0001747879281289614
5145,0.00015902867859685318
5146,0.00017088169807539513
5147,3.517186011524076e-05
5148,1.683239856163821e-05
5149,0.00013823879689327953
5150,0.00013915636317657267
5151,0.00021307128577209393
5152,0.00014721339618207823
5153,0.00014428355575028175
5154,0.0001406377567448472
5155,0.00013775240915370424
5156,7.385520234064972e-05
5157,0.00031657598666008787
5158,0.00011758707597163656
5159,0.00012258893408846708
5160,7.239944933511589e-05
5161,6.774126863254548e-05
5162,7.827059741470453e-05
5163,0.00024338033313645515
5164,0.00015102011652399025
5165,0.0001524280227863594
5166,3.9729242412797096e-05
5167,8.851932552303291e-05
5168,8.054799345766372e-05
5169,0.0001295249609839179
5170,8.548233289514723e-05
5171,2.8483724899045804e-05
5172,1.6166531544611214e-05
5173,6.812499916985743e-05
5174,5.0846996783711744e-05
5175,0.00010988271419144453
5176,8.671021824209375e-05
5177,0.00013170822972766302
5178,0.00011186907626435493
5179,0.00017820429560512784
5180,0.00021790195228151357
5181,0.0002027515450997514
5182,0.00014636171739410632
5183,1.3151107714450555e-05
5184,6.1308420886703e-05
5185,7.360631567296217e-06
5186,9.334466453078715e-06
5187,1.2077734111274196e-05
5188,3.4459072815522034e-05
5189,4.6735160370814866e-05
5190,6.049165899400409e-05
5191,5.907183250478867e-05
5192,1.0520290623724289e-05
5193,5.88538208916655e-06
5194,4.9419219234882346e-05
5195,0.0008447096110992665
5196,0.0002565357562018862
5197,0.0002484456269623657
5198,0.0002518172600669002
5199,9.54341104335345e-05
5200,0.00010428369081174676
5201,9.847170352737068e-05
5202,0.00014041780801584712
5203,0.00012847222196831704
5204,0.00010558611860113121
5205,4.8620180654342714e-05
5206,0.00011850630692245342
5207,6.915818139280585e-05
5208,5.9142614992075986e-05
5209,7.981738723370472e-05
5210,0.0001317879227543929
5211,0.00014096040658404695
5212,0.00012062750499215529
5213,3.160639721277632e-05
5214,3.879195958812686e-05
5215,3.444669984538284e-05
5216,2.2015411021284857e-05
5217,1.7870991443703252e-05
5218,2.911231516345695e-06
5219,5.009592225470673e-06
5220,3.698297959360962e-05
5221,0.00012032191925489364
5222,3.41582638186388e-05
5223,6.538218358866032e-05
5224,7.312991015498257e-05
5225,1.8563041926731128e-05
5226,3.757355053051341e-05
5227,4.537804796137153e-05
5228,4.270521642258361e-05
5229,4.622838391923365e-05
5230,6.98650749698491e-05
5231,6.318815589774758e-05
5232,3.468255370537179e-05
5233,3.567149325152487e-05
5234,0.00020751733567040266
5235,0.00014965105296218888
5236,0.00013847366410352802
5237,0.00024465339085564164
5238,0.00032541002176770666
5239,0.00019219616805722257
5240,0.00021025836970562937
5241,0.00016472941626364388
5242,0.00015027687281158147
5243,0.00014729233417594488
5244,5.5001696622742446e-05
5245,0.00014441029424690606
5246,0.00016603871316136153
5247,0.00011972307157532983
5248,0.00016784928344322023
5249,0.00020011156737484028
5250,5.253852859943183e-05
5251,6.178461576961857e-05
5252,7.827405591418632e-05
5253,0.00010606374570524701
5254,4.168160752920307e-05
5255,4.214728888654824e-05
5256,7.62565666158855e-05
5257,9.224894654801604e-05
5258,7.94893148888765e-05
5259,8.427444754658993e-05
5260,2.5412925994795118e-05
5261,6.612480156049047e-05
5262,1.616293047053596e-05
5263,9.529622512740757e-06
5264,9.114670718930038e-06
5265,1.4208043816433468e-05
5266,6.7742251208023045e-06
5267,8.455961566955147e-05
5268,0.00011424674004262233
5269,0.00011127025788806668
5270,0.0001377405728825999
5271,0.00014436292352907172
5272,5.070307256964754e-05
5273,4.21143084949536e-05
5274,4.277096732354585e-05
5275,5.323123560897056e-05
5276,1.3549476214583797e-05
5277,9.425426763325191e-06
5278,2.311088514926799e-05
5279,0.000751478898772583
5280,0.00017543876009954302
5281,0.0002857867871262711
5282,0.00032925768048951674
5283,0.000292144754845784
5284,0.0001889692573046883
5285,1.2655557442477174e-05
5286,0.00014686583065247818
5287,0.00012735371436928817
5288,0.00011897102298792151
5289,9.502789661758492e-05
5290,7.675528286490823e-05
5291,3.772859361621919e-05
5292,3.457025546701056e-05
5293,8.376428505941648e-05
5294,0.00010812266379505539
5295,0.00023491006692404255
5296,0.0003052600943297151
5297,0.00028264404756065634
5298,0.0001889173417569065
5299,7.202916466095116e-05
5300,4.266503261836726e-05
5301,3.142592241590271e-05
5302,1.687052717723268e-05
5303,4.077743152496964e-05
5304,3.5709945832066985e-05
5305,2.9921456705279708e-05
5306,2.747561710729958e-05
5307,2.3250796953744716e-05
5308,3.161507410490341e-05
5309,2.9655673735206174e-05
5310,3.743915778768878e-05
5311,7.333596990858728e-05
5312,9.390100152537796e-05
5313,0.00013307039030973833
5314,0.0001350164104697469
5315,9.453417834774728e-05
5316,0.0001011778499037278
5317,0.00047881055637756563
5318,0.00018301015756785674
5319,0.00019936703384147543
5320,1.3988854017826112e-05
5321,0.00014538989522427882
5322,0.00011283033368937076
5323,0.00011678672357657552
5324,1.5418847742063228e-05
5325,4.635428719982454e-05
5326,4.00500058796756e-05
5327,3.8077653850930994e-05
5328,3.928618403571723e-05
5329,0.00011135133948000906
5330,0.0001300716412021514
5331,8.780609042243811e-05
5332,4.649533583299424e-05
5333,0.00010016841195549797
5334,3.911893415809859e-05
5335,3.95823106606388e-05
5336,1.379833613325079e-05
5337,1.752512700816989e-05
5338,5.396919435091008e-05
5339,5.046822360091044e-05
5340,4.823882223042833e-05
5341,5.994663049855423e-05
5342,4.9450894775921294e-05
5343,2.2538732567716558e-05
5344,2.2806644536666557e-05
5345,2.30301027804007e-05
5346,1.7044518126499301e-06
5347,2.5988310188350794e-05
5348,2.6954143343242298e-05
5349,2.4447079523064513e-05
5350,9.497916596833956e-06
5351,3.747105625964855e-05
5352,3.963878820365054e-05
5353,0.00011106320299945555
5354,7.480508511192367e-05
5355,5.842339495549415e-05
5356,1.7812987763545014e-05
5357,6.600335729550784e-06
5358,7.67636627103346e-06
5359,3.382077962416598e-05
5360,4.723987895139234e-05
5361,3.891776972699622e-05
5362,2.6932628067468854e-05
5363,8.838483360857301e-05
5364,7.752007878039198e-05
5365,6.889554930980513e-05
5366,9.696638295088775e-05
5367,0.00011871768502037663
5368,0.00016697659120482736
5369,0.0003126115263192055
5370,0.00023873684172518646
5371,0.00022562655558126539
5372,9.625167355824328e-06
5373,8.343118219631371e-05
5374,3.329957306177207e-05
5375,3.3129025307360104e-05
5376,1.7611029198076687e-05
5377,5.1221295931258485e-05
5378,5.518754904092545e-05
5379,3.423981324148519e-05
5380,3.278464736289503e-05
5381,3.940836866605563e-05
5382,2.7815503581922243e-05
5383,3.3441406159309135e-05
5384,2.3291559177852985e-05
5385,5.956968928728995e-06
5386,2.8142171434803127e-05
5387,3.709581014099612e-05
5388,3.756661174761442e-05
5389,3.6284286278023036e-05
5390,7.665654154961428e-06
5391,7.312772944479413e-06
5392,5.8214350928145045e-05
5393,5.552524347364332e-05
5394,0.00044838106005697554
5395,0.0004311700383185022
5396,0.00019535761571458956
5397,0.00018349894294729274
5398,5.008653098352687e-05
5399,7.764746226761062e-05
5400,6.191059103456535e-05
5401,0.00010205502231653256
5402,9.85682495201282e-05
5403,0.00010894833107680245
5404,8.661065134877608e-05
5405,7.572989694324184e-05
5406,6.734498287427443e-06
5407,2.094803994955161e-05
5408,9.911522368241528e-06
5409,1.0534312613184187e-05
5410,2.3873005146850434e-05
5411,9.520061810698103e-05
5412,4.277708939853847e-05
5413,4.7786073619963905e-05
5414,0.00012100978383068191
5415,0.00010156404511068603
5416,0.00012181120635287102
5417,4.230690314903843e-05
5418,0.00010903453703512869
5419,6.165985495104383e-05
5420,9.844816767065427e-05
5421,0.00022915619152429198
5422,7.676389316968003e-05
5423,8.747824385667345e-05
5424,9.231464553008925e-05
5425,4.583962522096961e-05
5426,3.4507124306647116e-05
5427,4.852417676855078e-05
5428,2.2592932559495175e-05
5429,2.1953331095720137e-05
5430,2.0758059701425817e-05
5431,2.491586321053169e-05
5432,1.3380497685523602e-05
5433,1.4754452273327742e-05
5434,3.5562956738933496e-06
5435,1.1824806303851225e-05
5436,1.744016853429979e-05
5437,2.1519626494054712e-05
5438,3.178415357360446e-05
5439,0.00011652434813522505
5440,7.742058828475935e-05
5441,7.982269511747946e-05
5442,1.6610424960673773e-05
5443,2.6233957740334127e-05
5444,8.13431359557658e-06
5445,2.6638715202204328e-06
5446,3.1538675634724846e-05
5447,3.096620987682267e-05
5448,5.697581611995532e-05
5449,9.800063661726967e-05
5450,0.00017561148603650718
5451,0.0001309561846119365
5452,0.00013829484379415688
5453,0.00013359737297019268
5454,0.0001097716258096636
5455,2.2758295967555427e-05
5456,2.3752972309123157e-05
5457,2.87248334478178e-05
5458,2.8585325050232764e-05
5459,2.9722172333945167e-05
5460,3.17058785133813e-05
5461,1.6300262291994297e-05
5462,2.7609049452998413e-06
5463,1.698093959901985e-05
5464,2.6263700181667453e-05
5465,0.00031828357665486897
5466,8.988872418019479e-05
5467,9.446485881119407e-05
5468,0.00011428414158822996
5469,7.409877793568136e-05
5470,7.777979402218721e-05
5471,7.357378493672145e-05
5472,9.292456919903232e-05
5473,9.69484978034552e-05
5474,0.0001094786611127248
5475,8.729892049657407e-05
5476,0.00010613173576227548
5477,9.709299113268058e-05
5478,7.304757957463273e-05
5479,8.568845735385845e-05
5480,0.00010037383529258455
5481,9.447097110287348e-05
5482,2.1828876516214002e-05
5483,5.612069648848985e-05
5484,4.473481621110748e-05
5485,2.3429961811087238e-05
5486,3.0797498195538856e-05
5487,3.3161243633754606e-05
5488,3.2691128590902604e-05
5489,7.729182769197856e-06
5490,1.7663276186993126e-05
5491,1.4255646110879984e-05
5492,8.892089668614059e-05
5493,0.00021896559024146467
5494,7.30262285873077e-05
5495,8.867425210678286e-05
5496,8.835466716147553e-05
5497,1.1357072694886575e-05
5498,4.494388622190072e-05
5499,5.955554887917079e-05
5500,4.724868692182136e-05
5501,4.6008759518788714e-05
5502,4.723356946967557e-05
5503,2.3947773589819183e-05
5504,1.676140130214244e-05
5505,4.221923412013141e-06
5506,6.34825993415503e-05
5507,9.883706276084377e-05
5508,0.0007188091040267714
5509,0.00023041179251204855
5510,0.00029846744003058745
5511,0.0002683810818854997
5512,0.0002706699134136282
5513,2.1119660549446628e-05
5514,3.0056439750325396e-05
5515,3.920693508368002e-05
5516,3.704012673194733e-05
5517,2.4299257002408577e-05
5518,3.9980413247156574e-05
5519,0.00010391393066084344
5520,5.682867561677832e-05
5521,0.00012169185167085072
5522,0.00011860809510071516
5523,9.910038868369737e-05
5524,5.3888173756104926e-05
5525,4.5038564928961295e-05
5526,5.99003277498143e-06
5527,1.3161913494951565e-05
5528,8.903266551675652e-06
5529,8.796890791476339e-06
5530,3.733374461234329e-06
5531,4.1464738680704015e-05
5532,3.106604702155389e-05
5533,2.650784175851415e-05
5534,2.9303995924134493e-05
5535,0.00014468558074002172
5536,3.676866494742321e-05
5537,4.4473735841306506e-05
5538,5.0661639072860564e-05
5539,4.3116323164585314e-05
5540,3.288169567931626e-05
5541,4.4128153765479294e-05
5542,4.7681685211844065e-05
5543,4.5831484966056065e-05
5544,3.481107125376745e-05
5545,3.724242007624797e-05
5546,5.3825542896349885e-05
5547,3.833406942328179e-05
5548,6.743054023475808e-05
5549,0.00011983138467678458
5550,0.00016890147080293695
5551,0.0002447852960866001
5552,0.0001269304581674957
5553,0.00015395847228106952
5554,0.000119796111691103
5555,4.3489435872931986e-06
5556,1.4106398190059801e-05
5557,1.7862201507955043e-05
5558,0.0004285100829123091
5559,0.0001176312370818885
5560,0.00012041062426916786
5561,3.1232193413103284e-05
5562,8.668336416395237e-05
5563,1.6506836795524356e-05
5564,1.4803718243450682e-05
5565,1.2333963529567119e-06
5566,4.861936089696526e-05
5567,6.676682436918705e-05
5568,0.0002323899385557415
5569,0.0002554225158543926
5570,0.0002542881070525442
5571,0.00016929254612481256
5572,0.0001601120706733304
5573,0.00010632713188119584
5574,0.0001104833994330084
5575,0.0001723687121308493
5576,0.00022684900032748627
5577,0.00018199912276987284
5578,1.4662567691558509e-05
5579,5.0019842875404614e-05
5580,5.1251967049127416e-05
5581,4.0337464931090043e-05
5582,3.545532093428196e-05
5583,4.6047293304945525e-05
5584,5.588086140064664e-05
5585,2.783073456869907e-05
5586,2.6864699518440503e-05
5587,4.033607173487971e-05
5588,2.5507849721821177e-05
5589,2.7558143238035537e-05
5590,1.868371298535577e-05
5591,7.458944194934064e-06
5592,2.482127105356457e-05
5593,2.3688570595119257e-05
5594,0.00017684018315353414
5595,5.496332054395962e-05
5596,9.079327385817925e-05
5597,0.00010243357820139533
5598,9.090075813137495e-05
5599,0.00011628092607359298
5600,0.00011601348585445662
5601,4.026048171440467e-05
5602,4.120808702674523e-05
5603,1.3014913405564407e-05
5604,1.721547371747875e-05
5605,2.5756656349485784e-05
5606,0.0002603869664650831
5607,0.0001165688957827747
5608,0.00011711429480546553
5609,1.979670602433509e-05
5610,2.504317629310639e-05
5611,8.598254196851688e-05
5612,0.0003810173680338153
5613,0.00016935650356285703
5614,0.00020578090500136053
5615,0.00033410230545325906
5616,0.00030781764182903913
5617,0.00014872249666422012
5618,0.00013880413400336116
5619,0.00017241538063063867
5620,7.362453663954717e-05
5621,7.603916310154577e-05
5622,9.526826103956931e-05
5623,9.389967173141342e-05
5624,6.545882742514119e-05
5625,8.876523159302385e-05
5626,6.095058288707491e-05
5627,4.541358000665589e-05
5628,6.546440912042404e-05
5629,0.00010467561697624147
5630,6.532644315110475e-05
5631,5.598463329010065e-05
5632,5.979193339017711e-05
5633,0.0001387233172535953
5634,8.566479773291682e-05
5635,9.76082680177931e-05
5636,5.3164318983385226e-05
5637,4.8769018655241164e-05
5638,2.125800983931226e-05
5639,0.00010069544456052774
5640,0.0004998583274944252
5641,0.0001599434123106715
5642,0.0003120856399282841
5643,0.00015494256313867814
5644,0.0003214857965895444
5645,0.00033835592794940165
5646,0.0002907292124607444
5647,0.00027015374197119973
5648,0.00020499104863960606
5649,0.0002724397256083829
5650,0.00013198653063859698
5651,2.9699928199303813e-05
5652,8.305872358623543e-05
5653,9.887350957875624e-05
5654,5.426738830671625e-05
5655,9.271060974166402e-05
5656,0.0013494757349785664
5657,0.00039851946711267
5658,0.0004124869713355728
5659,6.860900841898576e-06
5660,0.00010218531255349803
5661,3.3994944919793005e-05
5662,1.640775921651978e-05
5663,1.6735978628424735e-05
5664,5.547781976974818e-06
5665,0.0001090370681530595
5666,4.7811867274390155e-05
5667,7.890100069133244e-05
5668,7.457973507119776e-05
5669,0.00010661768432353232
5670,9.250637936883477e-05
5671,9.43255486519804e-05
5672,2.670959306821428e-05
5673,0.0005396365015160377
5674,0.00014237375397792588
5675,0.00016647998578396761
5676,0.00018801395597047648
5677,0.0001756736963916207
5678,1.399833628858295e-05
5679,1.1518505477784636e-05
5680,1.227757014550226e-05
5681,2.3204876647804096e-05
5682,2.516219942399075e-05
5683,2.6037511746689226e-05
5684,6.465716769476755e-05
5685,3.0403558539994203e-05
5686,3.248627706077479e-05
5687,4.3621878179296786e-05
5688,3.6503767610867914e-05
5689,1.13253127933169e-05
5690,3.92564554413157e-05
5691,4.019575373357836e-05
5692,4.2859393176114364e-05
5693,4.6483251386532456e-05
5694,7.540327711536428e-05
5695,6.30335871997896e-05
5696,8.97800947562119e-05
5697,3.838265783698824e-05
5698,0.00012741292030453278
5699,0.00012201011031941244
5700,0.00011068459759382753
5701,0.00020946254939350657
5702,0.00022418252858036187
5703,0.0001992701827726668
5704,0.00012749843965876188
5705,0.0003361325319034804
5706,0.000178798995945075
5707,0.00027015924580671164
5708,0.00024833274761403
5709,0.0002544769899102627
5710,0.00020054187540530967
5711,0.0001705120353588776
5712,0.00010146667907887743
5713,2.4613734329955055e-05
5714,4.3039313617724996e-05
5715,4.8991942895331446e-05
5716,0.00014507072605761458
5717,0.0003835842861799661
5718,0.00027096457171726755
5719,0.0005859066410679193
5720,0.0007054302905734226
5721,0.0007450998806632774
5722,0.0006366736600350495
5723,0.0006391984559299583
5724,0.00038452485261088377
5725,0.0001718673600925893
5726,0.0002219240311103575
5727,0.0008231581629006856
5728,0.0003569286014273763
5729,0.0004891796594971426
5730,0.0002045902830731176
5731,0.00030111633632604214
5732,0.0003522357681657519
5733,0.00036905902564851053
5734,0.00031596613101327097
5735,0.00032627125464360296
5736,0.00027393697635818887
5737,5.420741291760041e-05
5738,9.143697842663089e-05
5739,0.00017454168350692953
5740,0.0001432389067153346
5741,0.00018849061037585742
5742,0.0001793691673857201
5743,4.802302489977907e-05
5744,0.00027602427125489684
5745,0.00010889004903601308
5746,0.00010476584631382512
5747,0.0004871909556851307
5748,0.0004992774375959607
5749,0.0004827019660732344
5750,0.0004879323674298371
5751,5.912537570663174e-07
5752,0.00013842078236834
5753,0.00021380749605965117
5754,0.00016062918227483533
5755,0.00017049680804002705
5756,2.533393498736334e-05
5757,2.0845921125647814e-05
5758,5.6030200078706536e-05
5759,7.888099148965338e-05
5760,0.000211805155411474
5761,0.00015533328666105867
5762,0.00016376536218206864
5763,0.00014233157350468397
5764,0.0001250165572856708
5765,1.898764788415418e-05
5766,3.0559239032367545e-05
5767,3.307417847749541e-05
5768,0.00010223863848378465
5769,9.655191297954164e-05
5770,9.393133044862397e-05
5771,0.0001406304310509874
5772,0.0001916313973773806
5773,5.836839567938262e-05
5774,4.4689480561226357e-05
5775,0.00011538790500342253
5776,9.81801025894662e-05
5777,6.070352231879229e-05
5778,5.2249829776266694e-05
5779,8.408677797131646e-05
5780,6.521534653597494e-05
5781,7.068324801722564e-05
5782,5.3412456157614566e-05
5783,5.734528687458629e-05
5784,0.0002620692756337551
5785,0.0005265329211279962
5786,0.00018956066367725323
5787,0.0001958515237371985
5788,6.589751639848252e-05
5789,7.89645456099067e-05
5790,3.239379087465127e-05
5791,2.640165413272029e-05
5792,0.00011193671644705164
5793,6.522601314591889e-05
5794,0.00010422276687732922
5795,0.00011194857586258806
5796,0.00012931673606731976
5797,6.306004461704864e-05
5798,4.75953224834008e-05
5799,4.380223944378592e-05
5800,1.3117460600626082e-05
5801,5.208337656316483e-05
5802,1.4840317685340559e-05
5803,1.5502292868291814e-05
5804,9.760333521152155e-05
5805,0.00011617262692029768
5806,0.00010101524839647104
5807,0.0001342290612134705
5808,1.9038068209078342e-05
5809,0.00018693441105945273
5810,0.00017891163262538694
5811,0.00018027415951360986
5812,2.5330187436306246e-05
5813,9.2040303289153e-05
5814,4.88327209231392e-05
5815,0.00037734821366628264
5816,0.00010691166997081175
5817,9.522377117380525e-05
5818,1.026772064735686e-05
5819,4.140539350543132e-05
5820,3.596187241289388e-05
5821,4.7303455527572576e-05
5822,0.0003679511904406506
5823,0.0002530808587120155
5824,6.365768967230435e-05
5825,0.00023932947469633686
5826,0.0001775841700875432
5827,0.00013474396839425107
5828,0.00010266821775985809
5829,0.0001634660093903795
5830,0.0001494468736613754
5831,0.00016758591201805988
5832,2.748729483602484e-05
5833,8.433097070504792e-05
5834,8.304138406758362e-05
5835,0.00015881690211538553
5836,0.00015446990730995464
5837,0.00010393875603353117
5838,0.0003786528294222747
5839,0.00041397425543837846
5840,0.0002902385291266414
5841,3.2687931545922744e-05
5842,2.9173573725708977e-05
5843,2.277096895332246e-05
5844,4.733615436829416e-05
5845,4.767049597194213e-05
5846,0.00010501274648026766
5847,0.00011914460269863389
5848,0.00012356348975505396
5849,9.222473227606554e-05
5850,0.00010472393209421104
5851,2.228658336811504e-06
5852,1.9437900830356446e-05
5853,2.979176821157204e-05
5854,3.057449144773698e-05
5855,4.770828440408912e-05
5856,4.806160811217778e-05
5857,2.1144397059647083e-05
5858,1.1628631188884397e-05
5859,1.0661361798285462e-05
5860,0.0001081030458039474
5861,0.00014710651012742924
5862,0.00014174957594745738
5863,0.00014534153880172015
5864,8.593566018081752e-05
5865,5.957302011005935e-05
5866,4.230986250630645e-05
5867,5.088841215598935e-05
5868,5.187848495173087e-05
5869,2.161977955880864e-05
5870,2.442629995869131e-05
5871,9.130729926371363e-05
5872,4.578314084201204e-05
5873,7.30668432980244e-05
5874,0.0001350863200785439
5875,9.10744572053273e-05
5876,8.857620016177598e-05
5877,6.456608450247146e-05
5878,2.4278699891406746e-05
5879,2.1702758909606724e-06
5880,4.884587527017758e-06
5881,2.363793519657747e-05
5882,2.42550371761768e-05
5883,2.0134080207026527e-05
5884,5.512629711518887e-05
5885,5.4724712935290054e-05
5886,6.861820839129e-05
5887,5.031242364546408e-05
5888,2.8351541056886702e-05
5889,6.974074803893852e-05
5890,3.4525556948890746e-05
5891,5.770090278439148e-05
5892,6.147221357140852e-05
5893,6.083488331125709e-05
5894,2.3049905206825958e-06
5895,3.0729708032244085e-05
5896,2.1395108218457718e-05
5897,5.651566869480359e-05
5898,7.244850752027939e-05
5899,8.047535882700536e-05
5900,7.894653303365702e-05
5901,0.00010459429269201838
5902,8.754806811708403e-05
5903,9.015839414217517e-05
5904,9.1938328422848e-05
5905,8.295845965800384e-05
5906,7.894994613325818e-05
5907,9.649481130858658e-05
5908,7.865191224135922e-05
5909,9.660954033761945e-05
5910,2.380410380489934e-07
5911,0.00010132745699370956
5912,0.00011300550355504405
5913,7.519527605110029e-05
5914,5.820911768188117e-05
5915,9.399875101978471e-05
5916,8.477004070864784e-05
5917,6.11989464774625e-05
5918,0.0001270537479783669
5919,0.00014656816350038215
5920,9.572111001743697e-05
5921,6.612074125051854e-05
5922,2.6943403824059593e-05
5923,0.00010653330478590282
5924,4.92287886265665e-05
5925,5.257926865217971e-05
5926,5.425070659738211e-05
5927,5.4211598644233746e-05
5928,8.243592104198216e-05
5929,7.438363331481237e-05
5930,7.589052609923024e-05
5931,0.00010368183649336359
5932,0.00010737272301689259
5933,3.181427210746665e-05
5934,9.897894820258442e-06
5935,7.558342138449205e-05
5936,5.558642902583081e-05
5937,6.904555447270661e-05
5938,6.726689917712301e-05
5939,6.677744961065372e-05
5940,6.258679682116348e-05
5941,1.861283996642572e-05
5942,1.9091834329316197e-05
5943,2.5011568662824744e-05
5944,2.9748733727231527e-05
5945,2.0366979788488536e-05
5946,2.2008098633199813e-05
5947,2.524119728813233e-05
5948,3.644981837064392e-05
5949,2.181447744071894e-05
5950,3.997895961371009e-05
5951,0.00012051375089458244
5952,9.297471703918753e-05
5953,0.00010173433047665206
5954,9.48208723091633e-05
5955,1.9874707349084365e-05
5956,1.9396588867753772e-05
5957,2.3745418924364034e-05
5958,9.408000842346892e-05
5959,5.395163067718535e-05
5960,7.072789118775401e-05
5961,5.1078679581097675e-05
5962,6.01968487576992e-05
5963,1.6300248812198116e-05
5964,1.6336116659306985e-05
5965,0.0001328911802852659
5966,0.00012118795252731679
5967,4.3384436134812296e-05
5968,0.00015245850272550671
5969,0.00048652832392734595
5970,0.0009449560465540661
5971,0.0004427073302167819
5972,0.00041917436095124065
5973,0.0002502463249760239
5974,6.035683359508758e-05
5975,6.766541973190286e-05
5976,2.850489011874726e-05
5977,0.00013832646243257363
5978,0.00013215849619307554
5979,0.00013552756118817927
5980,3.113540010058159e-05
5981,5.746180184054631e-05
5982,8.240578326419913e-05
5983,6.078676896833433e-05
5984,7.945146870232416e-06
5985,0.00019453107483741118
5986,0.00019021448048149464
5987,0.0001691268648950546
5988,0.00022952664502302097
5989,0.0002016758442729675
5990,0.0001157698179406058
5991,0.00012769450226224552
5992,0.00011961348309498246
5993,1.9987422071666544e-05
5994,4.670308515351752e-05
5995,8.147812515156074e-05
5996,9.649945284174624e-05
5997,4.044621030835036e-05
5998,8.982896447540549e-05
5999,4.319659876136438e-05
6000,0.00038148385666739225
6001,0.00036398793509460756
6002,0.00030742561579768124
6003,3.550990293997334e-05
6004,3.202089059594996e-05
6005,1.1167122116962552e-05
6006,9.04013808224365e-06
6007,7.586098445424064e-06
6008,6.7625148412383364e-06
6009,1.27674942634777e-06
6010,2.0505804300760864e-05
6011,1.948366460336528e-05
6012,4.152140909495172e-05
6013,5.1891719647163626e-05
6014,6.0078013149810305e-05
6015,7.090454050268701e-05
6016,7.305489325602066e-05
6017,5.1508410780801995e-05
6018,2.5464239970363756e-05
6019,4.326060659197172e-05
6020,0.00023811289124679993
6021,0.00029763640467712183
6022,0.0003796320295138032
6023,0.0003748822547111536
6024,9.731466568792414e-06
6025,9.615739830736293e-05
6026,0.00010775202292550636
6027,8.977648664875953e-05
6028,0.00010010309475627063
6029,9.03176515035696e-05
6030,1.0927109222775839e-05
